[
  {
    "id": "8af6d0f2-c68f-4d06-a35c-d0475f0d6793",
    "data": [
      {
        "text": "cannot connect vpn ",
        "userDefined": false
      }
    ],
    "isTemplate": false,
    "count": 0,
    "updated": 0
  },
  {
    "id": "d6dc0a4f-73a7-4830-91fe-d09fef011c07",
    "data": [
      {
        "text": "Gateway   staffvpn.fairprice.com.sg  : Could not connect to GlobalProtect ",
        "userDefined": false
      }
    ],
    "isTemplate": false,
    "count": 0,
    "updated": 0
  },
  {
    "id": "5d288651-10d1-4a48-85cd-0e74935c0e4a",
    "data": [
      {
        "text": "connection failed VPN ",
        "userDefined": false
      }
    ],
    "isTemplate": false,
    "count": 0,
    "updated": 0
  },
  {
    "id": "af9b3e5e-0c7d-4039-8c6c-d4a1a7aa4c0c",
    "data": [
      {
        "text": "VPN unable to connect ",
        "userDefined": false
      }
    ],
    "isTemplate": false,
    "count": 0,
    "updated": 0
  },
  {
    "id": "61927fb0-32b5-4455-826e-28137a5a07ae",
    "data": [
      {
        "text": "Button-VPN unable to connect ",
        "userDefined": false
      }
    ],
    "isTemplate": false,
    "count": 0,
    "updated": 0
  }
]