[
  {
    "id": "37613469-ca7c-4ef1-9a22-1f26e80e3b45",
    "data": [
      {
        "text": "cannot use facial reader ",
        "userDefined": false
      }
    ],
    "isTemplate": false,
    "count": 0,
    "updated": 0
  },
  {
    "id": "fe56620c-4f8a-4a61-94d5-8160e5c758b4",
    "data": [
      {
        "text": "facial reader not working ",
        "userDefined": false
      }
    ],
    "isTemplate": false,
    "count": 0,
    "updated": 0
  },
  {
    "id": "ea91a137-a918-480c-96af-21579d81ebb9",
    "data": [
      {
        "text": "facial reader problem ",
        "userDefined": false
      }
    ],
    "isTemplate": false,
    "count": 0,
    "updated": 0
  },
  {
    "id": "f7b34bbd-80ab-4e34-8ea9-f87164dd7ef5",
    "data": [
      {
        "text": "Button-Facial Reader ",
        "userDefined": false
      }
    ],
    "isTemplate": false,
    "count": 0,
    "updated": 0
  }
]