[
  {
    "id": "284afcc7-5889-4478-92ac-6d367d33aafa",
    "data": [
      {
        "text": "change password NT Account ",
        "userDefined": false
      }
    ],
    "isTemplate": false,
    "count": 0,
    "updated": 0
  },
  {
    "id": "f318e0df-b02f-41f8-a607-f8f24fa2d478",
    "data": [
      {
        "text": "password expire NT account ",
        "userDefined": false
      }
    ],
    "isTemplate": false,
    "count": 0,
    "updated": 0
  },
  {
    "id": "ecabf69d-c427-415d-8be5-b5b9b9839c59",
    "data": [
      {
        "text": "reset NT Account ",
        "userDefined": false
      }
    ],
    "isTemplate": false,
    "count": 0,
    "updated": 0
  },
  {
    "id": "9e48860d-abff-4f70-bc83-41e62a491886",
    "data": [
      {
        "text": "\"log in password will expire in\" error ",
        "userDefined": false
      }
    ],
    "isTemplate": false,
    "count": 0,
    "updated": 0
  },
  {
    "id": "618f1412-bc1b-4495-a9f1-65624fce97d9",
    "data": [
      {
        "text": "Button-NT Account ",
        "userDefined": false
      }
    ],
    "isTemplate": false,
    "count": 0,
    "updated": 0
  }
]