[
  {
    "id": "660af706-ed98-4897-b1a6-c08b14d3d2e5",
    "data": [
      {
        "text": "wifi not working",
        "userDefined": false
      }
    ],
    "isTemplate": false,
    "count": 0,
    "updated": 0
  },
  {
    "id": "bf420ec0-4fea-4d35-a06c-3d170bed635c",
    "data": [
      {
        "text": "cannot connect to wifi",
        "userDefined": false
      }
    ],
    "isTemplate": false,
    "count": 0,
    "updated": 0
  },
  {
    "id": "94b5714e-110f-4f07-9e17-4cb5a4a83e46",
    "data": [
      {
        "text": "status just stays connecting",
        "userDefined": false
      }
    ],
    "isTemplate": false,
    "count": 0,
    "updated": 0
  },
  {
    "id": "6213c250-076d-4bce-a477-9ef01ef65040",
    "data": [
      {
        "text": "Unable to connect to wifi",
        "userDefined": false
      }
    ],
    "isTemplate": false,
    "count": 0,
    "updated": 0
  }
]