[
  {
    "id": "52dbf374-bcfa-48cc-bd30-7fb10b778165",
    "data": [
      {
        "text": "Try the usb device to another computer. Try another usb port in the computer ",
        "userDefined": false
      }
    ],
    "isTemplate": false,
    "count": 0,
    "updated": 0
  },
  {
    "id": "cac7212a-f95b-4ff6-ad87-6d7e5670e517",
    "data": [
      {
        "text": "problem with USB port laptop ",
        "userDefined": false
      }
    ],
    "isTemplate": false,
    "count": 0,
    "updated": 0
  },
  {
    "id": "2c07e8a0-5e7a-45d1-9556-ff3136775d24",
    "data": [
      {
        "text": "laptop adaptor not working ",
        "userDefined": false
      }
    ],
    "isTemplate": false,
    "count": 0,
    "updated": 0
  },
  {
    "id": "7100be2b-f42a-41d5-bfd9-6a0bb1dc17ce",
    "data": [
      {
        "text": "Laptop USB port not working ",
        "userDefined": false
      }
    ],
    "isTemplate": false,
    "count": 0,
    "updated": 0
  },
  {
    "id": "25e0dc9b-3649-436d-8da1-1fd77293cb96",
    "data": [
      {
        "text": "Buton-USB/PowerAdaptor ",
        "userDefined": false
      }
    ],
    "isTemplate": false,
    "count": 0,
    "updated": 0
  }
]