[
  {
    "id": "4c2843a3-dbac-4be1-bdeb-6bae00e978f9",
    "data": [
      {
        "text": "Unable to receive calls ",
        "userDefined": false
      }
    ],
    "isTemplate": false,
    "count": 0,
    "updated": 0
  },
  {
    "id": "7d288a37-ee22-4efe-a505-c453f4643fcb",
    "data": [
      {
        "text": "Unable to call ",
        "userDefined": false
      }
    ],
    "isTemplate": false,
    "count": 0,
    "updated": 0
  },
  {
    "id": "d3157ec6-0d28-4506-8e10-6ae9cc11c076",
    "data": [
      {
        "text": "Phone Halt ",
        "userDefined": false
      }
    ],
    "isTemplate": false,
    "count": 0,
    "updated": 0
  },
  {
    "id": "cf44a83c-44e4-4544-af60-ad362a6e1ad3",
    "data": [
      {
        "text": "Button-DesktopPhone ",
        "userDefined": false
      }
    ],
    "isTemplate": false,
    "count": 0,
    "updated": 0
  }
]