[
  {
    "id": "c0ddac93-8176-47e0-8fb6-4471b699874f",
    "data": [
      {
        "text": "PDA screen not working ",
        "userDefined": false
      }
    ],
    "isTemplate": false,
    "count": 0,
    "updated": 0
  },
  {
    "id": "31dd4a41-fbc6-40c9-8e90-56304a03591d",
    "data": [
      {
        "text": "PDA Halt ",
        "userDefined": false
      }
    ],
    "isTemplate": false,
    "count": 0,
    "updated": 0
  },
  {
    "id": "baead2bc-43e9-4f9d-a574-ea33ac3a060a",
    "data": [
      {
        "text": "No response on PDA ",
        "userDefined": false
      }
    ],
    "isTemplate": false,
    "count": 0,
    "updated": 0
  },
  {
    "id": "a21df081-6b29-48c9-a61d-2bd393317392",
    "data": [
      {
        "text": "Button-PDA Hardware ",
        "userDefined": false
      }
    ],
    "isTemplate": false,
    "count": 0,
    "updated": 0
  }
]