[
  {
    "id": "1328af17-ba3e-4748-9c0e-3c7466424cd6",
    "data": [
      {
        "text": "screen display problems ",
        "userDefined": false
      }
    ],
    "isTemplate": false,
    "count": 0,
    "updated": 0
  },
  {
    "id": "f46b3dfe-8454-4db2-83b7-3c557b3a30b3",
    "data": [
      {
        "text": "screen rotated ",
        "userDefined": false
      }
    ],
    "isTemplate": false,
    "count": 0,
    "updated": 0
  },
  {
    "id": "c927215d-0020-48d0-b418-b7bbb5dca0a1",
    "data": [
      {
        "text": "Screen is upside down ",
        "userDefined": false
      }
    ],
    "isTemplate": false,
    "count": 0,
    "updated": 0
  },
  {
    "id": "3e11a5e3-15fd-4a79-ac55-5cda7b289c6a",
    "data": [
      {
        "text": "Button-Destkop Display Settings ",
        "userDefined": false
      }
    ],
    "isTemplate": false,
    "count": 0,
    "updated": 0
  }
]