[
  {
    "id": "bfd11a9a-f46f-4726-a5b9-e945f951f674",
    "data": [
      {
        "text": "how to set up MS Outlook ",
        "userDefined": false
      }
    ],
    "isTemplate": false,
    "count": 0,
    "updated": 0
  },
  {
    "id": "9e9ed655-a619-42d6-81da-69a4cc1a349e",
    "data": [
      {
        "text": "help set up Outlook ",
        "userDefined": false
      }
    ],
    "isTemplate": false,
    "count": 0,
    "updated": 0
  },
  {
    "id": "3d94e398-5f50-4445-a8c8-063cbba0e4ac",
    "data": [
      {
        "text": "set up MS outlook ",
        "userDefined": false
      }
    ],
    "isTemplate": false,
    "count": 0,
    "updated": 0
  },
  {
    "id": "84eec371-1110-4f24-8e93-5d4e40129bc4",
    "data": [
      {
        "text": "Button-MS out of office setup ",
        "userDefined": false
      }
    ],
    "isTemplate": false,
    "count": 0,
    "updated": 0
  }
]