[
  {
    "id": "d4c89d30-a128-424a-9490-d787110f2588",
    "data": [
      {
        "text": "expired password windows ",
        "userDefined": false
      }
    ],
    "isTemplate": false,
    "count": 0,
    "updated": 0
  },
  {
    "id": "a3af6ed8-085f-44c7-9392-566649fea7dc",
    "data": [
      {
        "text": "Password is expiring ",
        "userDefined": false
      }
    ],
    "isTemplate": false,
    "count": 0,
    "updated": 0
  },
  {
    "id": "0e004971-7475-42b7-b006-a62e94dd5916",
    "data": [
      {
        "text": "Change of password ",
        "userDefined": false
      }
    ],
    "isTemplate": false,
    "count": 0,
    "updated": 0
  },
  {
    "id": "7c0ceedc-8cf5-4a18-9042-8fc409c096d7",
    "data": [
      {
        "text": "Button-Change Password ",
        "userDefined": false
      }
    ],
    "isTemplate": false,
    "count": 0,
    "updated": 0
  }
]