[
  {
    "id": "031547ff-db21-4262-8e48-40eedde302e7",
    "data": [
      {
        "text": "cannot turn on desktop ",
        "userDefined": false
      }
    ],
    "isTemplate": false,
    "count": 0,
    "updated": 0
  },
  {
    "id": "a82aafc9-456c-444f-ace8-181f027c2164",
    "data": [
      {
        "text": "no power on desktop ",
        "userDefined": false
      }
    ],
    "isTemplate": false,
    "count": 0,
    "updated": 0
  },
  {
    "id": "20194211-7aa5-4f4d-b151-1da0606de9d8",
    "data": [
      {
        "text": "desktop won\u0027t turn on ",
        "userDefined": false
      }
    ],
    "isTemplate": false,
    "count": 0,
    "updated": 0
  },
  {
    "id": "dbe49f38-4313-425d-9b4c-7b895cee8d04",
    "data": [
      {
        "text": "Button-DesktopComp ",
        "userDefined": false
      }
    ],
    "isTemplate": false,
    "count": 0,
    "updated": 0
  }
]