[
  {
    "id": "a4e9398f-f662-4f00-b28a-28130e9f63f4",
    "data": [
      {
        "text": "paper stuck in printer ",
        "userDefined": false
      }
    ],
    "isTemplate": false,
    "count": 0,
    "updated": 0
  },
  {
    "id": "e884c965-5c24-466a-af05-199fa9ea75c9",
    "data": [
      {
        "text": "paper jam ",
        "userDefined": false
      }
    ],
    "isTemplate": false,
    "count": 0,
    "updated": 0
  },
  {
    "id": "f4435c7f-7343-4892-950d-970d8d4f44c0",
    "data": [
      {
        "text": "Paper jam in printer ",
        "userDefined": false
      }
    ],
    "isTemplate": false,
    "count": 0,
    "updated": 0
  },
  {
    "id": "90f3fbbf-3c9a-4be9-b67e-c52f2b313cbc",
    "data": [
      {
        "text": "paper jam printer ",
        "userDefined": false
      }
    ],
    "isTemplate": false,
    "count": 0,
    "updated": 0
  },
  {
    "id": "51ef74f6-5057-4bce-b8ef-a1c3e1e370fe",
    "data": [
      {
        "text": "Button-Paperjam ",
        "userDefined": false
      }
    ],
    "isTemplate": false,
    "count": 0,
    "updated": 0
  }
]