[
  {
    "id": "5ee901a8-4442-4204-8e77-35ba63efad45",
    "data": [
      {
        "text": "change password mac ",
        "userDefined": false
      }
    ],
    "isTemplate": false,
    "count": 0,
    "updated": 0
  },
  {
    "id": "91189819-187a-453d-9f35-f795b149b5e6",
    "data": [
      {
        "text": "Password expired mac ",
        "userDefined": false
      }
    ],
    "isTemplate": false,
    "count": 0,
    "updated": 0
  },
  {
    "id": "4fd831f4-2f4f-4eef-aa9c-0bd0cb1ea813",
    "data": [
      {
        "text": "Button- MAC OS password change ",
        "userDefined": false
      }
    ],
    "isTemplate": false,
    "count": 0,
    "updated": 0
  }
]