[
  {
    "id": "1840de5e-b265-46bd-b50f-a5cb214c79ba",
    "data": [
      {
        "text": "fix full outlook mailbox ",
        "userDefined": false
      }
    ],
    "isTemplate": false,
    "count": 0,
    "updated": 0
  },
  {
    "id": "808cad1a-79fd-47c3-bac8-f89735626b6d",
    "data": [
      {
        "text": "outlook mailbox full ",
        "userDefined": false
      }
    ],
    "isTemplate": false,
    "count": 0,
    "updated": 0
  },
  {
    "id": "204ef446-9139-4223-833a-16038ec66278",
    "data": [
      {
        "text": "Cannot send email on outlook ",
        "userDefined": false
      }
    ],
    "isTemplate": false,
    "count": 0,
    "updated": 0
  },
  {
    "id": "ce204a61-d45f-4467-8670-b1c240bcc81e",
    "data": [
      {
        "text": "Email error has reached maximum error ",
        "userDefined": false
      }
    ],
    "isTemplate": false,
    "count": 0,
    "updated": 0
  },
  {
    "id": "777f4971-3b5f-4633-a404-88a25993c2c1",
    "data": [
      {
        "text": "Email is just an outbox ",
        "userDefined": false
      }
    ],
    "isTemplate": false,
    "count": 0,
    "updated": 0
  },
  {
    "id": "0db94db0-569b-4402-bbda-7c0f2ee16cca",
    "data": [
      {
        "text": "Error when I send email ",
        "userDefined": false
      }
    ],
    "isTemplate": false,
    "count": 0,
    "updated": 0
  },
  {
    "id": "67e7250b-e2aa-4b49-aba4-a2b065240116",
    "data": [
      {
        "text": "I cannot send ",
        "userDefined": false
      }
    ],
    "isTemplate": false,
    "count": 0,
    "updated": 0
  },
  {
    "id": "c03c52be-c3ec-42f2-9cce-42a539072600",
    "data": [
      {
        "text": "Button-MS Mailbox Full ",
        "userDefined": false
      }
    ],
    "isTemplate": false,
    "count": 0,
    "updated": 0
  }
]