[
  {
    "id": "5bd1172b-f301-4746-ad18-65ce966f87e4",
    "data": [
      {
        "text": "Stocktake problem on PDA",
        "userDefined": false
      }
    ],
    "isTemplate": false,
    "count": 0,
    "updated": 0
  },
  {
    "id": "0c541ce9-359c-44ef-adf2-c9b7d49a0ed7",
    "data": [
      {
        "text": "Stocktake problems",
        "userDefined": false
      }
    ],
    "isTemplate": false,
    "count": 0,
    "updated": 0
  },
  {
    "id": "7f69f8db-ea7f-4747-a7d9-f31e317ba80b",
    "data": [
      {
        "text": "Stocktake Issues",
        "userDefined": false
      }
    ],
    "isTemplate": false,
    "count": 0,
    "updated": 0
  },
  {
    "id": "6c7ea534-f0ed-4fcf-ae38-e5e8ab3467b4",
    "data": [
      {
        "text": "Can\u0027t do GI o PDA",
        "userDefined": false
      }
    ],
    "isTemplate": false,
    "count": 0,
    "updated": 0
  },
  {
    "id": "6408250a-8c85-44d3-9337-efb83e83c8b3",
    "data": [
      {
        "text": "Can\u0027t do Goods issue on pda",
        "userDefined": false
      }
    ],
    "isTemplate": false,
    "count": 0,
    "updated": 0
  },
  {
    "id": "d6cb5527-a270-426b-8e95-b00d0fef0f59",
    "data": [
      {
        "text": "Can\u0027t do returns on PDA",
        "userDefined": false
      }
    ],
    "isTemplate": false,
    "count": 0,
    "updated": 0
  },
  {
    "id": "5bd7b8b1-860e-44a5-8575-57ca7d7c251b",
    "data": [
      {
        "text": "Goods Issues on PDA not working",
        "userDefined": false
      }
    ],
    "isTemplate": false,
    "count": 0,
    "updated": 0
  },
  {
    "id": "16db93c3-ddd8-4bde-ad3b-6ef6823c8c79",
    "data": [
      {
        "text": "Problem with goods receipt on PDA",
        "userDefined": false
      }
    ],
    "isTemplate": false,
    "count": 0,
    "updated": 0
  },
  {
    "id": "86dc68cd-a9bf-4f5f-9b8c-ee7ed5fe7307",
    "data": [
      {
        "text": "Can\u0027t do goods receipt on PDA",
        "userDefined": false
      }
    ],
    "isTemplate": false,
    "count": 0,
    "updated": 0
  }
]