[
  {
    "id": "1f6e7d62-1a21-4ecd-a06c-89c3b7ed1c4f",
    "data": [
      {
        "text": "how to get outlook online ",
        "userDefined": false
      }
    ],
    "isTemplate": false,
    "count": 0,
    "updated": 0
  },
  {
    "id": "ac156377-ac7a-474b-838b-f20dd2c1cfa9",
    "data": [
      {
        "text": "outlook not online ",
        "userDefined": false
      }
    ],
    "isTemplate": false,
    "count": 0,
    "updated": 0
  },
  {
    "id": "1dc5e47b-f605-4802-8c5b-13199649d781",
    "data": [
      {
        "text": "outlook always offline ",
        "userDefined": false
      }
    ],
    "isTemplate": false,
    "count": 0,
    "updated": 0
  },
  {
    "id": "e7c75450-0697-4031-9564-4c664bd8e357",
    "data": [
      {
        "text": "Outloook offline help ",
        "userDefined": false
      }
    ],
    "isTemplate": false,
    "count": 0,
    "updated": 0
  },
  {
    "id": "250dd5e8-adf4-42b0-bbb3-d909cfa1d2ea",
    "data": [
      {
        "text": "Button-MS Outlook work offline ",
        "userDefined": false
      }
    ],
    "isTemplate": false,
    "count": 0,
    "updated": 0
  }
]