[
  {
    "id": "10dc2604-618d-457a-bd52-ddf2cca4f582",
    "data": [
      {
        "text": "cannot open outlook",
        "userDefined": false
      }
    ],
    "isTemplate": false,
    "count": 0,
    "updated": 0
  },
  {
    "id": "b37f54f0-c28f-455a-a6d9-236dad84dbcf",
    "data": [
      {
        "text": "hangs on blue outlook window",
        "userDefined": false
      }
    ],
    "isTemplate": false,
    "count": 0,
    "updated": 0
  },
  {
    "id": "9e2c8f72-6477-4162-81d7-d918053c7419",
    "data": [
      {
        "text": "hangs on loading window outlook",
        "userDefined": false
      }
    ],
    "isTemplate": false,
    "count": 0,
    "updated": 0
  },
  {
    "id": "4e7164f1-3090-4ea3-90e8-4056c2d23289",
    "data": [
      {
        "text": "outlook hangs",
        "userDefined": false
      }
    ],
    "isTemplate": false,
    "count": 0,
    "updated": 0
  },
  {
    "id": "df29044b-f98d-439c-82fa-2261f9c4df7f",
    "data": [
      {
        "text": "outlook won\u0027t open",
        "userDefined": false
      }
    ],
    "isTemplate": false,
    "count": 0,
    "updated": 0
  }
]