[
  {
    "id": "6fbdd1e6-2723-421e-8ae5-38cf1d4c4f9a",
    "data": [
      {
        "text": "windows login not working ",
        "userDefined": false
      }
    ],
    "isTemplate": false,
    "count": 0,
    "updated": 0
  },
  {
    "id": "8d8bc7a5-dcf7-4897-82ec-18f539e8f0ad",
    "data": [
      {
        "text": "\"the\"the username or password is incorrect, Try again\" ",
        "userDefined": false
      }
    ],
    "isTemplate": false,
    "count": 0,
    "updated": 0
  },
  {
    "id": "b3c4b1f9-0236-4b61-bc43-c7c4d719fc74",
    "data": [
      {
        "text": "Cannot login ",
        "userDefined": false
      }
    ],
    "isTemplate": false,
    "count": 0,
    "updated": 0
  },
  {
    "id": "efdf895c-e134-4f64-b763-8796e894774a",
    "data": [
      {
        "text": "Button-Windows unable to login ",
        "userDefined": false
      }
    ],
    "isTemplate": false,
    "count": 0,
    "updated": 0
  }
]