[
  {
    "id": "06a33e75-8285-4567-b13e-126e004b67b6",
    "data": [
      {
        "text": "internet\u0027s not working",
        "userDefined": false
      }
    ],
    "isTemplate": false,
    "count": 0,
    "updated": 0
  },
  {
    "id": "4918da7d-a969-462e-ba94-cb8db5324a89",
    "data": [
      {
        "text": "nnot load websites",
        "userDefined": false
      }
    ],
    "isTemplate": false,
    "count": 0,
    "updated": 0
  },
  {
    "id": "0d4c58d0-6e14-40d2-b111-cb565d4ec115",
    "data": [
      {
        "text": "internet browsing issuesc",
        "userDefined": false
      }
    ],
    "isTemplate": false,
    "count": 0,
    "updated": 0
  },
  {
    "id": "3660a03a-c668-48e6-92f6-f9f5070b815c",
    "data": [
      {
        "text": "internet browsing problems",
        "userDefined": false
      }
    ],
    "isTemplate": false,
    "count": 0,
    "updated": 0
  }
]