[
  {
    "id": "4efa203e-66cb-4a11-b7ae-c6f36986b634",
    "data": [
      {
        "text": "laser jet toner ",
        "userDefined": false
      }
    ],
    "isTemplate": false,
    "count": 0,
    "updated": 0
  },
  {
    "id": "9440b819-d022-4bfd-a6bd-0bcb83fd5d89",
    "data": [
      {
        "text": "printer toner replace ",
        "userDefined": false
      }
    ],
    "isTemplate": false,
    "count": 0,
    "updated": 0
  },
  {
    "id": "4aef093c-a6c1-4273-ba82-f3ac8de684d3",
    "data": [
      {
        "text": "toner life end ",
        "userDefined": false
      }
    ],
    "isTemplate": false,
    "count": 0,
    "updated": 0
  },
  {
    "id": "8b8b1ea5-8c3b-433c-a887-95ab4c08d7d5",
    "data": [
      {
        "text": "error after replacing toner ",
        "userDefined": false
      }
    ],
    "isTemplate": false,
    "count": 0,
    "updated": 0
  },
  {
    "id": "f0f8fb35-bb02-48c6-9faa-95d0c4f373c0",
    "data": [
      {
        "text": "replace toner ",
        "userDefined": false
      }
    ],
    "isTemplate": false,
    "count": 0,
    "updated": 0
  },
  {
    "id": "b1426ff8-ab3b-459d-bc2c-23d860ff3578",
    "data": [
      {
        "text": "Button-Laserjet ",
        "userDefined": false
      }
    ],
    "isTemplate": false,
    "count": 0,
    "updated": 0
  }
]