[
  {
    "id": "acad7552-02f4-41e5-9321-3c6bd029c4a5",
    "data": [
      {
        "text": "cannot open drive letter",
        "userDefined": false
      }
    ],
    "isTemplate": false,
    "count": 0,
    "updated": 0
  },
  {
    "id": "b60a02e1-f7db-4b7e-a45e-5f8d78921253",
    "data": [
      {
        "text": "unable to connect to network drive",
        "userDefined": false
      }
    ],
    "isTemplate": false,
    "count": 0,
    "updated": 0
  },
  {
    "id": "c3eee8dd-0607-433d-90b6-8633e8faf44d",
    "data": [
      {
        "text": "no network drive error",
        "userDefined": false
      }
    ],
    "isTemplate": false,
    "count": 0,
    "updated": 0
  }
]