[
  {
    "id": "3ef2aad8-bea2-4007-b684-daa2a27651cd",
    "data": [
      {
        "text": "outlook profile problem ",
        "userDefined": false
      }
    ],
    "isTemplate": false,
    "count": 0,
    "updated": 0
  },
  {
    "id": "777cffa3-9090-411d-8480-c3305b7321b5",
    "data": [
      {
        "text": "problem with my outlook profile ",
        "userDefined": false
      }
    ],
    "isTemplate": false,
    "count": 0,
    "updated": 0
  },
  {
    "id": "8a3079b3-7dae-428b-8079-1fe6f3f91742",
    "data": [
      {
        "text": "Profile on outlook corrupted ",
        "userDefined": false
      }
    ],
    "isTemplate": false,
    "count": 0,
    "updated": 0
  },
  {
    "id": "fc5eed54-48ed-4fe9-884d-b95ce0762d50",
    "data": [
      {
        "text": "Button-MS User Profile ",
        "userDefined": false
      }
    ],
    "isTemplate": false,
    "count": 0,
    "updated": 0
  }
]