[
  {
    "id": "b28373b9-8c37-442e-9cff-e64272407c02",
    "data": [
      {
        "text": "cannot use laptop keyboard ",
        "userDefined": false
      }
    ],
    "isTemplate": false,
    "count": 0,
    "updated": 0
  },
  {
    "id": "9a0a456d-ad30-425a-99d0-febc4958595b",
    "data": [
      {
        "text": "laptop keyboard not working ",
        "userDefined": false
      }
    ],
    "isTemplate": false,
    "count": 0,
    "updated": 0
  },
  {
    "id": "727e9fde-c23a-40c0-90af-fdac279cee57",
    "data": [
      {
        "text": "laptop keyboard not workingcan ",
        "userDefined": false
      }
    ],
    "isTemplate": false,
    "count": 0,
    "updated": 0
  },
  {
    "id": "2c9551a0-5d5d-472b-b695-68f0de662b53",
    "data": [
      {
        "text": "problem with laptop keyboard ",
        "userDefined": false
      }
    ],
    "isTemplate": false,
    "count": 0,
    "updated": 0
  },
  {
    "id": "a47ef28c-1838-452e-8b6d-efa2b690634c",
    "data": [
      {
        "text": "laptop mouse not working ",
        "userDefined": false
      }
    ],
    "isTemplate": false,
    "count": 0,
    "updated": 0
  },
  {
    "id": "0562382d-40d1-494e-9e88-7c1b3bbf0559",
    "data": [
      {
        "text": "problem with laptop mouse ",
        "userDefined": false
      }
    ],
    "isTemplate": false,
    "count": 0,
    "updated": 0
  },
  {
    "id": "1d05b72f-a48b-414e-8c3e-637c71c02cad",
    "data": [
      {
        "text": "Button-Mouse/Keyboard ",
        "userDefined": false
      }
    ],
    "isTemplate": false,
    "count": 0,
    "updated": 0
  }
]