[
  {
    "id": "f5ab91d8-891c-4a2b-9072-92e547658546",
    "data": [
      {
        "text": "pda application problem ",
        "userDefined": false
      }
    ],
    "isTemplate": false,
    "count": 0,
    "updated": 0
  },
  {
    "id": "75f0161c-fecf-4d14-a580-e1461906adda",
    "data": [
      {
        "text": "can\u0027t open pda app ",
        "userDefined": false
      }
    ],
    "isTemplate": false,
    "count": 0,
    "updated": 0
  },
  {
    "id": "17af8f5b-68ca-4a6f-b933-0c1ba429dfda",
    "data": [
      {
        "text": "error when opening pda application ",
        "userDefined": false
      }
    ],
    "isTemplate": false,
    "count": 0,
    "updated": 0
  },
  {
    "id": "dae2a89b-6607-4235-85a6-0ab810e39d83",
    "data": [
      {
        "text": "Button-PDA application error ",
        "userDefined": false
      }
    ],
    "isTemplate": false,
    "count": 0,
    "updated": 0
  }
]