[
  {
    "id": "ab2c0d47-1bd2-4400-9862-5b69264a1b5d",
    "data": [
      {
        "text": "cá nhân ",
        "alias": "CustomerType",
        "meta": "@CustomerType",
        "userDefined": false
      }
    ],
    "isTemplate": false,
    "count": 0,
    "updated": 0
  },
  {
    "id": "a6983dd8-b789-4b6d-89ca-d72a1ffe84e5",
    "data": [
      {
        "text": "doanh nghiệp ",
        "alias": "CustomerType",
        "meta": "@CustomerType",
        "userDefined": false
      }
    ],
    "isTemplate": false,
    "count": 0,
    "updated": 0
  },
  {
    "id": "697c1346-d5e3-4667-8d74-3287bb583e2e",
    "data": [
      {
        "text": "ca nhan ",
        "alias": "CustomerType",
        "meta": "@CustomerType",
        "userDefined": false
      }
    ],
    "isTemplate": false,
    "count": 0,
    "updated": 0
  },
  {
    "id": "d43cacbf-efe0-43f0-b022-57fb1f85a114",
    "data": [
      {
        "text": "doanh nghiep ",
        "alias": "CustomerType",
        "meta": "@CustomerType",
        "userDefined": false
      }
    ],
    "isTemplate": false,
    "count": 0,
    "updated": 0
  },
  {
    "id": "c1fed271-64d5-4796-a64d-530a029f5f47",
    "data": [
      {
        "text": "cá nhan ",
        "alias": "CustomerType",
        "meta": "@CustomerType",
        "userDefined": false
      }
    ],
    "isTemplate": false,
    "count": 0,
    "updated": 0
  },
  {
    "id": "70d8254d-0f1b-45b6-b98c-c4fb1490b8f3",
    "data": [
      {
        "text": "cn ",
        "alias": "CustomerType",
        "meta": "@CustomerType",
        "userDefined": false
      }
    ],
    "isTemplate": false,
    "count": 0,
    "updated": 0
  },
  {
    "id": "9ebcb298-7d5f-4cd8-914e-7cdbb004e3ca",
    "data": [
      {
        "text": "dn ",
        "alias": "CustomerType",
        "meta": "@CustomerType",
        "userDefined": false
      }
    ],
    "isTemplate": false,
    "count": 0,
    "updated": 0
  }
]