[
  {
    "id": "a31c238a-c30d-46eb-84b1-88de74b39858",
    "data": [
      {
        "text": "SBR cong ty con",
        "userDefined": false
      }
    ],
    "isTemplate": false,
    "count": 0,
    "updated": 0
  },
  {
    "id": "70a1b13a-0a56-456d-b376-3029b019a8f6",
    "data": [
      {
        "text": "SBR",
        "userDefined": false
      }
    ],
    "isTemplate": false,
    "count": 0,
    "updated": 0
  },
  {
    "id": "809244f7-2a0b-42e2-8baa-83ea4f2729cf",
    "data": [
      {
        "text": "SBR công ty con",
        "userDefined": false
      }
    ],
    "isTemplate": false,
    "count": 0,
    "updated": 0
  },
  {
    "id": "2b2c5c74-d127-40ea-8fe0-f7612f971d63",
    "data": [
      {
        "text": "SBR có phải là công ty con của Sacombank không",
        "userDefined": false
      }
    ],
    "isTemplate": false,
    "count": 0,
    "updated": 0
  }
]