[
  {
    "id": "8412a749-75e8-4d4f-a49b-ceb3d0507b07",
    "data": [
      {
        "text": "Xem thông tin thanh lý tài sản của Sacombank ở đâu?",
        "userDefined": false
      }
    ],
    "isTemplate": false,
    "count": 0,
    "updated": 0
  },
  {
    "id": "f700d1b2-2c72-4379-a13a-7511ddc90198",
    "data": [
      {
        "text": "thông tin thanh lý tài sản",
        "userDefined": false
      }
    ],
    "isTemplate": false,
    "count": 0,
    "updated": 0
  },
  {
    "id": "cbe3b5ec-72e0-4a2f-a6bf-35a9cb7ade7c",
    "data": [
      {
        "text": "thanh lý tài sản",
        "userDefined": false
      }
    ],
    "isTemplate": false,
    "count": 0,
    "updated": 0
  },
  {
    "id": "8f68e75f-c597-4bd7-a605-faa05bdf5157",
    "data": [
      {
        "text": "cần thanh lý tài sản",
        "userDefined": false
      }
    ],
    "isTemplate": false,
    "count": 0,
    "updated": 0
  }
]