[
  {
    "id": "3244462f-bea8-4332-8cb8-ae6aaaefeb90",
    "data": [
      {
        "text": "Thời gian làm việc tại Sacombank như thế nào bạn?",
        "userDefined": false
      }
    ],
    "isTemplate": false,
    "count": 0,
    "updated": 0
  },
  {
    "id": "2d05768f-f3c0-4398-85ef-cd3c67a799f1",
    "data": [
      {
        "text": "thoi gian lv cua Sacombank",
        "userDefined": false
      }
    ],
    "isTemplate": false,
    "count": 0,
    "updated": 0
  },
  {
    "id": "c9168f5d-ad7f-4f6a-b28e-f99530cef351",
    "data": [
      {
        "text": "working time of Sacombank",
        "userDefined": false
      }
    ],
    "isTemplate": false,
    "count": 0,
    "updated": 0
  },
  {
    "id": "326f17d2-83a5-434a-8ae0-caef507cef1a",
    "data": [
      {
        "text": "Sacombank làm việc từ mấy giờ ?",
        "userDefined": false
      }
    ],
    "isTemplate": false,
    "count": 0,
    "updated": 0
  },
  {
    "id": "3575794a-1f02-4d91-a892-a1ae16c3e2e1",
    "data": [
      {
        "text": "Sacombank làm việc đến mấy giờ ?",
        "userDefined": false
      }
    ],
    "isTemplate": false,
    "count": 0,
    "updated": 0
  },
  {
    "id": "058bb575-eb73-41a6-9708-b0a27deeeb45",
    "data": [
      {
        "text": "Thời gian làm việc tại Sacombank như thế nào?",
        "userDefined": false
      }
    ],
    "isTemplate": false,
    "count": 0,
    "updated": 0
  },
  {
    "id": "960e1747-a744-4f04-ae4d-ead2b3b1ed80",
    "data": [
      {
        "text": "chủ nhật có làm ko?",
        "userDefined": false
      }
    ],
    "isTemplate": false,
    "count": 0,
    "updated": 0
  },
  {
    "id": "1ec8a942-c7ef-453f-ab27-ebfe4326380f",
    "data": [
      {
        "text": "chu nhat co lam ko?",
        "userDefined": false
      }
    ],
    "isTemplate": false,
    "count": 0,
    "updated": 0
  },
  {
    "id": "65f8c93f-907a-469d-be3c-faa3cf2a0f66",
    "data": [
      {
        "text": "chieu thu 7 co lam ko?",
        "userDefined": false
      }
    ],
    "isTemplate": false,
    "count": 0,
    "updated": 0
  },
  {
    "id": "db6cca95-4f16-442f-b626-ddad8ff3cc7f",
    "data": [
      {
        "text": "chieu t7 co lam ko?",
        "userDefined": false
      }
    ],
    "isTemplate": false,
    "count": 0,
    "updated": 0
  },
  {
    "id": "1098dfb5-b618-499b-a4a9-105a0871b041",
    "data": [
      {
        "text": "Chiều thứ bảy có làm việc ko?",
        "userDefined": false
      }
    ],
    "isTemplate": false,
    "count": 0,
    "updated": 0
  },
  {
    "id": "39c9584a-c71d-40b2-a689-978eb038db42",
    "data": [
      {
        "text": "chiều t7 có làm việc không?",
        "userDefined": false
      }
    ],
    "isTemplate": false,
    "count": 0,
    "updated": 0
  }
]