[
  {
    "id": "0a47b3ed-d7d9-47bd-abc2-bdef7eaed511",
    "data": [
      {
        "text": "gio giao dich",
        "userDefined": false
      }
    ],
    "isTemplate": false,
    "count": 0,
    "updated": 0
  },
  {
    "id": "1d2cb194-f7f8-4771-bda1-8f5383286243",
    "data": [
      {
        "text": "thoi  ",
        "userDefined": false
      },
      {
        "text": "gian ",
        "alias": "given-name",
        "userDefined": false
      },
      {
        "text": " giao dich",
        "userDefined": false
      }
    ],
    "isTemplate": false,
    "count": 0,
    "updated": 0
  },
  {
    "id": "3a57ea88-d8a2-483b-9217-aff16c03202d",
    "data": [
      {
        "text": "thoi  ",
        "userDefined": false
      },
      {
        "text": "gian ",
        "alias": "given-name",
        "userDefined": false
      },
      {
        "text": "  ",
        "userDefined": false
      },
      {
        "text": "mo ",
        "alias": "date",
        "userDefined": false
      },
      {
        "text": " cua",
        "userDefined": false
      }
    ],
    "isTemplate": false,
    "count": 0,
    "updated": 0
  },
  {
    "id": "72b03a40-613c-453b-a9d4-314752dae16a",
    "data": [
      {
        "text": "thoi  ",
        "userDefined": false
      },
      {
        "text": "gian ",
        "alias": "given-name",
        "userDefined": false
      },
      {
        "text": "  ",
        "userDefined": false
      },
      {
        "text": "lam ",
        "alias": "last-name",
        "userDefined": false
      },
      {
        "text": " viec",
        "userDefined": false
      }
    ],
    "isTemplate": false,
    "count": 0,
    "updated": 0
  },
  {
    "id": "0bd3e24c-368b-41ec-92d2-ce1f8602f7e1",
    "data": [
      {
        "text": "gio giac",
        "userDefined": false
      }
    ],
    "isTemplate": false,
    "count": 0,
    "updated": 0
  },
  {
    "id": "11f824cd-3d12-45fd-9c93-f99eb92b274e",
    "data": [
      {
        "text": "gio  ",
        "userDefined": false
      },
      {
        "text": "mo ",
        "alias": "date",
        "userDefined": false
      },
      {
        "text": " cua",
        "userDefined": false
      }
    ],
    "isTemplate": false,
    "count": 0,
    "updated": 0
  },
  {
    "id": "0a784856-9992-4b2a-88a7-2f53d58fc741",
    "data": [
      {
        "text": "gio lam viec",
        "userDefined": false
      }
    ],
    "isTemplate": false,
    "count": 0,
    "updated": 0
  },
  {
    "id": "7cbe67df-8451-4087-8692-6021e1358bfc",
    "data": [
      {
        "text": "Sacombank lam viec gio nao",
        "userDefined": false
      }
    ],
    "isTemplate": false,
    "count": 0,
    "updated": 0
  },
  {
    "id": "1293b103-f072-4250-902e-50ec933a072f",
    "data": [
      {
        "text": "Sacombank lam viec may gio",
        "userDefined": false
      }
    ],
    "isTemplate": false,
    "count": 0,
    "updated": 0
  },
  {
    "id": "0da90730-1861-40a5-a8c0-aa2b501ffc3b",
    "data": [
      {
        "text": "Sacombank mở cửa lúc mấy giờ?",
        "userDefined": false
      }
    ],
    "isTemplate": false,
    "count": 0,
    "updated": 0
  },
  {
    "id": "037e7d27-d0f6-42d7-89a9-d8adf973b060",
    "data": [
      {
        "text": "Buổi sáng làm việc đến mấy giờ?",
        "userDefined": false
      }
    ],
    "isTemplate": false,
    "count": 0,
    "updated": 0
  },
  {
    "id": "6ba0675b-c003-49c5-b09c-c5b205069959",
    "data": [
      {
        "text": "Buổi chiều làm việc đến mấy giờ?",
        "userDefined": false
      }
    ],
    "isTemplate": false,
    "count": 0,
    "updated": 0
  },
  {
    "id": "da8dfecc-b9fc-4a2e-be01-2f7d4278a37b",
    "data": [
      {
        "text": "Sang lam toi may gio?",
        "userDefined": false
      }
    ],
    "isTemplate": false,
    "count": 0,
    "updated": 0
  },
  {
    "id": "8c464663-dfb8-4e74-8792-20fd1bf1db42",
    "data": [
      {
        "text": "Chieu lam den may gio?",
        "userDefined": false
      }
    ],
    "isTemplate": false,
    "count": 0,
    "updated": 0
  },
  {
    "id": "9dcdd1af-0311-4ae1-bcda-0182d8f1dfa7",
    "data": [
      {
        "text": "Mấy h mở cửa",
        "userDefined": false
      }
    ],
    "isTemplate": false,
    "count": 0,
    "updated": 0
  },
  {
    "id": "d758de33-8969-4878-a72e-efd3578c675b",
    "data": [
      {
        "text": "May h mo cua",
        "userDefined": false
      }
    ],
    "isTemplate": false,
    "count": 0,
    "updated": 0
  },
  {
    "id": "2c2ca2a3-d888-4316-a55f-ccc26c47ebb8",
    "data": [
      {
        "text": "Sacombank làm mấy h",
        "userDefined": false
      }
    ],
    "isTemplate": false,
    "count": 0,
    "updated": 0
  },
  {
    "id": "1692539a-490f-4321-b2ad-887864306a6d",
    "data": [
      {
        "text": "sacombank lam may h",
        "userDefined": false
      }
    ],
    "isTemplate": false,
    "count": 0,
    "updated": 0
  },
  {
    "id": "4be353d5-6f04-45ce-b590-2bd7ab5def36",
    "data": [
      {
        "text": "sacombank làm việc mấy h",
        "userDefined": false
      }
    ],
    "isTemplate": false,
    "count": 0,
    "updated": 0
  },
  {
    "id": "e1d24a84-0f3d-42cd-a6ed-a976f8586a34",
    "data": [
      {
        "text": "sacom làm việc mấy h",
        "userDefined": false
      }
    ],
    "isTemplate": false,
    "count": 0,
    "updated": 0
  },
  {
    "id": "e6397c13-f1c1-4b07-b594-b6c383924360",
    "data": [
      {
        "text": "Mấy h làm việc",
        "userDefined": false
      }
    ],
    "isTemplate": false,
    "count": 0,
    "updated": 0
  },
  {
    "id": "3e0904ad-5c61-4aff-a2e6-2e0d32202a9c",
    "data": [
      {
        "text": "mấy giờ làm việc",
        "userDefined": false
      }
    ],
    "isTemplate": false,
    "count": 0,
    "updated": 0
  },
  {
    "id": "464016fb-8436-4709-ae37-fdc6aea46fe9",
    "data": [
      {
        "text": "time lam viec cua Sacombank",
        "userDefined": false
      }
    ],
    "isTemplate": false,
    "count": 0,
    "updated": 0
  },
  {
    "id": "b34e48c1-359f-4cda-a28e-f2fbed190665",
    "data": [
      {
        "text": "time làm việc của Sacombank",
        "userDefined": false
      }
    ],
    "isTemplate": false,
    "count": 0,
    "updated": 0
  },
  {
    "id": "c05cd672-d8e1-4b44-810b-841991ea2274",
    "data": [
      {
        "text": "time lam viec",
        "userDefined": false
      }
    ],
    "isTemplate": false,
    "count": 0,
    "updated": 0
  },
  {
    "id": "a897d173-4713-467c-954e-4265bcffa283",
    "data": [
      {
        "text": "thoi gian lam viec cua ngan hang",
        "userDefined": false
      }
    ],
    "isTemplate": false,
    "count": 0,
    "updated": 0
  },
  {
    "id": "afff8f06-4b56-4bbd-a224-7a6bf7db897a",
    "data": [
      {
        "text": "thời gian làm việc của ngân hàng",
        "userDefined": false
      }
    ],
    "isTemplate": false,
    "count": 0,
    "updated": 0
  },
  {
    "id": "def272b4-b2c3-4a66-a88d-43b4d2e99f78",
    "data": [
      {
        "text": "ngân hàng làm việc lúc mấy giờ",
        "userDefined": false
      }
    ],
    "isTemplate": false,
    "count": 0,
    "updated": 0
  },
  {
    "id": "b3377d23-a554-40be-88dd-c162639f4a2f",
    "data": [
      {
        "text": "ngan hang lam viec luc may gio",
        "userDefined": false
      }
    ],
    "isTemplate": false,
    "count": 0,
    "updated": 0
  },
  {
    "id": "c57f87dc-a0da-426c-affb-df7ee0df19a5",
    "data": [
      {
        "text": "thời gian làm việc của Sacombank",
        "userDefined": false
      }
    ],
    "isTemplate": false,
    "count": 0,
    "updated": 0
  },
  {
    "id": "1b360b96-7017-41b1-a903-f2e078caa96a",
    "data": [
      {
        "text": "thoi gian lam viec cua Sacombank",
        "userDefined": false
      }
    ],
    "isTemplate": false,
    "count": 0,
    "updated": 0
  }
]