[
  {
    "id": "be7da92b-48fc-4c12-8b01-ff6624ae61ba",
    "data": [
      {
        "text": "STB viet tat",
        "userDefined": false
      }
    ],
    "isTemplate": false,
    "count": 0,
    "updated": 0
  },
  {
    "id": "981d6e6c-b213-4505-b10a-0d1a06f46242",
    "data": [
      {
        "text": "STB viết tắt",
        "userDefined": false
      }
    ],
    "isTemplate": false,
    "count": 0,
    "updated": 0
  },
  {
    "id": "e0b8f09c-a477-43c6-b83e-bce9b69a320b",
    "data": [
      {
        "text": "STB có phải là tên viết tắt của Sacombank không?",
        "userDefined": false
      }
    ],
    "isTemplate": false,
    "count": 0,
    "updated": 0
  },
  {
    "id": "993cb6a3-196a-4857-a827-fc6ae11c6fc6",
    "data": [
      {
        "text": "STB là gì",
        "userDefined": false
      }
    ],
    "isTemplate": false,
    "count": 0,
    "updated": 0
  },
  {
    "id": "88b6a8d5-db88-48a0-a70c-b43ee9ba2823",
    "data": [
      {
        "text": "stb là gì?",
        "userDefined": false
      }
    ],
    "isTemplate": false,
    "count": 0,
    "updated": 0
  },
  {
    "id": "3808284e-66b6-4735-bd0d-3eb870e80132",
    "data": [
      {
        "text": "stb co phai ten viet tat Sacombank ko?",
        "userDefined": false
      }
    ],
    "isTemplate": false,
    "count": 0,
    "updated": 0
  }
]