[
  {
    "id": "ba246276-c211-46fa-a68f-e37839945536",
    "data": [
      {
        "text": "hotline so may",
        "userDefined": false
      }
    ],
    "isTemplate": false,
    "count": 0,
    "updated": 0
  },
  {
    "id": "e969760e-639e-4723-a93e-4bd00409d516",
    "data": [
      {
        "text": "hotline số mấy",
        "userDefined": false
      }
    ],
    "isTemplate": false,
    "count": 0,
    "updated": 0
  },
  {
    "id": "df981e80-3048-4148-9fe8-f6204b147b3b",
    "data": [
      {
        "text": "Goi dien Sacombank",
        "userDefined": false
      }
    ],
    "isTemplate": false,
    "count": 0,
    "updated": 0
  },
  {
    "id": "b3bc7f03-cedc-4e84-9efe-9caf13849d00",
    "data": [
      {
        "text": "Gọi điện Sacombank",
        "userDefined": false
      }
    ],
    "isTemplate": false,
    "count": 0,
    "updated": 0
  },
  {
    "id": "57aaeb7a-2264-4ce8-bfe2-4a48ce3b07d8",
    "data": [
      {
        "text": "Sdt Sacombank",
        "userDefined": false
      }
    ],
    "isTemplate": false,
    "count": 0,
    "updated": 0
  },
  {
    "id": "f2a2440d-12e9-4923-93fc-4b7c97066bf3",
    "data": [
      {
        "text": "SĐT Sacombank",
        "userDefined": false
      }
    ],
    "isTemplate": false,
    "count": 0,
    "updated": 0
  },
  {
    "id": "43fc1880-9bde-4235-a616-c9776eac55a5",
    "data": [
      {
        "text": "So dien thoai Sacombank",
        "userDefined": false
      }
    ],
    "isTemplate": false,
    "count": 0,
    "updated": 0
  },
  {
    "id": "a175e751-ebef-4fed-a3e1-19331478ea05",
    "data": [
      {
        "text": "Số điện thoại Sacombank",
        "userDefined": false
      }
    ],
    "isTemplate": false,
    "count": 0,
    "updated": 0
  },
  {
    "id": "d105f103-0f68-43cb-894c-76905d5e9926",
    "data": [
      {
        "text": "Hotline Sacombank",
        "userDefined": false
      }
    ],
    "isTemplate": false,
    "count": 0,
    "updated": 0
  },
  {
    "id": "9e5353d1-89ed-47d7-8073-1749292159db",
    "data": [
      {
        "text": "Tong dai Sacombank",
        "userDefined": false
      }
    ],
    "isTemplate": false,
    "count": 0,
    "updated": 0
  },
  {
    "id": "cf128db5-7380-4954-b6e5-85639780fb7c",
    "data": [
      {
        "text": "Tổng đài Sacombank",
        "userDefined": false
      }
    ],
    "isTemplate": false,
    "count": 0,
    "updated": 0
  },
  {
    "id": "14b12974-03e4-4483-8ad0-d4a8a2e74ceb",
    "data": [
      {
        "text": "Tổng đài của Sacombank số bao nhiêu?",
        "userDefined": false
      }
    ],
    "isTemplate": false,
    "count": 0,
    "updated": 0
  },
  {
    "id": "39259047-18ff-4f12-9b04-88efcd1dd46e",
    "data": [
      {
        "text": "so tong dai",
        "userDefined": false
      }
    ],
    "isTemplate": false,
    "count": 0,
    "updated": 0
  },
  {
    "id": "9dcced4e-9687-49a6-9a1c-1b8920f3cf04",
    "data": [
      {
        "text": "số tổng đài",
        "userDefined": false
      }
    ],
    "isTemplate": false,
    "count": 0,
    "updated": 0
  },
  {
    "id": "9b09df66-6152-436f-8827-ebf36672a01c",
    "data": [
      {
        "text": "so dien thoai phong cham soc KH",
        "userDefined": false
      }
    ],
    "isTemplate": false,
    "count": 0,
    "updated": 0
  },
  {
    "id": "5b2d4738-73e4-4fed-8275-c882e72c19f1",
    "data": [
      {
        "text": "số điện thoại phòng chăm sóc KH",
        "userDefined": false
      }
    ],
    "isTemplate": false,
    "count": 0,
    "updated": 0
  },
  {
    "id": "6af132a2-137e-41f2-b6d0-ccdd4a22eb26",
    "data": [
      {
        "text": "số dt phòng chăm sóc khách hàng",
        "userDefined": false
      }
    ],
    "isTemplate": false,
    "count": 0,
    "updated": 0
  },
  {
    "id": "4312ffd6-696f-4de4-a4bc-ecafeb46a1ae",
    "data": [
      {
        "text": "so dt phong cham soc khach hang",
        "userDefined": false
      }
    ],
    "isTemplate": false,
    "count": 0,
    "updated": 0
  },
  {
    "id": "af19443e-3026-42c9-8ea1-059bdea5aac0",
    "data": [
      {
        "text": "so dien thoai phong CSKH",
        "userDefined": false
      }
    ],
    "isTemplate": false,
    "count": 0,
    "updated": 0
  },
  {
    "id": "646129f2-c160-4aa7-aca3-393a72c14c66",
    "data": [
      {
        "text": "đường dây nóng",
        "userDefined": false
      }
    ],
    "isTemplate": false,
    "count": 0,
    "updated": 0
  },
  {
    "id": "2c60be2f-c566-4337-9733-dcb52861456e",
    "data": [
      {
        "text": "duong day nong",
        "userDefined": false
      }
    ],
    "isTemplate": false,
    "count": 0,
    "updated": 0
  },
  {
    "id": "ad52a244-3242-49f6-9107-71e14672dc6a",
    "data": [
      {
        "text": "số điện thoại đường dây nóng",
        "userDefined": false
      }
    ],
    "isTemplate": false,
    "count": 0,
    "updated": 0
  },
  {
    "id": "5cead39c-43c0-49ed-9104-d7d3b341878d",
    "data": [
      {
        "text": "so dien thoai duong day nong",
        "userDefined": false
      }
    ],
    "isTemplate": false,
    "count": 0,
    "updated": 0
  },
  {
    "id": "6c947b37-9c7f-4b0f-b4ba-62e405604eac",
    "data": [
      {
        "text": "so dien thoai nong",
        "userDefined": false
      }
    ],
    "isTemplate": false,
    "count": 0,
    "updated": 0
  },
  {
    "id": "b5e59637-d2e4-48e1-be21-80284c3b08e5",
    "data": [
      {
        "text": "so dien thoai ho tro ngay",
        "userDefined": false
      }
    ],
    "isTemplate": false,
    "count": 0,
    "updated": 0
  },
  {
    "id": "00a485ae-d049-4e9d-aa22-f7c3792a6713",
    "data": [
      {
        "text": "số điện thoại hỗ trợ ngay",
        "userDefined": false
      }
    ],
    "isTemplate": false,
    "count": 0,
    "updated": 0
  },
  {
    "id": "6511fd12-15b5-4656-9050-892ba0e090e5",
    "data": [
      {
        "text": "số điện thoại nóng",
        "userDefined": false
      }
    ],
    "isTemplate": false,
    "count": 0,
    "updated": 0
  }
]