[
  {
    "id": "f3b50541-e6d9-4caa-96f3-8c6d5698b595",
    "data": [
      {
        "text": "tên tiếng anh của  ",
        "userDefined": false
      },
      {
        "text": "ngân hàng",
        "alias": "khdctc",
        "userDefined": false
      }
    ],
    "isTemplate": false,
    "count": 0,
    "updated": 0
  },
  {
    "id": "bd54df75-6c31-4496-a32d-19301c72cd3a",
    "data": [
      {
        "text": "ten tieng anh cua ngan hang",
        "userDefined": false
      }
    ],
    "isTemplate": false,
    "count": 0,
    "updated": 0
  },
  {
    "id": "7488eced-7d8d-459f-a23d-152661b53a47",
    "data": [
      {
        "text": "tên tiếgn anh của sacombak là gì",
        "userDefined": false
      }
    ],
    "isTemplate": false,
    "count": 0,
    "updated": 0
  },
  {
    "id": "c9b06278-10be-4b0e-99d0-1256b1265077",
    "data": [
      {
        "text": "ten ",
        "alias": "number",
        "userDefined": false
      },
      {
        "text": " tieng anh Sacombank",
        "userDefined": false
      }
    ],
    "isTemplate": false,
    "count": 0,
    "updated": 0
  },
  {
    "id": "a3ca6339-3d9c-4a2f-9966-8463aaf96365",
    "data": [
      {
        "text": "tên tiếng anh sacombank",
        "userDefined": false
      }
    ],
    "isTemplate": false,
    "count": 0,
    "updated": 0
  },
  {
    "id": "083299dd-106c-4079-9a94-3eab6b06e58f",
    "data": [
      {
        "text": "ten ",
        "alias": "number",
        "userDefined": false
      },
      {
        "text": " tieng anh sacom",
        "userDefined": false
      }
    ],
    "isTemplate": false,
    "count": 0,
    "updated": 0
  },
  {
    "id": "3c21870b-8684-4b12-8fac-eab5573d6aea",
    "data": [
      {
        "text": "tên tiếng anh sacom",
        "userDefined": false
      }
    ],
    "isTemplate": false,
    "count": 0,
    "updated": 0
  },
  {
    "id": "e25b5ca7-a1fb-40a6-a5a2-0166b58d1d9b",
    "data": [
      {
        "text": "ten ",
        "alias": "number",
        "userDefined": false
      },
      {
        "text": " tieng anh",
        "userDefined": false
      }
    ],
    "isTemplate": false,
    "count": 0,
    "updated": 0
  },
  {
    "id": "2804cd36-0e5b-41d8-8d94-df9aefc05237",
    "data": [
      {
        "text": "tên tiếng anh",
        "userDefined": false
      }
    ],
    "isTemplate": false,
    "count": 0,
    "updated": 0
  },
  {
    "id": "72873545-0f63-4f1b-b8ad-11a591595631",
    "data": [
      {
        "text": "Tên Tiếng Anh của Sacombank là gì?",
        "userDefined": false
      }
    ],
    "isTemplate": false,
    "count": 0,
    "updated": 0
  }
]