[
  {
    "id": "70bfdb98-8fcd-4a1e-87c5-3a80904f37fe",
    "data": [
      {
        "text": "SBL công ty con",
        "userDefined": false
      }
    ],
    "isTemplate": false,
    "count": 0,
    "updated": 0
  },
  {
    "id": "30abdee5-1436-49a9-a961-6ea73ba1d74e",
    "data": [
      {
        "text": "SBL cong ty con",
        "userDefined": false
      }
    ],
    "isTemplate": false,
    "count": 0,
    "updated": 0
  },
  {
    "id": "697e09c3-f22b-4c1f-bc2d-ee57ce3d395d",
    "data": [
      {
        "text": "SBL có phải là công ty con của Sacombank không?",
        "userDefined": false
      }
    ],
    "isTemplate": false,
    "count": 0,
    "updated": 0
  }
]