[
  {
    "id": "a5eeb42c-5ee9-4c9c-8c10-6696b032765c",
    "data": [
      {
        "text": "thu ",
        "alias": "date",
        "userDefined": false
      },
      {
        "text": " dien  ",
        "userDefined": false
      },
      {
        "text": "tu",
        "alias": "date1",
        "userDefined": false
      }
    ],
    "isTemplate": false,
    "count": 0,
    "updated": 0
  },
  {
    "id": "d0ed8280-e824-4147-9c54-e95749c24b3f",
    "data": [
      {
        "text": "mail",
        "userDefined": false
      }
    ],
    "isTemplate": false,
    "count": 0,
    "updated": 0
  },
  {
    "id": "4ba910fb-f157-430c-9242-4b74d38e2ea1",
    "data": [
      {
        "text": "email",
        "userDefined": false
      }
    ],
    "isTemplate": false,
    "count": 0,
    "updated": 0
  },
  {
    "id": "f2bb3502-0a14-4dbb-ac40-c5ae4a45dd19",
    "data": [
      {
        "text": "hop  ",
        "userDefined": false
      },
      {
        "text": "thu",
        "alias": "date",
        "userDefined": false
      }
    ],
    "isTemplate": false,
    "count": 0,
    "updated": 0
  },
  {
    "id": "beca1fe1-97d5-4b47-a6ab-a21b0cb44419",
    "data": [
      {
        "text": "Cho tôi xin hộp thư của Sacombank nhé",
        "userDefined": false
      }
    ],
    "isTemplate": false,
    "count": 0,
    "updated": 0
  },
  {
    "id": "dc1d81cc-8d45-43d5-a2f3-549d74aaf5a8",
    "data": [
      {
        "text": "email Sacombank",
        "userDefined": false
      }
    ],
    "isTemplate": false,
    "count": 0,
    "updated": 0
  },
  {
    "id": "e1f2f68f-326c-4a95-96b0-b6621b2e2c1b",
    "data": [
      {
        "text": "xin địa chỉ email",
        "userDefined": false
      }
    ],
    "isTemplate": false,
    "count": 0,
    "updated": 0
  },
  {
    "id": "cb96b918-1fa6-4e5b-a1be-6656ce099c76",
    "data": [
      {
        "text": "gửi thư đến đâu",
        "userDefined": false
      }
    ],
    "isTemplate": false,
    "count": 0,
    "updated": 0
  },
  {
    "id": "ebbb1f5f-34bc-4dcf-a837-f892970aa910",
    "data": [
      {
        "text": "gui thu den dau",
        "userDefined": false
      }
    ],
    "isTemplate": false,
    "count": 0,
    "updated": 0
  }
]