[
  {
    "id": "0338896d-f79f-4e39-8792-29d11b39d27d",
    "data": [
      {
        "text": "tên tiếng việt",
        "userDefined": false
      }
    ],
    "isTemplate": false,
    "count": 0,
    "updated": 0
  },
  {
    "id": "9933915d-f8d1-4987-ae33-bf94762d5298",
    "data": [
      {
        "text": "ten ",
        "alias": "number",
        "userDefined": false
      },
      {
        "text": " tieng viet",
        "userDefined": false
      }
    ],
    "isTemplate": false,
    "count": 0,
    "updated": 0
  },
  {
    "id": "ef1d285f-9005-43b7-b4bc-9fbf2a8edd34",
    "data": [
      {
        "text": "tên đầy đủ",
        "userDefined": false
      }
    ],
    "isTemplate": false,
    "count": 0,
    "updated": 0
  },
  {
    "id": "8db63d39-0f66-492e-99c5-c960a95291e4",
    "data": [
      {
        "text": "ten day du",
        "userDefined": false
      }
    ],
    "isTemplate": false,
    "count": 0,
    "updated": 0
  },
  {
    "id": "36561332-8dd8-4c9c-91f5-a45751c5bf32",
    "data": [
      {
        "text": "Tên đầy đủ của Sacombank là gì?",
        "userDefined": false
      }
    ],
    "isTemplate": false,
    "count": 0,
    "updated": 0
  },
  {
    "id": "4b0982e1-ceef-45e6-a570-1c141177b2fd",
    "data": [
      {
        "text": "tên đầy đủ Sacombank",
        "userDefined": false
      }
    ],
    "isTemplate": false,
    "count": 0,
    "updated": 0
  },
  {
    "id": "01531434-f10e-4659-916a-c875bf039336",
    "data": [
      {
        "text": "ten day du cua Sacombank",
        "userDefined": false
      }
    ],
    "isTemplate": false,
    "count": 0,
    "updated": 0
  },
  {
    "id": "57131d6c-6b03-4d05-bfc3-8f8b485e099d",
    "data": [
      {
        "text": "tên đầy đủ của ngân hàng",
        "userDefined": false
      }
    ],
    "isTemplate": false,
    "count": 0,
    "updated": 0
  },
  {
    "id": "ada44f51-1c56-4973-826c-1da9e4c27134",
    "data": [
      {
        "text": "tên NH",
        "userDefined": false
      }
    ],
    "isTemplate": false,
    "count": 0,
    "updated": 0
  },
  {
    "id": "c6326611-c1f5-4567-b992-e4531f0584f2",
    "data": [
      {
        "text": "ten NH",
        "userDefined": false
      }
    ],
    "isTemplate": false,
    "count": 0,
    "updated": 0
  },
  {
    "id": "54e36001-af7a-4ba6-a3af-df213c310067",
    "data": [
      {
        "text": "tên ngân hàng",
        "userDefined": false
      }
    ],
    "isTemplate": false,
    "count": 0,
    "updated": 0
  },
  {
    "id": "99e2fec8-82f6-4999-ad9a-d78f3d8465e2",
    "data": [
      {
        "text": "ten ngan hang",
        "userDefined": false
      }
    ],
    "isTemplate": false,
    "count": 0,
    "updated": 0
  }
]