[
  {
    "id": "bdf4f224-2054-46e1-8f94-dea3c1685a59",
    "data": [
      {
        "text": "thong tin co phieu",
        "userDefined": false
      }
    ],
    "isTemplate": false,
    "count": 0,
    "updated": 0
  },
  {
    "id": "f57ad3f8-b1b7-4983-9376-6e919405b050",
    "data": [
      {
        "text": "thong tin co tuc",
        "userDefined": false
      }
    ],
    "isTemplate": false,
    "count": 0,
    "updated": 0
  },
  {
    "id": "8f2d527c-a50f-4901-a3aa-b8212e1ebee7",
    "data": [
      {
        "text": "thông tin cổ phiếu",
        "userDefined": false
      }
    ],
    "isTemplate": false,
    "count": 0,
    "updated": 0
  },
  {
    "id": "413b5795-73db-49ea-a527-0d322e001363",
    "data": [
      {
        "text": "thông tin cổ tức",
        "userDefined": false
      }
    ],
    "isTemplate": false,
    "count": 0,
    "updated": 0
  },
  {
    "id": "8bab9359-9c06-4a16-b9c5-3f9137d32806",
    "data": [
      {
        "text": "hoi ",
        "alias": "city",
        "userDefined": false
      },
      {
        "text": " ve co phieu",
        "userDefined": false
      }
    ],
    "isTemplate": false,
    "count": 0,
    "updated": 0
  },
  {
    "id": "05e67456-a208-4323-8d16-93ad57e8debb",
    "data": [
      {
        "text": "hoi ",
        "alias": "city",
        "userDefined": false
      },
      {
        "text": " ve co tuc",
        "userDefined": false
      }
    ],
    "isTemplate": false,
    "count": 0,
    "updated": 0
  },
  {
    "id": "1b5cb5fa-65c8-4679-9822-10120d24199b",
    "data": [
      {
        "text": "hỏi về cổ phiếu",
        "userDefined": false
      }
    ],
    "isTemplate": false,
    "count": 0,
    "updated": 0
  },
  {
    "id": "2bbea0a8-7c1d-45c2-80fe-5856ca16d50d",
    "data": [
      {
        "text": "hỏi về cổ tức",
        "userDefined": false
      }
    ],
    "isTemplate": false,
    "count": 0,
    "updated": 0
  },
  {
    "id": "08f2443c-a644-4e5b-a589-94d8d4e24915",
    "data": [
      {
        "text": "lien he ",
        "alias": "Dau_moi_phu_trach",
        "userDefined": false
      },
      {
        "text": " co phieu",
        "userDefined": false
      }
    ],
    "isTemplate": false,
    "count": 0,
    "updated": 0
  },
  {
    "id": "54f29e5d-de15-4f6a-a895-157bbb27b4da",
    "data": [
      {
        "text": "lien he ",
        "alias": "Dau_moi_phu_trach",
        "userDefined": false
      },
      {
        "text": " co tuc",
        "userDefined": false
      }
    ],
    "isTemplate": false,
    "count": 0,
    "updated": 0
  },
  {
    "id": "c6f8d985-a4d4-42a5-b151-042ec9877dab",
    "data": [
      {
        "text": "liên hệ ",
        "alias": "Dau_moi_phu_trach",
        "userDefined": false
      },
      {
        "text": " cổ phiếu",
        "userDefined": false
      }
    ],
    "isTemplate": false,
    "count": 0,
    "updated": 0
  },
  {
    "id": "3d673cf2-1056-4c47-bb15-da3bdc763d88",
    "data": [
      {
        "text": "liên hệ ",
        "alias": "Dau_moi_phu_trach",
        "userDefined": false
      },
      {
        "text": " cổ tức",
        "userDefined": false
      }
    ],
    "isTemplate": false,
    "count": 0,
    "updated": 0
  },
  {
    "id": "5caf5fdc-f280-40df-8b20-023e703c9261",
    "data": [
      {
        "text": "Liên quan đến cổ tức, cổ phiếu tại Sacombank tôi có thể liên hệ ai?",
        "userDefined": false
      }
    ],
    "isTemplate": false,
    "count": 0,
    "updated": 0
  },
  {
    "id": "a703ac11-3598-43d3-b9fb-ea9a070a29e3",
    "data": [
      {
        "text": "Số điện thoại hội sở",
        "userDefined": false
      }
    ],
    "isTemplate": false,
    "count": 0,
    "updated": 0
  },
  {
    "id": "18273cf7-4e8e-4a34-8ed5-a28a4eef7249",
    "data": [
      {
        "text": "Liên hệ hội sở theo số điện thoại nào?",
        "userDefined": false
      }
    ],
    "isTemplate": false,
    "count": 0,
    "updated": 0
  },
  {
    "id": "348e2914-9f62-4a4b-bb33-7ebbd6fe2e83",
    "data": [
      {
        "text": "lien he hoi so",
        "userDefined": false
      }
    ],
    "isTemplate": false,
    "count": 0,
    "updated": 0
  }
]