[
  {
    "id": "3500935c-0ec2-43ab-a679-47fd16f4515d",
    "data": [
      {
        "text": "SBA công ty con",
        "userDefined": false
      }
    ],
    "isTemplate": false,
    "count": 0,
    "updated": 0
  },
  {
    "id": "bb5338c9-796e-4c1b-aef1-f5b12c744943",
    "data": [
      {
        "text": "SBA cong ty con",
        "userDefined": false
      }
    ],
    "isTemplate": false,
    "count": 0,
    "updated": 0
  },
  {
    "id": "54d942eb-78d8-4f94-83d5-b4266e326e5f",
    "data": [
      {
        "text": "SBA",
        "userDefined": false
      }
    ],
    "isTemplate": false,
    "count": 0,
    "updated": 0
  },
  {
    "id": "f7fc8d33-c3fa-48a0-ad76-95b6a20e2b5a",
    "data": [
      {
        "text": "SBA có phải là công ty con của Sacombank không?",
        "userDefined": false
      }
    ],
    "isTemplate": false,
    "count": 0,
    "updated": 0
  }
]