[
  {
    "id": "51df469d-fe06-4db6-a34b-471da0ea74a8",
    "data": [
      {
        "text": "Sacombank có facebook không",
        "userDefined": false
      }
    ],
    "isTemplate": false,
    "count": 0,
    "updated": 0
  },
  {
    "id": "6fac5374-c7fe-412c-a125-3c112ef2a37f",
    "data": [
      {
        "text": " Sacombank có fanpage không",
        "userDefined": false
      }
    ],
    "isTemplate": false,
    "count": 0,
    "updated": 0
  },
  {
    "id": "91c35cb3-e4ea-4bed-9275-4c03bb5356c2",
    "data": [
      {
        "text": "co fb ko",
        "userDefined": false
      }
    ],
    "isTemplate": false,
    "count": 0,
    "updated": 0
  },
  {
    "id": "792f90d3-fe4a-4751-b426-bde33f8682f2",
    "data": [
      {
        "text": "Fanpage Sacombank",
        "userDefined": false
      }
    ],
    "isTemplate": false,
    "count": 0,
    "updated": 0
  },
  {
    "id": "40cdcb68-71ca-480f-8645-9d5067dd59ba",
    "data": [
      {
        "text": "page sacombank",
        "userDefined": false
      }
    ],
    "isTemplate": false,
    "count": 0,
    "updated": 0
  },
  {
    "id": "aabb6651-fee5-4f45-b89d-913416d46fea",
    "data": [
      {
        "text": "page sacom",
        "userDefined": false
      }
    ],
    "isTemplate": false,
    "count": 0,
    "updated": 0
  },
  {
    "id": "e6f003d0-7ac6-426e-ae1c-e0ca9d69e836",
    "data": [
      {
        "text": "fanpage sacom",
        "userDefined": false
      }
    ],
    "isTemplate": false,
    "count": 0,
    "updated": 0
  },
  {
    "id": "55ec3cff-0e76-44cf-919a-bd75999ebe14",
    "data": [
      {
        "text": "fb cua Sacom",
        "userDefined": false
      }
    ],
    "isTemplate": false,
    "count": 0,
    "updated": 0
  },
  {
    "id": "1f463e14-5b99-44a2-a1cb-d150c640fb61",
    "data": [
      {
        "text": "fb của Sacombank",
        "userDefined": false
      }
    ],
    "isTemplate": false,
    "count": 0,
    "updated": 0
  },
  {
    "id": "29d43c91-215f-423f-b36a-5dc0f0980d2c",
    "data": [
      {
        "text": "fb cua Sacombank",
        "userDefined": false
      }
    ],
    "isTemplate": false,
    "count": 0,
    "updated": 0
  }
]