[
  {
    "id": "0b81de0f-4025-4680-bd59-ab99569c2b7e",
    "data": [
      {
        "text": "SBJ công ty con",
        "userDefined": false
      }
    ],
    "isTemplate": false,
    "count": 0,
    "updated": 0
  },
  {
    "id": "87226b38-026e-4221-8e03-04afee30de0a",
    "data": [
      {
        "text": "SBJ cong ty con",
        "userDefined": false
      }
    ],
    "isTemplate": false,
    "count": 0,
    "updated": 0
  },
  {
    "id": "45baea7f-c81a-465e-bc47-4cc6357daa1f",
    "data": [
      {
        "text": "SBJ có phải là công ty con của Sacombank không?",
        "userDefined": false
      }
    ],
    "isTemplate": false,
    "count": 0,
    "updated": 0
  }
]