[
  {
    "id": "3f991889-b16b-40a9-af70-872214dd1336",
    "data": [
      {
        "text": "Sacombank có điểm giao dịch tại nước ngoài không?",
        "userDefined": false
      }
    ],
    "isTemplate": false,
    "count": 0,
    "updated": 0
  },
  {
    "id": "30f61173-d2a7-4487-a4b6-25e292e72093",
    "data": [
      {
        "text": "Sacombank có ở nước ngoài không?",
        "userDefined": false
      }
    ],
    "isTemplate": false,
    "count": 0,
    "updated": 0
  },
  {
    "id": "98674e6d-0fc7-453f-8b02-3c5035473395",
    "data": [
      {
        "text": "Có điểm giao dịch ở nước nào?",
        "userDefined": false
      }
    ],
    "isTemplate": false,
    "count": 0,
    "updated": 0
  },
  {
    "id": "75ddd45b-9449-4176-ae02-a936f2acc13d",
    "data": [
      {
        "text": "điểm giao dịch tại nước ngoài",
        "userDefined": false
      }
    ],
    "isTemplate": false,
    "count": 0,
    "updated": 0
  },
  {
    "id": "8c702d90-2fd3-4316-a2a7-b5983aa1547f",
    "data": [
      {
        "text": "diem giao dich tai nuoc ngoai",
        "userDefined": false
      }
    ],
    "isTemplate": false,
    "count": 0,
    "updated": 0
  },
  {
    "id": "50863273-87c3-4fce-9336-5fa7f94e76eb",
    "data": [
      {
        "text": "co diem giao dich o nuoc ngoai ko",
        "userDefined": false
      }
    ],
    "isTemplate": false,
    "count": 0,
    "updated": 0
  },
  {
    "id": "950fc1b8-a033-4e43-a748-0b0c4e33b2d5",
    "data": [
      {
        "text": "sacombank có chi nhánh ở nước ngoài không",
        "userDefined": false
      }
    ],
    "isTemplate": false,
    "count": 0,
    "updated": 0
  },
  {
    "id": "a13ac110-7a76-4f9a-be2f-205452364ac9",
    "data": [
      {
        "text": "sacombank co chi nhanh nuoc ngoai ko",
        "userDefined": false
      }
    ],
    "isTemplate": false,
    "count": 0,
    "updated": 0
  }
]