[
  {
    "id": "e47b3269-e917-42a6-ad1f-c150dcfad07f",
    "data": [
      {
        "text": "cty con",
        "userDefined": false
      }
    ],
    "isTemplate": false,
    "count": 0,
    "updated": 0
  },
  {
    "id": "9c4e141d-f060-4488-907e-e220f64e06af",
    "data": [
      {
        "text": "cong ty ",
        "alias": "khdn",
        "userDefined": false
      },
      {
        "text": " con",
        "userDefined": false
      }
    ],
    "isTemplate": false,
    "count": 0,
    "updated": 0
  },
  {
    "id": "3c73155a-6ec0-47f5-b793-75105412d765",
    "data": [
      {
        "text": "Công ty con của Sacombank gồm những đơn vị nào?",
        "userDefined": false
      }
    ],
    "isTemplate": false,
    "count": 0,
    "updated": 0
  },
  {
    "id": "656bbb76-413f-47c8-9d5a-2d06e194f17e",
    "data": [
      {
        "text": "các công ty con",
        "userDefined": false
      }
    ],
    "isTemplate": false,
    "count": 0,
    "updated": 0
  },
  {
    "id": "fa89cae5-c79f-4256-9812-c7b0850a33e1",
    "data": [
      {
        "text": "công ty con Sacombank",
        "userDefined": false
      }
    ],
    "isTemplate": false,
    "count": 0,
    "updated": 0
  },
  {
    "id": "0e23d55b-567b-4be1-a833-875ea6681955",
    "data": [
      {
        "text": "cty con Sacombank",
        "userDefined": false
      }
    ],
    "isTemplate": false,
    "count": 0,
    "updated": 0
  },
  {
    "id": "89adef09-61b5-44af-ace2-ebf5688c149e",
    "data": [
      {
        "text": "có công ty con không",
        "userDefined": false
      }
    ],
    "isTemplate": false,
    "count": 0,
    "updated": 0
  },
  {
    "id": "76936347-5aef-4cd5-a5c4-5d6edc742bd6",
    "data": [
      {
        "text": "co cong ty con khong",
        "userDefined": false
      }
    ],
    "isTemplate": false,
    "count": 0,
    "updated": 0
  },
  {
    "id": "f1c24832-3b8b-4c6b-b313-b958ce75dd5f",
    "data": [
      {
        "text": "có công ty con ko",
        "userDefined": false
      }
    ],
    "isTemplate": false,
    "count": 0,
    "updated": 0
  },
  {
    "id": "a53fb119-7547-42ab-b031-add50f0e0f64",
    "data": [
      {
        "text": "co cong ty con ko",
        "userDefined": false
      }
    ],
    "isTemplate": false,
    "count": 0,
    "updated": 0
  }
]