[
  {
    "id": "96eee268-2487-4df9-9a56-117f577fa41a",
    "data": [
      {
        "text": "gap ai  ",
        "userDefined": false
      },
      {
        "text": "de ",
        "alias": "geo-state",
        "userDefined": false
      },
      {
        "text": " ho tro",
        "userDefined": false
      }
    ],
    "isTemplate": false,
    "count": 0,
    "updated": 0
  },
  {
    "id": "eb14e5fc-e7bb-44c3-bf37-f86857d181fb",
    "data": [
      {
        "text": "can ho tro Sacombank",
        "userDefined": false
      }
    ],
    "isTemplate": false,
    "count": 0,
    "updated": 0
  },
  {
    "id": "de4c651e-0767-4385-b2b9-b3cfcf6f0290",
    "data": [
      {
        "text": "ho tro Sacombank",
        "userDefined": false
      }
    ],
    "isTemplate": false,
    "count": 0,
    "updated": 0
  },
  {
    "id": "8fd14809-fa74-4f7e-b889-e248b9a47557",
    "data": [
      {
        "text": "gặp  ",
        "userDefined": false
      },
      {
        "text": "ai ",
        "alias": "given-name",
        "userDefined": false
      },
      {
        "text": " hỗ trợ Sacombank",
        "userDefined": false
      }
    ],
    "isTemplate": false,
    "count": 0,
    "updated": 0
  },
  {
    "id": "d7682126-3ed4-4f6d-9647-0a4b38d3879f",
    "data": [
      {
        "text": "Khi đến Sacombank tôi sẽ gặp ai để được hỗ trợ",
        "userDefined": false
      }
    ],
    "isTemplate": false,
    "count": 0,
    "updated": 0
  },
  {
    "id": "f8dbbe64-7955-4928-bd91-0bcbb7d48588",
    "data": [
      {
        "text": "den Sacombank gap ai",
        "userDefined": false
      }
    ],
    "isTemplate": false,
    "count": 0,
    "updated": 0
  }
]