[
  {
    "id": "353b3367-c83d-4112-991f-861890bfe34e",
    "data": [
      {
        "text": "ngay thanh lap",
        "userDefined": false
      }
    ],
    "isTemplate": false,
    "count": 0,
    "updated": 0
  },
  {
    "id": "89aa4e33-994b-4f2e-85b2-ef80ca9a8019",
    "data": [
      {
        "text": "ngày thành lập",
        "userDefined": false
      }
    ],
    "isTemplate": false,
    "count": 0,
    "updated": 0
  },
  {
    "id": "a13954b6-91e4-4b32-a599-2f5a1851093e",
    "data": [
      {
        "text": "Sacombank được thành lập từ năm nào?",
        "userDefined": false
      }
    ],
    "isTemplate": false,
    "count": 0,
    "updated": 0
  },
  {
    "id": "abebbc90-cf81-42cc-8f15-80192cd98b8e",
    "data": [
      {
        "text": "Sacombank thanh lap khi nao",
        "userDefined": false
      }
    ],
    "isTemplate": false,
    "count": 0,
    "updated": 0
  },
  {
    "id": "78ea4ae7-1b0c-4baa-8707-0562a0b7d473",
    "data": [
      {
        "text": "ngày thành lập ngân hàng",
        "userDefined": false
      }
    ],
    "isTemplate": false,
    "count": 0,
    "updated": 0
  }
]