[
  {
    "id": "5a6ad176-87df-43d0-82c8-4933e0cf1abc",
    "data": [
      {
        "text": "Tôi có thể liên hệ Sacombank theo các kênh nào?",
        "userDefined": false
      }
    ],
    "isTemplate": false,
    "count": 0,
    "updated": 0
  },
  {
    "id": "18ba6933-98af-49f4-8ac2-0be58f3cbebd",
    "data": [
      {
        "text": "Lien he Sacombank bang cach nao?",
        "userDefined": false
      }
    ],
    "isTemplate": false,
    "count": 0,
    "updated": 0
  },
  {
    "id": "40c91199-22ec-4d05-9e22-9b43eb792ac9",
    "data": [
      {
        "text": "lien he Sacombank qua dau?",
        "userDefined": false
      }
    ],
    "isTemplate": false,
    "count": 0,
    "updated": 0
  },
  {
    "id": "d6222b15-c568-4b48-ac75-f1cb06f379f3",
    "data": [
      {
        "text": "liên hệ Sacombank qua đâu?",
        "userDefined": false
      }
    ],
    "isTemplate": false,
    "count": 0,
    "updated": 0
  },
  {
    "id": "c6cc6846-0adb-4d87-a302-39e4382cf42c",
    "data": [
      {
        "text": "kênh liên hệ",
        "userDefined": false
      }
    ],
    "isTemplate": false,
    "count": 0,
    "updated": 0
  },
  {
    "id": "dd8b92e0-5f1b-4352-a69e-c77628fa2d8e",
    "data": [
      {
        "text": "kenh lien he",
        "userDefined": false
      }
    ],
    "isTemplate": false,
    "count": 0,
    "updated": 0
  },
  {
    "id": "afe717d5-1997-4eab-a467-1a7c748af860",
    "data": [
      {
        "text": "các kênh liên hệ với sacombank",
        "userDefined": false
      }
    ],
    "isTemplate": false,
    "count": 0,
    "updated": 0
  }
]