[
  {
    "id": "46816636-fcbc-4303-afab-079f283fb37f",
    "data": [
      {
        "text": "Thứ bảy sacombank có làm việc không?",
        "userDefined": false
      }
    ],
    "isTemplate": false,
    "count": 0,
    "updated": 0
  },
  {
    "id": "21c564ca-5a2a-487b-9cca-aa637dc68141",
    "data": [
      {
        "text": "Thứ bảy ngân hàng có làm việc không?",
        "userDefined": false
      }
    ],
    "isTemplate": false,
    "count": 0,
    "updated": 0
  },
  {
    "id": "a2d51849-6eda-469c-9380-847e1e67f999",
    "data": [
      {
        "text": "Có làm việc thứ bảy ko?",
        "userDefined": false
      }
    ],
    "isTemplate": false,
    "count": 0,
    "updated": 0
  },
  {
    "id": "b67ed0f0-65bb-4567-8dcd-15311498c160",
    "data": [
      {
        "text": "co lam viec thu bay ko?",
        "userDefined": false
      }
    ],
    "isTemplate": false,
    "count": 0,
    "updated": 0
  },
  {
    "id": "07b581a7-7ec4-492d-b0c1-37043c2d08e4",
    "data": [
      {
        "text": "T7 co lam viec ko?",
        "userDefined": false
      }
    ],
    "isTemplate": false,
    "count": 0,
    "updated": 0
  },
  {
    "id": "596432aa-d40e-43c5-a14c-8805637c8da3",
    "data": [
      {
        "text": "T7 có làm việc không?",
        "userDefined": false
      }
    ],
    "isTemplate": false,
    "count": 0,
    "updated": 0
  },
  {
    "id": "77f2a045-2c6d-45db-9e6b-bb027d39917e",
    "data": [
      {
        "text": "t7 có làm việc không?",
        "userDefined": false
      }
    ],
    "isTemplate": false,
    "count": 0,
    "updated": 0
  },
  {
    "id": "fc48a758-3b07-48d1-9564-f77a10c6f0f8",
    "data": [
      {
        "text": "t7 co lam viec ko?",
        "userDefined": false
      }
    ],
    "isTemplate": false,
    "count": 0,
    "updated": 0
  },
  {
    "id": "5c610b11-019f-4168-b529-4f61e7fc4026",
    "data": [
      {
        "text": "thứ 7 có mở cửa không ?",
        "userDefined": false
      }
    ],
    "isTemplate": false,
    "count": 0,
    "updated": 0
  },
  {
    "id": "7e1222af-1677-49cb-a215-ea347895441f",
    "data": [
      {
        "text": "thứ 7 có mở cửa ko ?",
        "userDefined": false
      }
    ],
    "isTemplate": false,
    "count": 0,
    "updated": 0
  },
  {
    "id": "03fddc13-049c-4e8e-ac6b-92a53212f50b",
    "data": [
      {
        "text": "t7 có mở cửa ko",
        "userDefined": false
      }
    ],
    "isTemplate": false,
    "count": 0,
    "updated": 0
  },
  {
    "id": "79ab2185-198e-4f8e-ad2f-c14d2fc5e0a5",
    "data": [
      {
        "text": "t7 có mở cửa ko ?",
        "userDefined": false
      }
    ],
    "isTemplate": false,
    "count": 0,
    "updated": 0
  },
  {
    "id": "faeba93a-81e0-48dd-bfa2-ee0f10172b7c",
    "data": [
      {
        "text": "t7 có mở cửa không ?",
        "userDefined": false
      }
    ],
    "isTemplate": false,
    "count": 0,
    "updated": 0
  },
  {
    "id": "b60f5ac3-0222-4193-ad4f-a5780e53434a",
    "data": [
      {
        "text": "t7 lam viec ko ?",
        "userDefined": false
      }
    ],
    "isTemplate": false,
    "count": 0,
    "updated": 0
  },
  {
    "id": "b2bbbc88-411f-49b6-8a34-4ce721fea0e2",
    "data": [
      {
        "text": "thu 7 co lam ko?",
        "userDefined": false
      }
    ],
    "isTemplate": false,
    "count": 0,
    "updated": 0
  },
  {
    "id": "73b94485-8028-4a87-807a-55bfb2503621",
    "data": [
      {
        "text": "thu 7 co lam khong?",
        "userDefined": false
      }
    ],
    "isTemplate": false,
    "count": 0,
    "updated": 0
  },
  {
    "id": "0998baa0-55ba-46e8-8e3c-4d8ed5b510f3",
    "data": [
      {
        "text": "t7 co lam ko",
        "userDefined": false
      }
    ],
    "isTemplate": false,
    "count": 0,
    "updated": 0
  },
  {
    "id": "cd20c60e-d6fe-469e-afd0-bb1e3fa2dee2",
    "data": [
      {
        "text": "t7 co lam khong",
        "userDefined": false
      }
    ],
    "isTemplate": false,
    "count": 0,
    "updated": 0
  },
  {
    "id": "704b552a-f9ba-44e8-a574-36dfa2a36412",
    "data": [
      {
        "text": "thu bay co lam ko",
        "userDefined": false
      }
    ],
    "isTemplate": false,
    "count": 0,
    "updated": 0
  }
]