[
  {
    "id": "70829fa0-f91c-4f69-a1cd-126cab5224a3",
    "data": [
      {
        "text": "Sacombank là  ",
        "userDefined": false
      },
      {
        "text": "ngan hang ",
        "alias": "khdctc",
        "userDefined": false
      },
      {
        "text": " co phan hay nha nuoc",
        "userDefined": false
      }
    ],
    "isTemplate": false,
    "count": 0,
    "updated": 0
  },
  {
    "id": "527ce07c-f64c-441c-b7d3-bcc6e73a1da5",
    "data": [
      {
        "text": "ngan hang ",
        "alias": "khdctc",
        "userDefined": false
      },
      {
        "text": " nha nuoc",
        "userDefined": false
      }
    ],
    "isTemplate": false,
    "count": 0,
    "updated": 0
  },
  {
    "id": "6808bcda-78d1-49fd-8143-d52e820de344",
    "data": [
      {
        "text": "ngan hang ",
        "alias": "khdctc",
        "userDefined": false
      },
      {
        "text": " co phan",
        "userDefined": false
      }
    ],
    "isTemplate": false,
    "count": 0,
    "updated": 0
  },
  {
    "id": "4244c821-506e-4205-ab2d-c93c16a090a7",
    "data": [
      {
        "text": "ngân hàng ",
        "alias": "khdctc",
        "userDefined": false
      },
      {
        "text": " nhà nước",
        "userDefined": false
      }
    ],
    "isTemplate": false,
    "count": 0,
    "updated": 0
  },
  {
    "id": "027c9421-0aa0-45f9-9d0e-d6173633d439",
    "data": [
      {
        "text": "Ngân hàng ",
        "alias": "khdctc",
        "userDefined": false
      },
      {
        "text": " cổ phần",
        "userDefined": false
      }
    ],
    "isTemplate": false,
    "count": 0,
    "updated": 0
  },
  {
    "id": "9301cb94-8b64-420f-b8c7-47fc245d2e83",
    "data": [
      {
        "text": "Sacombank là ngân hàng cổ phần hay ngân hàng nhà nước?",
        "userDefined": false
      }
    ],
    "isTemplate": false,
    "count": 0,
    "updated": 0
  },
  {
    "id": "d419e018-0ec3-4b99-9792-5c01fc26cbae",
    "data": [
      {
        "text": "ngan hang nn",
        "userDefined": false
      }
    ],
    "isTemplate": false,
    "count": 0,
    "updated": 0
  },
  {
    "id": "510b34b5-cad7-426f-a53b-8435fe5b4dcd",
    "data": [
      {
        "text": "ngan hang cp",
        "userDefined": false
      }
    ],
    "isTemplate": false,
    "count": 0,
    "updated": 0
  }
]