[
  {
    "id": "4c5ddbc2-9312-465a-87e9-b957abe14ee2",
    "data": [
      {
        "text": "goi dien nuoc ngoai",
        "userDefined": false
      }
    ],
    "isTemplate": false,
    "count": 0,
    "updated": 0
  },
  {
    "id": "727bb07e-3fa0-47bb-ae4d-2445d3287315",
    "data": [
      {
        "text": "gọi điện  ",
        "userDefined": false
      },
      {
        "text": "nước ngoài",
        "alias": "The",
        "userDefined": false
      }
    ],
    "isTemplate": false,
    "count": 0,
    "updated": 0
  },
  {
    "id": "bb825324-b54e-4fa7-8bac-b189987c34f6",
    "data": [
      {
        "text": "Hotline nuoc ngoai",
        "userDefined": false
      }
    ],
    "isTemplate": false,
    "count": 0,
    "updated": 0
  },
  {
    "id": "e1689a23-8969-4801-b8dd-320a8e273a9f",
    "data": [
      {
        "text": "Hotline  ",
        "userDefined": false
      },
      {
        "text": "nước ngoài",
        "alias": "The",
        "userDefined": false
      }
    ],
    "isTemplate": false,
    "count": 0,
    "updated": 0
  },
  {
    "id": "a61fa347-4cb6-442a-8b15-8484a92ae868",
    "data": [
      {
        "text": "Tong dai nuoc ngoai",
        "userDefined": false
      }
    ],
    "isTemplate": false,
    "count": 0,
    "updated": 0
  },
  {
    "id": "230342cc-47de-41cb-a239-9834b812c850",
    "data": [
      {
        "text": "Tổng đài nước ngoài",
        "userDefined": false
      }
    ],
    "isTemplate": false,
    "count": 0,
    "updated": 0
  },
  {
    "id": "0a87b5ac-fe41-4475-bad4-72f373106ffa",
    "data": [
      {
        "text": "Nếu ở nước ngoài liên hệ tổng đài theo số nào?",
        "userDefined": false
      }
    ],
    "isTemplate": false,
    "count": 0,
    "updated": 0
  },
  {
    "id": "89f7695d-d0e7-48c8-8c43-3af6110cf480",
    "data": [
      {
        "text": "tại nước ngoài gọi Sacombank theo số nào?",
        "userDefined": false
      }
    ],
    "isTemplate": false,
    "count": 0,
    "updated": 0
  },
  {
    "id": "b318614f-0c88-4fee-a68b-6b467fc444b9",
    "data": [
      {
        "text": "tai nuoc ngoai goi Sacombank theo so nao?",
        "userDefined": false
      }
    ],
    "isTemplate": false,
    "count": 0,
    "updated": 0
  }
]