[
  {
    "id": "bb1047d1-3a16-47a0-9208-203860ee59eb",
    "data": [
      {
        "text": "diem giao dich cua Sacombank ",
        "userDefined": false
      }
    ],
    "isTemplate": false,
    "count": 0,
    "updated": 0
  },
  {
    "id": "23585ec1-ecaa-4936-b08b-6b808f7e4ee5",
    "data": [
      {
        "text": "Tôi có thể đến Sacombank nào để giao dịch? ",
        "userDefined": false
      }
    ],
    "isTemplate": false,
    "count": 0,
    "updated": 0
  },
  {
    "id": "cb992026-ef11-4721-a9a8-731867544728",
    "data": [
      {
        "text": "Cho tôi địa chỉ Sacombank gần nhất ",
        "userDefined": false
      }
    ],
    "isTemplate": false,
    "count": 0,
    "updated": 0
  },
  {
    "id": "3ebf2f1a-c1e0-4b94-bbc8-6236884d7dca",
    "data": [
      {
        "text": "Tôi đang ở Quận 1/quận 2/ Quận 3/... vậy liên hệ Sacombank nào? ",
        "userDefined": false
      }
    ],
    "isTemplate": false,
    "count": 0,
    "updated": 0
  },
  {
    "id": "e6d00ff8-996a-4afd-a30c-c36dfe8a5fd4",
    "data": [
      {
        "text": "Mạng lưới Sacombank ",
        "userDefined": false
      }
    ],
    "isTemplate": false,
    "count": 0,
    "updated": 0
  },
  {
    "id": "63f97405-61a4-4367-9e37-5f840ebbbaed",
    "data": [
      {
        "text": "chỗ giao dịch của Sacombank ",
        "userDefined": false
      }
    ],
    "isTemplate": false,
    "count": 0,
    "updated": 0
  },
  {
    "id": "bff20096-d611-484b-b4e0-2f588b3b253f",
    "data": [
      {
        "text": "Diem giao dich Sacombank ",
        "userDefined": false
      },
      {
        "text": "Quan 1 ",
        "alias": "CN_Sacombank",
        "meta": "@CN_Sacombank",
        "userDefined": false
      }
    ],
    "isTemplate": false,
    "count": 0,
    "updated": 0
  },
  {
    "id": "0cb8c747-75b1-43fc-8741-dae747ae04c2",
    "data": [
      {
        "text": "Diem giao dich Sacombank ",
        "userDefined": false
      },
      {
        "text": "Nam Ki khoi nghia ",
        "alias": "CN_Sacombank",
        "meta": "@CN_Sacombank",
        "userDefined": false
      }
    ],
    "isTemplate": false,
    "count": 0,
    "updated": 0
  },
  {
    "id": "dfbf9d79-97bb-4b2e-8f31-a9ea87f1ddf0",
    "data": [
      {
        "text": "Diem giao dich Sacombank ",
        "userDefined": false
      },
      {
        "text": "Quan binh thanh ",
        "alias": "CN_Sacombank",
        "meta": "@CN_Sacombank",
        "userDefined": false
      }
    ],
    "isTemplate": false,
    "count": 0,
    "updated": 0
  },
  {
    "id": "37aac99b-1088-4b3d-84c0-aceba2e1cbea",
    "data": [
      {
        "text": "Diem giao dich Sacombank ",
        "userDefined": false
      },
      {
        "text": "vo thi sau ",
        "alias": "CN_Sacombank",
        "meta": "@CN_Sacombank",
        "userDefined": false
      }
    ],
    "isTemplate": false,
    "count": 0,
    "updated": 0
  },
  {
    "id": "91a8b97e-ba9d-4a54-98e7-60f79a7b9d61",
    "data": [
      {
        "text": "có điểm giao dịch của Sacombank ở ",
        "userDefined": false
      },
      {
        "text": "Quận 3 ",
        "alias": "CN_Sacombank",
        "meta": "@CN_Sacombank",
        "userDefined": false
      },
      {
        "text": "không ",
        "userDefined": false
      }
    ],
    "isTemplate": false,
    "count": 0,
    "updated": 0
  },
  {
    "id": "80eb81a2-9893-42a2-8427-214e95d6232b",
    "data": [
      {
        "text": "Co diem giao dich cua Sacombank o ",
        "userDefined": false
      },
      {
        "text": "quan 3 ",
        "alias": "CN_Sacombank",
        "meta": "@CN_Sacombank",
        "userDefined": false
      },
      {
        "text": "khong ",
        "userDefined": false
      }
    ],
    "isTemplate": false,
    "count": 0,
    "updated": 0
  },
  {
    "id": "6893834e-acaa-47fd-80d0-da538fed8ac3",
    "data": [
      {
        "text": "Co chi nhánh Sacombank ở ",
        "userDefined": false
      },
      {
        "text": "Hồ Chí Minh ",
        "alias": "CN_Sacombank",
        "meta": "@CN_Sacombank",
        "userDefined": false
      },
      {
        "text": "không ",
        "userDefined": false
      }
    ],
    "isTemplate": false,
    "count": 0,
    "updated": 0
  },
  {
    "id": "def16101-f507-4d71-bf40-110480876dc4",
    "data": [
      {
        "text": "Co chi nhanh Sacombank o ",
        "userDefined": false
      },
      {
        "text": "Ha Noi ",
        "alias": "CN_Sacombank",
        "meta": "@CN_Sacombank",
        "userDefined": false
      },
      {
        "text": "khong ",
        "userDefined": false
      }
    ],
    "isTemplate": false,
    "count": 0,
    "updated": 0
  },
  {
    "id": "ad31826b-c11d-4839-b0b8-a1b6117cf826",
    "data": [
      {
        "text": "Tôi ở ",
        "userDefined": false
      },
      {
        "text": "Điện Biên Phủ ",
        "alias": "CN_Sacombank",
        "meta": "@CN_Sacombank",
        "userDefined": false
      },
      {
        "text": "gần Sacombank nào ",
        "userDefined": false
      }
    ],
    "isTemplate": false,
    "count": 0,
    "updated": 0
  },
  {
    "id": "3539629b-40bc-4be2-ad83-f0ed376c6590",
    "data": [
      {
        "text": "o ",
        "userDefined": false
      },
      {
        "text": "Dien Bien phu ",
        "alias": "CN_Sacombank",
        "meta": "@CN_Sacombank",
        "userDefined": false
      },
      {
        "text": "gan sacombank nao ",
        "userDefined": false
      }
    ],
    "isTemplate": false,
    "count": 0,
    "updated": 0
  },
  {
    "id": "5a87a00b-7211-41b3-bc19-2f587a91a41c",
    "data": [
      {
        "text": "o gan ",
        "userDefined": false
      },
      {
        "text": "vo thi sau ",
        "alias": "CN_Sacombank",
        "meta": "@CN_Sacombank",
        "userDefined": false
      },
      {
        "text": "thi den sacombank nao ",
        "userDefined": false
      }
    ],
    "isTemplate": false,
    "count": 0,
    "updated": 0
  },
  {
    "id": "10401346-eee1-47d7-97af-f8f2fd5688ad",
    "data": [
      {
        "text": "ở gần ",
        "userDefined": false
      },
      {
        "text": "võ thị sáu ",
        "alias": "CN_Sacombank",
        "meta": "@CN_Sacombank",
        "userDefined": false
      },
      {
        "text": "thì đến sacombank nào ",
        "userDefined": false
      }
    ],
    "isTemplate": false,
    "count": 0,
    "updated": 0
  },
  {
    "id": "fc696890-45ea-4b56-8739-6a9170f71934",
    "data": [
      {
        "text": "co Sacombank o khong ",
        "userDefined": false
      }
    ],
    "isTemplate": false,
    "count": 0,
    "updated": 0
  },
  {
    "id": "127363d4-eb5b-4654-91fb-2720f0fbce1e",
    "data": [
      {
        "text": "có Sacombank ở không ",
        "userDefined": false
      }
    ],
    "isTemplate": false,
    "count": 0,
    "updated": 0
  },
  {
    "id": "91b18b0f-a957-41b8-bdca-55b29ed3b36f",
    "data": [
      {
        "text": "có chi nhánh Sacombank ở không ",
        "userDefined": false
      }
    ],
    "isTemplate": false,
    "count": 0,
    "updated": 0
  },
  {
    "id": "feaa74da-8e83-4a64-956d-970b9922c8a8",
    "data": [
      {
        "text": "Co chi nhanh sacombank o khong ",
        "userDefined": false
      }
    ],
    "isTemplate": false,
    "count": 0,
    "updated": 0
  },
  {
    "id": "b2c3b604-9406-4639-b398-922d8e53188b",
    "data": [
      {
        "text": "có sacombank ở quận ",
        "userDefined": false
      }
    ],
    "isTemplate": false,
    "count": 0,
    "updated": 0
  },
  {
    "id": "cbc10534-d311-4543-98da-6f0dc15159c3",
    "data": [
      {
        "text": "có sacom ở quận ",
        "userDefined": false
      }
    ],
    "isTemplate": false,
    "count": 0,
    "updated": 0
  },
  {
    "id": "861c3033-cb84-4a5e-8a50-06379f35619d",
    "data": [
      {
        "text": "chi nhánh sacombank ở đâu ",
        "userDefined": false
      }
    ],
    "isTemplate": false,
    "count": 0,
    "updated": 0
  },
  {
    "id": "20cba7f3-390f-433b-aa78-53b588f7c7e7",
    "data": [
      {
        "text": "chi nhanh sacombank o dau ",
        "userDefined": false
      }
    ],
    "isTemplate": false,
    "count": 0,
    "updated": 0
  },
  {
    "id": "2b7eddf2-7071-4e93-a7f9-642ce638d0a9",
    "data": [
      {
        "text": "tôi cần tìm chi nhánh sacombank ",
        "userDefined": false
      }
    ],
    "isTemplate": false,
    "count": 0,
    "updated": 0
  },
  {
    "id": "778bf172-fc2c-48c9-adab-5c1f17c7ff36",
    "data": [
      {
        "text": "toi can tim chi nhanh sacombank ",
        "userDefined": false
      }
    ],
    "isTemplate": false,
    "count": 0,
    "updated": 0
  },
  {
    "id": "c9047ad6-2527-41de-9b89-16ee762e3cae",
    "data": [
      {
        "text": "phòng giao dịch sacombank ở đâu ",
        "userDefined": false
      }
    ],
    "isTemplate": false,
    "count": 0,
    "updated": 0
  },
  {
    "id": "d3de1615-b13c-47e9-83b8-d1fa6c434e6a",
    "data": [
      {
        "text": "phong giao dich sacombank o dau ",
        "userDefined": false
      }
    ],
    "isTemplate": false,
    "count": 0,
    "updated": 0
  },
  {
    "id": "83501609-a3ac-4b7a-9028-811c17d632cf",
    "data": [
      {
        "text": "tôi cần tìm phòng giao dịch ",
        "userDefined": false
      }
    ],
    "isTemplate": false,
    "count": 0,
    "updated": 0
  },
  {
    "id": "4ffe5475-3b9d-4d40-851b-2b2d713ac467",
    "data": [
      {
        "text": "toi can tim phong giao dich ",
        "userDefined": false
      }
    ],
    "isTemplate": false,
    "count": 0,
    "updated": 0
  },
  {
    "id": "03d1cb8e-649c-4aa1-8755-2cb738030c15",
    "data": [
      {
        "text": "điểm giao dịch sacombank ở đâu ",
        "userDefined": false
      }
    ],
    "isTemplate": false,
    "count": 0,
    "updated": 0
  },
  {
    "id": "98b3d517-8659-4a48-be76-82f18674210f",
    "data": [
      {
        "text": "diem giao dich sacombank o dau ",
        "userDefined": false
      }
    ],
    "isTemplate": false,
    "count": 0,
    "updated": 0
  },
  {
    "id": "6aeb3030-e2a5-441e-9004-17739ec6f06d",
    "data": [
      {
        "text": "tôi cần tìm điểm giao dịch sacombank ",
        "userDefined": false
      }
    ],
    "isTemplate": false,
    "count": 0,
    "updated": 0
  },
  {
    "id": "d00c9714-4bb5-4b51-9696-01704e036c2d",
    "data": [
      {
        "text": "toi can tim diem giao dich sacombank ",
        "userDefined": false
      }
    ],
    "isTemplate": false,
    "count": 0,
    "updated": 0
  },
  {
    "id": "30bd0960-a966-4429-8a43-47a9478aec37",
    "data": [
      {
        "text": "cần tìm điểm giao dịch ",
        "userDefined": false
      }
    ],
    "isTemplate": false,
    "count": 0,
    "updated": 0
  },
  {
    "id": "154ebe66-63b7-45f7-8928-75542b1dcbfa",
    "data": [
      {
        "text": "can tim diem giao dich ",
        "userDefined": false
      }
    ],
    "isTemplate": false,
    "count": 0,
    "updated": 0
  },
  {
    "id": "e07d6f94-a949-4708-b07b-ea48ceb48ede",
    "data": [
      {
        "text": "cần tìm PGD ",
        "userDefined": false
      }
    ],
    "isTemplate": false,
    "count": 0,
    "updated": 0
  },
  {
    "id": "0448fbf4-2b1e-4fec-8742-f1543ba7c7c7",
    "data": [
      {
        "text": "can tim PGD ",
        "userDefined": false
      }
    ],
    "isTemplate": false,
    "count": 0,
    "updated": 0
  },
  {
    "id": "d9cac6e4-cc38-4299-b307-20f47244a038",
    "data": [
      {
        "text": "mang luoi ",
        "userDefined": false
      }
    ],
    "isTemplate": false,
    "count": 0,
    "updated": 0
  },
  {
    "id": "169419e4-c50b-4552-930c-9357ee98b10c",
    "data": [
      {
        "text": "mangluoi ",
        "userDefined": false
      }
    ],
    "isTemplate": false,
    "count": 0,
    "updated": 0
  },
  {
    "id": "616ec990-13fb-4160-9afc-f62427fc2725",
    "data": [
      {
        "text": "có sacombank trên ",
        "userDefined": false
      }
    ],
    "isTemplate": false,
    "count": 0,
    "updated": 0
  },
  {
    "id": "7896d9f9-e078-4571-bb8e-622c7ffdb913",
    "data": [
      {
        "text": "co sacombank tren ",
        "userDefined": false
      }
    ],
    "isTemplate": false,
    "count": 0,
    "updated": 0
  },
  {
    "id": "e33cbde6-5903-4714-aa14-9158b285e4a8",
    "data": [
      {
        "text": "có sacombank ở ",
        "userDefined": false
      }
    ],
    "isTemplate": false,
    "count": 0,
    "updated": 0
  },
  {
    "id": "830a3236-30e6-4981-91ab-1e9c7fc68d0b",
    "data": [
      {
        "text": "co sacombank o ",
        "userDefined": false
      }
    ],
    "isTemplate": false,
    "count": 0,
    "updated": 0
  },
  {
    "id": "4a74db45-53ed-4912-815b-e65c41c01baa",
    "data": [
      {
        "text": "có sacom trên ",
        "userDefined": false
      }
    ],
    "isTemplate": false,
    "count": 0,
    "updated": 0
  },
  {
    "id": "b29e8bd8-969f-40d4-aaa7-d1c85ee33c80",
    "data": [
      {
        "text": "co sacom tren ",
        "userDefined": false
      }
    ],
    "isTemplate": false,
    "count": 0,
    "updated": 0
  },
  {
    "id": "b9a86b01-ebd0-4988-8ca7-7dc589fc9419",
    "data": [
      {
        "text": "có sacom ở ",
        "userDefined": false
      }
    ],
    "isTemplate": false,
    "count": 0,
    "updated": 0
  },
  {
    "id": "39c108e1-1cbc-4a3a-b0c8-feae34b76363",
    "data": [
      {
        "text": "co sacom o ",
        "userDefined": false
      }
    ],
    "isTemplate": false,
    "count": 0,
    "updated": 0
  },
  {
    "id": "550f2764-1f92-499e-b1a9-95709c32a5b2",
    "data": [
      {
        "text": "có ATM trên ",
        "userDefined": false
      }
    ],
    "isTemplate": false,
    "count": 0,
    "updated": 0
  },
  {
    "id": "ae35e8dc-f4ac-4d82-bddc-97b5a6cbc4a0",
    "data": [
      {
        "text": "có ATM ở ",
        "userDefined": false
      }
    ],
    "isTemplate": false,
    "count": 0,
    "updated": 0
  },
  {
    "id": "5330113c-5f6a-4d9a-b486-4df2b2b88789",
    "data": [
      {
        "text": "co ATM tren ",
        "userDefined": false
      }
    ],
    "isTemplate": false,
    "count": 0,
    "updated": 0
  },
  {
    "id": "43ea9545-b7ed-496e-bb33-b7d90a400444",
    "data": [
      {
        "text": "co ATM o ",
        "userDefined": false
      }
    ],
    "isTemplate": false,
    "count": 0,
    "updated": 0
  },
  {
    "id": "871df20d-3610-4c88-b6ef-9233e7612f8f",
    "data": [
      {
        "text": "Có atm trên Nam kỳ khởi nghĩa không ",
        "userDefined": false
      }
    ],
    "isTemplate": false,
    "count": 0,
    "updated": 0
  },
  {
    "id": "334f2d5d-1423-4e00-888e-61f59e2e2d5e",
    "data": [
      {
        "text": "Có atm ở Nam kỳ khởi nghĩa không ",
        "userDefined": false
      }
    ],
    "isTemplate": false,
    "count": 0,
    "updated": 0
  },
  {
    "id": "ef0ce217-2d6c-42d5-a965-f4cad3f832ed",
    "data": [
      {
        "text": "có sacombank ở nam kỳ khởi nghĩa không ",
        "userDefined": false
      }
    ],
    "isTemplate": false,
    "count": 0,
    "updated": 0
  },
  {
    "id": "11f58a8f-3a5f-4f66-bd4f-834788d9ba67",
    "data": [
      {
        "text": "có sacombank trên nam kỳ khởi nghĩa không ",
        "userDefined": false
      }
    ],
    "isTemplate": false,
    "count": 0,
    "updated": 0
  },
  {
    "id": "304ec7e9-e6a1-41c9-8c1e-5ef5e117e49f",
    "data": [
      {
        "text": "diem giao dich gan nhat ",
        "userDefined": false
      }
    ],
    "isTemplate": false,
    "count": 0,
    "updated": 0
  },
  {
    "id": "1fcef73e-2966-4ee9-b99a-a4dd7c2cad8e",
    "data": [
      {
        "text": "điểm giao dịch gần nhất ",
        "userDefined": false
      }
    ],
    "isTemplate": false,
    "count": 0,
    "updated": 0
  },
  {
    "id": "bd8e4c77-1419-463f-a0b6-bfd66090821a",
    "data": [
      {
        "text": "đến đâu giao dịch ",
        "userDefined": false
      }
    ],
    "isTemplate": false,
    "count": 0,
    "updated": 0
  },
  {
    "id": "a5d82a3c-5926-4ddd-9eb2-2bb28c397ef6",
    "data": [
      {
        "text": "den dau giao dich ",
        "userDefined": false
      }
    ],
    "isTemplate": false,
    "count": 0,
    "updated": 0
  },
  {
    "id": "464b39eb-49c0-47c4-9e53-72d3f4911389",
    "data": [
      {
        "text": "có ATM nào gần ",
        "userDefined": false
      }
    ],
    "isTemplate": false,
    "count": 0,
    "updated": 0
  },
  {
    "id": "48fe87ea-7bb4-47b7-a415-c5ad7f1f8545",
    "data": [
      {
        "text": "địa chỉ ở đâu vậy ",
        "userDefined": false
      }
    ],
    "isTemplate": false,
    "count": 0,
    "updated": 0
  }
]