[
  {
    "id": "45419ef6-7447-42c5-b761-13d17da335a7",
    "data": [
      {
        "text": "lanh lai truyen thong nhu the nao ",
        "userDefined": false
      }
    ],
    "isTemplate": false,
    "count": 0,
    "updated": 0
  },
  {
    "id": "964d1e4e-280a-474b-b036-d6b44011b741",
    "data": [
      {
        "text": "hinh thuc lanh lai truyen thong ",
        "userDefined": false
      }
    ],
    "isTemplate": false,
    "count": 0,
    "updated": 0
  },
  {
    "id": "745a1e98-9dac-482a-9009-08080680a608",
    "data": [
      {
        "text": "co may hình thuc lanh lai truyen thong ",
        "userDefined": false
      }
    ],
    "isTemplate": false,
    "count": 0,
    "updated": 0
  },
  {
    "id": "0f0cf892-2495-4cb8-83ee-d9f6f20f5d33",
    "data": [
      {
        "text": "lanh lai truyen thong ",
        "userDefined": false
      }
    ],
    "isTemplate": false,
    "count": 0,
    "updated": 0
  }
]