[
  {
    "id": "29009b21-a850-48af-b0cb-0ed1988b56cb",
    "data": [
      {
        "text": "lanh lai dai phat nhu the nao ",
        "userDefined": false
      }
    ],
    "isTemplate": false,
    "count": 0,
    "updated": 0
  },
  {
    "id": "8cf10101-0e1c-49e4-be27-4c2b917b4912",
    "data": [
      {
        "text": "lanh lai dai phat ",
        "userDefined": false
      }
    ],
    "isTemplate": false,
    "count": 0,
    "updated": 0
  },
  {
    "id": "ce728523-bdc7-46d9-87f7-bf55779a0eb7",
    "data": [
      {
        "text": "hình thuc lanh lai dai phat ",
        "userDefined": false
      }
    ],
    "isTemplate": false,
    "count": 0,
    "updated": 0
  }
]