[
  {
    "id": "7165ffbd-e03a-4b0e-875a-483b7d0b3ee8",
    "data": [
      {
        "text": "Điểm ",
        "userDefined": false
      },
      {
        "text": "1 ",
        "alias": "FeedbackPoint",
        "meta": "@sys.number",
        "userDefined": false
      }
    ],
    "isTemplate": false,
    "count": 0,
    "updated": 0
  },
  {
    "id": "07171667-43cd-4806-a99b-ed4a42565c72",
    "data": [
      {
        "text": "Điểm ",
        "userDefined": false
      },
      {
        "text": "2 ",
        "alias": "FeedbackPoint",
        "meta": "@sys.number",
        "userDefined": false
      }
    ],
    "isTemplate": false,
    "count": 0,
    "updated": 0
  },
  {
    "id": "871b80bf-ae48-4919-a45f-ac634c5e08c0",
    "data": [
      {
        "text": "Điểm ",
        "userDefined": false
      },
      {
        "text": "3 ",
        "alias": "FeedbackPoint",
        "meta": "@sys.number",
        "userDefined": false
      }
    ],
    "isTemplate": false,
    "count": 0,
    "updated": 0
  },
  {
    "id": "28b3a5c9-2750-4e93-9a52-dcf8c89627fc",
    "data": [
      {
        "text": "Điểm ",
        "userDefined": false
      },
      {
        "text": "4 ",
        "alias": "FeedbackPoint",
        "meta": "@sys.number",
        "userDefined": false
      }
    ],
    "isTemplate": false,
    "count": 0,
    "updated": 0
  },
  {
    "id": "7b3b6272-7a1b-44e9-a8c6-25af7574be52",
    "data": [
      {
        "text": "Điểm ",
        "userDefined": false
      },
      {
        "text": "5 ",
        "alias": "FeedbackPoint",
        "meta": "@sys.number",
        "userDefined": false
      }
    ],
    "isTemplate": false,
    "count": 0,
    "updated": 0
  }
]