[
  {
    "id": "19f76d9f-6295-4ec4-9f63-6281c0fd8091",
    "data": [
      {
        "text": "linh@botbot.ai",
        "alias": "Email",
        "meta": "@sys.email",
        "userDefined": false
      }
    ],
    "isTemplate": false,
    "count": 0,
    "updated": 0
  },
  {
    "id": "7b1c20d3-f1df-4e78-bf9d-3bd48b149a16",
    "data": [
      {
        "text": "linh@2359media.com",
        "alias": "Email",
        "meta": "@sys.email",
        "userDefined": false
      }
    ],
    "isTemplate": false,
    "count": 0,
    "updated": 0
  }
]