[
  {
    "id": "5bff828e-d3a5-481e-a86a-6bd9778a86ff",
    "data": [
      {
        "text": "0914507103",
        "alias": "PhoneNumber",
        "meta": "@sys.phone-number",
        "userDefined": false
      }
    ],
    "isTemplate": false,
    "count": 0,
    "updated": 0
  },
  {
    "id": "1099d571-e927-41dd-88d9-fff2628be378",
    "data": [
      {
        "text": "0983004246",
        "alias": "PhoneNumber",
        "meta": "@sys.phone-number",
        "userDefined": false
      }
    ],
    "isTemplate": false,
    "count": 0,
    "updated": 0
  }
]