[
  {
    "id": "056178e4-bcaf-4df0-86cb-5f68e486b850",
    "data": [
      {
        "text": "Nguyễn Hồng Nhung",
        "alias": "Name",
        "meta": "@sys.any",
        "userDefined": false
      }
    ],
    "isTemplate": false,
    "count": 0,
    "updated": 0
  },
  {
    "id": "b25f5a7a-0cdd-4961-ae72-f6c4ac4d3155",
    "data": [
      {
        "text": "Trần Ly Ly",
        "alias": "Name",
        "meta": "@sys.any",
        "userDefined": false
      }
    ],
    "isTemplate": false,
    "count": 0,
    "updated": 0
  },
  {
    "id": "a3de3717-26b8-456e-8255-8f70143f7d2a",
    "data": [
      {
        "text": "Đống",
        "alias": "Name",
        "meta": "@sys.any",
        "userDefined": false
      }
    ],
    "isTemplate": false,
    "count": 0,
    "updated": 0
  },
  {
    "id": "05e6ab42-29c7-4939-84a4-1f88f96ac2a4",
    "data": [
      {
        "text": "Dong",
        "alias": "Name",
        "meta": "@sys.any",
        "userDefined": false
      }
    ],
    "isTemplate": false,
    "count": 0,
    "updated": 0
  },
  {
    "id": "c17a2a33-7817-441d-8535-0c11b7323a36",
    "data": [
      {
        "text": "Đông",
        "alias": "Name",
        "meta": "@sys.any",
        "userDefined": false
      }
    ],
    "isTemplate": false,
    "count": 0,
    "updated": 0
  },
  {
    "id": "71f14cfb-a5f6-4ae7-ab97-1a9c6e8914e3",
    "data": [
      {
        "text": "Đồng",
        "alias": "Name",
        "meta": "@sys.any",
        "userDefined": false
      }
    ],
    "isTemplate": false,
    "count": 0,
    "updated": 0
  },
  {
    "id": "e9e2f830-977f-429f-bfee-c4594598138e",
    "data": [
      {
        "text": "Động",
        "alias": "Name",
        "meta": "@sys.any",
        "userDefined": false
      }
    ],
    "isTemplate": false,
    "count": 0,
    "updated": 0
  },
  {
    "id": "01819771-68e4-43d0-bdcb-ac0240e98979",
    "data": [
      {
        "text": "Đóng",
        "alias": "Name",
        "meta": "@sys.any",
        "userDefined": false
      }
    ],
    "isTemplate": false,
    "count": 0,
    "updated": 0
  }
]