[
  {
    "id": "b93dc59f-d770-429d-8789-8dd95a1b130e",
    "data": [
      {
        "text": "Linh Notes for Tu: kkhi bot ko hiểu sẽ trigger intent này, tại đây sẽ có logic check \"Logic check CustomerType cache\" để trigger 2 intents khác  ",
        "userDefined": false
      }
    ],
    "isTemplate": false,
    "count": 0,
    "updated": 0
  },
  {
    "id": "353c4917-60b4-465b-831c-27c01295c11f",
    "data": [
      {
        "text": "vay thế chấp vàng ",
        "userDefined": false
      }
    ],
    "isTemplate": false,
    "count": 0,
    "updated": 0
  },
  {
    "id": "6ce9d31f-2e43-45d3-8d6e-915face51715",
    "data": [
      {
        "text": "vay vàng ",
        "userDefined": false
      }
    ],
    "isTemplate": false,
    "count": 0,
    "updated": 0
  }
]