[
  {
    "id": "0851dddb-a9d7-4786-829a-85704fd59c11",
    "data": [
      {
        "text": "menu chính  ",
        "userDefined": false
      }
    ],
    "isTemplate": false,
    "count": 0,
    "updated": 0
  },
  {
    "id": "43d68b67-c35c-4200-84bd-ba92dc8e4ade",
    "data": [
      {
        "text": "hi  ",
        "userDefined": false
      }
    ],
    "isTemplate": false,
    "count": 0,
    "updated": 0
  },
  {
    "id": "734915df-5b86-4260-b242-2904f75a5002",
    "data": [
      {
        "text": "hello  ",
        "userDefined": false
      }
    ],
    "isTemplate": false,
    "count": 0,
    "updated": 0
  },
  {
    "id": "2bc00ea3-6132-4981-8a8c-dd13065b6344",
    "data": [
      {
        "text": "xin chào ",
        "userDefined": false
      }
    ],
    "isTemplate": false,
    "count": 0,
    "updated": 0
  },
  {
    "id": "6dcc6022-ce90-4f7a-8e33-a99b23b0aacb",
    "data": [
      {
        "text": "bello ",
        "userDefined": false
      }
    ],
    "isTemplate": false,
    "count": 0,
    "updated": 0
  },
  {
    "id": "e35f794d-6655-4719-ae60-4043d36d9f1b",
    "data": [
      {
        "text": "chào ",
        "userDefined": false
      }
    ],
    "isTemplate": false,
    "count": 0,
    "updated": 0
  },
  {
    "id": "452ba0ad-a5ef-4360-be5c-5bd871383ca2",
    "data": [
      {
        "text": "halo ",
        "userDefined": false
      }
    ],
    "isTemplate": false,
    "count": 0,
    "updated": 0
  },
  {
    "id": "3b3e4ee7-3a0b-4827-89a5-574f5dd527d8",
    "data": [
      {
        "text": "what\u0027s up ",
        "userDefined": false
      }
    ],
    "isTemplate": false,
    "count": 0,
    "updated": 0
  },
  {
    "id": "8962e2ed-6ded-477a-b567-8a6f7a831183",
    "data": [
      {
        "text": "hey ",
        "userDefined": false
      }
    ],
    "isTemplate": false,
    "count": 0,
    "updated": 0
  },
  {
    "id": "3730ef69-9637-4c05-882d-85a67209c58a",
    "data": [
      {
        "text": "menu chinh1 ",
        "userDefined": false
      }
    ],
    "isTemplate": false,
    "count": 0,
    "updated": 0
  },
  {
    "id": "fde145a3-d994-4706-9f5e-b5717fe0de38",
    "data": [
      {
        "text": "menu chinhs ",
        "userDefined": false
      }
    ],
    "isTemplate": false,
    "count": 0,
    "updated": 0
  },
  {
    "id": "43e05465-23a5-4deb-bab0-532cc483b9f7",
    "data": [
      {
        "text": "menu ",
        "userDefined": false
      }
    ],
    "isTemplate": false,
    "count": 0,
    "updated": 0
  },
  {
    "id": "73f9b5f9-5cbd-4995-92e2-1b2f381520c0",
    "data": [
      {
        "text": "menu chinh ",
        "userDefined": false
      }
    ],
    "isTemplate": false,
    "count": 0,
    "updated": 0
  },
  {
    "id": "14a8468a-29dc-457b-9e78-52791337dff1",
    "data": [
      {
        "text": "bắt đầu ",
        "userDefined": false
      }
    ],
    "isTemplate": false,
    "count": 0,
    "updated": 0
  },
  {
    "id": "bdf1a9da-d361-4c22-8e8a-7287c21b61ef",
    "data": [
      {
        "text": "bat dau ",
        "userDefined": false
      }
    ],
    "isTemplate": false,
    "count": 0,
    "updated": 0
  },
  {
    "id": "706df6a9-f08f-4174-a736-8cb04aab3e31",
    "data": [
      {
        "text": "ho ",
        "userDefined": false
      }
    ],
    "isTemplate": false,
    "count": 0,
    "updated": 0
  }
]