[
  {
    "id": "2ae4aee5-bb4a-4b45-b813-f96256ce382b",
    "data": [
      {
        "text": "dang-ki-truc-tuyen  ",
        "userDefined": false
      }
    ],
    "isTemplate": false,
    "count": 0,
    "updated": 0
  },
  {
    "id": "956cf7e6-32ea-4326-8836-63d298ce9085",
    "data": [
      {
        "text": "đăng kí trực tuyến  ",
        "userDefined": false
      }
    ],
    "isTemplate": false,
    "count": 0,
    "updated": 0
  },
  {
    "id": "a3dcfb45-a590-4a84-a1ef-071efd5163bd",
    "data": [
      {
        "text": "đăng ký ngay ",
        "userDefined": false
      }
    ],
    "isTemplate": false,
    "count": 0,
    "updated": 0
  },
  {
    "id": "0c2bc36b-d3da-49f6-9b0a-f97f582b7a5b",
    "data": [
      {
        "text": "đăng ký nhanh ",
        "userDefined": false
      }
    ],
    "isTemplate": false,
    "count": 0,
    "updated": 0
  },
  {
    "id": "7c9b674a-f9b8-4184-8d14-964f1fe169a5",
    "data": [
      {
        "text": "đăng ký online ",
        "userDefined": false
      }
    ],
    "isTemplate": false,
    "count": 0,
    "updated": 0
  },
  {
    "id": "36d1f207-f2de-475d-81bf-87391e18708f",
    "data": [
      {
        "text": "đk online ",
        "userDefined": false
      }
    ],
    "isTemplate": false,
    "count": 0,
    "updated": 0
  },
  {
    "id": "a3fe81d9-4814-4119-aa7c-bccb58954820",
    "data": [
      {
        "text": "đk nhanh ",
        "userDefined": false
      }
    ],
    "isTemplate": false,
    "count": 0,
    "updated": 0
  },
  {
    "id": "09a1f5db-4530-470b-b9cf-469956855c00",
    "data": [
      {
        "text": "đk ngay ",
        "userDefined": false
      }
    ],
    "isTemplate": false,
    "count": 0,
    "updated": 0
  },
  {
    "id": "4d81a455-dbd3-4ade-8282-95ffdac0dd21",
    "data": [
      {
        "text": "Đăng ký trực tuyến ",
        "userDefined": false
      }
    ],
    "isTemplate": false,
    "count": 0,
    "updated": 0
  }
]