[
  {
    "id": "18517930-8a21-48c9-ae8f-9986f41bb5a0",
    "data": [
      {
        "text": "sản phẩm dịch vụ ",
        "userDefined": false
      }
    ],
    "isTemplate": false,
    "count": 0,
    "updated": 0
  },
  {
    "id": "725e09bd-4faf-4064-932a-58b531c87292",
    "data": [
      {
        "text": "SPDV ",
        "userDefined": false
      }
    ],
    "isTemplate": false,
    "count": 0,
    "updated": 0
  },
  {
    "id": "95becdf5-073c-4ca9-aac9-089f703a6f87",
    "data": [
      {
        "text": "san pham dich vu ",
        "userDefined": false
      }
    ],
    "isTemplate": false,
    "count": 0,
    "updated": 0
  },
  {
    "id": "a5228583-b6d1-48ff-9937-d2cf66b6834a",
    "data": [
      {
        "text": "tôi muốn hỏi về sản phẩm dịch vụ ",
        "userDefined": false
      }
    ],
    "isTemplate": false,
    "count": 0,
    "updated": 0
  }
]