[
  {
    "id": "b115c97c-0400-4faa-8272-82817f128c83",
    "data": [
      {
        "text": "lãi suất ",
        "userDefined": false
      }
    ],
    "isTemplate": false,
    "count": 0,
    "updated": 0
  },
  {
    "id": "7b7a20eb-11ee-4d44-bec2-61c4da32da22",
    "data": [
      {
        "text": "tôi muốn hỏi về lãi suất ",
        "userDefined": false
      }
    ],
    "isTemplate": false,
    "count": 0,
    "updated": 0
  },
  {
    "id": "1ef5bc41-23ba-4448-864b-f57ccc748e1b",
    "data": [
      {
        "text": "toi muon hoi ve lai suat ",
        "userDefined": false
      }
    ],
    "isTemplate": false,
    "count": 0,
    "updated": 0
  },
  {
    "id": "e3a53b0d-862a-4227-b21f-68d7ecacd6f1",
    "data": [
      {
        "text": "toi can tu van ve lai suat ",
        "userDefined": false
      }
    ],
    "isTemplate": false,
    "count": 0,
    "updated": 0
  },
  {
    "id": "d694d124-a7c9-4200-a965-1dec6935215a",
    "data": [
      {
        "text": "toi muon biet ls ",
        "userDefined": false
      }
    ],
    "isTemplate": false,
    "count": 0,
    "updated": 0
  },
  {
    "id": "f249730e-97b7-46be-a299-f49a2e13ae97",
    "data": [
      {
        "text": "lãi ",
        "userDefined": false
      }
    ],
    "isTemplate": false,
    "count": 0,
    "updated": 0
  },
  {
    "id": "9b787e29-b12c-4249-a558-3cfa8ca1e0bb",
    "data": [
      {
        "text": "lai suat ",
        "userDefined": false
      }
    ],
    "isTemplate": false,
    "count": 0,
    "updated": 0
  },
  {
    "id": "10408670-5bd2-458a-92da-f157876af4ac",
    "data": [
      {
        "text": "ls ",
        "userDefined": false
      }
    ],
    "isTemplate": false,
    "count": 0,
    "updated": 0
  },
  {
    "id": "768d38c1-dc5e-4b27-88c4-3320ae7e775c",
    "data": [
      {
        "text": "tư vấn về lãi suất ",
        "userDefined": false
      }
    ],
    "isTemplate": false,
    "count": 0,
    "updated": 0
  }
]