[
  {
    "id": "d723274c-ab48-4389-8fa9-542072aaeade",
    "data": [
      {
        "text": "tiền gửi ",
        "alias": "AccountType",
        "meta": "@AccountType",
        "userDefined": false
      }
    ],
    "isTemplate": false,
    "count": 0,
    "updated": 0
  },
  {
    "id": "8d5cec67-4cba-4a39-9664-4a76eef8b8a8",
    "data": [
      {
        "text": "tiết kiệm ",
        "alias": "AccountType",
        "meta": "@AccountType",
        "userDefined": false
      }
    ],
    "isTemplate": false,
    "count": 0,
    "updated": 0
  },
  {
    "id": "ca97996d-4ade-4990-a92b-0bb603f772c3",
    "data": [
      {
        "text": "TK ",
        "alias": "AccountType",
        "meta": "@AccountType",
        "userDefined": false
      }
    ],
    "isTemplate": false,
    "count": 0,
    "updated": 0
  },
  {
    "id": "8326c475-a64e-4a88-ab0f-48696e59afc9",
    "data": [
      {
        "text": "TG ",
        "alias": "AccountType",
        "meta": "@AccountType",
        "userDefined": false
      }
    ],
    "isTemplate": false,
    "count": 0,
    "updated": 0
  }
]