[
  {
    "id": "6ae4cb34-64ee-4f62-b4d9-3e0479fede19",
    "data": [
      {
        "text": "lãi suất ",
        "userDefined": false
      }
    ],
    "isTemplate": false,
    "count": 0,
    "updated": 0
  },
  {
    "id": "767d617d-bda2-4ddc-90f2-0b24f2d82cb3",
    "data": [
      {
        "text": "lai suat ",
        "userDefined": false
      }
    ],
    "isTemplate": false,
    "count": 0,
    "updated": 0
  },
  {
    "id": "353f3654-a119-4205-83b2-497e55d034e7",
    "data": [
      {
        "text": "lãi ",
        "userDefined": false
      }
    ],
    "isTemplate": false,
    "count": 0,
    "updated": 0
  },
  {
    "id": "16d7ab04-27da-46ec-9f2e-207aa6391dbc",
    "data": [
      {
        "text": "lãi suất như thế nào ",
        "userDefined": false
      }
    ],
    "isTemplate": false,
    "count": 0,
    "updated": 0
  },
  {
    "id": "893d08b0-7c95-4e6f-99b3-4d957ec57259",
    "data": [
      {
        "text": "lãi suất cao không ",
        "userDefined": false
      }
    ],
    "isTemplate": false,
    "count": 0,
    "updated": 0
  },
  {
    "id": "5fc16a6f-dc39-4476-a935-c2deac5bba2a",
    "data": [
      {
        "text": "lãi suất làm sao ",
        "userDefined": false
      }
    ],
    "isTemplate": false,
    "count": 0,
    "updated": 0
  },
  {
    "id": "155bea60-3fb0-4060-b9ee-0845fd5c1e81",
    "data": [
      {
        "text": "lãi suất ra sao ",
        "userDefined": false
      }
    ],
    "isTemplate": false,
    "count": 0,
    "updated": 0
  },
  {
    "id": "af3e9c94-d721-49f7-8081-00a85190653b",
    "data": [
      {
        "text": "lai suat thi sao ",
        "userDefined": false
      }
    ],
    "isTemplate": false,
    "count": 0,
    "updated": 0
  },
  {
    "id": "35b08728-969c-4c07-8d49-9c7dcbb7a90a",
    "data": [
      {
        "text": "lai suat ra sao ",
        "userDefined": false
      }
    ],
    "isTemplate": false,
    "count": 0,
    "updated": 0
  },
  {
    "id": "0ba52d88-0aac-454f-b1b9-89073e999ee2",
    "data": [
      {
        "text": "lai suat the nao ",
        "userDefined": false
      }
    ],
    "isTemplate": false,
    "count": 0,
    "updated": 0
  },
  {
    "id": "ce566513-0c93-4c41-8ca1-aa87edccb1be",
    "data": [
      {
        "text": "lãi nhận thế nào ",
        "userDefined": false
      }
    ],
    "isTemplate": false,
    "count": 0,
    "updated": 0
  },
  {
    "id": "71c590c3-97bd-437d-b74b-17d6565c6175",
    "data": [
      {
        "text": "lai nhan ra sao ",
        "userDefined": false
      }
    ],
    "isTemplate": false,
    "count": 0,
    "updated": 0
  }
]