[
  {
    "id": "c94a6e17-d1f7-4865-b2de-b0a583f100cb",
    "data": [
      {
        "text": "lãi suất thẻ ",
        "userDefined": false
      }
    ],
    "isTemplate": false,
    "count": 0,
    "updated": 0
  },
  {
    "id": "ed9dc979-5ac1-42f4-8942-c32a1b68f2ea",
    "data": [
      {
        "text": "lai suat the ",
        "userDefined": false
      }
    ],
    "isTemplate": false,
    "count": 0,
    "updated": 0
  },
  {
    "id": "d8eebeb7-5d7f-40f9-b4ba-e94c1345251a",
    "data": [
      {
        "text": "ls thẻ ",
        "userDefined": false
      }
    ],
    "isTemplate": false,
    "count": 0,
    "updated": 0
  },
  {
    "id": "afaf9e66-5e9a-44f0-858f-c2000d190b48",
    "data": [
      {
        "text": "lãi thẻ ",
        "userDefined": false
      }
    ],
    "isTemplate": false,
    "count": 0,
    "updated": 0
  },
  {
    "id": "005356f2-6d0d-41ab-96c9-1a7b78bc3483",
    "data": [
      {
        "text": "lai the ",
        "userDefined": false
      }
    ],
    "isTemplate": false,
    "count": 0,
    "updated": 0
  }
]