[
  {
    "id": "e417911b-6c08-464b-828d-9fced8597e63",
    "data": [
      {
        "text": "lãi suất ",
        "userDefined": false
      }
    ],
    "isTemplate": false,
    "count": 0,
    "updated": 0
  },
  {
    "id": "f6ffaedc-ff9c-4ce8-a7ad-c46dad7afb1d",
    "data": [
      {
        "text": "lai suat ",
        "userDefined": false
      }
    ],
    "isTemplate": false,
    "count": 0,
    "updated": 0
  },
  {
    "id": "dbac6b54-fe39-4fbd-a8fc-4ae226acb913",
    "data": [
      {
        "text": "lãi ",
        "userDefined": false
      }
    ],
    "isTemplate": false,
    "count": 0,
    "updated": 0
  },
  {
    "id": "092091ba-4050-4508-81a0-ae219c45663a",
    "data": [
      {
        "text": "lai ",
        "userDefined": false
      }
    ],
    "isTemplate": false,
    "count": 0,
    "updated": 0
  },
  {
    "id": "b0fdc60d-80de-43f0-b686-2420f2028a0f",
    "data": [
      {
        "text": "tôi cần tư vấn lãi suất ",
        "userDefined": false
      }
    ],
    "isTemplate": false,
    "count": 0,
    "updated": 0
  },
  {
    "id": "8dc395f2-00a3-4c81-b601-b7b983dbcd9b",
    "data": [
      {
        "text": "tôi muốn hỏi về lãi suất ",
        "userDefined": false
      }
    ],
    "isTemplate": false,
    "count": 0,
    "updated": 0
  },
  {
    "id": "0414979a-0f07-4ab5-afca-8ec1aa562558",
    "data": [
      {
        "text": "tu van lai suat ",
        "userDefined": false
      }
    ],
    "isTemplate": false,
    "count": 0,
    "updated": 0
  }
]