[
  {
    "id": "eb39b43c-ee5a-41d5-b45d-7a3353069dd5",
    "data": [
      {
        "text": "tiền gửi có kỳ hạn ",
        "alias": "AccountName",
        "meta": "@AccountNameTG",
        "userDefined": false
      }
    ],
    "isTemplate": false,
    "count": 0,
    "updated": 0
  },
  {
    "id": "20e13a81-f986-4cc7-935e-45e7e9675f49",
    "data": [
      {
        "text": "tiền gửi phù đổng ",
        "alias": "AccountName",
        "meta": "@AccountNameTG",
        "userDefined": false
      }
    ],
    "isTemplate": false,
    "count": 0,
    "updated": 0
  },
  {
    "id": "cae533c5-29f5-4a05-a7e2-e538db66a173",
    "data": [
      {
        "text": "tiết kiệm phù đổng ",
        "alias": "AccountName",
        "meta": "@AccountNameTG",
        "userDefined": false
      }
    ],
    "isTemplate": false,
    "count": 0,
    "updated": 0
  },
  {
    "id": "08b2ebb3-61a1-41e6-a743-eed842cd61df",
    "data": [
      {
        "text": "tiết kiệm có kỳ hạn ",
        "alias": "AccountName",
        "meta": "@AccountNameTG",
        "userDefined": false
      }
    ],
    "isTemplate": false,
    "count": 0,
    "updated": 0
  },
  {
    "id": "02e90c39-51fe-4e38-bfd8-618a72f818a8",
    "data": [
      {
        "text": "tài khoản thanh toán ",
        "alias": "AccountName",
        "meta": "@AccountNameTK",
        "userDefined": false
      }
    ],
    "isTemplate": false,
    "count": 0,
    "updated": 0
  },
  {
    "id": "f52430ce-4cfc-4fa4-a8cc-a347b82401f7",
    "data": [
      {
        "text": "tài khoản thanh toán combo 1 ",
        "alias": "AccountName",
        "meta": "@AccountNameTK",
        "userDefined": false
      }
    ],
    "isTemplate": false,
    "count": 0,
    "updated": 0
  },
  {
    "id": "b9f23c42-1def-4b2b-aca4-fb9d48da5353",
    "data": [
      {
        "text": "tài khoản thanh toán combo 2 ",
        "alias": "AccountName",
        "meta": "@AccountNameTK",
        "userDefined": false
      }
    ],
    "isTemplate": false,
    "count": 0,
    "updated": 0
  },
  {
    "id": "e69b0261-6f4c-46ec-af7b-282485b4bd3b",
    "data": [
      {
        "text": "tài khoản thanh toán combo boss ",
        "alias": "AccountName",
        "meta": "@AccountNameTK",
        "userDefined": false
      }
    ],
    "isTemplate": false,
    "count": 0,
    "updated": 0
  },
  {
    "id": "3886b528-4a01-4a49-b541-1c22181b30a9",
    "data": [
      {
        "text": "tài khoản thanh toán ",
        "alias": "AccountName",
        "meta": "@AccountNameTK",
        "userDefined": false
      },
      {
        "text": "cá nhân ",
        "alias": "CustomerType",
        "meta": "@CustomerType",
        "userDefined": false
      }
    ],
    "isTemplate": false,
    "count": 0,
    "updated": 0
  },
  {
    "id": "b72935c2-9486-4c5e-a375-2b8f1db77047",
    "data": [
      {
        "text": "tiền gửi có kỳ hạn ",
        "alias": "AccountName",
        "meta": "@AccountNameTG",
        "userDefined": false
      },
      {
        "text": "doanh nghiệp ",
        "alias": "CustomerType",
        "meta": "@CustomerType",
        "userDefined": false
      }
    ],
    "isTemplate": false,
    "count": 0,
    "updated": 0
  },
  {
    "id": "c594d75f-e3e7-44c7-acc3-6e91bc6ae6c9",
    "data": [
      {
        "text": "tiết kiệm có kỳ hạn ",
        "alias": "AccountName",
        "meta": "@AccountNameTG",
        "userDefined": false
      },
      {
        "text": "doanh nghiệp ",
        "alias": "CustomerType",
        "meta": "@CustomerType",
        "userDefined": false
      }
    ],
    "isTemplate": false,
    "count": 0,
    "updated": 0
  }
]