[
  {
    "id": "e71b704a-acde-4975-8164-49c653e9c949",
    "data": [
      {
        "text": "tiền vay ",
        "alias": "AccountType",
        "meta": "@AccountType",
        "userDefined": false
      }
    ],
    "isTemplate": false,
    "count": 0,
    "updated": 0
  },
  {
    "id": "4e7fcd87-842b-4c7d-a16a-18822b023699",
    "data": [
      {
        "text": "vay ",
        "alias": "AccountType",
        "meta": "@AccountType",
        "userDefined": false
      }
    ],
    "isTemplate": false,
    "count": 0,
    "updated": 0
  },
  {
    "id": "5901f13a-8ea8-4661-ab6b-aeae2d244e9e",
    "data": [
      {
        "text": "vay tiền ",
        "alias": "AccountType",
        "meta": "@AccountType",
        "userDefined": false
      }
    ],
    "isTemplate": false,
    "count": 0,
    "updated": 0
  }
]