[
  {
    "id": "4c3e8d0f-5dfd-483d-ae5b-6e4963476a35",
    "data": [
      {
        "text": "lãi suất ",
        "userDefined": false
      },
      {
        "text": "tiền gửi có kỳ hạn ",
        "alias": "AccountName",
        "meta": "@AccountNameTG",
        "userDefined": false
      },
      {
        "text": "cá nhân ",
        "alias": "CustomerType",
        "meta": "@CustomerType",
        "userDefined": false
      }
    ],
    "isTemplate": false,
    "count": 0,
    "updated": 0
  },
  {
    "id": "b343bb34-cae3-4684-96ac-b8735578d79b",
    "data": [
      {
        "text": "lãi suất ",
        "userDefined": false
      },
      {
        "text": "tiền gửi có kỳ hạn ",
        "alias": "AccountName",
        "meta": "@AccountNameTG",
        "userDefined": false
      }
    ],
    "isTemplate": false,
    "count": 0,
    "updated": 0
  },
  {
    "id": "042c1e24-35f3-462b-8f69-ed2959a1f872",
    "data": [
      {
        "text": "lãi suất ",
        "userDefined": false
      },
      {
        "text": "tiền gửi có kỳ hạn ",
        "alias": "AccountName",
        "meta": "@AccountNameTG",
        "userDefined": false
      },
      {
        "text": "cá nhân ",
        "alias": "CustomerType",
        "meta": "@CustomerType",
        "userDefined": false
      },
      {
        "text": "1 tháng ",
        "alias": "Term",
        "meta": "@Term",
        "userDefined": false
      }
    ],
    "isTemplate": false,
    "count": 0,
    "updated": 0
  },
  {
    "id": "abff8565-1605-412e-8afc-3f8bd8e1076d",
    "data": [
      {
        "text": "lãi suất ",
        "userDefined": false
      },
      {
        "text": "tiền gửi truyền thống ",
        "alias": "AccountName",
        "meta": "@AccountNameTG",
        "userDefined": false
      },
      {
        "text": "2 tháng ",
        "alias": "Term",
        "meta": "@Term",
        "userDefined": false
      }
    ],
    "isTemplate": false,
    "count": 0,
    "updated": 0
  },
  {
    "id": "556e4120-8603-43fa-a390-1e3daf2d2109",
    "data": [
      {
        "text": "lãi suất ",
        "userDefined": false
      },
      {
        "text": "tiền gửi ",
        "alias": "AccountType",
        "meta": "@AccountType",
        "userDefined": false
      },
      {
        "text": "3 tháng ",
        "alias": "Term",
        "meta": "@Term",
        "userDefined": false
      }
    ],
    "isTemplate": false,
    "count": 0,
    "updated": 0
  },
  {
    "id": "ac4cb7f9-98e4-4a1e-b619-c1578ec61c20",
    "data": [
      {
        "text": "gửi tiền ",
        "alias": "AccountType",
        "meta": "@AccountType",
        "userDefined": false
      },
      {
        "text": "2 tháng ",
        "alias": "Term",
        "meta": "@Term",
        "userDefined": false
      },
      {
        "text": "lãi suất bao nhiêu ",
        "userDefined": false
      }
    ],
    "isTemplate": false,
    "count": 0,
    "updated": 0
  },
  {
    "id": "bda481f3-4c09-4ebd-8a6f-ddb3fea3e15e",
    "data": [
      {
        "text": "tôi muốn gửi ",
        "userDefined": false
      },
      {
        "text": "tiết kiệm ",
        "alias": "AccountType",
        "meta": "@AccountType",
        "userDefined": false
      },
      {
        "text": "1 tháng ",
        "alias": "Term",
        "meta": "@Term",
        "userDefined": false
      },
      {
        "text": "lãi suất là bao nhiêu ",
        "userDefined": false
      }
    ],
    "isTemplate": false,
    "count": 0,
    "updated": 0
  },
  {
    "id": "2923a878-9af8-49b3-ace2-24a238a94299",
    "data": [
      {
        "text": "gửi ",
        "userDefined": false
      },
      {
        "text": "tiết kiệm ",
        "alias": "AccountType",
        "meta": "@AccountType",
        "userDefined": false
      },
      {
        "text": "4 tháng ",
        "alias": "Term",
        "meta": "@Term",
        "userDefined": false
      },
      {
        "text": "thì lãi tính như thế nào ",
        "userDefined": false
      }
    ],
    "isTemplate": false,
    "count": 0,
    "updated": 0
  },
  {
    "id": "2f167ef3-7eb5-47fe-914c-1cad27723a82",
    "data": [
      {
        "text": "lãi suất của ",
        "userDefined": false
      },
      {
        "text": "tiết kiệm phù đổng ",
        "alias": "AccountName",
        "meta": "@AccountNameTG",
        "userDefined": false
      }
    ],
    "isTemplate": false,
    "count": 0,
    "updated": 0
  },
  {
    "id": "5b8ec254-e26e-4170-b8c8-8d75bb059130",
    "data": [
      {
        "text": "lãi suất ",
        "userDefined": false
      },
      {
        "text": "tiền gửi ",
        "alias": "AccountType",
        "meta": "@AccountType",
        "userDefined": false
      }
    ],
    "isTemplate": false,
    "count": 0,
    "updated": 0
  },
  {
    "id": "86b3c921-d8a4-411f-9d14-92495ccf907f",
    "data": [
      {
        "text": "lãi suất ",
        "userDefined": false
      },
      {
        "text": "tài khoản ",
        "alias": "AccountType",
        "meta": "@AccountType",
        "userDefined": false
      }
    ],
    "isTemplate": false,
    "count": 0,
    "updated": 0
  },
  {
    "id": "8e9dafe2-3038-44cc-a2d0-9de702c50b88",
    "data": [
      {
        "text": "lãi suất ",
        "userDefined": false
      },
      {
        "text": "tài khoản thanh toán ",
        "alias": "AccountName",
        "meta": "@AccountNameTK",
        "userDefined": false
      }
    ],
    "isTemplate": false,
    "count": 0,
    "updated": 0
  },
  {
    "id": "9fc310e5-5f0c-4f71-a979-109e7be1e82a",
    "data": [
      {
        "text": "lãi suất tiền ",
        "userDefined": false
      },
      {
        "text": "vay mua nhà ",
        "alias": "AccountName",
        "meta": "@AccountNameTV",
        "userDefined": false
      }
    ],
    "isTemplate": false,
    "count": 0,
    "updated": 0
  },
  {
    "id": "f82cefb1-4abd-4679-9272-8ba0820872c4",
    "data": [
      {
        "text": "vay ",
        "userDefined": false
      },
      {
        "text": "mua xe ô tô ",
        "alias": "AccountName",
        "meta": "@AccountNameTV",
        "userDefined": false
      },
      {
        "text": "lãi suất bao nhiêu ",
        "userDefined": false
      }
    ],
    "isTemplate": false,
    "count": 0,
    "updated": 0
  },
  {
    "id": "e7036d6a-b9b8-47e0-8a7a-c7bb776f3a2f",
    "data": [
      {
        "text": "lãi của ",
        "userDefined": false
      },
      {
        "text": "vay tiêu dùng tín chấp ",
        "alias": "AccountName",
        "meta": "@AccountNameTV",
        "userDefined": false
      }
    ],
    "isTemplate": false,
    "count": 0,
    "updated": 0
  },
  {
    "id": "5ad6aeae-4e3e-4002-b007-57187953f23d",
    "data": [
      {
        "text": "ls của ",
        "userDefined": false
      },
      {
        "text": "vay đảm bảo thẻ tiền gửi ",
        "alias": "AccountName",
        "meta": "@AccountNameTV",
        "userDefined": false
      }
    ],
    "isTemplate": false,
    "count": 0,
    "updated": 0
  },
  {
    "id": "d17be5c6-074e-411d-b77e-6fb45294c5b4",
    "data": [
      {
        "text": "lãi suất ",
        "userDefined": false
      },
      {
        "text": "tiền vay ",
        "alias": "AccountType",
        "meta": "@AccountType",
        "userDefined": false
      }
    ],
    "isTemplate": false,
    "count": 0,
    "updated": 0
  },
  {
    "id": "2c571911-1d26-454d-97be-ec788f79b99e",
    "data": [
      {
        "text": "tôi muốn ",
        "userDefined": false
      },
      {
        "text": "vay tiền ",
        "alias": "AccountType",
        "meta": "@AccountType",
        "userDefined": false
      },
      {
        "text": ", tư vấn lãi suất cho tôi ",
        "userDefined": false
      }
    ],
    "isTemplate": false,
    "count": 0,
    "updated": 0
  },
  {
    "id": "c61cc360-042e-4098-8bf7-624f26e9663d",
    "data": [
      {
        "text": "tư vấn lãi suất ",
        "userDefined": false
      },
      {
        "text": "tiền vay ",
        "alias": "AccountType",
        "meta": "@AccountType",
        "userDefined": false
      }
    ],
    "isTemplate": false,
    "count": 0,
    "updated": 0
  },
  {
    "id": "9af1e676-85cc-4a57-b22d-804bbf31d681",
    "data": [
      {
        "text": "tôi muốn ",
        "userDefined": false
      },
      {
        "text": "vay mua nhà ",
        "alias": "AccountName",
        "meta": "@AccountNameTV",
        "userDefined": false
      },
      {
        "text": "lãi suất là bao nhiêu ",
        "userDefined": false
      }
    ],
    "isTemplate": false,
    "count": 0,
    "updated": 0
  },
  {
    "id": "73591819-d144-4fe7-96a4-c4ae5faeb556",
    "data": [
      {
        "text": "lãi suất ",
        "userDefined": false
      },
      {
        "text": "vay mua nhà ",
        "alias": "AccountName",
        "meta": "@AccountNameTV",
        "userDefined": false
      }
    ],
    "isTemplate": false,
    "count": 0,
    "updated": 0
  },
  {
    "id": "71e00433-af6f-4a12-8468-14df6a9c7283",
    "data": [
      {
        "text": "lãi suất ",
        "userDefined": false
      },
      {
        "text": "tiết kiệm có kỳ hạn ",
        "alias": "AccountName",
        "meta": "@AccountNameTG",
        "userDefined": false
      },
      {
        "text": "cá nhân ",
        "alias": "CustomerType",
        "meta": "@CustomerType",
        "userDefined": false
      }
    ],
    "isTemplate": false,
    "count": 0,
    "updated": 0
  },
  {
    "id": "f86b76a8-22e9-4268-866d-4687a669c034",
    "data": [
      {
        "text": "lãi suất ",
        "userDefined": false
      },
      {
        "text": "tiền gửi phù đổng ",
        "alias": "AccountName",
        "meta": "@AccountNameTG",
        "userDefined": false
      }
    ],
    "isTemplate": false,
    "count": 0,
    "updated": 0
  },
  {
    "id": "e09d0214-c383-4bc7-b3de-acbf5b7735b0",
    "data": [
      {
        "text": "lãi suất ",
        "userDefined": false
      },
      {
        "text": "tiết kiệm tương lai ",
        "alias": "AccountName",
        "meta": "@AccountNameTG",
        "userDefined": false
      }
    ],
    "isTemplate": false,
    "count": 0,
    "updated": 0
  },
  {
    "id": "9e48ad1e-19e5-407f-a345-7521e39f56f6",
    "data": [
      {
        "text": "lãi suất ",
        "userDefined": false
      },
      {
        "text": "tiền gửi tương lai ",
        "alias": "AccountName",
        "meta": "@AccountNameTG",
        "userDefined": false
      }
    ],
    "isTemplate": false,
    "count": 0,
    "updated": 0
  },
  {
    "id": "37a0d81f-5ff8-4518-a571-058f13201b5c",
    "data": [
      {
        "text": "lãi suất của ",
        "userDefined": false
      },
      {
        "text": "tài khoản combo 1 ",
        "alias": "AccountName",
        "meta": "@AccountNameTK",
        "userDefined": false
      }
    ],
    "isTemplate": false,
    "count": 0,
    "updated": 0
  },
  {
    "id": "023ecd26-f90d-44b7-a449-ecda06ae525b",
    "data": [
      {
        "text": "lãi suất của ",
        "userDefined": false
      },
      {
        "text": "tài khoản combo 2 ",
        "alias": "AccountName",
        "meta": "@AccountNameTK",
        "userDefined": false
      }
    ],
    "isTemplate": false,
    "count": 0,
    "updated": 0
  },
  {
    "id": "b980110c-bc10-441c-a874-d2c93fe5b660",
    "data": [
      {
        "text": "lãi suất của ",
        "userDefined": false
      },
      {
        "text": "tài khoản combo boss ",
        "alias": "AccountName",
        "meta": "@AccountNameTK",
        "userDefined": false
      }
    ],
    "isTemplate": false,
    "count": 0,
    "updated": 0
  },
  {
    "id": "47a7a8c7-9f93-4249-8a3f-15dc49a0699f",
    "data": [
      {
        "text": "lãi suất của ",
        "userDefined": false
      },
      {
        "text": "tài khoản thanh toán ",
        "alias": "AccountName",
        "meta": "@AccountNameTK",
        "userDefined": false
      }
    ],
    "isTemplate": false,
    "count": 0,
    "updated": 0
  },
  {
    "id": "21246d46-9cdb-4b5f-8665-292dafcd38fc",
    "data": [
      {
        "text": "lãi suất của ",
        "userDefined": false
      },
      {
        "text": "tài khoản thanh toán ",
        "alias": "AccountName",
        "meta": "@AccountNameTK",
        "userDefined": false
      },
      {
        "text": "cá nhân ",
        "alias": "CustomerType",
        "meta": "@CustomerType",
        "userDefined": false
      }
    ],
    "isTemplate": false,
    "count": 0,
    "updated": 0
  },
  {
    "id": "4622d9c9-8e80-4179-ac52-cc63fa9879b9",
    "data": [
      {
        "text": "lãi suất của ",
        "userDefined": false
      },
      {
        "text": "vay thấu chi tài khoản thanh toán ",
        "alias": "AccountName",
        "meta": "@AccountNameTV",
        "userDefined": false
      },
      {
        "text": "doanh nghiệp ",
        "userDefined": false
      },
      {
        "text": "doanh nghiệp ",
        "alias": "CustomerType",
        "meta": "@CustomerType",
        "userDefined": false
      }
    ],
    "isTemplate": false,
    "count": 0,
    "updated": 0
  },
  {
    "id": "ce11d704-06b9-4cb0-8467-4c821795cff8",
    "data": [
      {
        "text": "lãi suất của ",
        "userDefined": false
      },
      {
        "text": "tiền gửi có kỳ hạn ",
        "alias": "AccountName",
        "meta": "@AccountNameTG",
        "userDefined": false
      }
    ],
    "isTemplate": false,
    "count": 0,
    "updated": 0
  },
  {
    "id": "fdb15a27-e48a-4cd4-abe2-185e19ae7544",
    "data": [
      {
        "text": "lãi suất ",
        "userDefined": false
      },
      {
        "text": "CKH ",
        "alias": "AccountName",
        "meta": "@AccountNameTG",
        "userDefined": false
      },
      {
        "text": "cá nhân ",
        "alias": "CustomerType",
        "meta": "@CustomerType",
        "userDefined": false
      }
    ],
    "isTemplate": false,
    "count": 0,
    "updated": 0
  },
  {
    "id": "744cf6fb-07d6-4f83-9859-986466f01bda",
    "data": [
      {
        "text": "lãi suất ",
        "userDefined": false
      },
      {
        "text": "tktt ",
        "alias": "AccountName",
        "meta": "@AccountNameTK",
        "userDefined": false
      }
    ],
    "isTemplate": false,
    "count": 0,
    "updated": 0
  },
  {
    "id": "51a4b4e9-4d01-4492-be43-49cdaabf3678",
    "data": [
      {
        "text": "lãi suất ",
        "userDefined": false
      },
      {
        "text": "tktt ",
        "alias": "AccountName",
        "meta": "@AccountNameTK",
        "userDefined": false
      },
      {
        "text": "cá nhân ",
        "alias": "CustomerType",
        "meta": "@CustomerType",
        "userDefined": false
      }
    ],
    "isTemplate": false,
    "count": 0,
    "updated": 0
  },
  {
    "id": "093774b1-95d8-40b9-9fba-bbd3bc90a46c",
    "data": [
      {
        "text": "lãi suất ",
        "userDefined": false
      },
      {
        "text": "tktt ",
        "alias": "AccountName",
        "meta": "@AccountNameTK",
        "userDefined": false
      },
      {
        "text": "doanh nghiệp ",
        "alias": "CustomerType",
        "meta": "@CustomerType",
        "userDefined": false
      }
    ],
    "isTemplate": false,
    "count": 0,
    "updated": 0
  },
  {
    "id": "61b263ca-5776-4c44-a813-25ee8ff98763",
    "data": [
      {
        "text": "lãi suất ",
        "userDefined": false
      },
      {
        "text": "tiền gửi không kỳ hạn ",
        "alias": "AccountName",
        "meta": "@AccountNameTK",
        "userDefined": false
      }
    ],
    "isTemplate": false,
    "count": 0,
    "updated": 0
  },
  {
    "id": "0869ce1a-7948-4c90-a519-d51b72d84468",
    "data": [
      {
        "text": "lãi suất ",
        "userDefined": false
      },
      {
        "text": "tiết kiệm không kỳ hạn ",
        "alias": "AccountName",
        "meta": "@AccountNameTK",
        "userDefined": false
      }
    ],
    "isTemplate": false,
    "count": 0,
    "updated": 0
  },
  {
    "id": "939996cd-f09f-492b-a1f7-441114b0b3a6",
    "data": [
      {
        "text": "lãi suất ",
        "userDefined": false
      },
      {
        "text": "tiết kiệm ko kỳ hạn ",
        "alias": "AccountName",
        "meta": "@AccountNameTK",
        "userDefined": false
      }
    ],
    "isTemplate": false,
    "count": 0,
    "updated": 0
  },
  {
    "id": "07a17511-8f8c-4cea-a47e-3cb62ba54280",
    "data": [
      {
        "text": "lãi suất ",
        "userDefined": false
      },
      {
        "text": "tiền gửi ko kỳ hạn ",
        "alias": "AccountName",
        "meta": "@AccountNameTK",
        "userDefined": false
      }
    ],
    "isTemplate": false,
    "count": 0,
    "updated": 0
  }
]