[
  {
    "id": "5690c057-773d-400c-9cb1-076e82d629e0",
    "data": [
      {
        "text": "tài khoản ",
        "alias": "AccountType",
        "meta": "@AccountType",
        "userDefined": false
      }
    ],
    "isTemplate": false,
    "count": 0,
    "updated": 0
  },
  {
    "id": "6e986a7e-1040-4812-bca3-5d3788c4c95c",
    "data": [
      {
        "text": "tai khoan ",
        "alias": "AccountType",
        "meta": "@AccountType",
        "userDefined": false
      }
    ],
    "isTemplate": false,
    "count": 0,
    "updated": 0
  },
  {
    "id": "eaab5155-e520-46e5-8ed7-11a1b5147842",
    "data": [
      {
        "text": "tk ",
        "alias": "AccountType",
        "meta": "@AccountType",
        "userDefined": false
      }
    ],
    "isTemplate": false,
    "count": 0,
    "updated": 0
  }
]