[
  {
    "id": "9196aafa-661a-4e07-b8fe-e34f9ee1a0c6",
    "data": [
      {
        "text": "phương thức xác thực internet banking ",
        "userDefined": false
      }
    ],
    "isTemplate": false,
    "count": 0,
    "updated": 0
  },
  {
    "id": "0cc52718-ddad-4122-9187-6f7d1f9d949e",
    "data": [
      {
        "text": "cách xác thực ebanking doanh nghiệp ",
        "userDefined": false
      }
    ],
    "isTemplate": false,
    "count": 0,
    "updated": 0
  },
  {
    "id": "5781a78e-5fb3-4f0d-b5a9-38233f5e1b39",
    "data": [
      {
        "text": "phương thức xác thực ",
        "userDefined": false
      }
    ],
    "isTemplate": false,
    "count": 0,
    "updated": 0
  },
  {
    "id": "515b9fcd-273c-4aa4-b173-fd6524fb81af",
    "data": [
      {
        "text": "xác thực ebanking thế nào ",
        "userDefined": false
      }
    ],
    "isTemplate": false,
    "count": 0,
    "updated": 0
  },
  {
    "id": "bf20dd32-b762-4864-920d-4b0ef44e4c9a",
    "data": [
      {
        "text": "toi muon xac thuc ebanking phai lam sao ",
        "userDefined": false
      }
    ],
    "isTemplate": false,
    "count": 0,
    "updated": 0
  },
  {
    "id": "b14fc243-24f7-42a9-b3fc-41422a7738fe",
    "data": [
      {
        "text": "lam sao xac thuc internet banking ",
        "userDefined": false
      }
    ],
    "isTemplate": false,
    "count": 0,
    "updated": 0
  },
  {
    "id": "69c5c164-de70-4d10-8bca-97ec176d76c1",
    "data": [
      {
        "text": "xác thực ngân hàng điện tử ra sao ",
        "userDefined": false
      }
    ],
    "isTemplate": false,
    "count": 0,
    "updated": 0
  },
  {
    "id": "09603d5c-1a3e-4e3a-92fe-7b62f7a33b71",
    "data": [
      {
        "text": "xac thuc the nao ",
        "userDefined": false
      }
    ],
    "isTemplate": false,
    "count": 0,
    "updated": 0
  },
  {
    "id": "18a82bb6-62a8-47e7-943a-13b94b406554",
    "data": [
      {
        "text": "nếu ở nước ngoài tôi nên sử dụng phương thức xác thực nào ",
        "userDefined": false
      }
    ],
    "isTemplate": false,
    "count": 0,
    "updated": 0
  },
  {
    "id": "9040d574-bfa2-4837-80d9-0d5fce85ccae",
    "data": [
      {
        "text": "neu o nuoc ngoai toi xac thuc ib bang cach nao ",
        "userDefined": false
      }
    ],
    "isTemplate": false,
    "count": 0,
    "updated": 0
  },
  {
    "id": "c803faa5-2ceb-4657-9140-eceafaa5a37b",
    "data": [
      {
        "text": "ở nước ngoài thì xác nhận thế nào ",
        "userDefined": false
      }
    ],
    "isTemplate": false,
    "count": 0,
    "updated": 0
  },
  {
    "id": "53292518-be89-4829-85c3-f78ae4152b84",
    "data": [
      {
        "text": "o nuoc ngoai thi xac nhan bang cach nao ",
        "userDefined": false
      }
    ],
    "isTemplate": false,
    "count": 0,
    "updated": 0
  },
  {
    "id": "8b1b7996-6aa2-4b9b-b874-33119530671c",
    "data": [
      {
        "text": "tôi có thể xác nhận giao dịch qua ib bằng cách nào ",
        "userDefined": false
      }
    ],
    "isTemplate": false,
    "count": 0,
    "updated": 0
  },
  {
    "id": "21a3b049-7361-4f14-bc05-7725af16e7da",
    "data": [
      {
        "text": "toi co the xac thuc giao dich qua internet banking bang cach nao ",
        "userDefined": false
      }
    ],
    "isTemplate": false,
    "count": 0,
    "updated": 0
  },
  {
    "id": "5efec031-ad7c-4303-8d51-7b8a57445df3",
    "data": [
      {
        "text": "sacombank có các loại xác thực giao dịch nào ",
        "userDefined": false
      }
    ],
    "isTemplate": false,
    "count": 0,
    "updated": 0
  },
  {
    "id": "a56e25fc-cdb4-4e58-af4c-36fa6e5a3ef9",
    "data": [
      {
        "text": "sacombank co cac loai xac thuc giao dich nao ",
        "userDefined": false
      }
    ],
    "isTemplate": false,
    "count": 0,
    "updated": 0
  },
  {
    "id": "ba8172ba-6912-4b7a-95eb-c516653df12d",
    "data": [
      {
        "text": "các phương thức xác thực giao dịch trên internet banking ",
        "userDefined": false
      }
    ],
    "isTemplate": false,
    "count": 0,
    "updated": 0
  },
  {
    "id": "d45b877a-b8ec-4b16-9d42-7ccb88725986",
    "data": [
      {
        "text": "cac cach xac nhan giao dich tren ib ",
        "userDefined": false
      }
    ],
    "isTemplate": false,
    "count": 0,
    "updated": 0
  },
  {
    "id": "4f684c68-2dc9-4ccd-8c38-6bc5c4a13994",
    "data": [
      {
        "text": "hiện nay sacombank đang cung cấp các loại xác thực giao dịch nào ",
        "userDefined": false
      }
    ],
    "isTemplate": false,
    "count": 0,
    "updated": 0
  },
  {
    "id": "8cb44dcd-d3af-46bd-a2c3-27691592c7de",
    "data": [
      {
        "text": "hien nay ngan hang dang co cac cach xac nhan giao dich nao ",
        "userDefined": false
      }
    ],
    "isTemplate": false,
    "count": 0,
    "updated": 0
  },
  {
    "id": "34b8113f-6486-4325-aa30-b7fde8f6758d",
    "data": [
      {
        "text": "các giải pháp xác thực trên internet banking ",
        "userDefined": false
      }
    ],
    "isTemplate": false,
    "count": 0,
    "updated": 0
  },
  {
    "id": "29f899f2-d9cb-4cbb-9a2f-5162a111cd13",
    "data": [
      {
        "text": "cac giai phap xac nhan tren internet banking ",
        "userDefined": false
      }
    ],
    "isTemplate": false,
    "count": 0,
    "updated": 0
  },
  {
    "id": "b4d98b60-32fa-457d-aa37-03e2e7366d44",
    "data": [
      {
        "text": "tôi có thể sử dụng nhiều cách xác nhận giao dịch hay ko ",
        "userDefined": false
      }
    ],
    "isTemplate": false,
    "count": 0,
    "updated": 0
  },
  {
    "id": "2a3826ac-deac-49d7-9fa5-4938aa995199",
    "data": [
      {
        "text": "toi co the xai nhieu cach xac thuc giao dich ko ",
        "userDefined": false
      }
    ],
    "isTemplate": false,
    "count": 0,
    "updated": 0
  },
  {
    "id": "c2fb9364-901d-4b5e-9ad6-27d3928b221e",
    "data": [
      {
        "text": "tôi có thể sử dụng 2 phương thức xác thực cho cùng 1 user được không? ",
        "userDefined": false
      }
    ],
    "isTemplate": false,
    "count": 0,
    "updated": 0
  },
  {
    "id": "a6527d8e-efab-4c75-b7f6-68b5406d72bd",
    "data": [
      {
        "text": "toi co the xai 2 cach xac nhan cho cung 1 user đc ko ",
        "userDefined": false
      }
    ],
    "isTemplate": false,
    "count": 0,
    "updated": 0
  },
  {
    "id": "a92eddf2-39af-4fc9-8d98-6b797636d8b0",
    "data": [
      {
        "text": "tôi xài 2 cách xác nhận khác nhau đc ko ",
        "userDefined": false
      }
    ],
    "isTemplate": false,
    "count": 0,
    "updated": 0
  },
  {
    "id": "a1c0c51f-af3f-49c1-8692-1d9c163ffdeb",
    "data": [
      {
        "text": "ngân hàng có những cách xác thực giao dịch nào ",
        "userDefined": false
      }
    ],
    "isTemplate": false,
    "count": 0,
    "updated": 0
  },
  {
    "id": "e9cedbb0-71c4-4e10-9b86-ebf135d40031",
    "data": [
      {
        "text": "sacombank co cac cach xac thuc giao dich nao ",
        "userDefined": false
      }
    ],
    "isTemplate": false,
    "count": 0,
    "updated": 0
  }
]