[
  {
    "id": "3b142842-666f-4f79-95f7-02ffaa831755",
    "data": [
      {
        "text": "làm sao để ",
        "userDefined": false
      },
      {
        "text": "mở khoá ",
        "alias": "ProductAction",
        "meta": "@ProductAction",
        "userDefined": false
      },
      {
        "text": "tktt ",
        "alias": "ProductName",
        "meta": "@AccountNameTK",
        "userDefined": false
      }
    ],
    "isTemplate": false,
    "count": 0,
    "updated": 0
  },
  {
    "id": "bc6dd16b-0fcc-4941-9496-dae1fb8b45a1",
    "data": [
      {
        "text": "toi muon ",
        "userDefined": false
      },
      {
        "text": "mo khoa ",
        "alias": "ProductAction",
        "meta": "@ProductAction",
        "userDefined": false
      },
      {
        "text": "tai khoan thanh toan ",
        "alias": "ProductName",
        "meta": "@AccountNameTK",
        "userDefined": false
      }
    ],
    "isTemplate": false,
    "count": 0,
    "updated": 0
  },
  {
    "id": "8b179e4b-05de-43f5-b2a8-c9f6529c75cb",
    "data": [
      {
        "text": "mở khoá ",
        "alias": "ProductAction",
        "meta": "@ProductAction",
        "userDefined": false
      },
      {
        "text": "tài khoản thanh toán ",
        "alias": "ProductName",
        "meta": "@AccountNameTK",
        "userDefined": false
      },
      {
        "text": "cá nhân ",
        "alias": "CustomerType",
        "meta": "@CustomerType",
        "userDefined": false
      }
    ],
    "isTemplate": false,
    "count": 0,
    "updated": 0
  },
  {
    "id": "b2a769f6-1fd3-4f0a-bdad-e28ceacf35d3",
    "data": [
      {
        "text": "mở khoá ",
        "alias": "ProductAction",
        "meta": "@ProductAction",
        "userDefined": false
      },
      {
        "text": "tài khoản thanh toán ",
        "alias": "ProductName",
        "meta": "@AccountNameTK",
        "userDefined": false
      },
      {
        "text": "doanh nghiệp ",
        "alias": "CustomerType",
        "meta": "@CustomerType",
        "userDefined": false
      }
    ],
    "isTemplate": false,
    "count": 0,
    "updated": 0
  },
  {
    "id": "63deda6f-c3f7-4b02-9eab-60e200b089f1",
    "data": [
      {
        "text": "tôi cần ",
        "userDefined": false
      },
      {
        "text": "mở khoá ",
        "alias": "ProductAction",
        "meta": "@ProductAction",
        "userDefined": false
      },
      {
        "text": "tk thanh toán ",
        "alias": "ProductName",
        "meta": "@AccountNameTK",
        "userDefined": false
      }
    ],
    "isTemplate": false,
    "count": 0,
    "updated": 0
  },
  {
    "id": "9ce69163-518d-4583-ac38-6ebb877a6936",
    "data": [
      {
        "text": "mở khoá ",
        "alias": "ProductAction",
        "meta": "@ProductAction",
        "userDefined": false
      },
      {
        "text": "tiền gửi có kỳ hạn ",
        "alias": "ProductName",
        "meta": "@AccountNameTG",
        "userDefined": false
      },
      {
        "text": "cá nhân ",
        "alias": "CustomerType",
        "meta": "@CustomerType",
        "userDefined": false
      }
    ],
    "isTemplate": false,
    "count": 0,
    "updated": 0
  },
  {
    "id": "4c5eff94-28f1-4ebc-b1d4-aacc875283ab",
    "data": [
      {
        "text": "làm sao để ",
        "userDefined": false
      },
      {
        "text": "mở phong toả ",
        "alias": "ProductAction",
        "meta": "@ProductAction",
        "userDefined": false
      },
      {
        "text": "tk ",
        "userDefined": false
      },
      {
        "text": "có kỳ hạn ",
        "alias": "ProductName",
        "meta": "@AccountNameTG",
        "userDefined": false
      }
    ],
    "isTemplate": false,
    "count": 0,
    "updated": 0
  },
  {
    "id": "fe5615c4-dffb-4f32-9bbc-43dec6762f7c",
    "data": [
      {
        "text": "mo phong toa ",
        "alias": "ProductAction",
        "meta": "@ProductAction",
        "userDefined": false
      },
      {
        "text": "tien gui co ky han ",
        "alias": "ProductName",
        "meta": "@AccountNameTG",
        "userDefined": false
      },
      {
        "text": "nhu the nao ",
        "userDefined": false
      }
    ],
    "isTemplate": false,
    "count": 0,
    "updated": 0
  },
  {
    "id": "ada46d55-d837-4a4b-9ceb-bbf7d220919d",
    "data": [
      {
        "text": "tiền gửi có kỳ hạn ",
        "alias": "ProductName",
        "meta": "@AccountNameTG",
        "userDefined": false
      },
      {
        "text": "bị khoá, làm sao để ",
        "userDefined": false
      },
      {
        "text": "mở ",
        "alias": "ProductAction",
        "meta": "@ProductAction",
        "userDefined": false
      }
    ],
    "isTemplate": false,
    "count": 0,
    "updated": 0
  },
  {
    "id": "d5c15a39-53c3-4fe1-9ce4-f4cd4932cc70",
    "data": [
      {
        "text": "chi toi cach ",
        "userDefined": false
      },
      {
        "text": "mo khoa ",
        "alias": "ProductAction",
        "meta": "@ProductAction",
        "userDefined": false
      },
      {
        "text": "tien gui co ky han ",
        "alias": "ProductName",
        "meta": "@AccountNameTG",
        "userDefined": false
      }
    ],
    "isTemplate": false,
    "count": 0,
    "updated": 0
  }
]