[
  {
    "id": "081d27c4-bf59-4a9a-8aaf-0311dc7079cc",
    "data": [
      {
        "text": "phí chuyển đổi ngoại tệ ",
        "alias": "FeeType",
        "meta": "@CreditCardFee",
        "userDefined": false
      }
    ],
    "isTemplate": false,
    "count": 0,
    "updated": 0
  },
  {
    "id": "30f22692-93d1-444d-bb86-46971e58d030",
    "data": [
      {
        "text": "phí cấp lại PIN giấy ",
        "alias": "FeeType",
        "meta": "@CreditCardFee",
        "userDefined": false
      }
    ],
    "isTemplate": false,
    "count": 0,
    "updated": 0
  },
  {
    "id": "e883f3f1-5a7d-4675-a6fb-5c574562dbf2",
    "data": [
      {
        "text": "lãi suất tháng ",
        "alias": "FeeType",
        "meta": "@CreditCardFee",
        "userDefined": false
      }
    ],
    "isTemplate": false,
    "count": 0,
    "updated": 0
  },
  {
    "id": "2ecef7dc-a250-4484-b43e-e61434408353",
    "data": [
      {
        "text": "phí vượt hạn mức ",
        "alias": "FeeType",
        "meta": "@CreditCardFee",
        "userDefined": false
      }
    ],
    "isTemplate": false,
    "count": 0,
    "updated": 0
  },
  {
    "id": "d1515d5c-1423-4413-9205-4949012d4b73",
    "data": [
      {
        "text": "phí chậm thanh toán ",
        "alias": "FeeType",
        "meta": "@CreditCardFee",
        "userDefined": false
      }
    ],
    "isTemplate": false,
    "count": 0,
    "updated": 0
  },
  {
    "id": "4dc23480-1fd3-4ffe-bc13-1d139560d122",
    "data": [
      {
        "text": "phí tra cứu giao dịch ",
        "alias": "FeeType",
        "meta": "@CreditCardFee",
        "userDefined": false
      }
    ],
    "isTemplate": false,
    "count": 0,
    "updated": 0
  },
  {
    "id": "1dead3f3-f220-4c41-be5d-c1755411204b",
    "data": [
      {
        "text": "phí thay đổi loại thẻ ",
        "alias": "FeeType",
        "meta": "@CreditCardFee",
        "userDefined": false
      }
    ],
    "isTemplate": false,
    "count": 0,
    "updated": 0
  },
  {
    "id": "d3d958ca-e3b1-4250-baa2-d42f7c9580a6",
    "data": [
      {
        "text": "phí mất thẻ và thay thế ",
        "alias": "FeeType",
        "meta": "@CreditCardFee",
        "userDefined": false
      }
    ],
    "isTemplate": false,
    "count": 0,
    "updated": 0
  },
  {
    "id": "9ebaa06e-ff6b-4c77-8393-bb86cf1c541e",
    "data": [
      {
        "text": "phí phát hành ",
        "alias": "FeeType",
        "meta": "@CreditCardFee",
        "userDefined": false
      }
    ],
    "isTemplate": false,
    "count": 0,
    "updated": 0
  },
  {
    "id": "56a0accd-0235-4eea-a625-e5b04b188363",
    "data": [
      {
        "text": "phí thay thế thẻ ",
        "alias": "FeeType",
        "meta": "@CreditCardFee",
        "userDefined": false
      }
    ],
    "isTemplate": false,
    "count": 0,
    "updated": 0
  },
  {
    "id": "91da3b82-ba73-4f58-a5be-08c835a340fc",
    "data": [
      {
        "text": "phí thường niên ",
        "alias": "FeeType",
        "meta": "@CreditCardFee",
        "userDefined": false
      }
    ],
    "isTemplate": false,
    "count": 0,
    "updated": 0
  },
  {
    "id": "e1dee918-b2d1-4083-95e3-f67e5824a6ac",
    "data": [
      {
        "text": "lãi suất ",
        "alias": "FeeType",
        "meta": "@CreditCardFee",
        "userDefined": false
      }
    ],
    "isTemplate": false,
    "count": 0,
    "updated": 0
  },
  {
    "id": "287fdebb-6cbf-48eb-8316-b2aef0f86cc4",
    "data": [
      {
        "text": "lai suat ",
        "alias": "FeeType",
        "meta": "@CreditCardFee",
        "userDefined": false
      }
    ],
    "isTemplate": false,
    "count": 0,
    "updated": 0
  }
]