[
  {
    "id": "8a09f0e4-b63c-403f-9a37-9d4294cba1da",
    "data": [
      {
        "text": "nhọ vl",
        "userDefined": false
      }
    ],
    "isTemplate": false,
    "count": 0,
    "updated": 0
  },
  {
    "id": "6558bc4d-0490-4df4-96fe-e89757aebaf4",
    "data": [
      {
        "text": "nhọ vãi",
        "userDefined": false
      }
    ],
    "isTemplate": false,
    "count": 0,
    "updated": 0
  },
  {
    "id": "c22d2bae-55a9-4032-ad93-ad6e28129e85",
    "data": [
      {
        "text": "xui quá xui",
        "userDefined": false
      }
    ],
    "isTemplate": false,
    "count": 0,
    "updated": 0
  },
  {
    "id": "e73f7b04-0d01-4da1-a163-530a53f31c14",
    "data": [
      {
        "text": "nhọ ơi là nhọ",
        "userDefined": false
      }
    ],
    "isTemplate": false,
    "count": 0,
    "updated": 0
  },
  {
    "id": "4e0cc2df-4a81-4ecf-ad19-7b1aaddc5573",
    "data": [
      {
        "text": "toi te",
        "userDefined": false
      }
    ],
    "isTemplate": false,
    "count": 0,
    "updated": 0
  },
  {
    "id": "02cb9ada-dbc9-4d06-80f3-3a9080ccb2a0",
    "data": [
      {
        "text": "troi oi",
        "userDefined": false
      }
    ],
    "isTemplate": false,
    "count": 0,
    "updated": 0
  },
  {
    "id": "76a72828-36dc-435e-b9b6-882f60ee3dfe",
    "data": [
      {
        "text": "xui xeo",
        "userDefined": false
      }
    ],
    "isTemplate": false,
    "count": 0,
    "updated": 0
  },
  {
    "id": "d2bd8c8c-6199-4e0c-afd8-4e704457a97d",
    "data": [
      {
        "text": "chan nan",
        "userDefined": false
      }
    ],
    "isTemplate": false,
    "count": 0,
    "updated": 0
  },
  {
    "id": "a24e445d-ad23-4837-914a-f7cfa82871cd",
    "data": [
      {
        "text": "Thật xui xẻo",
        "userDefined": false
      }
    ],
    "isTemplate": false,
    "count": 0,
    "updated": 0
  },
  {
    "id": "5d2444cf-f022-4c4b-b822-a07616737ed0",
    "data": [
      {
        "text": "Trời ơi",
        "userDefined": false
      }
    ],
    "isTemplate": false,
    "count": 0,
    "updated": 0
  },
  {
    "id": "c711c276-5f5a-41c7-9fbe-5ecb973606fa",
    "data": [
      {
        "text": "Nản quá",
        "userDefined": false
      }
    ],
    "isTemplate": false,
    "count": 0,
    "updated": 0
  },
  {
    "id": "9f417e53-c4da-4c63-96f1-63529fb4f860",
    "data": [
      {
        "text": "Thật là tồi tệ",
        "userDefined": false
      }
    ],
    "isTemplate": false,
    "count": 0,
    "updated": 0
  }
]