[
  {
    "id": "08a8539c-a999-4564-837d-b9e36b9e770b",
    "data": [
      {
        "text": "than thien",
        "userDefined": false
      }
    ],
    "isTemplate": false,
    "count": 0,
    "updated": 0
  },
  {
    "id": "2ebb8298-bad9-4538-ac07-9fc635e697d0",
    "data": [
      {
        "text": "xinh",
        "userDefined": false
      }
    ],
    "isTemplate": false,
    "count": 0,
    "updated": 0
  },
  {
    "id": "f0d35cc3-6f0b-4ae6-9fd8-d742737ac5cd",
    "data": [
      {
        "text": "de ",
        "alias": "given-name",
        "userDefined": false
      },
      {
        "text": " thuong",
        "userDefined": false
      }
    ],
    "isTemplate": false,
    "count": 0,
    "updated": 0
  },
  {
    "id": "700d1f63-9e39-49e5-b0fc-ce0b32fa2016",
    "data": [
      {
        "text": "nhiet tinh",
        "userDefined": false
      }
    ],
    "isTemplate": false,
    "count": 0,
    "updated": 0
  },
  {
    "id": "778e52a0-03fa-4d11-9cfc-1fc5a60ba717",
    "data": [
      {
        "text": "thông minh",
        "userDefined": false
      }
    ],
    "isTemplate": false,
    "count": 0,
    "updated": 0
  },
  {
    "id": "da554ad7-a9e4-4b2f-8855-d6b4b1dde02f",
    "data": [
      {
        "text": "giỏi",
        "userDefined": false
      }
    ],
    "isTemplate": false,
    "count": 0,
    "updated": 0
  },
  {
    "id": "a35d60b6-bd54-4947-9f31-fd22c67e89d0",
    "data": [
      {
        "text": "thong minh",
        "userDefined": false
      }
    ],
    "isTemplate": false,
    "count": 0,
    "updated": 0
  },
  {
    "id": "94ee1271-05c6-4879-acc7-357726dabe46",
    "data": [
      {
        "text": "gioi",
        "userDefined": false
      }
    ],
    "isTemplate": false,
    "count": 0,
    "updated": 0
  },
  {
    "id": "08672475-3b23-4c3b-9545-c76579bec116",
    "data": [
      {
        "text": "nhiệt tình quá",
        "userDefined": false
      }
    ],
    "isTemplate": false,
    "count": 0,
    "updated": 0
  },
  {
    "id": "4da93f9f-372a-4f94-a951-5dc7d70cfa36",
    "data": [
      {
        "text": "thân thiện quá",
        "userDefined": false
      }
    ],
    "isTemplate": false,
    "count": 0,
    "updated": 0
  },
  {
    "id": "39a92ea3-dacf-4168-991e-cf6502f4fbeb",
    "data": [
      {
        "text": "xinh quá",
        "userDefined": false
      }
    ],
    "isTemplate": false,
    "count": 0,
    "updated": 0
  },
  {
    "id": "2c295505-3dbb-4af1-b98e-7497e756bed0",
    "data": [
      {
        "text": "Chatbot dễ thương",
        "userDefined": false
      }
    ],
    "isTemplate": false,
    "count": 0,
    "updated": 0
  }
]