[
  {
    "id": "a1d1ff52-b5e7-431e-9ceb-2a3ba6ff0bce",
    "data": [
      {
        "text": "mệt rất mệt",
        "userDefined": false
      }
    ],
    "isTemplate": false,
    "count": 0,
    "updated": 0
  },
  {
    "id": "6aec626b-8e80-4346-b5b5-8428bc25d968",
    "data": [
      {
        "text": "mệt mỏi quá",
        "userDefined": false
      }
    ],
    "isTemplate": false,
    "count": 0,
    "updated": 0
  },
  {
    "id": "f0dfd898-4e2d-45d7-8d02-0de6b1a6d807",
    "data": [
      {
        "text": "buồn vãi huhu",
        "userDefined": false
      }
    ],
    "isTemplate": false,
    "count": 0,
    "updated": 0
  },
  {
    "id": "19872b60-da65-40d3-b9f0-7a5e2b4458bd",
    "data": [
      {
        "text": "chán đời quáaaaaa",
        "userDefined": false
      }
    ],
    "isTemplate": false,
    "count": 0,
    "updated": 0
  },
  {
    "id": "8e352c3f-4a87-414e-9343-7ca6f6029ac4",
    "data": [
      {
        "text": "chán vl",
        "alias": "location",
        "userDefined": false
      }
    ],
    "isTemplate": false,
    "count": 0,
    "updated": 0
  },
  {
    "id": "8c53b218-a2df-4ab3-ad70-6d740c879a35",
    "data": [
      {
        "text": "Buồn quá",
        "userDefined": false
      }
    ],
    "isTemplate": false,
    "count": 0,
    "updated": 0
  },
  {
    "id": "141ce523-da37-403a-af6a-4cb68987b8db",
    "data": [
      {
        "text": "Chán quá",
        "userDefined": false
      }
    ],
    "isTemplate": false,
    "count": 0,
    "updated": 0
  },
  {
    "id": "cfc1ea58-7a24-4436-a84f-463c61153932",
    "data": [
      {
        "text": "Mệt quá",
        "userDefined": false
      }
    ],
    "isTemplate": false,
    "count": 0,
    "updated": 0
  }
]