[
  {
    "id": "d2999b9e-5ea0-4251-a7f6-1713939881cb",
    "data": [
      {
        "text": "một ngày tốt đẹp",
        "userDefined": false
      }
    ],
    "isTemplate": false,
    "count": 0,
    "updated": 0
  },
  {
    "id": "ea0c0ee8-6def-42b6-91f8-26a8c8f215b0",
    "data": [
      {
        "text": "một ngày tốt lành",
        "userDefined": false
      }
    ],
    "isTemplate": false,
    "count": 0,
    "updated": 0
  },
  {
    "id": "1f561615-71d8-4506-b465-a07bf4535e20",
    "data": [
      {
        "text": "ngày tốt đẹp",
        "userDefined": false
      }
    ],
    "isTemplate": false,
    "count": 0,
    "updated": 0
  },
  {
    "id": "7e7566f4-4484-43ef-b032-241f94404baa",
    "data": [
      {
        "text": "ngày tốt lành",
        "userDefined": false
      }
    ],
    "isTemplate": false,
    "count": 0,
    "updated": 0
  },
  {
    "id": "d3de9f42-3577-4e77-b47e-6c7bc103d8ba",
    "data": [
      {
        "text": "have a good day",
        "userDefined": false
      }
    ],
    "isTemplate": false,
    "count": 0,
    "updated": 0
  },
  {
    "id": "ad5c59b8-65fb-4ed3-84b9-dafe14ef00d1",
    "data": [
      {
        "text": "have a nice day",
        "userDefined": false
      }
    ],
    "isTemplate": false,
    "count": 0,
    "updated": 0
  },
  {
    "id": "f8bf7d12-c92d-4b3d-bf2b-1462db6db0cc",
    "data": [
      {
        "text": "chuc ngay tot dep",
        "userDefined": false
      }
    ],
    "isTemplate": false,
    "count": 0,
    "updated": 0
  },
  {
    "id": "9c9a8f67-b3ee-489f-b52f-3ac574ff1636",
    "data": [
      {
        "text": "chuc mot ngay tot dep",
        "userDefined": false
      }
    ],
    "isTemplate": false,
    "count": 0,
    "updated": 0
  },
  {
    "id": "f038759c-d70a-40e3-80db-0e4e4663fc43",
    "data": [
      {
        "text": "chuc mot ngay tot lanh",
        "userDefined": false
      }
    ],
    "isTemplate": false,
    "count": 0,
    "updated": 0
  },
  {
    "id": "fb33b88a-3b85-4acb-81fc-8b2411a92559",
    "data": [
      {
        "text": "chuc ngay tot lanh",
        "userDefined": false
      }
    ],
    "isTemplate": false,
    "count": 0,
    "updated": 0
  },
  {
    "id": "cd4739d4-24cc-43c7-ae77-6efc065362c7",
    "data": [
      {
        "text": "nice day",
        "userDefined": false
      }
    ],
    "isTemplate": false,
    "count": 0,
    "updated": 0
  },
  {
    "id": "70881b8d-8955-4681-94e4-780dbc867df3",
    "data": [
      {
        "text": "good day",
        "userDefined": false
      }
    ],
    "isTemplate": false,
    "count": 0,
    "updated": 0
  },
  {
    "id": "f83b0e1b-7572-4a53-9f93-ad0d75b3ee97",
    "data": [
      {
        "text": "ngay tot dep",
        "userDefined": false
      }
    ],
    "isTemplate": false,
    "count": 0,
    "updated": 0
  },
  {
    "id": "e6afa72e-b11c-4e23-88aa-7e6918babbf9",
    "data": [
      {
        "text": "ngay tot lanh",
        "userDefined": false
      }
    ],
    "isTemplate": false,
    "count": 0,
    "updated": 0
  }
]