[
  {
    "id": "abecb272-3ec5-42d4-b955-f5b34824aaab",
    "data": [
      {
        "text": "ngu ngon",
        "userDefined": false
      }
    ],
    "isTemplate": false,
    "count": 0,
    "updated": 0
  },
  {
    "id": "3cbda334-4fae-4fb2-9444-ce4627b7f226",
    "data": [
      {
        "text": "chuc ngu ngon",
        "userDefined": false
      }
    ],
    "isTemplate": false,
    "count": 0,
    "updated": 0
  },
  {
    "id": "88a11aa9-825a-42cc-8bee-4373effaee25",
    "data": [
      {
        "text": "chúc ngủ ngon",
        "userDefined": false
      }
    ],
    "isTemplate": false,
    "count": 0,
    "updated": 0
  },
  {
    "id": "a2ff112c-009b-432c-b9bf-8f1176818cd8",
    "data": [
      {
        "text": "ngủ ngon nhé",
        "userDefined": false
      }
    ],
    "isTemplate": false,
    "count": 0,
    "updated": 0
  },
  {
    "id": "642e5495-94e2-43e6-8557-fae1cc65183a",
    "data": [
      {
        "text": "Good night",
        "userDefined": false
      }
    ],
    "isTemplate": false,
    "count": 0,
    "updated": 0
  },
  {
    "id": "a8986e99-8b61-4e9e-8089-d88336089a89",
    "data": [
      {
        "text": "G9",
        "userDefined": false
      }
    ],
    "isTemplate": false,
    "count": 0,
    "updated": 0
  }
]