[
  {
    "id": "bcaaa02e-c88a-4459-a1ea-ad04af534594",
    "data": [
      {
        "text": "gia đình của bạn gồm những  ",
        "userDefined": false
      },
      {
        "text": "ai",
        "userDefined": false
      }
    ],
    "isTemplate": false,
    "count": 0,
    "updated": 0
  },
  {
    "id": "aa5c9393-398e-4908-af9d-e43f9ef2e550",
    "data": [
      {
        "text": "có ba mẹ  ",
        "userDefined": false
      },
      {
        "text": "ko",
        "alias": "khong",
        "userDefined": false
      }
    ],
    "isTemplate": false,
    "count": 0,
    "updated": 0
  },
  {
    "id": "89263493-c103-40d9-af94-790a029be0d9",
    "data": [
      {
        "text": "ban co gia dinh nao  ",
        "userDefined": false
      },
      {
        "text": "ko",
        "alias": "khong",
        "userDefined": false
      }
    ],
    "isTemplate": false,
    "count": 0,
    "updated": 0
  },
  {
    "id": "d62ef9e4-ee92-4e7a-b29a-3c3717825d7a",
    "data": [
      {
        "text": "con cai",
        "userDefined": false
      }
    ],
    "isTemplate": false,
    "count": 0,
    "updated": 0
  },
  {
    "id": "b2e2bc94-c461-4d26-bbd8-cc8dc58d0fbd",
    "data": [
      {
        "text": "em gai",
        "userDefined": false
      }
    ],
    "isTemplate": false,
    "count": 0,
    "updated": 0
  },
  {
    "id": "b1084837-9f76-456a-86d7-590acbf9031c",
    "data": [
      {
        "text": "em trai",
        "userDefined": false
      }
    ],
    "isTemplate": false,
    "count": 0,
    "updated": 0
  },
  {
    "id": "a79b139a-9f43-4ecb-93bb-cc878b343e7c",
    "data": [
      {
        "text": "chi gai",
        "userDefined": false
      }
    ],
    "isTemplate": false,
    "count": 0,
    "updated": 0
  },
  {
    "id": "85e14f1d-5306-4e46-b9be-7543ab6d936a",
    "data": [
      {
        "text": "anh trai",
        "userDefined": false
      }
    ],
    "isTemplate": false,
    "count": 0,
    "updated": 0
  },
  {
    "id": "735530f1-fd5d-4c5a-83d6-b16c0b283232",
    "data": [
      {
        "text": "bo me",
        "userDefined": false
      }
    ],
    "isTemplate": false,
    "count": 0,
    "updated": 0
  },
  {
    "id": "decb042f-86c9-4f67-a1fa-510f2a7bde7f",
    "data": [
      {
        "text": "cha me",
        "userDefined": false
      }
    ],
    "isTemplate": false,
    "count": 0,
    "updated": 0
  },
  {
    "id": "03a5db88-778b-4d00-a192-9b25315aa628",
    "data": [
      {
        "text": "ho hang",
        "userDefined": false
      }
    ],
    "isTemplate": false,
    "count": 0,
    "updated": 0
  },
  {
    "id": "0b0ef549-8c7d-4628-a9e3-20c852eaa977",
    "data": [
      {
        "text": "gia dinh",
        "userDefined": false
      }
    ],
    "isTemplate": false,
    "count": 0,
    "updated": 0
  },
  {
    "id": "e11fb840-1628-4733-84bc-65c725b2e732",
    "data": [
      {
        "text": "họ hàng",
        "userDefined": false
      }
    ],
    "isTemplate": false,
    "count": 0,
    "updated": 0
  },
  {
    "id": "45b83bfe-e9aa-47dc-b94b-356643e7c172",
    "data": [
      {
        "text": "ong ba",
        "userDefined": false
      }
    ],
    "isTemplate": false,
    "count": 0,
    "updated": 0
  },
  {
    "id": "21221289-90da-477b-b8a4-c02cc45029b8",
    "data": [
      {
        "text": "gia đình",
        "userDefined": false
      }
    ],
    "isTemplate": false,
    "count": 0,
    "updated": 0
  },
  {
    "id": "276ba3f0-47ba-4c66-850e-86bc1775eee9",
    "data": [
      {
        "text": "con cái",
        "userDefined": false
      }
    ],
    "isTemplate": false,
    "count": 0,
    "updated": 0
  },
  {
    "id": "d4b8df34-6a5a-42f0-84ff-4e01e149bb82",
    "data": [
      {
        "text": "anh chị",
        "userDefined": false
      }
    ],
    "isTemplate": false,
    "count": 0,
    "updated": 0
  },
  {
    "id": "b785aa20-508e-46e3-bd5a-9472e7f4bfec",
    "data": [
      {
        "text": "cha mẹ",
        "userDefined": false
      }
    ],
    "isTemplate": false,
    "count": 0,
    "updated": 0
  },
  {
    "id": "f22ccae3-f277-4de3-b182-70840a75e8c6",
    "data": [
      {
        "text": "bố mẹ",
        "userDefined": false
      }
    ],
    "isTemplate": false,
    "count": 0,
    "updated": 0
  },
  {
    "id": "66b7046d-eb5d-40fb-9dd2-39d30ffd0611",
    "data": [
      {
        "text": "ba mẹ",
        "userDefined": false
      }
    ],
    "isTemplate": false,
    "count": 0,
    "updated": 0
  },
  {
    "id": "2357d22c-7f71-40db-a13e-58336d1171f6",
    "data": [
      {
        "text": "ông bà",
        "userDefined": false
      }
    ],
    "isTemplate": false,
    "count": 0,
    "updated": 0
  },
  {
    "id": "8b4efa59-ba36-4809-8232-980806256c90",
    "data": [
      {
        "text": "Bạn có ông bà/ba mẹ/anh chị/con cái/gia đình không?",
        "userDefined": false
      }
    ],
    "isTemplate": false,
    "count": 0,
    "updated": 0
  }
]