[
  {
    "id": "1044e6e5-1742-47e9-8d6e-d63bffe4fa61",
    "data": [
      {
        "text": "nghi ngoi",
        "userDefined": false
      }
    ],
    "isTemplate": false,
    "count": 0,
    "updated": 0
  },
  {
    "id": "1769b800-de34-4b39-a01a-97122a4643e7",
    "data": [
      {
        "text": "nghỉ ngơi",
        "userDefined": false
      }
    ],
    "isTemplate": false,
    "count": 0,
    "updated": 0
  },
  {
    "id": "afaf9cd7-4a7f-4a1d-bfe1-39dcb9c1eb23",
    "data": [
      {
        "text": "ngủ",
        "userDefined": false
      }
    ],
    "isTemplate": false,
    "count": 0,
    "updated": 0
  },
  {
    "id": "5387a68e-1556-42af-a465-0c2623629145",
    "data": [
      {
        "text": "ban co ngu  ",
        "userDefined": false
      },
      {
        "text": "khong",
        "alias": "khong",
        "userDefined": false
      }
    ],
    "isTemplate": false,
    "count": 0,
    "updated": 0
  },
  {
    "id": "f64ba9a6-2839-4fe0-a229-e6c933cca65d",
    "data": [
      {
        "text": "Bạn có ngủ/nghỉ ngơi không?",
        "userDefined": false
      }
    ],
    "isTemplate": false,
    "count": 0,
    "updated": 0
  }
]