[
  {
    "id": "98f5b523-f594-4332-9959-da9adf1a1d01",
    "data": [
      {
        "text": "sari  ",
        "userDefined": false
      },
      {
        "text": "co ",
        "userDefined": false
      },
      {
        "text": " mong muon j  ",
        "userDefined": false
      },
      {
        "text": "ko",
        "alias": "khong",
        "userDefined": false
      }
    ],
    "isTemplate": false,
    "count": 0,
    "updated": 0
  },
  {
    "id": "1c4903c7-061e-4def-bbaf-93aeb03c4f2c",
    "data": [
      {
        "text": "sari ước điều j",
        "userDefined": false
      }
    ],
    "isTemplate": false,
    "count": 0,
    "updated": 0
  },
  {
    "id": "be861055-500e-4fc7-8fc5-12f4dd932b17",
    "data": [
      {
        "text": "mong muốn của bạn là gì",
        "userDefined": false
      }
    ],
    "isTemplate": false,
    "count": 0,
    "updated": 0
  },
  {
    "id": "262a1183-5be2-400e-85a6-7300778e76e4",
    "data": [
      {
        "text": "ban co uoc  ",
        "userDefined": false
      },
      {
        "text": "mo ",
        "userDefined": false
      },
      {
        "text": "  ",
        "userDefined": false
      },
      {
        "text": "ko",
        "alias": "khong",
        "userDefined": false
      }
    ],
    "isTemplate": false,
    "count": 0,
    "updated": 0
  },
  {
    "id": "15ce03f2-1545-4099-9b42-9dc1ec917e51",
    "data": [
      {
        "text": "dream",
        "userDefined": false
      }
    ],
    "isTemplate": false,
    "count": 0,
    "updated": 0
  },
  {
    "id": "6996cf87-cbf2-4415-a52e-3bab5a5c3b8c",
    "data": [
      {
        "text": "mo ",
        "userDefined": false
      },
      {
        "text": " uoc",
        "userDefined": false
      }
    ],
    "isTemplate": false,
    "count": 0,
    "updated": 0
  },
  {
    "id": "5fbe4c3b-847e-41dc-9494-fc14aa739aeb",
    "data": [
      {
        "text": "uoc  ",
        "userDefined": false
      },
      {
        "text": "mo",
        "userDefined": false
      }
    ],
    "isTemplate": false,
    "count": 0,
    "updated": 0
  },
  {
    "id": "2d69bc23-3368-4364-9bea-ecae7ea051fb",
    "data": [
      {
        "text": "Bạn có ước mơ không?",
        "userDefined": false
      }
    ],
    "isTemplate": false,
    "count": 0,
    "updated": 0
  },
  {
    "id": "9689a581-d57c-4532-b342-975ced90402c",
    "data": [
      {
        "text": "ban uoc j",
        "userDefined": false
      }
    ],
    "isTemplate": false,
    "count": 0,
    "updated": 0
  },
  {
    "id": "81b783b6-29cb-4cb6-a53e-14ad3a33a763",
    "data": [
      {
        "text": "mo uoc cua ban la j",
        "userDefined": false
      }
    ],
    "isTemplate": false,
    "count": 0,
    "updated": 0
  },
  {
    "id": "82dc0bdd-4b96-44e7-a0b6-7d7fc574548e",
    "data": [
      {
        "text": "bạn mong muốn điều j",
        "userDefined": false
      }
    ],
    "isTemplate": false,
    "count": 0,
    "updated": 0
  }
]