[
  {
    "id": "1fc0cd26-6c40-4656-b885-ef2e1b19433d",
    "data": [
      {
        "text": "toi muon ktr trinh do cua ban",
        "userDefined": false
      }
    ],
    "isTemplate": false,
    "count": 0,
    "updated": 0
  },
  {
    "id": "7ff7a35e-df1b-4ac8-9b56-ee65d71acf2c",
    "data": [
      {
        "text": "Tôi có thể kiểm tra bot không?",
        "userDefined": false
      }
    ],
    "isTemplate": false,
    "count": 0,
    "updated": 0
  },
  {
    "id": "e5656a5e-f867-4816-9e06-c3f9f4977743",
    "data": [
      {
        "text": "Tôi đang kiểm tra Bạn",
        "userDefined": false
      }
    ],
    "isTemplate": false,
    "count": 0,
    "updated": 0
  },
  {
    "id": "b9b21350-88a9-48df-8941-e6dcd640b276",
    "data": [
      {
        "text": "Tôi muốn test Bạn.",
        "userDefined": false
      }
    ],
    "isTemplate": false,
    "count": 0,
    "updated": 0
  },
  {
    "id": "f33b7303-eac5-45db-ada1-0ce071cd56b1",
    "data": [
      {
        "text": "Kiểm tra",
        "userDefined": false
      }
    ],
    "isTemplate": false,
    "count": 0,
    "updated": 0
  }
]