[
  {
    "id": "f6840aa8-e1e7-4e7f-99b1-aaf8f0bdc7ed",
    "data": [
      {
        "text": "ho tro",
        "userDefined": false
      }
    ],
    "isTemplate": false,
    "count": 0,
    "updated": 0
  },
  {
    "id": "5ec23900-a545-4a2e-93a0-1834dab7f168",
    "data": [
      {
        "text": "giup toi",
        "userDefined": false
      }
    ],
    "isTemplate": false,
    "count": 0,
    "updated": 0
  },
  {
    "id": "51da34dd-d0fc-4e8b-84b2-af5dd18390ca",
    "data": [
      {
        "text": "ban co the giup toi",
        "userDefined": false
      }
    ],
    "isTemplate": false,
    "count": 0,
    "updated": 0
  },
  {
    "id": "061bd7ae-9a83-4e88-9441-1a1b6b8e2231",
    "data": [
      {
        "text": "need help",
        "userDefined": false
      }
    ],
    "isTemplate": false,
    "count": 0,
    "updated": 0
  },
  {
    "id": "fcb09d36-be35-4a67-a12f-81bb623034f9",
    "data": [
      {
        "text": "help",
        "userDefined": false
      }
    ],
    "isTemplate": false,
    "count": 0,
    "updated": 0
  },
  {
    "id": "a8ef5b9e-31d4-4476-ad14-8f5bbfc741a3",
    "data": [
      {
        "text": "Bạn có thể giúp tôi không?",
        "userDefined": false
      }
    ],
    "isTemplate": false,
    "count": 0,
    "updated": 0
  },
  {
    "id": "80b1ccfe-f09a-4cfc-a2c2-2bf5e483f088",
    "data": [
      {
        "text": "Giúp tôi với",
        "userDefined": false
      }
    ],
    "isTemplate": false,
    "count": 0,
    "updated": 0
  },
  {
    "id": "b9713840-6750-4b0b-bac4-141d28d580b8",
    "data": [
      {
        "text": "Cần hỗ trợ",
        "userDefined": false
      }
    ],
    "isTemplate": false,
    "count": 0,
    "updated": 0
  },
  {
    "id": "a3fff591-38bb-4b6b-a33d-534a348df329",
    "data": [
      {
        "text": "Cứu với",
        "userDefined": false
      }
    ],
    "isTemplate": false,
    "count": 0,
    "updated": 0
  },
  {
    "id": "01538dfc-4b64-4e70-9353-3f1d77bc3445",
    "data": [
      {
        "text": "giup voi",
        "userDefined": false
      }
    ],
    "isTemplate": false,
    "count": 0,
    "updated": 0
  },
  {
    "id": "b5596383-9b55-46b7-bae1-dbf54d238d84",
    "data": [
      {
        "text": "toi can giup",
        "userDefined": false
      }
    ],
    "isTemplate": false,
    "count": 0,
    "updated": 0
  }
]