[
  {
    "id": "dc9484af-37a0-46ab-86a0-b0bb1603c365",
    "data": [
      {
        "text": "khong ",
        "alias": "khong",
        "userDefined": false
      },
      {
        "text": " hoi gi nua",
        "userDefined": false
      }
    ],
    "isTemplate": false,
    "count": 0,
    "updated": 0
  },
  {
    "id": "aadfd07a-84a3-464f-8d4f-6f744b7c8d15",
    "data": [
      {
        "text": "khong ",
        "alias": "khong",
        "userDefined": false
      },
      {
        "text": " con cau hoi nua",
        "userDefined": false
      }
    ],
    "isTemplate": false,
    "count": 0,
    "updated": 0
  },
  {
    "id": "1dd1a0ad-cc36-436c-b121-3c0467164891",
    "data": [
      {
        "text": "hoi xong roi",
        "userDefined": false
      }
    ],
    "isTemplate": false,
    "count": 0,
    "updated": 0
  },
  {
    "id": "8f7aa290-7271-4042-873b-7ef033d65819",
    "data": [
      {
        "text": "het hoi roi",
        "userDefined": false
      }
    ],
    "isTemplate": false,
    "count": 0,
    "updated": 0
  },
  {
    "id": "346bfb6d-35ea-4102-a2a5-3fd6ca395d39",
    "data": [
      {
        "text": "het cau hoi roi",
        "userDefined": false
      }
    ],
    "isTemplate": false,
    "count": 0,
    "updated": 0
  },
  {
    "id": "3992da84-c80a-42ae-bdfc-d74f353dc0b6",
    "data": [
      {
        "text": "out nhé",
        "userDefined": false
      }
    ],
    "isTemplate": false,
    "count": 0,
    "updated": 0
  },
  {
    "id": "62dd6e1a-c637-47cf-8c39-69dd450dc3c3",
    "data": [
      {
        "text": "rat vui duoc chat",
        "userDefined": false
      }
    ],
    "isTemplate": false,
    "count": 0,
    "updated": 0
  },
  {
    "id": "acbee43f-07e5-44d9-b9ea-e041c0e378f8",
    "data": [
      {
        "text": "thoat",
        "userDefined": false
      }
    ],
    "isTemplate": false,
    "count": 0,
    "updated": 0
  },
  {
    "id": "bd5ed58e-004d-484d-b54b-59a364dd3084",
    "data": [
      {
        "text": "phai roi khoi day",
        "userDefined": false
      }
    ],
    "isTemplate": false,
    "count": 0,
    "updated": 0
  },
  {
    "id": "7e280bf7-117c-4b77-9e12-0a4aa887c34e",
    "data": [
      {
        "text": "phai di",
        "userDefined": false
      }
    ],
    "isTemplate": false,
    "count": 0,
    "updated": 0
  },
  {
    "id": "84539b44-7142-49fe-a7a1-48ee74bf0a19",
    "data": [
      {
        "text": "phai di roi",
        "userDefined": false
      }
    ],
    "isTemplate": false,
    "count": 0,
    "updated": 0
  },
  {
    "id": "c6ed5bd3-88a1-4ed7-8c69-8520566f8cb5",
    "data": [
      {
        "text": "phai di roi, rat vui duoc noi chuyen",
        "userDefined": false
      }
    ],
    "isTemplate": false,
    "count": 0,
    "updated": 0
  },
  {
    "id": "7af9efbd-75e4-4153-9588-80d64016b83d",
    "data": [
      {
        "text": "out",
        "userDefined": false
      }
    ],
    "isTemplate": false,
    "count": 0,
    "updated": 0
  },
  {
    "id": "609f834d-7df2-440a-b8fb-91417933ebb1",
    "data": [
      {
        "text": "Tôi phải đi rồi, rất vui được nói chuyện/chat với Chatbot",
        "userDefined": false
      }
    ],
    "isTemplate": false,
    "count": 0,
    "updated": 0
  },
  {
    "id": "38d0806d-61ee-4e87-a9ae-d190cf7a0118",
    "data": [
      {
        "text": "Tôi kết thúc cuộc nói chuyện/chat nhé",
        "userDefined": false
      }
    ],
    "isTemplate": false,
    "count": 0,
    "updated": 0
  },
  {
    "id": "6dfab23e-4c65-4af8-a729-f6e8b64027f7",
    "data": [
      {
        "text": "Tôi phải đi/rời khỏi đây rồi",
        "userDefined": false
      }
    ],
    "isTemplate": false,
    "count": 0,
    "updated": 0
  },
  {
    "id": "b541b337-56e1-4413-ab13-1560b00dfee7",
    "data": [
      {
        "text": "Out nha",
        "userDefined": false
      }
    ],
    "isTemplate": false,
    "count": 0,
    "updated": 0
  }
]