[
  {
    "id": "a675db37-8024-4e57-a9b3-231b848cf63f",
    "data": [
      {
        "text": "sari là người hay robot",
        "userDefined": false
      }
    ],
    "isTemplate": false,
    "count": 0,
    "updated": 0
  },
  {
    "id": "1cae64f2-65b5-420d-87f1-96cf6ce39d68",
    "data": [
      {
        "text": "ban là robot đúng  ",
        "userDefined": false
      },
      {
        "text": "ko",
        "alias": "khong",
        "userDefined": false
      }
    ],
    "isTemplate": false,
    "count": 0,
    "updated": 0
  },
  {
    "id": "08205cc9-c29c-4e60-91b1-27d6bfc3c59d",
    "data": [
      {
        "text": "Sari là nguoi may ah",
        "userDefined": false
      }
    ],
    "isTemplate": false,
    "count": 0,
    "updated": 0
  },
  {
    "id": "07700660-2954-4c49-a954-e76466882f6e",
    "data": [
      {
        "text": "nguoi may",
        "userDefined": false
      }
    ],
    "isTemplate": false,
    "count": 0,
    "updated": 0
  },
  {
    "id": "ca286c3d-eb94-4d86-8df1-6342a0a9f596",
    "data": [
      {
        "text": "robot",
        "userDefined": false
      }
    ],
    "isTemplate": false,
    "count": 0,
    "updated": 0
  },
  {
    "id": "8f9e28c6-e242-498b-9a01-19efb818f94a",
    "data": [
      {
        "text": "Bạn là người hay robot?",
        "userDefined": false
      }
    ],
    "isTemplate": false,
    "count": 0,
    "updated": 0
  },
  {
    "id": "bb8ff552-50c3-4632-9dc1-a4acf99912f5",
    "data": [
      {
        "text": "Bạn là người máy à?",
        "userDefined": false
      }
    ],
    "isTemplate": false,
    "count": 0,
    "updated": 0
  },
  {
    "id": "ae759b65-a410-486f-a9f2-bc45e7766318",
    "data": [
      {
        "text": "người máy hả",
        "userDefined": false
      }
    ],
    "isTemplate": false,
    "count": 0,
    "updated": 0
  },
  {
    "id": "ec5f76e0-388d-4c8b-9909-c7129623114f",
    "data": [
      {
        "text": "ban la ng may dung ko",
        "userDefined": false
      }
    ],
    "isTemplate": false,
    "count": 0,
    "updated": 0
  },
  {
    "id": "3d95d63c-1fff-4c62-9451-428c33188a8e",
    "data": [
      {
        "text": "ng hay robot",
        "userDefined": false
      }
    ],
    "isTemplate": false,
    "count": 0,
    "updated": 0
  }
]