[
  {
    "id": "598acb33-4dff-4a2b-b631-5597927db174",
    "data": [
      {
        "text": "bạn có tg  ",
        "userDefined": false
      },
      {
        "text": "ko",
        "alias": "khong",
        "userDefined": false
      }
    ],
    "isTemplate": false,
    "count": 0,
    "updated": 0
  },
  {
    "id": "f132c41f-9680-41ba-b47e-00bb130fe031",
    "data": [
      {
        "text": "rảnh  ",
        "userDefined": false
      },
      {
        "text": "ko",
        "alias": "khong",
        "userDefined": false
      }
    ],
    "isTemplate": false,
    "count": 0,
    "updated": 0
  },
  {
    "id": "3afa2a99-a44b-48d6-ad39-9c6d0a23dc30",
    "data": [
      {
        "text": "ranh  ",
        "userDefined": false
      },
      {
        "text": "khong",
        "alias": "khong",
        "userDefined": false
      }
    ],
    "isTemplate": false,
    "count": 0,
    "updated": 0
  },
  {
    "id": "f6ed0370-8fdb-48e8-9d22-7f668ad46906",
    "data": [
      {
        "text": "ban co thoi gian",
        "userDefined": false
      }
    ],
    "isTemplate": false,
    "count": 0,
    "updated": 0
  },
  {
    "id": "01249477-9f24-4095-b156-aec0b4a0c22d",
    "data": [
      {
        "text": "ban co ban",
        "userDefined": false
      }
    ],
    "isTemplate": false,
    "count": 0,
    "updated": 0
  },
  {
    "id": "2ede636c-581c-4ad4-8f48-216f3613a78c",
    "data": [
      {
        "text": "Bạn có bận không?",
        "userDefined": false
      }
    ],
    "isTemplate": false,
    "count": 0,
    "updated": 0
  },
  {
    "id": "40c43a3c-f708-4a54-82b5-d246e881e723",
    "data": [
      {
        "text": "Bạn có thời gian không?",
        "userDefined": false
      }
    ],
    "isTemplate": false,
    "count": 0,
    "updated": 0
  },
  {
    "id": "17052ca4-b02d-4623-ab5f-4a518d5a69f5",
    "data": [
      {
        "text": "Rảnh không?",
        "userDefined": false
      }
    ],
    "isTemplate": false,
    "count": 0,
    "updated": 0
  },
  {
    "id": "98d591a3-52e3-4db8-952a-642e422a67df",
    "data": [
      {
        "text": "quỡn ko",
        "userDefined": false
      }
    ],
    "isTemplate": false,
    "count": 0,
    "updated": 0
  },
  {
    "id": "ba1f33cc-c8cc-43d5-810a-8abf267d0960",
    "data": [
      {
        "text": "có đang bận ko",
        "userDefined": false
      }
    ],
    "isTemplate": false,
    "count": 0,
    "updated": 0
  }
]