[
  {
    "id": "421fb4fa-5c7b-4c44-bd7b-cbeae3d37cac",
    "data": [
      {
        "text": "co hanh phuc  ",
        "userDefined": false
      },
      {
        "text": "ko",
        "alias": "khong",
        "userDefined": false
      }
    ],
    "isTemplate": false,
    "count": 0,
    "updated": 0
  },
  {
    "id": "ecb883c2-af84-4759-a6bb-2d86425a3c8d",
    "data": [
      {
        "text": "ban co vui  ",
        "userDefined": false
      },
      {
        "text": "ko",
        "alias": "khong",
        "userDefined": false
      }
    ],
    "isTemplate": false,
    "count": 0,
    "updated": 0
  },
  {
    "id": "76621ba2-669f-444b-8bec-c4f5629a6e36",
    "data": [
      {
        "text": "co ",
        "userDefined": false
      },
      {
        "text": " hanh phuc",
        "userDefined": false
      }
    ],
    "isTemplate": false,
    "count": 0,
    "updated": 0
  },
  {
    "id": "d9730631-24ed-4f43-9d4a-ecd7924d8aee",
    "data": [
      {
        "text": "co vui",
        "userDefined": false
      }
    ],
    "isTemplate": false,
    "count": 0,
    "updated": 0
  },
  {
    "id": "0cbec5b0-0e0a-4d7c-908b-fc418f807e4f",
    "data": [
      {
        "text": "ban co hanh phuc",
        "userDefined": false
      }
    ],
    "isTemplate": false,
    "count": 0,
    "updated": 0
  },
  {
    "id": "cd1bfa15-15ca-44e2-8ae4-2c11bc655a44",
    "data": [
      {
        "text": "ban co vui",
        "userDefined": false
      }
    ],
    "isTemplate": false,
    "count": 0,
    "updated": 0
  },
  {
    "id": "46494c95-a7df-4fdd-980c-4e8071897e9c",
    "data": [
      {
        "text": "Bạn có vui không?",
        "userDefined": false
      }
    ],
    "isTemplate": false,
    "count": 0,
    "updated": 0
  },
  {
    "id": "75daf27d-d0a8-4101-a623-dcc3f70c24a0",
    "data": [
      {
        "text": "Bạn có hạnh phúc không?",
        "userDefined": false
      }
    ],
    "isTemplate": false,
    "count": 0,
    "updated": 0
  }
]