[
  {
    "id": "0d277a76-14e3-4fe1-8c92-320088bf1465",
    "data": [
      {
        "text": "ban an com chua",
        "userDefined": false
      }
    ],
    "isTemplate": false,
    "count": 0,
    "updated": 0
  },
  {
    "id": "2cae06a8-8206-47aa-83ec-b963d8436e93",
    "data": [
      {
        "text": "sari muốn ăn j  ",
        "userDefined": false
      },
      {
        "text": "ko",
        "alias": "khong",
        "userDefined": false
      }
    ],
    "isTemplate": false,
    "count": 0,
    "updated": 0
  },
  {
    "id": "b2db7602-28a2-402a-81f9-e7e53c6117e5",
    "data": [
      {
        "text": "bạn ăn gì chưa",
        "userDefined": false
      }
    ],
    "isTemplate": false,
    "count": 0,
    "updated": 0
  },
  {
    "id": "0cb501a7-4199-4a77-ae60-5774acd165f4",
    "data": [
      {
        "text": "an toi",
        "userDefined": false
      }
    ],
    "isTemplate": false,
    "count": 0,
    "updated": 0
  },
  {
    "id": "95fbfb53-f980-4950-952f-ee5412953932",
    "data": [
      {
        "text": "an chieu",
        "userDefined": false
      }
    ],
    "isTemplate": false,
    "count": 0,
    "updated": 0
  },
  {
    "id": "b1753c74-e38b-4a62-9505-a1e22c67a4fa",
    "data": [
      {
        "text": "an trua",
        "userDefined": false
      }
    ],
    "isTemplate": false,
    "count": 0,
    "updated": 0
  },
  {
    "id": "592c81b4-1fb7-434c-8a9a-5ee63bad7176",
    "data": [
      {
        "text": "an sang",
        "userDefined": false
      }
    ],
    "isTemplate": false,
    "count": 0,
    "updated": 0
  },
  {
    "id": "bf2f63e7-5c36-44b9-8622-0263be2e25ca",
    "data": [
      {
        "text": "Bạn ăn sáng/trưa/chiều/tối chưa?",
        "userDefined": false
      }
    ],
    "isTemplate": false,
    "count": 0,
    "updated": 0
  },
  {
    "id": "61ca4997-af51-45a9-bbb1-8e301a8ec37a",
    "data": [
      {
        "text": "Ăn cơm chưa?",
        "userDefined": false
      }
    ],
    "isTemplate": false,
    "count": 0,
    "updated": 0
  },
  {
    "id": "9bb19f83-1cae-472d-8635-2a2a51927522",
    "data": [
      {
        "text": "Ăn gì không?",
        "userDefined": false
      }
    ],
    "isTemplate": false,
    "count": 0,
    "updated": 0
  },
  {
    "id": "097c5412-b902-4ffd-abe1-37a841fb43d8",
    "data": [
      {
        "text": "Ăn không?",
        "userDefined": false
      }
    ],
    "isTemplate": false,
    "count": 0,
    "updated": 0
  }
]