[
  {
    "id": "734aaf2f-9095-4447-9a81-a28df55175a0",
    "data": [
      {
        "text": "troi hom nay dep",
        "userDefined": false
      }
    ],
    "isTemplate": false,
    "count": 0,
    "updated": 0
  },
  {
    "id": "b2a54aba-b060-4b32-98fd-1e3e3ca05419",
    "data": [
      {
        "text": "thoi tiet hom nay dep qua",
        "userDefined": false
      }
    ],
    "isTemplate": false,
    "count": 0,
    "updated": 0
  },
  {
    "id": "23defb45-d311-4877-9f85-2dd1fd3887c4",
    "data": [
      {
        "text": "Trời hôm nay đẹp quá",
        "userDefined": false
      }
    ],
    "isTemplate": false,
    "count": 0,
    "updated": 0
  }
]