[
  {
    "id": "952b1782-3db0-4fa6-bb4a-cf80252a327a",
    "data": [
      {
        "text": "nay ngay nhieu",
        "userDefined": false
      }
    ],
    "isTemplate": false,
    "count": 0,
    "updated": 0
  },
  {
    "id": "3ba28973-b61b-48e7-8a37-13e1dddb268d",
    "data": [
      {
        "text": "nay ngay may",
        "userDefined": false
      }
    ],
    "isTemplate": false,
    "count": 0,
    "updated": 0
  },
  {
    "id": "41c984b4-7b4e-4cf4-8a48-f2540aae2d2d",
    "data": [
      {
        "text": "nay ngày nhiêu",
        "userDefined": false
      }
    ],
    "isTemplate": false,
    "count": 0,
    "updated": 0
  },
  {
    "id": "c9137e7d-c8dd-4b55-9ea8-f06f0af8fb47",
    "data": [
      {
        "text": "nay ngày mấy",
        "userDefined": false
      }
    ],
    "isTemplate": false,
    "count": 0,
    "updated": 0
  },
  {
    "id": "bf235c64-e6aa-4fda-8487-71f896e78015",
    "data": [
      {
        "text": "hnay ngay nhieu",
        "userDefined": false
      }
    ],
    "isTemplate": false,
    "count": 0,
    "updated": 0
  },
  {
    "id": "98c6ee6c-c8f9-4274-b8f0-f935d549bd6d",
    "data": [
      {
        "text": "hnay ngay bao nhieu",
        "userDefined": false
      }
    ],
    "isTemplate": false,
    "count": 0,
    "updated": 0
  },
  {
    "id": "e340c3a2-11f3-4e15-89dd-41f2483dead0",
    "data": [
      {
        "text": "hnay ngày nhiêu",
        "userDefined": false
      }
    ],
    "isTemplate": false,
    "count": 0,
    "updated": 0
  },
  {
    "id": "c9ce5bf6-082b-4f21-af69-13dd7cc1152b",
    "data": [
      {
        "text": "hnay ngày bao nhiêu",
        "userDefined": false
      }
    ],
    "isTemplate": false,
    "count": 0,
    "updated": 0
  },
  {
    "id": "7af11fb5-39d3-4935-80fd-da8076f2c130",
    "data": [
      {
        "text": "hnay ngay may",
        "userDefined": false
      }
    ],
    "isTemplate": false,
    "count": 0,
    "updated": 0
  },
  {
    "id": "4bac99f5-b2da-4b7a-8e5e-72cddd4b4eab",
    "data": [
      {
        "text": "hnay ngày mấy",
        "userDefined": false
      }
    ],
    "isTemplate": false,
    "count": 0,
    "updated": 0
  },
  {
    "id": "28ceacbf-ef26-44ab-a022-9ba215e89c31",
    "data": [
      {
        "text": "ngày bao nhiêu",
        "userDefined": false
      }
    ],
    "isTemplate": false,
    "count": 0,
    "updated": 0
  },
  {
    "id": "5e7944ef-b592-40ad-8165-204511f21a3c",
    "data": [
      {
        "text": "ngay bao nhieu",
        "userDefined": false
      }
    ],
    "isTemplate": false,
    "count": 0,
    "updated": 0
  },
  {
    "id": "db254434-12dc-4f44-8f0a-8cee142fb749",
    "data": [
      {
        "text": "hom nay ngay may",
        "userDefined": false
      }
    ],
    "isTemplate": false,
    "count": 0,
    "updated": 0
  },
  {
    "id": "82bbfc06-3a57-42ed-91a1-52ff12bcc94b",
    "data": [
      {
        "text": "hom nay ngay bao nhieu",
        "userDefined": false
      }
    ],
    "isTemplate": false,
    "count": 0,
    "updated": 0
  },
  {
    "id": "bc5c0989-6369-42ea-8c7c-36958277b224",
    "data": [
      {
        "text": "Hôm nay là ngày bao nhiêu?",
        "userDefined": false
      }
    ],
    "isTemplate": false,
    "count": 0,
    "updated": 0
  }
]