[
  {
    "id": "93615958-1399-4616-854f-c73461b89a25",
    "data": [
      {
        "text": "thanh ban",
        "userDefined": false
      }
    ],
    "isTemplate": false,
    "count": 0,
    "updated": 0
  },
  {
    "id": "e94f38dc-fe70-45f5-8202-92ff7b47088f",
    "data": [
      {
        "text": "lam ban",
        "userDefined": false
      }
    ],
    "isTemplate": false,
    "count": 0,
    "updated": 0
  },
  {
    "id": "94dab59f-dbd7-4c08-9d12-ea7c403bebd6",
    "data": [
      {
        "text": "ket ban",
        "userDefined": false
      }
    ],
    "isTemplate": false,
    "count": 0,
    "updated": 0
  },
  {
    "id": "5788b03d-b334-4d62-8147-1ed07c0f1292",
    "data": [
      {
        "text": "Chúng ta trở thành bạn nhé.",
        "userDefined": false
      }
    ],
    "isTemplate": false,
    "count": 0,
    "updated": 0
  },
  {
    "id": "c84b5b98-16ad-4991-92f4-df1810a58126",
    "data": [
      {
        "text": "Kết bạn với tôi nhé",
        "userDefined": false
      }
    ],
    "isTemplate": false,
    "count": 0,
    "updated": 0
  },
  {
    "id": "92664817-b264-484a-b79c-a5c77e0105e7",
    "data": [
      {
        "text": "Làm bạn với tôi nhé",
        "userDefined": false
      }
    ],
    "isTemplate": false,
    "count": 0,
    "updated": 0
  }
]