[
  {
    "id": "2aa6469c-6c70-455b-ac43-6af86e3403c3",
    "data": [
      {
        "text": "muốn gặp sari thì sao",
        "userDefined": false
      }
    ],
    "isTemplate": false,
    "count": 0,
    "updated": 0
  },
  {
    "id": "0e43556e-d110-4e0f-a5c7-294219ff4604",
    "data": [
      {
        "text": "gap ban o dau",
        "userDefined": false
      }
    ],
    "isTemplate": false,
    "count": 0,
    "updated": 0
  },
  {
    "id": "51fc2122-292e-4048-bac7-c795f34a6bf4",
    "data": [
      {
        "text": "gặp nhau đc  ",
        "userDefined": false
      },
      {
        "text": "ko",
        "alias": "khong",
        "userDefined": false
      }
    ],
    "isTemplate": false,
    "count": 0,
    "updated": 0
  },
  {
    "id": "a15a9004-b01c-4d18-9ced-9ca330a2f39e",
    "data": [
      {
        "text": "gap mat",
        "userDefined": false
      }
    ],
    "isTemplate": false,
    "count": 0,
    "updated": 0
  },
  {
    "id": "f99d4d67-d95b-406c-879d-fb7a0d73e7fd",
    "data": [
      {
        "text": "hen gap",
        "userDefined": false
      }
    ],
    "isTemplate": false,
    "count": 0,
    "updated": 0
  },
  {
    "id": "b4f9325f-abea-4eef-b346-f03ac5e6da39",
    "data": [
      {
        "text": "Tôi có thể hẹn gặp Bạn không?",
        "userDefined": false
      }
    ],
    "isTemplate": false,
    "count": 0,
    "updated": 0
  }
]