[
  {
    "id": "002a8d51-2620-4d2b-b363-cc36a7011559",
    "data": [
      {
        "text": "tam biet",
        "userDefined": false
      }
    ],
    "isTemplate": false,
    "count": 0,
    "updated": 0
  },
  {
    "id": "9cd6232c-c490-4a93-82df-79d9af352804",
    "data": [
      {
        "text": "bai bai",
        "userDefined": false
      }
    ],
    "isTemplate": false,
    "count": 0,
    "updated": 0
  },
  {
    "id": "20c53b9a-a439-411c-91b2-05f63e9a4b93",
    "data": [
      {
        "text": "Bye",
        "userDefined": false
      }
    ],
    "isTemplate": false,
    "count": 0,
    "updated": 0
  },
  {
    "id": "117f3c8a-bd54-4ed0-b23d-827d1015e881",
    "data": [
      {
        "text": "Tạm biệt",
        "userDefined": false
      }
    ],
    "isTemplate": false,
    "count": 0,
    "updated": 0
  },
  {
    "id": "06412751-2452-4ff9-abce-e2d8a7a420d5",
    "data": [
      {
        "text": "thôi bye nha",
        "userDefined": false
      }
    ],
    "isTemplate": false,
    "count": 0,
    "updated": 0
  },
  {
    "id": "1ccceed7-a3ba-4c70-8543-383f1d7db881",
    "data": [
      {
        "text": "thôi bye",
        "userDefined": false
      }
    ],
    "isTemplate": false,
    "count": 0,
    "updated": 0
  },
  {
    "id": "4fe35de5-5c50-4701-81b3-6aedcce03d00",
    "data": [
      {
        "text": "thoi bye",
        "userDefined": false
      }
    ],
    "isTemplate": false,
    "count": 0,
    "updated": 0
  }
]