[
  {
    "id": "76e0aa3e-9ff6-42b8-a76c-0056bbe6f049",
    "data": [
      {
        "text": "ban lam  ",
        "userDefined": false
      },
      {
        "text": "tu may ",
        "userDefined": false
      },
      {
        "text": " gio",
        "userDefined": false
      }
    ],
    "isTemplate": false,
    "count": 0,
    "updated": 0
  },
  {
    "id": "99c098e7-e282-4f11-b331-af29394f90f3",
    "data": [
      {
        "text": "thoi  ",
        "userDefined": false
      },
      {
        "text": "gian ",
        "userDefined": false
      },
      {
        "text": "  ",
        "userDefined": false
      },
      {
        "text": "lam ",
        "userDefined": false
      },
      {
        "text": " viec cua ban la j",
        "userDefined": false
      }
    ],
    "isTemplate": false,
    "count": 0,
    "updated": 0
  },
  {
    "id": "3f7e3952-620d-4793-956a-9ff581f8c6fc",
    "data": [
      {
        "text": "lam viec toi may gio",
        "userDefined": false
      }
    ],
    "isTemplate": false,
    "count": 0,
    "updated": 0
  },
  {
    "id": "61e24693-dd68-49f9-b709-ebf1ea6d8d0f",
    "data": [
      {
        "text": "giờ làm việc của bạn",
        "userDefined": false
      }
    ],
    "isTemplate": false,
    "count": 0,
    "updated": 0
  },
  {
    "id": "133b6b22-cd37-48c9-a9f1-b3b12c692651",
    "data": [
      {
        "text": "Bạn làm việc đến mấy giờ",
        "userDefined": false
      }
    ],
    "isTemplate": false,
    "count": 0,
    "updated": 0
  }
]