[
  {
    "id": "7d9fec09-b6ea-4c9c-8f41-c59ee3d53900",
    "data": [
      {
        "text": "gap  ",
        "userDefined": false
      },
      {
        "text": "lai",
        "alias": "lai_suat",
        "userDefined": false
      }
    ],
    "isTemplate": false,
    "count": 0,
    "updated": 0
  },
  {
    "id": "1894207d-7798-4d87-a5da-c3a3f66f5394",
    "data": [
      {
        "text": "hen gap  ",
        "userDefined": false
      },
      {
        "text": "lai",
        "alias": "lai_suat",
        "userDefined": false
      }
    ],
    "isTemplate": false,
    "count": 0,
    "updated": 0
  },
  {
    "id": "ef084dc3-d3f3-4365-b55b-df9115d4aa0b",
    "data": [
      {
        "text": "Hẹn gặp lại",
        "userDefined": false
      }
    ],
    "isTemplate": false,
    "count": 0,
    "updated": 0
  },
  {
    "id": "78716d11-8a98-4853-be84-9881325dfc9c",
    "data": [
      {
        "text": "Gặp lại sau nhé",
        "userDefined": false
      }
    ],
    "isTemplate": false,
    "count": 0,
    "updated": 0
  },
  {
    "id": "68850d78-97a3-443c-b033-3e4c6d52cfd2",
    "data": [
      {
        "text": "Bye",
        "userDefined": false
      }
    ],
    "isTemplate": false,
    "count": 0,
    "updated": 0
  },
  {
    "id": "c1c8edc1-aa94-4353-8dee-bfb1308ee882",
    "data": [
      {
        "text": "Tạm biệt",
        "userDefined": false
      }
    ],
    "isTemplate": false,
    "count": 0,
    "updated": 0
  },
  {
    "id": "0972d1c0-847e-4e3b-9b5b-1d53f3ff5f2f",
    "data": [
      {
        "text": "Bye bye",
        "userDefined": false
      }
    ],
    "isTemplate": false,
    "count": 0,
    "updated": 0
  }
]