[
  {
    "id": "ca522656-e12d-4d74-ad18-68da3909722b",
    "data": [
      {
        "text": "da ta",
        "userDefined": false
      }
    ],
    "isTemplate": false,
    "count": 0,
    "updated": 0
  },
  {
    "id": "6892b3b5-fc4d-429c-b4c1-2a71d4e519fb",
    "data": [
      {
        "text": "đa tạ",
        "userDefined": false
      }
    ],
    "isTemplate": false,
    "count": 0,
    "updated": 0
  },
  {
    "id": "d7c41fec-855e-4e33-b902-af620c3334d1",
    "data": [
      {
        "text": "thanks nha",
        "userDefined": false
      }
    ],
    "isTemplate": false,
    "count": 0,
    "updated": 0
  },
  {
    "id": "1ea93789-819c-4799-8416-53a1f8af6fd3",
    "data": [
      {
        "text": "cam on sari",
        "userDefined": false
      }
    ],
    "isTemplate": false,
    "count": 0,
    "updated": 0
  },
  {
    "id": "aa52626f-1a5f-4f60-ada6-12a5cfb25ce2",
    "data": [
      {
        "text": "Cảm ơn",
        "userDefined": false
      }
    ],
    "isTemplate": false,
    "count": 0,
    "updated": 0
  },
  {
    "id": "d8a065a5-c1cc-4b78-8885-91c8a4f06806",
    "data": [
      {
        "text": "Thanh you",
        "userDefined": false
      }
    ],
    "isTemplate": false,
    "count": 0,
    "updated": 0
  },
  {
    "id": "5cd3ed32-8468-47c4-87a2-e9218ac07ba1",
    "data": [
      {
        "text": "Thanks",
        "userDefined": false
      }
    ],
    "isTemplate": false,
    "count": 0,
    "updated": 0
  },
  {
    "id": "6b4485eb-aeb8-4300-90e9-1a2ca1890867",
    "data": [
      {
        "text": "cảm ơn sari",
        "userDefined": false
      }
    ],
    "isTemplate": false,
    "count": 0,
    "updated": 0
  }
]