[
  {
    "id": "d2c77791-67d6-4238-857f-7103e89788f8",
    "data": [
      {
        "text": "hát đi",
        "userDefined": false
      }
    ],
    "isTemplate": false,
    "count": 0,
    "updated": 0
  },
  {
    "id": "f43dee75-03c2-4ef5-afa6-2ccda95be0bd",
    "data": [
      {
        "text": "biet hat  ",
        "userDefined": false
      },
      {
        "text": "ko",
        "alias": "khong",
        "userDefined": false
      }
    ],
    "isTemplate": false,
    "count": 0,
    "updated": 0
  },
  {
    "id": "92f3c0ca-3fdc-4801-8c34-f1a73ce84bac",
    "data": [
      {
        "text": "hat cho toi  ",
        "userDefined": false
      },
      {
        "text": "nghe",
        "userDefined": false
      }
    ],
    "isTemplate": false,
    "count": 0,
    "updated": 0
  },
  {
    "id": "30d89a43-0a50-4652-be60-b2f1ba6b5e9d",
    "data": [
      {
        "text": "Bạn có thể hát không",
        "userDefined": false
      }
    ],
    "isTemplate": false,
    "count": 0,
    "updated": 0
  },
  {
    "id": "a8220914-be7b-4720-b019-2b724f3e4261",
    "data": [
      {
        "text": "Bạn biết hát không?",
        "userDefined": false
      }
    ],
    "isTemplate": false,
    "count": 0,
    "updated": 0
  },
  {
    "id": "82d93bd7-90df-4799-8af7-cf9d8481d99a",
    "data": [
      {
        "text": "Bạn hát cho tôi nghe nhé",
        "userDefined": false
      }
    ],
    "isTemplate": false,
    "count": 0,
    "updated": 0
  },
  {
    "id": "51b2a113-0d3d-406c-b21d-6c318ce39b2d",
    "data": [
      {
        "text": "hat nghe choi",
        "userDefined": false
      }
    ],
    "isTemplate": false,
    "count": 0,
    "updated": 0
  },
  {
    "id": "596d8c73-2f7b-48e1-be0f-b5f0c98c0921",
    "data": [
      {
        "text": "hát nghe chơi",
        "userDefined": false
      }
    ],
    "isTemplate": false,
    "count": 0,
    "updated": 0
  },
  {
    "id": "fe5896e2-5e7e-4da6-ad27-d1ec8b433bd3",
    "data": [
      {
        "text": "biết hát ko",
        "userDefined": false
      }
    ],
    "isTemplate": false,
    "count": 0,
    "updated": 0
  }
]