[
  {
    "id": "f1a6a16c-bd96-4db8-83e8-0d2410b9e76b",
    "data": [
      {
        "text": "bạn ổn  ",
        "userDefined": false
      },
      {
        "text": "ko",
        "alias": "khong",
        "userDefined": false
      }
    ],
    "isTemplate": false,
    "count": 0,
    "updated": 0
  },
  {
    "id": "60f5bc94-3ebd-4e9c-8b43-ee5afd4caffa",
    "data": [
      {
        "text": "ban on  ",
        "userDefined": false
      },
      {
        "text": "ko",
        "alias": "khong",
        "userDefined": false
      }
    ],
    "isTemplate": false,
    "count": 0,
    "updated": 0
  },
  {
    "id": "d4d8d5d6-fd55-4d27-857e-d3f8e47ba7b9",
    "data": [
      {
        "text": "ban khoe  ",
        "userDefined": false
      },
      {
        "text": "ko",
        "alias": "khong",
        "userDefined": false
      }
    ],
    "isTemplate": false,
    "count": 0,
    "updated": 0
  },
  {
    "id": "f72a9132-f649-4cce-8d17-2df30a28d4f0",
    "data": [
      {
        "text": "suc khoe",
        "userDefined": false
      }
    ],
    "isTemplate": false,
    "count": 0,
    "updated": 0
  },
  {
    "id": "908309ae-c493-4615-94e2-972a49801cec",
    "data": [
      {
        "text": "hom nay the nao",
        "userDefined": false
      }
    ],
    "isTemplate": false,
    "count": 0,
    "updated": 0
  },
  {
    "id": "9a8e62ab-604c-4306-95ce-16e971ee1dfc",
    "data": [
      {
        "text": "khoe",
        "userDefined": false
      }
    ],
    "isTemplate": false,
    "count": 0,
    "updated": 0
  },
  {
    "id": "7b3d3912-cede-4a80-bae3-984e1f6120e6",
    "data": [
      {
        "text": "Bạn khỏe không",
        "userDefined": false
      }
    ],
    "isTemplate": false,
    "count": 0,
    "updated": 0
  },
  {
    "id": "ea931408-c93e-45c6-b7fa-61fff9032c5e",
    "data": [
      {
        "text": "Hôm nay Bạn thế nào?",
        "userDefined": false
      }
    ],
    "isTemplate": false,
    "count": 0,
    "updated": 0
  }
]