[
  {
    "id": "5b3fa2ae-cdf1-48bd-866e-dd972f67355f",
    "data": [
      {
        "text": "trả lời dùm vài câu",
        "userDefined": false
      }
    ],
    "isTemplate": false,
    "count": 0,
    "updated": 0
  },
  {
    "id": "ecd6d216-8f22-42ea-9830-c70f69087bfd",
    "data": [
      {
        "text": "có vài cái cần hỏi",
        "userDefined": false
      }
    ],
    "isTemplate": false,
    "count": 0,
    "updated": 0
  },
  {
    "id": "c8969d9b-ea60-44e9-bd25-245c6f322f5c",
    "data": [
      {
        "text": "cho hỏi cái",
        "userDefined": false
      }
    ],
    "isTemplate": false,
    "count": 0,
    "updated": 0
  },
  {
    "id": "05cc9146-010d-4a00-8dce-5168fdbf3488",
    "data": [
      {
        "text": "hoi ",
        "userDefined": false
      },
      {
        "text": " cai nay đc  ",
        "userDefined": false
      },
      {
        "text": "ko",
        "alias": "khong",
        "userDefined": false
      }
    ],
    "isTemplate": false,
    "count": 0,
    "updated": 0
  },
  {
    "id": "1ee6b758-302a-4f53-af0f-1de4e048746d",
    "data": [
      {
        "text": "Tôi có một vài câu hỏi",
        "userDefined": false
      }
    ],
    "isTemplate": false,
    "count": 0,
    "updated": 0
  },
  {
    "id": "65057ed8-df2b-43fd-b082-3ba11507d398",
    "data": [
      {
        "text": "Bạn có thể trả lời cho tôi không?",
        "userDefined": false
      }
    ],
    "isTemplate": false,
    "count": 0,
    "updated": 0
  },
  {
    "id": "3cbfd1ac-72c1-4cf6-91f7-613ecd90c412",
    "data": [
      {
        "text": "Bạn có thể giải đáp câu hỏi của tôi không?",
        "userDefined": false
      }
    ],
    "isTemplate": false,
    "count": 0,
    "updated": 0
  },
  {
    "id": "3ed1939c-a861-4694-8031-90cb0b6df894",
    "data": [
      {
        "text": "Giải đáp giúp tôi nhé",
        "userDefined": false
      }
    ],
    "isTemplate": false,
    "count": 0,
    "updated": 0
  },
  {
    "id": "d0bd2e67-e104-4e7d-97e6-df927ba22bab",
    "data": [
      {
        "text": "cho tôi hỏi",
        "userDefined": false
      }
    ],
    "isTemplate": false,
    "count": 0,
    "updated": 0
  },
  {
    "id": "63d0b6ff-578f-4995-ab07-8e966c82f3e2",
    "data": [
      {
        "text": "trả lời dùm tôi",
        "userDefined": false
      }
    ],
    "isTemplate": false,
    "count": 0,
    "updated": 0
  },
  {
    "id": "bf43a565-3c77-4124-8a4f-2b80d7617ab7",
    "data": [
      {
        "text": "Tôi có thắc mắc",
        "userDefined": false
      }
    ],
    "isTemplate": false,
    "count": 0,
    "updated": 0
  }
]