[
  {
    "id": "ad0555e3-012b-4673-8bf2-accf6d3ba6b2",
    "data": [
      {
        "text": "cá nhân ",
        "alias": "CustomerType",
        "meta": "@CustomerType",
        "userDefined": false
      }
    ],
    "isTemplate": false,
    "count": 0,
    "updated": 0
  },
  {
    "id": "157de3d4-6c81-414f-85c2-a1649c2b2b85",
    "data": [
      {
        "text": "doanh nghiệp ",
        "alias": "CustomerType",
        "meta": "@CustomerType",
        "userDefined": false
      }
    ],
    "isTemplate": false,
    "count": 0,
    "updated": 0
  },
  {
    "id": "8a504c56-bd3d-458f-8518-e7cb306da2c1",
    "data": [
      {
        "text": "ca nhan ",
        "alias": "CustomerType",
        "meta": "@CustomerType",
        "userDefined": false
      }
    ],
    "isTemplate": false,
    "count": 0,
    "updated": 0
  },
  {
    "id": "39e9f169-62fe-419e-b000-f14e11f4f11d",
    "data": [
      {
        "text": "doanh nghiep ",
        "alias": "CustomerType",
        "meta": "@CustomerType",
        "userDefined": false
      }
    ],
    "isTemplate": false,
    "count": 0,
    "updated": 0
  },
  {
    "id": "c39878b4-ee42-43e6-a20a-e8f9b32f884e",
    "data": [
      {
        "text": "cn ",
        "alias": "CustomerType",
        "meta": "@CustomerType",
        "userDefined": false
      }
    ],
    "isTemplate": false,
    "count": 0,
    "updated": 0
  },
  {
    "id": "b2823d81-0cd9-4468-86ed-cba06b4c7e04",
    "data": [
      {
        "text": "dn ",
        "alias": "CustomerType",
        "meta": "@CustomerType",
        "userDefined": false
      }
    ],
    "isTemplate": false,
    "count": 0,
    "updated": 0
  },
  {
    "id": "be67f0a6-fb70-4e2d-9f4d-141e4223adad",
    "data": [
      {
        "text": "cá nhan ",
        "alias": "CustomerType",
        "meta": "@CustomerType",
        "userDefined": false
      }
    ],
    "isTemplate": false,
    "count": 0,
    "updated": 0
  }
]