[
  {
    "id": "dbd37cdd-cad8-4cd6-af46-a61853c5a760",
    "data": [
      {
        "text": "Điều kiện ",
        "alias": "AccountSection",
        "meta": "@AccountSection",
        "userDefined": false
      },
      {
        "text": "của ",
        "userDefined": false
      },
      {
        "text": "Internet Banking ",
        "alias": "AccountName",
        "meta": "@AccountName",
        "userDefined": false
      },
      {
        "text": "cá nhân ",
        "alias": "CustomerType",
        "meta": "@CustomerType",
        "userDefined": false
      }
    ],
    "isTemplate": false,
    "count": 0,
    "updated": 0
  },
  {
    "id": "1675c960-dc6e-43e0-81da-8a621fd2ffdb",
    "data": [
      {
        "text": "Điều kiện ",
        "alias": "AccountSection",
        "meta": "@AccountSection",
        "userDefined": false
      },
      {
        "text": "của ",
        "userDefined": false
      },
      {
        "text": "Internet Banking ",
        "alias": "AccountName",
        "meta": "@AccountName",
        "userDefined": false
      }
    ],
    "isTemplate": false,
    "count": 0,
    "updated": 0
  },
  {
    "id": "fcae6d76-7c5b-4381-8eb9-edd490eb2453",
    "data": [
      {
        "text": "điều kiện thủ tục ",
        "alias": "AccountSection",
        "meta": "@AccountSection",
        "userDefined": false
      }
    ],
    "isTemplate": false,
    "count": 1,
    "updated": 0
  },
  {
    "id": "3e9ed53d-0848-4c6c-9c4f-0a0867ff4ade",
    "data": [
      {
        "text": "điều kiện thủ tục ",
        "alias": "AccountSection",
        "meta": "@AccountSection",
        "userDefined": false
      },
      {
        "text": "của ",
        "userDefined": false
      },
      {
        "text": "tiền gửi phù đổng ",
        "alias": "AccountName",
        "meta": "@AccountNameTG",
        "userDefined": false
      }
    ],
    "isTemplate": false,
    "count": 0,
    "updated": 0
  },
  {
    "id": "c46dbb68-ce53-42a4-86c1-e1e02cce03fc",
    "data": [
      {
        "text": "mở ",
        "userDefined": false
      },
      {
        "text": "tiền gửi có kỳ hạn ",
        "alias": "AccountName",
        "meta": "@AccountNameTG",
        "userDefined": false
      },
      {
        "text": "cần ",
        "userDefined": false
      },
      {
        "text": "thủ tục ",
        "alias": "AccountSection",
        "meta": "@AccountSection",
        "userDefined": false
      },
      {
        "text": "gì ",
        "userDefined": false
      }
    ],
    "isTemplate": false,
    "count": 0,
    "updated": 0
  },
  {
    "id": "05af4881-6923-4b41-814c-fe8f3450b0a4",
    "data": [
      {
        "text": "vay tiêu dùng tín chấp ",
        "alias": "AccountName",
        "meta": "@AccountNameTV",
        "userDefined": false
      },
      {
        "text": "cần ",
        "userDefined": false
      },
      {
        "text": "giấy tờ ",
        "alias": "AccountSection",
        "meta": "@AccountSection",
        "userDefined": false
      },
      {
        "text": "gì ",
        "userDefined": false
      }
    ],
    "isTemplate": false,
    "count": 0,
    "updated": 0
  },
  {
    "id": "9bdf2595-cf78-404e-887e-54998c1af87f",
    "data": [
      {
        "text": "vay mua nhà ",
        "alias": "AccountName",
        "meta": "@AccountNameTV",
        "userDefined": false
      },
      {
        "text": "có ",
        "userDefined": false
      },
      {
        "text": "quy định ",
        "alias": "AccountSection",
        "meta": "@AccountSection",
        "userDefined": false
      },
      {
        "text": "gì ",
        "userDefined": false
      }
    ],
    "isTemplate": false,
    "count": 0,
    "updated": 0
  },
  {
    "id": "266db1ab-7ece-4d1f-b7ef-04289e1f9bcc",
    "data": [
      {
        "text": "thủ tục ",
        "alias": "AccountSection",
        "meta": "@AccountSection",
        "userDefined": false
      },
      {
        "text": "để được ",
        "userDefined": false
      },
      {
        "text": "vay mua xe hơi ",
        "alias": "AccountName",
        "meta": "@AccountNameTV",
        "userDefined": false
      }
    ],
    "isTemplate": false,
    "count": 0,
    "updated": 0
  },
  {
    "id": "97174340-3120-470f-aa98-9987b508dbf6",
    "data": [
      {
        "text": "vay mua nhà ",
        "alias": "AccountName",
        "meta": "@AccountNameTV",
        "userDefined": false
      },
      {
        "text": "có ",
        "userDefined": false
      },
      {
        "text": "quy định ",
        "alias": "AccountSection",
        "meta": "@AccountSection",
        "userDefined": false
      },
      {
        "text": "gì ko ",
        "userDefined": false
      }
    ],
    "isTemplate": false,
    "count": 0,
    "updated": 0
  },
  {
    "id": "fccb22c3-59b1-4677-bdba-f029ad87d8d6",
    "data": [
      {
        "text": "thủ tục ",
        "alias": "AccountSection",
        "meta": "@AccountSection",
        "userDefined": false
      },
      {
        "text": "vay mua xe ô tô ",
        "alias": "AccountName",
        "meta": "@AccountNameTV",
        "userDefined": false
      },
      {
        "text": "là gì ",
        "userDefined": false
      }
    ],
    "isTemplate": false,
    "count": 0,
    "updated": 0
  },
  {
    "id": "14a1049c-6a53-485f-96b5-444019c8114b",
    "data": [
      {
        "text": "điều kiện ",
        "alias": "AccountSection",
        "meta": "@AccountSection",
        "userDefined": false
      },
      {
        "text": "của ",
        "userDefined": false
      },
      {
        "text": "dịch vụ chuyển tiền nội địa ",
        "alias": "AccountName",
        "meta": "@AccountNameDV",
        "userDefined": false
      },
      {
        "text": "doanh nghiệp ",
        "alias": "CustomerType",
        "meta": "@CustomerType",
        "userDefined": false
      }
    ],
    "isTemplate": false,
    "count": 0,
    "updated": 0
  },
  {
    "id": "bff92015-0f73-4fe0-a25f-52db761717f6",
    "data": [
      {
        "text": "dieu kien ",
        "alias": "AccountSection",
        "meta": "@AccountSection",
        "userDefined": false
      },
      {
        "text": "vay mua oto ",
        "alias": "AccountName",
        "meta": "@AccountNameTV",
        "userDefined": false
      }
    ],
    "isTemplate": false,
    "count": 0,
    "updated": 0
  },
  {
    "id": "4896de42-1272-4c16-934c-437f2ef2c3cc",
    "data": [
      {
        "text": "thủ tục ",
        "alias": "AccountSection",
        "meta": "@AccountSection",
        "userDefined": false
      },
      {
        "text": "vay cầm cố bằng thẻ tiền gửi ",
        "alias": "AccountName",
        "meta": "@AccountNameTV",
        "userDefined": false
      }
    ],
    "isTemplate": false,
    "count": 0,
    "updated": 0
  },
  {
    "id": "233c2f98-d9a3-4c32-b902-35b433251d17",
    "data": [
      {
        "text": "điều kiện ",
        "alias": "AccountSection",
        "meta": "@AccountSection",
        "userDefined": false
      },
      {
        "text": "tiền gửi có kỳ hạn ",
        "alias": "AccountName",
        "meta": "@AccountNameTG",
        "userDefined": false
      },
      {
        "text": "cá nhân ",
        "alias": "CustomerType",
        "meta": "@CustomerType",
        "userDefined": false
      }
    ],
    "isTemplate": false,
    "count": 0,
    "updated": 0
  },
  {
    "id": "a3d3e13c-217e-4db5-bd56-ba6af287508c",
    "data": [
      {
        "text": "thu tuc ",
        "alias": "AccountSection",
        "meta": "@AccountSection",
        "userDefined": false
      },
      {
        "text": "tien gui co ky han ",
        "alias": "AccountName",
        "meta": "@AccountNameTG",
        "userDefined": false
      },
      {
        "text": "ca nhan ",
        "alias": "CustomerType",
        "meta": "@CustomerType",
        "userDefined": false
      }
    ],
    "isTemplate": false,
    "count": 0,
    "updated": 0
  },
  {
    "id": "c445518a-308a-4cba-91b0-2fe26dabea8b",
    "data": [
      {
        "text": "điều kiện ",
        "alias": "AccountSection",
        "meta": "@AccountSection",
        "userDefined": false
      },
      {
        "text": "tiết kiệm có kỳ hạn ",
        "alias": "AccountName",
        "meta": "@AccountNameTG",
        "userDefined": false
      },
      {
        "text": "cá nhân ",
        "alias": "CustomerType",
        "meta": "@CustomerType",
        "userDefined": false
      }
    ],
    "isTemplate": false,
    "count": 0,
    "updated": 0
  },
  {
    "id": "86e8748e-5686-44ef-886f-c5adf98be7ff",
    "data": [
      {
        "text": "dieu kien ",
        "alias": "AccountSection",
        "meta": "@AccountSection",
        "userDefined": false
      },
      {
        "text": "tiet kiem co ky han ",
        "alias": "AccountName",
        "meta": "@AccountNameTG",
        "userDefined": false
      },
      {
        "text": "ca nhan ",
        "alias": "CustomerType",
        "meta": "@CustomerType",
        "userDefined": false
      }
    ],
    "isTemplate": false,
    "count": 0,
    "updated": 0
  },
  {
    "id": "2a13752e-6726-4800-8517-657f58a8771f",
    "data": [
      {
        "text": "điều kiện ",
        "alias": "AccountSection",
        "meta": "@AccountSection",
        "userDefined": false
      },
      {
        "text": "tiền gửi phù đổng ",
        "alias": "AccountName",
        "meta": "@AccountNameTG",
        "userDefined": false
      }
    ],
    "isTemplate": false,
    "count": 0,
    "updated": 0
  },
  {
    "id": "14df479a-bf51-4c2d-9e8b-b69719166aa5",
    "data": [
      {
        "text": "dieu kien ",
        "alias": "AccountSection",
        "meta": "@AccountSection",
        "userDefined": false
      },
      {
        "text": "tiet kiem phu dong ",
        "alias": "AccountName",
        "meta": "@AccountNameTG",
        "userDefined": false
      }
    ],
    "isTemplate": false,
    "count": 0,
    "updated": 0
  },
  {
    "id": "7699c354-bad0-4aa0-9dde-617482660058",
    "data": [
      {
        "text": "điều kiện ",
        "alias": "AccountSection",
        "meta": "@AccountSection",
        "userDefined": false
      },
      {
        "text": "tiền gửi tương lai ",
        "alias": "AccountName",
        "meta": "@AccountNameTG",
        "userDefined": false
      }
    ],
    "isTemplate": false,
    "count": 0,
    "updated": 0
  },
  {
    "id": "5ef24d32-3c7b-48e0-865b-f496bfe87677",
    "data": [
      {
        "text": "thủ tục ",
        "alias": "AccountSection",
        "meta": "@AccountSection",
        "userDefined": false
      },
      {
        "text": "tiết kiệm tương lai ",
        "alias": "AccountName",
        "meta": "@AccountNameTG",
        "userDefined": false
      }
    ],
    "isTemplate": false,
    "count": 0,
    "updated": 0
  },
  {
    "id": "a8cd9a30-9776-47c4-bb70-bc591c4ba89f",
    "data": [
      {
        "text": "dieu kien ",
        "alias": "AccountSection",
        "meta": "@AccountSection",
        "userDefined": false
      },
      {
        "text": "tien gui tuong lai ",
        "alias": "AccountName",
        "meta": "@AccountNameTG",
        "userDefined": false
      }
    ],
    "isTemplate": false,
    "count": 0,
    "updated": 0
  },
  {
    "id": "bb03f801-9873-40cf-9a12-5fc77a2c6c35",
    "data": [
      {
        "text": "toi muon biet ",
        "userDefined": false
      },
      {
        "text": "thu tuc ",
        "alias": "AccountSection",
        "meta": "@AccountSection",
        "userDefined": false
      },
      {
        "text": "tiet kiem tuong lai ",
        "alias": "AccountName",
        "meta": "@AccountNameTG",
        "userDefined": false
      }
    ],
    "isTemplate": false,
    "count": 0,
    "updated": 0
  },
  {
    "id": "df18bc03-dc5a-4247-9c28-c6d75bfdd7eb",
    "data": [
      {
        "text": "toi muon biet ",
        "userDefined": false
      },
      {
        "text": "dieu kien ",
        "alias": "AccountSection",
        "meta": "@AccountSection",
        "userDefined": false
      },
      {
        "text": "ti\ben gui tuong lai ",
        "alias": "AccountName",
        "meta": "@AccountNameTG",
        "userDefined": false
      }
    ],
    "isTemplate": false,
    "count": 0,
    "updated": 0
  },
  {
    "id": "655495f1-b0be-4ecc-8dd9-9b8f80da3b36",
    "data": [
      {
        "text": "vay mua chung cư ",
        "alias": "AccountName",
        "meta": "@AccountNameTV",
        "userDefined": false
      },
      {
        "text": "cần có ",
        "userDefined": false
      },
      {
        "text": "điều kiện ",
        "alias": "AccountSection",
        "meta": "@AccountSection",
        "userDefined": false
      },
      {
        "text": "gì ",
        "userDefined": false
      }
    ],
    "isTemplate": false,
    "count": 0,
    "updated": 0
  },
  {
    "id": "44adcc28-1800-476b-a9ae-3ef116195283",
    "data": [
      {
        "text": "thủ tục ",
        "alias": "AccountSection",
        "meta": "@AccountSection",
        "userDefined": false
      },
      {
        "text": "để được ",
        "userDefined": false
      },
      {
        "text": "vay không thế chấp ",
        "alias": "AccountName",
        "meta": "@AccountNameTV",
        "userDefined": false
      }
    ],
    "isTemplate": false,
    "count": 0,
    "updated": 0
  },
  {
    "id": "59481d71-bce7-41e0-9a87-ded8c96c23ce",
    "data": [
      {
        "text": "dieu kien ",
        "alias": "AccountSection",
        "meta": "@AccountSection",
        "userDefined": false
      },
      {
        "text": "de ",
        "userDefined": false
      },
      {
        "text": "vay khong tai san dam bao ",
        "alias": "AccountName",
        "meta": "@AccountNameTV",
        "userDefined": false
      },
      {
        "text": "la gi ",
        "userDefined": false
      }
    ],
    "isTemplate": false,
    "count": 0,
    "updated": 0
  },
  {
    "id": "d0f09a93-ac15-4053-b637-903b92da929b",
    "data": [
      {
        "text": "điều kiện ",
        "alias": "AccountSection",
        "meta": "@AccountSection",
        "userDefined": false
      },
      {
        "text": "vay không tài sản đảm bảo ",
        "alias": "AccountName",
        "meta": "@AccountNameTV",
        "userDefined": false
      }
    ],
    "isTemplate": false,
    "count": 0,
    "updated": 0
  },
  {
    "id": "70299f7e-c6fb-455e-9baf-7bb90516568d",
    "data": [
      {
        "text": "điều kiện ",
        "alias": "AccountSection",
        "meta": "@AccountSection",
        "userDefined": false
      },
      {
        "text": "tài khoản thanh toán combo 1 ",
        "alias": "AccountName",
        "meta": "@AccountNameTK",
        "userDefined": false
      }
    ],
    "isTemplate": false,
    "count": 0,
    "updated": 0
  },
  {
    "id": "fb6580be-c48b-43e6-a82b-6117b17fb157",
    "data": [
      {
        "text": "thủ tục ",
        "alias": "AccountSection",
        "meta": "@AccountSection",
        "userDefined": false
      },
      {
        "text": "tài khoản thanh toán combo 1 ",
        "alias": "AccountName",
        "meta": "@AccountNameTK",
        "userDefined": false
      }
    ],
    "isTemplate": false,
    "count": 0,
    "updated": 0
  },
  {
    "id": "19c9f636-174c-410e-8148-8dc8dbb31d63",
    "data": [
      {
        "text": "quy định ",
        "alias": "AccountSection",
        "meta": "@AccountSection",
        "userDefined": false
      },
      {
        "text": "tài khoản thanh toán combo 1 ",
        "alias": "AccountName",
        "meta": "@AccountNameTK",
        "userDefined": false
      }
    ],
    "isTemplate": false,
    "count": 0,
    "updated": 0
  },
  {
    "id": "664f5e68-16b4-49a3-b5e4-74ea46ac921c",
    "data": [
      {
        "text": "điều kiện ",
        "alias": "AccountSection",
        "meta": "@AccountSection",
        "userDefined": false
      },
      {
        "text": "tài khoản thanh toán combo 2 ",
        "alias": "AccountName",
        "meta": "@AccountNameTK",
        "userDefined": false
      }
    ],
    "isTemplate": false,
    "count": 0,
    "updated": 0
  },
  {
    "id": "ba23c8ec-238f-49c7-a0bc-323b59ea7823",
    "data": [
      {
        "text": "thủ tục ",
        "alias": "AccountSection",
        "meta": "@AccountSection",
        "userDefined": false
      },
      {
        "text": "tài khoản thanh toán combo 2 ",
        "alias": "AccountName",
        "meta": "@AccountNameTK",
        "userDefined": false
      }
    ],
    "isTemplate": false,
    "count": 0,
    "updated": 0
  },
  {
    "id": "47db11e1-da19-4a80-8646-dbfbd491a60e",
    "data": [
      {
        "text": "quy định ",
        "alias": "AccountSection",
        "meta": "@AccountSection",
        "userDefined": false
      },
      {
        "text": "tài khoản thanh toán combo 2 ",
        "alias": "AccountName",
        "meta": "@AccountNameTK",
        "userDefined": false
      }
    ],
    "isTemplate": false,
    "count": 0,
    "updated": 0
  },
  {
    "id": "3b35ad18-4b6d-4cad-a872-855c899c2b28",
    "data": [
      {
        "text": "điều kiện ",
        "alias": "AccountSection",
        "meta": "@AccountSection",
        "userDefined": false
      },
      {
        "text": "tài khoản thanh toán combo boss ",
        "alias": "AccountName",
        "meta": "@AccountNameTK",
        "userDefined": false
      }
    ],
    "isTemplate": false,
    "count": 0,
    "updated": 0
  },
  {
    "id": "f367b1f7-74b7-42b5-bfd3-b183b02bdf10",
    "data": [
      {
        "text": "thủ tục ",
        "alias": "AccountSection",
        "meta": "@AccountSection",
        "userDefined": false
      },
      {
        "text": "tài khoản thanh toán combo boss ",
        "alias": "AccountName",
        "meta": "@AccountNameTK",
        "userDefined": false
      }
    ],
    "isTemplate": false,
    "count": 0,
    "updated": 0
  },
  {
    "id": "987ab33c-54d5-4603-926e-4935f4fc76b3",
    "data": [
      {
        "text": "quy định ",
        "alias": "AccountSection",
        "meta": "@AccountSection",
        "userDefined": false
      },
      {
        "text": "tài khoản thanh toán combo boss ",
        "alias": "AccountName",
        "meta": "@AccountNameTK",
        "userDefined": false
      }
    ],
    "isTemplate": false,
    "count": 0,
    "updated": 0
  },
  {
    "id": "6cb2dca4-be9d-49e2-85e5-5fe9ff5bdcec",
    "data": [
      {
        "text": "vay mua xe ô tô ",
        "alias": "AccountName",
        "meta": "@AccountNameTV",
        "userDefined": false
      },
      {
        "text": "thủ tục ",
        "alias": "AccountSection",
        "meta": "@AccountSection",
        "userDefined": false
      },
      {
        "text": "cần gì ",
        "userDefined": false
      }
    ],
    "isTemplate": false,
    "count": 0,
    "updated": 0
  },
  {
    "id": "989c5822-44b2-4183-a837-30dd00c8c935",
    "data": [
      {
        "text": "thủ tục ",
        "alias": "AccountSection",
        "meta": "@AccountSection",
        "userDefined": false
      },
      {
        "text": "vay ",
        "userDefined": false
      }
    ],
    "isTemplate": false,
    "count": 0,
    "updated": 0
  },
  {
    "id": "78ed415a-2d00-4512-baa7-0fb7d0c6d8f4",
    "data": [
      {
        "text": "thủ tục ",
        "alias": "AccountSection",
        "meta": "@AccountSection",
        "userDefined": false
      },
      {
        "text": "vay của ",
        "userDefined": false
      },
      {
        "text": "vay thấu chi tài khoản thanh toán ",
        "alias": "AccountName",
        "meta": "@AccountNameTV",
        "userDefined": false
      },
      {
        "text": "doanh nghiệp ",
        "alias": "CustomerType",
        "meta": "@CustomerType",
        "userDefined": false
      }
    ],
    "isTemplate": false,
    "count": 0,
    "updated": 0
  },
  {
    "id": "7a79eb03-ddbe-440f-b496-7a20e00454f9",
    "data": [
      {
        "text": "thủ tục ",
        "alias": "AccountSection",
        "meta": "@AccountSection",
        "userDefined": false
      },
      {
        "text": "vay của ",
        "userDefined": false
      },
      {
        "text": "vay cấp tín dụng nhanh dành cho doanh nghiệp nhỏ ",
        "alias": "AccountName",
        "meta": "@AccountNameTV",
        "userDefined": false
      },
      {
        "text": "doanh nghiệp ",
        "alias": "CustomerType",
        "meta": "@CustomerType",
        "userDefined": false
      }
    ],
    "isTemplate": false,
    "count": 0,
    "updated": 0
  },
  {
    "id": "0e67070b-59e3-4b63-bd80-5772854cd363",
    "data": [
      {
        "text": "điều kiện ",
        "alias": "AccountSection",
        "meta": "@AccountSection",
        "userDefined": false
      },
      {
        "text": "để được ",
        "userDefined": false
      },
      {
        "text": "vay thấu chi tk thanh toán ",
        "alias": "AccountName",
        "meta": "@AccountNameTV",
        "userDefined": false
      }
    ],
    "isTemplate": false,
    "count": 0,
    "updated": 0
  },
  {
    "id": "dd0bd0e5-766a-4113-a8de-541a29eb6c76",
    "data": [
      {
        "text": "vay cấp td nhanh cho dn nhỏ ",
        "alias": "AccountName",
        "meta": "@AccountNameTV",
        "userDefined": false
      },
      {
        "text": "có những ",
        "userDefined": false
      },
      {
        "text": "quy định ",
        "alias": "AccountSection",
        "meta": "@AccountSection",
        "userDefined": false
      },
      {
        "text": "nào ",
        "userDefined": false
      }
    ],
    "isTemplate": false,
    "count": 0,
    "updated": 0
  },
  {
    "id": "894a1b5d-7575-4a7e-8eb1-7903b97df220",
    "data": [
      {
        "text": "quy dinh ",
        "alias": "AccountSection",
        "meta": "@AccountSection",
        "userDefined": false
      },
      {
        "text": "khi ",
        "userDefined": false
      },
      {
        "text": "vay thau chi tk thanh toan ",
        "alias": "AccountSection",
        "meta": "@AccountSection",
        "userDefined": false
      }
    ],
    "isTemplate": false,
    "count": 0,
    "updated": 0
  },
  {
    "id": "26e44543-5d33-46c3-8f3a-83d5925e94a1",
    "data": [
      {
        "text": "vay thau chi tai khoan thanh toan ",
        "alias": "AccountName",
        "meta": "@AccountNameTV",
        "userDefined": false
      },
      {
        "text": "co ",
        "userDefined": false
      },
      {
        "text": "yeu cau ",
        "alias": "AccountSection",
        "meta": "@AccountSection",
        "userDefined": false
      },
      {
        "text": "gi ko ",
        "userDefined": false
      }
    ],
    "isTemplate": false,
    "count": 0,
    "updated": 0
  },
  {
    "id": "5c927683-f635-491f-b84c-fc6513af5cef",
    "data": [
      {
        "text": "vay cấp tín dụng nhanh cho dn nhỏ ",
        "alias": "AccountName",
        "meta": "@AccountNameTV",
        "userDefined": false
      },
      {
        "text": "có ",
        "userDefined": false
      },
      {
        "text": "yêu cầu ",
        "alias": "AccountSection",
        "meta": "@AccountSection",
        "userDefined": false
      },
      {
        "text": "gì ",
        "userDefined": false
      }
    ],
    "isTemplate": false,
    "count": 0,
    "updated": 0
  },
  {
    "id": "4a21b1ec-27fb-433a-ade6-f0dba2d6595b",
    "data": [
      {
        "text": "vay thấu chi tktt ",
        "alias": "AccountName",
        "meta": "@AccountNameTV",
        "userDefined": false
      },
      {
        "text": "có ",
        "userDefined": false
      },
      {
        "text": "bắt buộc ",
        "alias": "AccountSection",
        "meta": "@AccountSection",
        "userDefined": false
      },
      {
        "text": "gì ko ",
        "userDefined": false
      }
    ],
    "isTemplate": false,
    "count": 0,
    "updated": 0
  },
  {
    "id": "1958a225-a1f2-414c-ad58-05de072bf334",
    "data": [
      {
        "text": "điều kiện ",
        "alias": "AccountSection",
        "meta": "@AccountSection",
        "userDefined": false
      },
      {
        "text": "của ",
        "userDefined": false
      },
      {
        "text": "tiền gửi có kỳ hạn ",
        "alias": "AccountName",
        "meta": "@AccountNameTG",
        "userDefined": false
      },
      {
        "text": "doanh nghiệp ",
        "alias": "CustomerType",
        "meta": "@CustomerType",
        "userDefined": false
      }
    ],
    "isTemplate": false,
    "count": 0,
    "updated": 0
  },
  {
    "id": "b6c70d6b-7432-445e-93fe-92929bd0148c",
    "data": [
      {
        "text": "thủ tục ",
        "alias": "AccountSection",
        "meta": "@AccountSection",
        "userDefined": false
      },
      {
        "text": "của ",
        "userDefined": false
      },
      {
        "text": "tiền gửi có kỳ hạn ",
        "alias": "AccountName",
        "meta": "@AccountNameTG",
        "userDefined": false
      },
      {
        "text": "doanh nghiệp ",
        "alias": "CustomerType",
        "meta": "@CustomerType",
        "userDefined": false
      }
    ],
    "isTemplate": false,
    "count": 0,
    "updated": 0
  },
  {
    "id": "0712361a-a5ef-447f-b7f2-3dedd1149e9e",
    "data": [
      {
        "text": "yêu cầu ",
        "alias": "AccountSection",
        "meta": "@AccountSection",
        "userDefined": false
      },
      {
        "text": "tiền gửi có kỳ hạn ",
        "alias": "AccountName",
        "meta": "@AccountNameTG",
        "userDefined": false
      },
      {
        "text": "doanh nghiệp ",
        "alias": "CustomerType",
        "meta": "@CustomerType",
        "userDefined": false
      }
    ],
    "isTemplate": false,
    "count": 0,
    "updated": 0
  },
  {
    "id": "28009be0-a7dc-4b55-9503-8ad5fc5fa359",
    "data": [
      {
        "text": "điều kiện ",
        "alias": "AccountSection",
        "meta": "@AccountSection",
        "userDefined": false
      },
      {
        "text": "thủ tục của ",
        "userDefined": false
      },
      {
        "text": "dịch vụ chuyển tiền nội địa ",
        "alias": "AccountName",
        "meta": "@AccountNameDV",
        "userDefined": false
      },
      {
        "text": "doanh nghiệp ",
        "alias": "CustomerType",
        "meta": "@CustomerType",
        "userDefined": false
      }
    ],
    "isTemplate": false,
    "count": 0,
    "updated": 0
  },
  {
    "id": "a11042e4-6d06-41f8-93cf-55a5ea864b56",
    "data": [
      {
        "text": "sử dụng dv ",
        "userDefined": false
      },
      {
        "text": "chuyển tiền trong nước ",
        "alias": "AccountName",
        "meta": "@AccountNameDV",
        "userDefined": false
      },
      {
        "text": "có những ",
        "userDefined": false
      },
      {
        "text": "quy định ",
        "alias": "AccountSection",
        "meta": "@AccountSection",
        "userDefined": false
      },
      {
        "text": "nào ",
        "userDefined": false
      }
    ],
    "isTemplate": false,
    "count": 0,
    "updated": 0
  },
  {
    "id": "0302c67c-ed87-41b8-87e6-9d0f25796eca",
    "data": [
      {
        "text": "thủ tục ",
        "alias": "AccountSection",
        "meta": "@AccountSection",
        "userDefined": false
      },
      {
        "text": "đăng ký của dịch vụ ",
        "userDefined": false
      },
      {
        "text": "hoá đơn điện tử ",
        "alias": "AccountName",
        "meta": "@AccountNameDV",
        "userDefined": false
      },
      {
        "text": "doanh nghiệp ",
        "alias": "AccountName",
        "meta": "@AccountNameTG",
        "userDefined": false
      }
    ],
    "isTemplate": false,
    "count": 0,
    "updated": 0
  },
  {
    "id": "25f9fcf4-c12d-466f-88c5-27b0ff6b6e2a",
    "data": [
      {
        "text": "su dung dv ",
        "userDefined": false
      },
      {
        "text": "vat online ",
        "alias": "AccountName",
        "meta": "@AccountNameDV",
        "userDefined": false
      },
      {
        "text": "can ",
        "userDefined": false
      },
      {
        "text": "dieu kien ",
        "alias": "AccountSection",
        "meta": "@AccountSection",
        "userDefined": false
      },
      {
        "text": "gi ",
        "userDefined": false
      }
    ],
    "isTemplate": false,
    "count": 0,
    "updated": 0
  },
  {
    "id": "a8a8dbf2-c4d7-4900-8546-20f0cf78549a",
    "data": [
      {
        "text": "đăng ký dùng ",
        "userDefined": false
      },
      {
        "text": "hoá đơn điện tử ",
        "alias": "AccountName",
        "meta": "@AccountNameDV",
        "userDefined": false
      },
      {
        "text": "có ",
        "userDefined": false
      },
      {
        "text": "quy định ",
        "alias": "AccountSection",
        "meta": "@AccountSection",
        "userDefined": false
      },
      {
        "text": "nào ko ",
        "userDefined": false
      }
    ],
    "isTemplate": false,
    "count": 0,
    "updated": 0
  },
  {
    "id": "5faf3aab-19f0-4f72-8f8a-956cbd409c31",
    "data": [
      {
        "text": "thủ tục ",
        "alias": "AccountSection",
        "meta": "@AccountSection",
        "userDefined": false
      },
      {
        "text": "đăng ký của dịch vụ ",
        "userDefined": false
      },
      {
        "text": "cấp số tk qua sở kế hoạch đầu tư ",
        "alias": "AccountName",
        "meta": "@AccountNameDV",
        "userDefined": false
      },
      {
        "text": "doanh nghiệp ",
        "alias": "CustomerType",
        "meta": "@CustomerType",
        "userDefined": false
      }
    ],
    "isTemplate": false,
    "count": 0,
    "updated": 0
  },
  {
    "id": "c892213b-d390-4da5-a868-4fd7e968bb42",
    "data": [
      {
        "text": "điều kiện ",
        "alias": "AccountSection",
        "meta": "@AccountSection",
        "userDefined": false
      },
      {
        "text": "sử dụng ",
        "userDefined": false
      },
      {
        "text": "cấp số tài khoản qua sở khđt ",
        "alias": "AccountName",
        "meta": "@AccountNameDV",
        "userDefined": false
      }
    ],
    "isTemplate": false,
    "count": 0,
    "updated": 0
  },
  {
    "id": "57c0e763-9f36-4897-869a-88b04d6973c2",
    "data": [
      {
        "text": "cap so tk qua so khđt ",
        "alias": "AccountName",
        "meta": "@AccountNameDV",
        "userDefined": false
      },
      {
        "text": "can ",
        "userDefined": false
      },
      {
        "text": "dieu kien ",
        "alias": "AccountSection",
        "meta": "@AccountSection",
        "userDefined": false
      },
      {
        "text": "gi ",
        "userDefined": false
      }
    ],
    "isTemplate": false,
    "count": 0,
    "updated": 0
  },
  {
    "id": "70b28fd2-a4e3-4dda-b600-8287553f7f90",
    "data": [
      {
        "text": "tiết kiệm cho bé ",
        "alias": "AccountName",
        "meta": "@AccountNameTG",
        "userDefined": false
      },
      {
        "text": "thì cần ",
        "userDefined": false
      },
      {
        "text": "thủ tục ",
        "alias": "AccountSection",
        "meta": "@AccountSection",
        "userDefined": false
      },
      {
        "text": "như thế nào ",
        "userDefined": false
      }
    ],
    "isTemplate": false,
    "count": 0,
    "updated": 0
  },
  {
    "id": "67675921-a07f-4cf6-a812-2dbe186c2c19",
    "data": [
      {
        "text": "điều kiện ",
        "alias": "AccountSection",
        "meta": "@AccountSection",
        "userDefined": false
      },
      {
        "text": "của ",
        "userDefined": false
      },
      {
        "text": "tài khoản thanh toán ",
        "alias": "AccountName",
        "meta": "@AccountNameTK",
        "userDefined": false
      },
      {
        "text": "doanh nghiệp ",
        "alias": "CustomerType",
        "meta": "@CustomerType",
        "userDefined": false
      }
    ],
    "isTemplate": false,
    "count": 0,
    "updated": 0
  },
  {
    "id": "3d9ebcff-f101-4c10-9f56-99cc22bf605a",
    "data": [
      {
        "text": "thủ tục ",
        "alias": "AccountSection",
        "meta": "@AccountSection",
        "userDefined": false
      },
      {
        "text": "của ",
        "userDefined": false
      },
      {
        "text": "tài khoản thanh toán ",
        "alias": "AccountName",
        "meta": "@AccountNameTK",
        "userDefined": false
      },
      {
        "text": "doanh nghiệp ",
        "alias": "CustomerType",
        "meta": "@CustomerType",
        "userDefined": false
      }
    ],
    "isTemplate": false,
    "count": 0,
    "updated": 0
  },
  {
    "id": "86013ca4-a7a2-4c55-ade7-5d6719cc893f",
    "data": [
      {
        "text": "quy định ",
        "alias": "AccountSection",
        "meta": "@AccountSection",
        "userDefined": false
      },
      {
        "text": "của ",
        "userDefined": false
      },
      {
        "text": "tài khoản thanh toán ",
        "alias": "AccountName",
        "meta": "@AccountNameTK",
        "userDefined": false
      },
      {
        "text": "doanh nghiệp ",
        "alias": "CustomerType",
        "meta": "@CustomerType",
        "userDefined": false
      }
    ],
    "isTemplate": false,
    "count": 0,
    "updated": 0
  },
  {
    "id": "90b23e21-c135-443d-b45f-8d2f24e93465",
    "data": [
      {
        "text": "yêu cầu ",
        "alias": "AccountSection",
        "meta": "@AccountSection",
        "userDefined": false
      },
      {
        "text": "của ",
        "userDefined": false
      },
      {
        "text": "tài khoản thanh toán ",
        "alias": "AccountName",
        "meta": "@AccountNameTK",
        "userDefined": false
      },
      {
        "text": "doanh nghiệp ",
        "alias": "CustomerType",
        "meta": "@CustomerType",
        "userDefined": false
      }
    ],
    "isTemplate": false,
    "count": 0,
    "updated": 0
  },
  {
    "id": "ef71fc8c-18fd-4794-9ee3-140d5e882ea4",
    "data": [
      {
        "text": "thủ tục gửi ",
        "alias": "AccountSection",
        "meta": "@AccountSection",
        "userDefined": false
      },
      {
        "text": "tiền gửi có kỳ hạn ",
        "alias": "AccountName",
        "meta": "@AccountNameTG",
        "userDefined": false
      },
      {
        "text": "doanh nghiệp ",
        "alias": "CustomerType",
        "meta": "@CustomerType",
        "userDefined": false
      }
    ],
    "isTemplate": false,
    "count": 1,
    "updated": 0
  },
  {
    "id": "00164865-b898-4e11-968e-e11ed276f46d",
    "data": [
      {
        "text": "điều kiện thủ tục ",
        "alias": "AccountSection",
        "meta": "@AccountSection",
        "userDefined": false
      },
      {
        "text": "của ",
        "userDefined": false
      },
      {
        "text": "tiền gửi có kỳ hạn ",
        "alias": "AccountName",
        "meta": "@AccountNameTG",
        "userDefined": false
      },
      {
        "text": "cá nhân ",
        "alias": "CustomerType",
        "meta": "@CustomerType",
        "userDefined": false
      }
    ],
    "isTemplate": false,
    "count": 0,
    "updated": 0
  },
  {
    "id": "e462aa8c-69c3-4fd0-b153-24deb0efff23",
    "data": [
      {
        "text": "thủ tục ",
        "alias": "AccountSection",
        "meta": "@AccountSection",
        "userDefined": false
      },
      {
        "text": "đăng ký của dịch vụ ",
        "userDefined": false
      },
      {
        "text": "nộp thuế online ",
        "alias": "AccountName",
        "meta": "@AccountNameDV",
        "userDefined": false
      }
    ],
    "isTemplate": false,
    "count": 0,
    "updated": 0
  },
  {
    "id": "a39162df-1f7b-41b5-ac9b-9714008cf973",
    "data": [
      {
        "text": "thủ tục ",
        "alias": "AccountSection",
        "meta": "@AccountSection",
        "userDefined": false
      },
      {
        "text": "đăng ký của dịch vụ ",
        "userDefined": false
      },
      {
        "text": "thu ngân sách ",
        "alias": "AccountName",
        "meta": "@AccountNameDV",
        "userDefined": false
      },
      {
        "text": "nhà nước ",
        "userDefined": false
      }
    ],
    "isTemplate": false,
    "count": 0,
    "updated": 0
  },
  {
    "id": "4bf5d569-534b-49c7-9c9e-5e446b8533f1",
    "data": [
      {
        "text": "nop thue truc tuyen ",
        "alias": "AccountName",
        "meta": "@AccountNameDV",
        "userDefined": false
      },
      {
        "text": "co nhung ",
        "userDefined": false
      },
      {
        "text": "quy dinh ",
        "alias": "AccountSection",
        "meta": "@AccountSection",
        "userDefined": false
      },
      {
        "text": "gi ",
        "userDefined": false
      }
    ],
    "isTemplate": false,
    "count": 0,
    "updated": 0
  },
  {
    "id": "8efb72aa-efbb-4a18-8831-df9a35212450",
    "data": [
      {
        "text": "yeu cau ",
        "alias": "AccountSection",
        "meta": "@AccountSection",
        "userDefined": false
      },
      {
        "text": "khi ",
        "userDefined": false
      },
      {
        "text": "thu nsnn ",
        "alias": "AccountName",
        "meta": "@AccountNameDV",
        "userDefined": false
      }
    ],
    "isTemplate": false,
    "count": 0,
    "updated": 0
  },
  {
    "id": "b9ac7c6e-775c-4125-a22a-e03b65e22033",
    "data": [
      {
        "text": "thanh toán ",
        "userDefined": false
      },
      {
        "text": "thuế nội địa ",
        "alias": "AccountName",
        "meta": "@AccountNameDV",
        "userDefined": false
      },
      {
        "text": "trực tuyến có những ",
        "userDefined": false
      },
      {
        "text": "điều kiện ",
        "alias": "AccountSection",
        "meta": "@AccountSection",
        "userDefined": false
      },
      {
        "text": "nào ",
        "userDefined": false
      }
    ],
    "isTemplate": false,
    "count": 0,
    "updated": 0
  },
  {
    "id": "dcf25515-2b9d-404f-bd4d-22e46b1d6133",
    "data": [
      {
        "text": "thủ tục ",
        "alias": "AccountSection",
        "meta": "@AccountSection",
        "userDefined": false
      },
      {
        "text": "để sử dụng dv ",
        "userDefined": false
      },
      {
        "text": "thu nsnn ",
        "alias": "AccountName",
        "meta": "@AccountNameDV",
        "userDefined": false
      }
    ],
    "isTemplate": false,
    "count": 0,
    "updated": 0
  },
  {
    "id": "c70581ca-fa5b-4e1d-93ce-2abee41befe2",
    "data": [
      {
        "text": "thu tuc ",
        "alias": "AccountSection",
        "meta": "@AccountSection",
        "userDefined": false
      },
      {
        "text": "can thuc hien de ",
        "userDefined": false
      },
      {
        "text": "nop thue qua nsnn ",
        "alias": "AccountName",
        "meta": "@AccountNameDV",
        "userDefined": false
      }
    ],
    "isTemplate": false,
    "count": 0,
    "updated": 0
  },
  {
    "id": "2bf06c32-22cc-4722-8835-3360e0a89300",
    "data": [
      {
        "text": "thủ tục mở ",
        "alias": "AccountSection",
        "meta": "@AccountSection",
        "userDefined": false
      },
      {
        "text": "của ",
        "userDefined": false
      },
      {
        "text": "Tài khoản vốn đầu tư trực tiếp nước ngoài vào Việt Nam ",
        "alias": "AccountName",
        "meta": "@AccountNameTK",
        "userDefined": false
      }
    ],
    "isTemplate": false,
    "count": 0,
    "updated": 0
  },
  {
    "id": "896cb8fc-94d6-4cfc-81c9-3c4d431478cb",
    "data": [
      {
        "text": "điều kiện ",
        "alias": "AccountSection",
        "meta": "@AccountSection",
        "userDefined": false
      },
      {
        "text": "của ",
        "userDefined": false
      },
      {
        "text": "Tài khoản vốn đầu tư trực tiếp nước ngoài vào Việt Nam ",
        "alias": "AccountName",
        "meta": "@AccountNameTK",
        "userDefined": false
      }
    ],
    "isTemplate": false,
    "count": 0,
    "updated": 0
  },
  {
    "id": "243c6674-dfbd-4ba6-9561-34beaab7a930",
    "data": [
      {
        "text": "thủ tục ",
        "alias": "AccountSection",
        "meta": "@AccountSection",
        "userDefined": false
      },
      {
        "text": "của ",
        "userDefined": false
      },
      {
        "text": "Tài khoản vốn đầu tư trực tiếp nước ngoài vào Việt Nam ",
        "alias": "AccountName",
        "meta": "@AccountNameTK",
        "userDefined": false
      }
    ],
    "isTemplate": false,
    "count": 0,
    "updated": 0
  },
  {
    "id": "a8baafdb-33e2-4fda-a080-a97938eb15db",
    "data": [
      {
        "text": "thủ tục mở ",
        "alias": "AccountSection",
        "meta": "@AccountSection",
        "userDefined": false
      },
      {
        "text": "của ",
        "userDefined": false
      },
      {
        "text": "tài khoản thanh toán ",
        "alias": "AccountName",
        "meta": "@AccountNameTK",
        "userDefined": false
      },
      {
        "text": "doanh nghiệp ",
        "alias": "CustomerType",
        "meta": "@CustomerType",
        "userDefined": false
      }
    ],
    "isTemplate": false,
    "count": 1,
    "updated": 0
  },
  {
    "id": "c3317380-a210-4eb9-9e4f-fcb79a543537",
    "data": [
      {
        "text": "điều kiện ",
        "alias": "AccountSection",
        "meta": "@AccountSection",
        "userDefined": false
      },
      {
        "text": "mở gói ",
        "userDefined": false
      },
      {
        "text": "tài khoản combo 1 ",
        "alias": "AccountName",
        "meta": "@AccountNameTK",
        "userDefined": false
      }
    ],
    "isTemplate": false,
    "count": 0,
    "updated": 0
  },
  {
    "id": "7a6b972d-8678-48c8-a591-de520c25bb1c",
    "data": [
      {
        "text": "Điều kiện ",
        "alias": "AccountSection",
        "meta": "@AccountSection",
        "userDefined": false
      },
      {
        "text": "thủ tục gửi vay mở của ",
        "userDefined": false
      },
      {
        "text": "tài khoản thanh toán ",
        "alias": "AccountName",
        "meta": "@AccountNameTK",
        "userDefined": false
      },
      {
        "text": "cá nhân ",
        "alias": "CustomerType",
        "meta": "@CustomerType",
        "userDefined": false
      }
    ],
    "isTemplate": false,
    "count": 0,
    "updated": 0
  },
  {
    "id": "3ef12fec-022e-446d-97b5-2826137a094a",
    "data": [
      {
        "text": "Điều kiện ",
        "alias": "AccountSection",
        "meta": "@AccountSection",
        "userDefined": false
      },
      {
        "text": "thủ tục gửi vay mở của ",
        "userDefined": false
      },
      {
        "text": "tiền gửi có kỳ hạn ",
        "alias": "AccountName",
        "meta": "@AccountName",
        "userDefined": false
      },
      {
        "text": "doanh nghiệp ",
        "alias": "CustomerType",
        "meta": "@CustomerType",
        "userDefined": false
      }
    ],
    "isTemplate": false,
    "count": 0,
    "updated": 0
  },
  {
    "id": "72dba9ae-3174-4912-b869-d954bbb88d7a",
    "data": [
      {
        "text": "thủ tục ",
        "alias": "AccountSection",
        "meta": "@AccountSection",
        "userDefined": false
      },
      {
        "text": "vay cấp tín dụng nhanh dành cho sme ",
        "alias": "AccountName",
        "meta": "@AccountNameTV",
        "userDefined": false
      }
    ],
    "isTemplate": false,
    "count": 0,
    "updated": 0
  },
  {
    "id": "a360964c-a5db-46fd-b318-d05985ded5a3",
    "data": [
      {
        "text": "thủ tục ",
        "alias": "AccountSection",
        "meta": "@AccountSection",
        "userDefined": false
      },
      {
        "text": "đăng ký dịch vụ ",
        "userDefined": false
      },
      {
        "text": "cấp số tk qua sở khdt ",
        "alias": "AccountName",
        "meta": "@AccountNameDV",
        "userDefined": false
      }
    ],
    "isTemplate": false,
    "count": 0,
    "updated": 0
  },
  {
    "id": "bbcc54a7-4599-491b-b01e-ca3b21ba220b",
    "data": [
      {
        "text": "thủ tục ",
        "alias": "AccountSection",
        "meta": "@AccountSection",
        "userDefined": false
      },
      {
        "text": "đăng ký dv ",
        "userDefined": false
      },
      {
        "text": "hoá đơn điện tử ",
        "alias": "AccountName",
        "meta": "@AccountNameDV",
        "userDefined": false
      }
    ],
    "isTemplate": false,
    "count": 0,
    "updated": 0
  },
  {
    "id": "aa65a264-fb13-4b29-b33b-2ce4c86b7dd8",
    "data": [
      {
        "text": "thu tuc ",
        "alias": "AccountSection",
        "meta": "@AccountSection",
        "userDefined": false
      },
      {
        "text": "dk ",
        "userDefined": false
      },
      {
        "text": "VAT online ",
        "alias": "AccountName",
        "meta": "@AccountNameDV",
        "userDefined": false
      }
    ],
    "isTemplate": false,
    "count": 0,
    "updated": 0
  },
  {
    "id": "b3c9c0d9-9a28-49c0-9ea2-bb3164c794af",
    "data": [
      {
        "text": "thu tuc ",
        "alias": "AccountSection",
        "meta": "@AccountSection",
        "userDefined": false
      },
      {
        "text": "đk ",
        "userDefined": false
      },
      {
        "text": "nop thue truc tuyen ",
        "alias": "AccountName",
        "meta": "@AccountNameDV",
        "userDefined": false
      }
    ],
    "isTemplate": false,
    "count": 0,
    "updated": 0
  },
  {
    "id": "dce02b82-fa6d-45b6-8d8a-5d04dea5b9ec",
    "data": [
      {
        "text": "thu tuc ",
        "alias": "AccountSection",
        "meta": "@AccountSection",
        "userDefined": false
      },
      {
        "text": "đk ",
        "userDefined": false
      },
      {
        "text": "thu ngan sach ",
        "alias": "AccountName",
        "meta": "@AccountNameDV",
        "userDefined": false
      },
      {
        "text": "nha nuoc ",
        "userDefined": false
      }
    ],
    "isTemplate": false,
    "count": 0,
    "updated": 0
  },
  {
    "id": "630f2097-504a-49e2-aace-70f20b045267",
    "data": [
      {
        "text": "Điều kiện ",
        "alias": "AccountSection",
        "meta": "@AccountSection",
        "userDefined": false
      },
      {
        "text": "thủ tục gửi vay mở ",
        "userDefined": false
      },
      {
        "text": "dịch vụ chuyển tiền nội địa ",
        "alias": "AccountName",
        "meta": "@AccountNameDV",
        "userDefined": false
      },
      {
        "text": "cá nhân ",
        "alias": "CustomerType",
        "meta": "@CustomerType",
        "userDefined": false
      }
    ],
    "isTemplate": false,
    "count": 0,
    "updated": 0
  },
  {
    "id": "dfbabd45-3c4e-48aa-9459-9cb39645d3f1",
    "data": [
      {
        "text": "Điều kiện ",
        "alias": "AccountSection",
        "meta": "@AccountSection",
        "userDefined": false
      },
      {
        "text": "thủ tục gửi vay mở của ",
        "userDefined": false
      },
      {
        "text": "dịch vụ chuyển tiền nội địa ",
        "alias": "AccountName",
        "meta": "@AccountNameDV",
        "userDefined": false
      },
      {
        "text": "doanh nghiệp ",
        "alias": "CustomerType",
        "meta": "@CustomerType",
        "userDefined": false
      }
    ],
    "isTemplate": false,
    "count": 0,
    "updated": 0
  },
  {
    "id": "d4b653eb-1e7c-4734-b967-6f19873f7fdc",
    "data": [
      {
        "text": "điều kiện ",
        "alias": "AccountSection",
        "meta": "@AccountSection",
        "userDefined": false
      },
      {
        "text": "mở ",
        "userDefined": false
      }
    ],
    "isTemplate": false,
    "count": 0,
    "updated": 0
  },
  {
    "id": "477db38f-edb6-42d5-8259-9358a3fa6d57",
    "data": [
      {
        "text": "thủ tục ",
        "alias": "AccountSection",
        "meta": "@AccountSection",
        "userDefined": false
      },
      {
        "text": "gửi ",
        "userDefined": false
      },
      {
        "text": "tiền gửi có kỳ hạn ",
        "alias": "AccountName",
        "meta": "@AccountNameTK",
        "userDefined": false
      },
      {
        "text": "doanh nghiệp ",
        "alias": "CustomerType",
        "meta": "@CustomerType",
        "userDefined": false
      }
    ],
    "isTemplate": false,
    "count": 0,
    "updated": 0
  },
  {
    "id": "2dd72392-e370-470e-b0db-28993f667906",
    "data": [
      {
        "text": "điều kiện thủ tục ",
        "alias": "AccountSection",
        "meta": "@AccountSection",
        "userDefined": false
      },
      {
        "text": "của dịch vụ ",
        "userDefined": false
      },
      {
        "text": "trung gian thanh toán ",
        "alias": "AccountName",
        "meta": "@AccountNameDV",
        "userDefined": false
      }
    ],
    "isTemplate": false,
    "count": 0,
    "updated": 0
  },
  {
    "id": "0ed75b3f-0c45-406e-9cd0-1235ef5e3013",
    "data": [
      {
        "text": "Cần cung cấp ",
        "userDefined": false
      },
      {
        "text": "thông tin ",
        "alias": "AccountSection",
        "meta": "@AccountSection",
        "userDefined": false
      },
      {
        "text": "gì để ",
        "userDefined": false
      },
      {
        "text": "chuyển tiền ",
        "alias": "AccountName",
        "meta": "@AccountNameDV",
        "userDefined": false
      },
      {
        "text": "? ",
        "userDefined": false
      }
    ],
    "isTemplate": false,
    "count": 0,
    "updated": 0
  },
  {
    "id": "c60cbcb8-ba8f-4cd6-a022-c0ffb8666e73",
    "data": [
      {
        "text": "Cần cung cấp ",
        "userDefined": false
      },
      {
        "text": "thông tin ",
        "alias": "AccountSection",
        "meta": "@AccountSection",
        "userDefined": false
      },
      {
        "text": "gì để ",
        "userDefined": false
      },
      {
        "text": "nhận tiền ",
        "alias": "AccountName",
        "meta": "@AccountNameDV",
        "userDefined": false
      }
    ],
    "isTemplate": false,
    "count": 0,
    "updated": 0
  },
  {
    "id": "e87e224b-1a5f-4276-bafa-c4e6ed5eb8b3",
    "data": [
      {
        "text": "để ",
        "userDefined": false
      },
      {
        "text": "nhận tiền ",
        "alias": "AccountName",
        "meta": "@AccountNameDV",
        "userDefined": false
      },
      {
        "text": "cần cung cấp ",
        "userDefined": false
      },
      {
        "text": "thông tin ",
        "alias": "AccountSection",
        "meta": "@AccountSection",
        "userDefined": false
      },
      {
        "text": "gì? ",
        "userDefined": false
      }
    ],
    "isTemplate": false,
    "count": 0,
    "updated": 0
  },
  {
    "id": "1859bd91-4ea4-4b72-ba76-ed6e8d395859",
    "data": [
      {
        "text": "de ",
        "userDefined": false
      },
      {
        "text": "nhan tien ",
        "alias": "AccountName",
        "meta": "@AccountNameDV",
        "userDefined": false
      },
      {
        "text": "can dua ",
        "userDefined": false
      },
      {
        "text": "thong tin ",
        "alias": "AccountSection",
        "meta": "@AccountSection",
        "userDefined": false
      },
      {
        "text": "gi ",
        "userDefined": false
      }
    ],
    "isTemplate": false,
    "count": 0,
    "updated": 0
  },
  {
    "id": "3983358e-e0ee-4d54-bccd-fec4f0ef5d8e",
    "data": [
      {
        "text": "can cung cap ",
        "userDefined": false
      },
      {
        "text": "thong tin ",
        "alias": "AccountSection",
        "meta": "@AccountSection",
        "userDefined": false
      },
      {
        "text": "gi de ",
        "userDefined": false
      },
      {
        "text": "chuyen tien ",
        "alias": "AccountName",
        "meta": "@AccountNameDV",
        "userDefined": false
      }
    ],
    "isTemplate": false,
    "count": 0,
    "updated": 0
  },
  {
    "id": "b5a31895-9f18-4900-b443-fcd580f8072c",
    "data": [
      {
        "text": "điều kiện ",
        "alias": "AccountSection",
        "meta": "@AccountSection",
        "userDefined": false
      },
      {
        "text": "thế nào ",
        "userDefined": false
      }
    ],
    "isTemplate": false,
    "count": 0,
    "updated": 0
  },
  {
    "id": "8032a319-e42b-4234-a9fe-82e89e429129",
    "data": [
      {
        "text": "thủ tục ",
        "alias": "AccountSection",
        "meta": "@AccountSection",
        "userDefined": false
      },
      {
        "text": "đăng ký ",
        "userDefined": false
      },
      {
        "text": "combo dịch vụ tài khoản ",
        "alias": "AccountName",
        "meta": "@AccountNameDV",
        "userDefined": false
      }
    ],
    "isTemplate": false,
    "count": 0,
    "updated": 0
  },
  {
    "id": "1b9ff0e2-83dd-4cda-a52e-d69742f61a09",
    "data": [
      {
        "text": "thu tuc ",
        "alias": "AccountSection",
        "meta": "@AccountSection",
        "userDefined": false
      },
      {
        "text": "đk ",
        "userDefined": false
      },
      {
        "text": "dich vu combo tk ",
        "alias": "AccountName",
        "meta": "@AccountNameDV",
        "userDefined": false
      }
    ],
    "isTemplate": false,
    "count": 0,
    "updated": 0
  },
  {
    "id": "794f6625-7ed8-40a8-b756-e22c3ecc245b",
    "data": [
      {
        "text": "cần cung cấp ",
        "userDefined": false
      },
      {
        "text": "thông tin ",
        "alias": "AccountSection",
        "meta": "@AccountSection",
        "userDefined": false
      },
      {
        "text": "gì để đk ",
        "userDefined": false
      },
      {
        "text": "dv combo tài khoản ",
        "alias": "AccountName",
        "meta": "@AccountNameDV",
        "userDefined": false
      }
    ],
    "isTemplate": false,
    "count": 0,
    "updated": 0
  },
  {
    "id": "29de65e1-32db-4ca6-8f2e-9cfe07138086",
    "data": [
      {
        "text": "điều kiện thủ tục ",
        "alias": "AccountSection",
        "meta": "@AccountSection",
        "userDefined": false
      },
      {
        "text": "tiền gửi có kỳ hạn ",
        "alias": "AccountName",
        "meta": "@AccountNameTG",
        "userDefined": false
      },
      {
        "text": "cá nhân ",
        "alias": "CustomerType",
        "meta": "@CustomerType",
        "userDefined": false
      }
    ],
    "isTemplate": false,
    "count": 0,
    "updated": 0
  },
  {
    "id": "9166b37a-ec01-480b-9ad9-b98c79679fbe",
    "data": [
      {
        "text": "điều kiện ",
        "alias": "AccountSection",
        "meta": "@AccountSection",
        "userDefined": false
      },
      {
        "text": "đăng ký ",
        "userDefined": false
      },
      {
        "text": "internet banking ",
        "alias": "AccountName",
        "meta": "@AccountName",
        "userDefined": false
      }
    ],
    "isTemplate": false,
    "count": 0,
    "updated": 0
  },
  {
    "id": "36e3b08a-6de8-416d-8806-1f8cac51d90e",
    "data": [
      {
        "text": "dieu kien ",
        "alias": "AccountSection",
        "meta": "@AccountSection",
        "userDefined": false
      },
      {
        "text": "dang ky ",
        "userDefined": false
      },
      {
        "text": "ib ",
        "alias": "AccountName",
        "meta": "@AccountName",
        "userDefined": false
      }
    ],
    "isTemplate": false,
    "count": 0,
    "updated": 0
  },
  {
    "id": "07b6d642-0fa5-4119-b805-11fdbd8cc470",
    "data": [
      {
        "text": "thủ tục ",
        "alias": "AccountSection",
        "meta": "@AccountSection",
        "userDefined": false
      },
      {
        "text": "đăng ký ",
        "userDefined": false
      },
      {
        "text": "ibanking ",
        "alias": "AccountName",
        "meta": "@AccountName",
        "userDefined": false
      }
    ],
    "isTemplate": false,
    "count": 0,
    "updated": 0
  },
  {
    "id": "1019aadc-388a-4c85-8053-436285821686",
    "data": [
      {
        "text": "thu tuc ",
        "alias": "AccountSection",
        "meta": "@AccountSection",
        "userDefined": false
      },
      {
        "text": "dang ky ",
        "userDefined": false
      },
      {
        "text": "eb ",
        "alias": "AccountName",
        "meta": "@AccountName",
        "userDefined": false
      }
    ],
    "isTemplate": false,
    "count": 0,
    "updated": 0
  },
  {
    "id": "8d3e1bb9-c8da-432f-8d8c-0e567305d39b",
    "data": [
      {
        "text": "điều kiện ",
        "alias": "AccountSection",
        "meta": "@AccountSection",
        "userDefined": false
      },
      {
        "text": "để đăng ký ",
        "userDefined": false
      },
      {
        "text": "ebanking ",
        "alias": "AccountName",
        "meta": "@AccountName",
        "userDefined": false
      }
    ],
    "isTemplate": false,
    "count": 0,
    "updated": 0
  },
  {
    "id": "822fc11b-93cb-462b-b914-98088d4f4dce",
    "data": [
      {
        "text": "Điều kiện ",
        "alias": "AccountSection",
        "meta": "@AccountSection",
        "userDefined": false
      },
      {
        "text": "thủ tục gửi vay mở ",
        "userDefined": false
      },
      {
        "text": "tài khoản thanh toán ",
        "alias": "AccountName",
        "meta": "@AccountNameTK",
        "userDefined": false
      },
      {
        "text": "cá nhân ",
        "alias": "CustomerType",
        "meta": "@CustomerType",
        "userDefined": false
      }
    ],
    "isTemplate": false,
    "count": 0,
    "updated": 0
  },
  {
    "id": "de12b0e3-27ac-4844-9625-76ae3b5b2e8e",
    "data": [
      {
        "text": "điều kiện ",
        "alias": "AccountSection",
        "meta": "@AccountSection",
        "userDefined": false
      },
      {
        "text": "đăng ký ",
        "userDefined": false
      }
    ],
    "isTemplate": false,
    "count": 0,
    "updated": 0
  },
  {
    "id": "9495d49d-ce27-4f5a-8695-bfea9dd70c90",
    "data": [
      {
        "text": "điều kiện ",
        "alias": "AccountSection",
        "meta": "@AccountSection",
        "userDefined": false
      },
      {
        "text": "đăng ký ",
        "userDefined": false
      },
      {
        "text": "tktt ",
        "alias": "AccountName",
        "meta": "@AccountNameTK",
        "userDefined": false
      },
      {
        "text": "cá nhân ",
        "alias": "CustomerType",
        "meta": "@CustomerType",
        "userDefined": false
      }
    ],
    "isTemplate": false,
    "count": 0,
    "updated": 0
  },
  {
    "id": "60779275-600a-4e0b-983d-f003693e91e5",
    "data": [
      {
        "text": "điều kiện ",
        "alias": "AccountSection",
        "meta": "@AccountSection",
        "userDefined": false
      },
      {
        "text": "đăng ký ",
        "userDefined": false
      },
      {
        "text": "tktt ",
        "alias": "AccountName",
        "meta": "@AccountNameTK",
        "userDefined": false
      },
      {
        "text": "doanh nghiệp ",
        "alias": "CustomerType",
        "meta": "@CustomerType",
        "userDefined": false
      }
    ],
    "isTemplate": false,
    "count": 0,
    "updated": 0
  },
  {
    "id": "ea1ffa3f-fdea-4ef9-ab1e-9a0b692f9248",
    "data": [
      {
        "text": "thủ tục mở ",
        "alias": "AccountSection",
        "meta": "@AccountSection",
        "userDefined": false
      },
      {
        "text": "thế nào ",
        "userDefined": false
      }
    ],
    "isTemplate": false,
    "count": 0,
    "updated": 0
  },
  {
    "id": "15f4458e-9958-4a6d-8fd4-fb4df08f147a",
    "data": [
      {
        "text": "điều kiện ",
        "alias": "AccountSection",
        "meta": "@AccountSection",
        "userDefined": false
      },
      {
        "text": "để đăng ký là gì ",
        "userDefined": false
      }
    ],
    "isTemplate": false,
    "count": 0,
    "updated": 0
  },
  {
    "id": "4c747922-9164-4a42-b59a-decffda48b79",
    "data": [
      {
        "text": "điều kiện ",
        "alias": "AccountSection",
        "meta": "@AccountSection",
        "userDefined": false
      },
      {
        "text": "thủ tục thế nào ",
        "userDefined": false
      }
    ],
    "isTemplate": false,
    "count": 0,
    "updated": 0
  },
  {
    "id": "d54591d1-df92-4c31-b13e-13380743f7e2",
    "data": [
      {
        "text": "thu tuc ",
        "alias": "AccountSection",
        "meta": "@AccountSection",
        "userDefined": false
      },
      {
        "text": "mo the nao ",
        "userDefined": false
      }
    ],
    "isTemplate": false,
    "count": 0,
    "updated": 0
  },
  {
    "id": "93abcaac-c65e-4152-9762-ff112fe93ed8",
    "data": [
      {
        "text": "điều kiện ",
        "alias": "AccountSection",
        "meta": "@AccountSection",
        "userDefined": false
      },
      {
        "text": "để được mở là gì ",
        "userDefined": false
      }
    ],
    "isTemplate": false,
    "count": 0,
    "updated": 0
  },
  {
    "id": "c6f8a1d4-2f1a-4b74-b50c-40536ac7628a",
    "data": [
      {
        "text": "điều kiện ",
        "alias": "AccountSection",
        "meta": "@AccountSection",
        "userDefined": false
      },
      {
        "text": "thủ tục của ",
        "userDefined": false
      },
      {
        "text": "tài khoản thanh toán ",
        "alias": "AccountName",
        "meta": "@AccountNameTK",
        "userDefined": false
      },
      {
        "text": "cá nhân ",
        "alias": "CustomerType",
        "meta": "@CustomerType",
        "userDefined": false
      }
    ],
    "isTemplate": false,
    "count": 0,
    "updated": 0
  },
  {
    "id": "4027534f-d8e8-4d6c-88ec-e9721dfdd79d",
    "data": [
      {
        "text": "điều kiện ",
        "alias": "AccountSection",
        "meta": "@AccountSection",
        "userDefined": false
      },
      {
        "text": "thủ tục của ",
        "userDefined": false
      },
      {
        "text": "tài khoản thanh toán ",
        "alias": "AccountName",
        "meta": "@AccountNameTK",
        "userDefined": false
      },
      {
        "text": "doanh nghiệp ",
        "alias": "CustomerType",
        "meta": "@CustomerType",
        "userDefined": false
      }
    ],
    "isTemplate": false,
    "count": 0,
    "updated": 0
  },
  {
    "id": "fa6e3ddb-71cf-4a88-b648-d60c6d0b2c7d",
    "data": [
      {
        "text": "điều kiện ",
        "alias": "AccountSection",
        "meta": "@AccountSection",
        "userDefined": false
      },
      {
        "text": "sao ",
        "userDefined": false
      }
    ],
    "isTemplate": false,
    "count": 0,
    "updated": 0
  },
  {
    "id": "4692443f-f8df-40dd-89ce-0a97e76834c5",
    "data": [
      {
        "text": "thủ tục ",
        "alias": "AccountSection",
        "meta": "@AccountSection",
        "userDefined": false
      },
      {
        "text": "sao ",
        "userDefined": false
      }
    ],
    "isTemplate": false,
    "count": 0,
    "updated": 0
  },
  {
    "id": "7707d08d-6f1d-4095-9322-54854d5b8cc2",
    "data": [
      {
        "text": "thủ tục mở ",
        "alias": "AccountSection",
        "meta": "@AccountSection",
        "userDefined": false
      },
      {
        "text": "của ",
        "userDefined": false
      },
      {
        "text": "tài khoản vốn đầu tư trực tiếp nước ngoài vào việt nam ",
        "alias": "AccountName",
        "meta": "@AccountNameTK",
        "userDefined": false
      },
      {
        "text": "doanh nghiệp ",
        "alias": "CustomerType",
        "meta": "@CustomerType",
        "userDefined": false
      }
    ],
    "isTemplate": false,
    "count": 0,
    "updated": 0
  },
  {
    "id": "67e81ccb-fa9e-4a05-9fbc-83bfc076b760",
    "data": [
      {
        "text": "mở ",
        "alias": "AccountSection",
        "meta": "@AccountSection",
        "userDefined": false
      },
      {
        "text": "tài khoản thế nào ",
        "userDefined": false
      }
    ],
    "isTemplate": false,
    "count": 0,
    "updated": 0
  },
  {
    "id": "35def577-1801-446b-ae2a-b762441e44a2",
    "data": [
      {
        "text": "mở ",
        "alias": "AccountSection",
        "meta": "@AccountSection",
        "userDefined": false
      },
      {
        "text": "tài khoản ",
        "userDefined": false
      }
    ],
    "isTemplate": false,
    "count": 0,
    "updated": 0
  }
]