[
  {
    "id": "7354103e-7259-48a7-973c-4b6871910c9c",
    "data": [
      {
        "text": "quên ",
        "userDefined": false
      },
      {
        "text": "mật khẩu ",
        "alias": "AccountSection",
        "meta": "@AccountSection",
        "userDefined": false
      },
      {
        "text": "đăng nhập ",
        "userDefined": false
      },
      {
        "text": "Internet Banking ",
        "alias": "AccountName",
        "meta": "@AccountName",
        "userDefined": false
      }
    ],
    "isTemplate": false,
    "count": 0,
    "updated": 0
  },
  {
    "id": "4558e7d4-b9ea-4b7d-829b-d0fd464f1b31",
    "data": [
      {
        "text": "quên ",
        "userDefined": false
      },
      {
        "text": "mật khẩu ",
        "alias": "AccountSection",
        "meta": "@AccountSection",
        "userDefined": false
      }
    ],
    "isTemplate": false,
    "count": 0,
    "updated": 0
  },
  {
    "id": "62344f96-cc48-452a-9417-c5debd3cab31",
    "data": [
      {
        "text": "làm sao để reset ",
        "userDefined": false
      },
      {
        "text": "mật khẩu ",
        "alias": "AccountSection",
        "meta": "@AccountSection",
        "userDefined": false
      },
      {
        "text": "đăng nhập ",
        "userDefined": false
      }
    ],
    "isTemplate": false,
    "count": 0,
    "updated": 0
  },
  {
    "id": "9b1e6ad0-6ab7-4186-bcf0-9f086c28bab1",
    "data": [
      {
        "text": "tôi quên ",
        "userDefined": false
      },
      {
        "text": "mật khẩu ",
        "alias": "AccountSection",
        "meta": "@AccountSection",
        "userDefined": false
      },
      {
        "text": "ebanking ",
        "alias": "AccountName",
        "meta": "@AccountName",
        "userDefined": false
      }
    ],
    "isTemplate": false,
    "count": 0,
    "updated": 0
  },
  {
    "id": "6155580e-4211-4e20-be42-ad75cf016b2b",
    "data": [
      {
        "text": "ko nhớ ",
        "userDefined": false
      },
      {
        "text": "pass ",
        "alias": "AccountSection",
        "meta": "@AccountSection",
        "userDefined": false
      },
      {
        "text": "mobile banking ",
        "alias": "AccountName",
        "meta": "@AccountName",
        "userDefined": false
      },
      {
        "text": "cá nhân ",
        "alias": "CustomerType",
        "meta": "@CustomerType",
        "userDefined": false
      }
    ],
    "isTemplate": false,
    "count": 0,
    "updated": 0
  },
  {
    "id": "a4389b59-e109-4fca-a603-fdff28d30cca",
    "data": [
      {
        "text": "làm sao để lấy lại ",
        "userDefined": false
      },
      {
        "text": "mã khoá ",
        "alias": "AccountSection",
        "meta": "@AccountSection",
        "userDefined": false
      },
      {
        "text": "đăng nhập ",
        "userDefined": false
      },
      {
        "text": "internet banking ",
        "alias": "AccountName",
        "meta": "@AccountName",
        "userDefined": false
      }
    ],
    "isTemplate": false,
    "count": 0,
    "updated": 0
  },
  {
    "id": "db742b22-59b6-4810-8d1e-078a08009d02",
    "data": [
      {
        "text": "lay lai ",
        "userDefined": false
      },
      {
        "text": "ma khoa ",
        "alias": "AccountSection",
        "meta": "@AccountSection",
        "userDefined": false
      },
      {
        "text": "dang nhap ",
        "userDefined": false
      },
      {
        "text": "ib ",
        "alias": "AccountName",
        "meta": "@AccountName",
        "userDefined": false
      },
      {
        "text": "nhu the nao ",
        "userDefined": false
      }
    ],
    "isTemplate": false,
    "count": 0,
    "updated": 0
  },
  {
    "id": "2059248f-3caa-44b5-91c6-e5afc16d47cf",
    "data": [
      {
        "text": "toi quen mat ",
        "userDefined": false
      },
      {
        "text": "pass ",
        "alias": "AccountSection",
        "meta": "@AccountSection",
        "userDefined": false
      }
    ],
    "isTemplate": false,
    "count": 0,
    "updated": 0
  },
  {
    "id": "9e6a0121-5eff-4e61-aaa9-d73fc6ecd280",
    "data": [
      {
        "text": "tôi quên ",
        "userDefined": false
      },
      {
        "text": "mật khẩu ",
        "alias": "AccountSection",
        "meta": "@AccountSection",
        "userDefined": false
      },
      {
        "text": "thì phải làm sao ",
        "userDefined": false
      }
    ],
    "isTemplate": false,
    "count": 0,
    "updated": 0
  },
  {
    "id": "2844e315-35f4-4245-a4b3-a3913be344a2",
    "data": [
      {
        "text": "quên ",
        "userDefined": false
      },
      {
        "text": "mk ",
        "alias": "AccountSection",
        "meta": "@AccountSection",
        "userDefined": false
      },
      {
        "text": "rồi sao ",
        "userDefined": false
      }
    ],
    "isTemplate": false,
    "count": 0,
    "updated": 0
  },
  {
    "id": "01fab55b-cbf0-4a4d-bc51-665d3c87b36b",
    "data": [
      {
        "text": "quen ",
        "userDefined": false
      },
      {
        "text": "mat khau ",
        "alias": "AccountSection",
        "meta": "@AccountSection",
        "userDefined": false
      },
      {
        "text": "thi lam gi ",
        "userDefined": false
      }
    ],
    "isTemplate": false,
    "count": 0,
    "updated": 0
  },
  {
    "id": "88c4d691-791e-43e8-ac62-1dbeacb08d71",
    "data": [
      {
        "text": "tôi phải làm gì khi quên mất ",
        "userDefined": false
      },
      {
        "text": "mật khẩu ",
        "alias": "AccountSection",
        "meta": "@AccountSection",
        "userDefined": false
      },
      {
        "text": "đăng nhập ",
        "userDefined": false
      }
    ],
    "isTemplate": false,
    "count": 0,
    "updated": 0
  },
  {
    "id": "7a30b3c3-6b0f-4c6d-a5bf-aa114bfd60a7",
    "data": [
      {
        "text": "làm sao đăng nhập ",
        "userDefined": false
      },
      {
        "text": "internet banking ",
        "alias": "AccountName",
        "meta": "@AccountName",
        "userDefined": false
      },
      {
        "text": "nếu quên ",
        "userDefined": false
      },
      {
        "text": "mật khẩu ",
        "alias": "AccountSection",
        "meta": "@AccountSection",
        "userDefined": false
      }
    ],
    "isTemplate": false,
    "count": 0,
    "updated": 0
  },
  {
    "id": "564bedc5-53e5-4c63-8f0f-4946cb428c6e",
    "data": [
      {
        "text": "ngân hàng có cấp lại ",
        "userDefined": false
      },
      {
        "text": "mật khẩu ",
        "alias": "AccountSection",
        "meta": "@AccountSection",
        "userDefined": false
      },
      {
        "text": "truy cập ",
        "userDefined": false
      },
      {
        "text": "ebanking ",
        "alias": "AccountName",
        "meta": "@AccountName",
        "userDefined": false
      },
      {
        "text": "nếu tôi quên ko ",
        "userDefined": false
      }
    ],
    "isTemplate": false,
    "count": 0,
    "updated": 0
  },
  {
    "id": "a5e1a72b-a282-4cb8-9da6-1fba7abf1a5a",
    "data": [
      {
        "text": "tôi tự lấy lại ",
        "userDefined": false
      },
      {
        "text": "mã khoá ",
        "alias": "AccountSection",
        "meta": "@AccountSection",
        "userDefined": false
      },
      {
        "text": "đăng nhập ",
        "userDefined": false
      },
      {
        "text": "ebanking ",
        "alias": "AccountName",
        "meta": "@AccountName",
        "userDefined": false
      },
      {
        "text": "đc ko ",
        "userDefined": false
      }
    ],
    "isTemplate": false,
    "count": 0,
    "updated": 0
  },
  {
    "id": "cdf8303b-724f-4f75-9652-593af7029fc9",
    "data": [
      {
        "text": "tu lay lai ",
        "userDefined": false
      },
      {
        "text": "mk ",
        "alias": "AccountSection",
        "meta": "@AccountSection",
        "userDefined": false
      },
      {
        "text": "dang nhap ",
        "userDefined": false
      },
      {
        "text": "mb ",
        "alias": "AccountName",
        "meta": "@AccountName",
        "userDefined": false
      },
      {
        "text": "the nao ",
        "userDefined": false
      }
    ],
    "isTemplate": false,
    "count": 0,
    "updated": 0
  },
  {
    "id": "8f8081db-934d-412e-98ee-5444378e6ba8",
    "data": [
      {
        "text": "cấp lại ",
        "userDefined": false
      },
      {
        "text": "mã khoá ",
        "alias": "AccountSection",
        "meta": "@AccountSection",
        "userDefined": false
      },
      {
        "text": "truy cập ",
        "userDefined": false
      },
      {
        "text": "ib ",
        "alias": "AccountName",
        "meta": "@AccountName",
        "userDefined": false
      },
      {
        "text": "bằng cách nào ",
        "userDefined": false
      }
    ],
    "isTemplate": false,
    "count": 0,
    "updated": 0
  },
  {
    "id": "264a119e-7c5c-4c54-880a-ffa1a231e755",
    "data": [
      {
        "text": "tôi muốn cấp lại ",
        "userDefined": false
      },
      {
        "text": "password ",
        "alias": "AccountSection",
        "meta": "@AccountSection",
        "userDefined": false
      },
      {
        "text": "đăng nhập ",
        "userDefined": false
      },
      {
        "text": "mobile banking ",
        "alias": "AccountName",
        "meta": "@AccountName",
        "userDefined": false
      }
    ],
    "isTemplate": false,
    "count": 0,
    "updated": 0
  },
  {
    "id": "dd1c808a-4627-4a82-b038-3536517c2f7c",
    "data": [
      {
        "text": "toi muon cap lai ",
        "userDefined": false
      },
      {
        "text": "pass ",
        "alias": "AccountSection",
        "meta": "@AccountSection",
        "userDefined": false
      },
      {
        "text": "dang nhap ",
        "userDefined": false
      },
      {
        "text": "ebanking ",
        "alias": "AccountName",
        "meta": "@AccountName",
        "userDefined": false
      }
    ],
    "isTemplate": false,
    "count": 0,
    "updated": 0
  },
  {
    "id": "6b7950bb-b287-4cf0-a4d6-42681a4bdca0",
    "data": [
      {
        "text": "thủ tục cấp lại ",
        "userDefined": false
      },
      {
        "text": "mật khẩu ",
        "alias": "AccountSection",
        "meta": "@AccountSection",
        "userDefined": false
      },
      {
        "text": "đăng nhập ",
        "userDefined": false
      }
    ],
    "isTemplate": false,
    "count": 0,
    "updated": 0
  },
  {
    "id": "87c9d839-2647-4f97-a1c9-6678c200be6c",
    "data": [
      {
        "text": "yêu cầu cấp lại ",
        "userDefined": false
      },
      {
        "text": "pass ",
        "alias": "AccountSection",
        "meta": "@AccountSection",
        "userDefined": false
      },
      {
        "text": "ebanking ",
        "alias": "AccountName",
        "meta": "@AccountName",
        "userDefined": false
      },
      {
        "text": "ở đâu ",
        "userDefined": false
      }
    ],
    "isTemplate": false,
    "count": 0,
    "updated": 0
  },
  {
    "id": "6a87785b-1e6e-418b-bdcb-df93a5d609e7",
    "data": [
      {
        "text": "yeu cau cap lai ",
        "userDefined": false
      },
      {
        "text": "mat khau ",
        "alias": "AccountSection",
        "meta": "@AccountSection",
        "userDefined": false
      },
      {
        "text": "internet banking ",
        "alias": "AccountName",
        "meta": "@AccountName",
        "userDefined": false
      },
      {
        "text": "the nao ",
        "userDefined": false
      }
    ],
    "isTemplate": false,
    "count": 0,
    "updated": 0
  },
  {
    "id": "c1b3ed73-5fc5-4a5d-a9e3-0a611c3fba14",
    "data": [
      {
        "text": "thu tuc cap lai ",
        "userDefined": false
      },
      {
        "text": "mat khau ",
        "alias": "AccountSection",
        "meta": "@AccountSection",
        "userDefined": false
      }
    ],
    "isTemplate": false,
    "count": 0,
    "updated": 0
  }
]