[
  {
    "id": "50e59139-da41-438f-b929-619be35af611",
    "data": [
      {
        "text": "đối tượng ",
        "alias": "AccountSection",
        "meta": "@AccountSection",
        "userDefined": false
      },
      {
        "text": "nào được mở ",
        "userDefined": false
      }
    ],
    "isTemplate": false,
    "count": 0,
    "updated": 0
  },
  {
    "id": "e2347347-6809-4990-b526-56e7afdf2260",
    "data": [
      {
        "text": "may ",
        "userDefined": false
      },
      {
        "text": "tuoi ",
        "alias": "AccountSection",
        "meta": "@AccountSection",
        "userDefined": false
      },
      {
        "text": "mo duoc ",
        "userDefined": false
      }
    ],
    "isTemplate": false,
    "count": 0,
    "updated": 0
  },
  {
    "id": "660291bd-0b7f-49fb-8847-548d719076fe",
    "data": [
      {
        "text": "mấy ",
        "userDefined": false
      },
      {
        "text": "tuổi ",
        "alias": "AccountSection",
        "meta": "@AccountSection",
        "userDefined": false
      },
      {
        "text": "mở đc ",
        "userDefined": false
      }
    ],
    "isTemplate": false,
    "count": 0,
    "updated": 0
  },
  {
    "id": "41f8f62c-6c29-4613-9b51-4066a07127a1",
    "data": [
      {
        "text": "con tôi 15 ",
        "userDefined": false
      },
      {
        "text": "tuổi ",
        "alias": "AccountSection",
        "meta": "@AccountSection",
        "userDefined": false
      },
      {
        "text": "thì đc mở ko ",
        "userDefined": false
      }
    ],
    "isTemplate": false,
    "count": 0,
    "updated": 0
  },
  {
    "id": "fef3fc54-259d-4f9b-a80a-ffac0f5430ff",
    "data": [
      {
        "text": "be 12 ",
        "userDefined": false
      },
      {
        "text": "tuoi ",
        "alias": "AccountSection",
        "meta": "@AccountSection",
        "userDefined": false
      },
      {
        "text": "co mo đc ko ",
        "userDefined": false
      }
    ],
    "isTemplate": false,
    "count": 0,
    "updated": 0
  },
  {
    "id": "4eae7d01-b2f9-48d7-8d8f-45cc63c33f58",
    "data": [
      {
        "text": "mo ",
        "userDefined": false
      },
      {
        "text": "tien gui cho be ",
        "alias": "AccountName",
        "meta": "@AccountNameTG",
        "userDefined": false
      },
      {
        "text": "co can ",
        "userDefined": false
      },
      {
        "text": "ng giam ho ",
        "alias": "AccountSection",
        "meta": "@AccountSection",
        "userDefined": false
      },
      {
        "text": "ko ",
        "userDefined": false
      }
    ],
    "isTemplate": false,
    "count": 0,
    "updated": 0
  },
  {
    "id": "a0ae0c0b-9a48-41d6-8e4e-172f3a463ebb",
    "data": [
      {
        "text": "tiet kiem phu dong ",
        "alias": "AccountName",
        "meta": "@AccountNameTG",
        "userDefined": false
      },
      {
        "text": "khi mo co can ",
        "userDefined": false
      },
      {
        "text": "ng giam ho ",
        "alias": "AccountSection",
        "meta": "@AccountSection",
        "userDefined": false
      },
      {
        "text": "khong ",
        "userDefined": false
      }
    ],
    "isTemplate": false,
    "count": 0,
    "updated": 0
  },
  {
    "id": "14aaffa0-0d67-4513-9fb2-7e97ec090c9f",
    "data": [
      {
        "text": "mở ",
        "userDefined": false
      },
      {
        "text": "tk phù đổng ",
        "alias": "AccountName",
        "meta": "@AccountNameTG",
        "userDefined": false
      },
      {
        "text": "có cần ",
        "userDefined": false
      },
      {
        "text": "người giám hộ ",
        "alias": "AccountSection",
        "meta": "@AccountSection",
        "userDefined": false
      },
      {
        "text": "ko ",
        "userDefined": false
      }
    ],
    "isTemplate": false,
    "count": 0,
    "updated": 0
  },
  {
    "id": "a33fa157-aa23-4383-afc5-8cb1129c1daa",
    "data": [
      {
        "text": "quoc tich ",
        "userDefined": false
      },
      {
        "text": "nuoc ngoai ",
        "alias": "AccountSection",
        "meta": "@AccountSection",
        "userDefined": false
      },
      {
        "text": "đc ",
        "userDefined": false
      },
      {
        "text": "chuyen tien ",
        "alias": "AccountName",
        "meta": "@AccountNameDV",
        "userDefined": false
      },
      {
        "text": "ko ",
        "userDefined": false
      }
    ],
    "isTemplate": false,
    "count": 0,
    "updated": 0
  },
  {
    "id": "3d0b1758-d21c-4cc8-8a9f-ffebfa237943",
    "data": [
      {
        "text": "ng nuoc ngoai ",
        "alias": "AccountSection",
        "meta": "@AccountSection",
        "userDefined": false
      },
      {
        "text": "duoc ",
        "userDefined": false
      },
      {
        "text": "chuyen tien ",
        "alias": "AccountName",
        "meta": "@AccountNameDV",
        "userDefined": false
      },
      {
        "text": "ko ",
        "userDefined": false
      }
    ],
    "isTemplate": false,
    "count": 0,
    "updated": 0
  },
  {
    "id": "c8e6d7a5-5d11-4c37-b880-8cc9dc662bae",
    "data": [
      {
        "text": "Cá nhân mang quốc tịch ",
        "userDefined": false
      },
      {
        "text": "nước ngoài ",
        "alias": "AccountSection",
        "meta": "@AccountSection",
        "userDefined": false
      },
      {
        "text": "có ",
        "userDefined": false
      },
      {
        "text": "chuyển tiền ",
        "alias": "AccountName",
        "meta": "@AccountNameDV",
        "userDefined": false
      },
      {
        "text": "được không? ",
        "userDefined": false
      }
    ],
    "isTemplate": false,
    "count": 0,
    "updated": 0
  },
  {
    "id": "14f383e1-b056-4a50-b523-1d05437cef7a",
    "data": [
      {
        "text": "Người nước ngoài ",
        "alias": "AccountSection",
        "meta": "@AccountSection",
        "userDefined": false
      },
      {
        "text": "được ",
        "userDefined": false
      },
      {
        "text": "chuyển tiền ",
        "alias": "AccountName",
        "meta": "@AccountNameDV",
        "userDefined": false
      },
      {
        "text": "không ",
        "userDefined": false
      }
    ],
    "isTemplate": false,
    "count": 0,
    "updated": 0
  },
  {
    "id": "9b7de83a-7d75-46ad-9bd3-838bfaf4d1f8",
    "data": [
      {
        "text": "ng nước ngoài ",
        "alias": "AccountSection",
        "meta": "@AccountSection",
        "userDefined": false
      },
      {
        "text": "chuyển tiền ",
        "alias": "AccountName",
        "meta": "@AccountNameDV",
        "userDefined": false
      },
      {
        "text": "được ko ",
        "userDefined": false
      }
    ],
    "isTemplate": false,
    "count": 0,
    "updated": 0
  },
  {
    "id": "e848de69-f2ab-448a-a68d-92443fc92459",
    "data": [
      {
        "text": "ng nước ngoài ",
        "alias": "AccountSection",
        "meta": "@AccountSection",
        "userDefined": false
      },
      {
        "text": "mở ",
        "userDefined": false
      },
      {
        "text": "tktt ",
        "alias": "AccountName",
        "meta": "@AccountNameTK",
        "userDefined": false
      },
      {
        "text": "được ko ",
        "userDefined": false
      }
    ],
    "isTemplate": false,
    "count": 0,
    "updated": 0
  },
  {
    "id": "bf2f60b2-57db-4aea-8ab1-4aaba2a73eea",
    "data": [
      {
        "text": "ng ngoai quoc ",
        "alias": "AccountSection",
        "meta": "@AccountSection",
        "userDefined": false
      },
      {
        "text": "vay mua xe o to ",
        "alias": "AccountName",
        "meta": "@AccountNameTV",
        "userDefined": false
      },
      {
        "text": "thi the nao ",
        "userDefined": false
      }
    ],
    "isTemplate": false,
    "count": 0,
    "updated": 0
  },
  {
    "id": "ab9cccbb-974d-47e3-a443-8ec80bbeb403",
    "data": [
      {
        "text": "tôi là ",
        "userDefined": false
      },
      {
        "text": "ng ngoại quốc ",
        "alias": "AccountSection",
        "meta": "@AccountSection",
        "userDefined": false
      },
      {
        "text": ", ",
        "userDefined": false
      },
      {
        "text": "vay mua nhà ",
        "alias": "AccountName",
        "meta": "@AccountNameTV",
        "userDefined": false
      },
      {
        "text": "được ko ",
        "userDefined": false
      }
    ],
    "isTemplate": false,
    "count": 0,
    "updated": 0
  },
  {
    "id": "ceffc565-1321-4a00-840c-aae09de203e8",
    "data": [
      {
        "text": "nguoi nuoc ngoai ",
        "alias": "AccountSection",
        "meta": "@AccountSection",
        "userDefined": false
      },
      {
        "text": "vay mua xe ",
        "alias": "AccountName",
        "meta": "@AccountNameTV",
        "userDefined": false
      },
      {
        "text": "thi the nao ",
        "userDefined": false
      }
    ],
    "isTemplate": false,
    "count": 0,
    "updated": 0
  },
  {
    "id": "0d5e0520-aefd-4c38-b822-bf8d6e7f2958",
    "data": [
      {
        "text": "ng nước ngoài ",
        "alias": "AccountSection",
        "meta": "@AccountSection",
        "userDefined": false
      },
      {
        "text": "vay mua nhà ",
        "alias": "AccountName",
        "meta": "@AccountNameTV",
        "userDefined": false
      },
      {
        "text": "được ko ",
        "userDefined": false
      }
    ],
    "isTemplate": false,
    "count": 0,
    "updated": 0
  },
  {
    "id": "4ce83654-38a3-481b-930b-46e55009d8e4",
    "data": [
      {
        "text": "ng nước ngoài ",
        "alias": "AccountSection",
        "meta": "@AccountSection",
        "userDefined": false
      },
      {
        "text": "có ",
        "userDefined": false
      },
      {
        "text": "vay ",
        "alias": "AccountType",
        "meta": "@AccountType",
        "userDefined": false
      },
      {
        "text": "được không ",
        "userDefined": false
      }
    ],
    "isTemplate": false,
    "count": 0,
    "updated": 0
  },
  {
    "id": "a3cebacc-cb78-4b47-9e96-2f5907a3e5f7",
    "data": [
      {
        "text": "người nước ngoài ",
        "alias": "AccountSection",
        "meta": "@AccountSection",
        "userDefined": false
      },
      {
        "text": "có ",
        "userDefined": false
      },
      {
        "text": "gửi ",
        "alias": "AccountType",
        "meta": "@AccountType",
        "userDefined": false
      },
      {
        "text": "được ko ",
        "userDefined": false
      }
    ],
    "isTemplate": false,
    "count": 0,
    "updated": 0
  },
  {
    "id": "dad76aff-15ae-4e76-9d72-fcbcdbca3398",
    "data": [
      {
        "text": "tôi 18 ",
        "userDefined": false
      },
      {
        "text": "t ",
        "alias": "AccountSection",
        "meta": "@AccountSection",
        "userDefined": false
      },
      {
        "text": "co ",
        "userDefined": false
      },
      {
        "text": "vay ",
        "alias": "AccountType",
        "meta": "@AccountType",
        "userDefined": false
      },
      {
        "text": "đc ko ",
        "userDefined": false
      }
    ],
    "isTemplate": false,
    "count": 0,
    "updated": 0
  },
  {
    "id": "f720060a-6b49-4a92-a7c1-550a48e74262",
    "data": [
      {
        "text": "18 ",
        "userDefined": false
      },
      {
        "text": "t ",
        "alias": "AccountSection",
        "meta": "@AccountSection",
        "userDefined": false
      },
      {
        "text": "vay ",
        "alias": "AccountType",
        "meta": "@AccountType",
        "userDefined": false
      },
      {
        "text": "được không ",
        "userDefined": false
      }
    ],
    "isTemplate": false,
    "count": 0,
    "updated": 0
  },
  {
    "id": "625b14b8-6cec-44dd-8476-39172b621fcd",
    "data": [
      {
        "text": "22 ",
        "userDefined": false
      },
      {
        "text": "tuoi ",
        "alias": "AccountSection",
        "meta": "@AccountSection",
        "userDefined": false
      },
      {
        "text": "co ",
        "userDefined": false
      },
      {
        "text": "vay ",
        "alias": "AccountType",
        "meta": "@AccountType",
        "userDefined": false
      },
      {
        "text": "dc ko ",
        "userDefined": false
      }
    ],
    "isTemplate": false,
    "count": 0,
    "updated": 0
  },
  {
    "id": "7a79aa3b-9e8f-4dee-84fa-34f0e1325d1e",
    "data": [
      {
        "text": "tôi 20 ",
        "userDefined": false
      },
      {
        "text": "tuổi ",
        "alias": "AccountSection",
        "meta": "@AccountSection",
        "userDefined": false
      },
      {
        "text": "mở ",
        "userDefined": false
      },
      {
        "text": "tài khoản ",
        "alias": "AccountType",
        "meta": "@AccountType",
        "userDefined": false
      },
      {
        "text": "được ko ",
        "userDefined": false
      }
    ],
    "isTemplate": false,
    "count": 0,
    "updated": 0
  },
  {
    "id": "b5a17b88-e73c-476b-a397-da9a261d09dc",
    "data": [
      {
        "text": "toi 18 ",
        "userDefined": false
      },
      {
        "text": "tuoi ",
        "alias": "AccountSection",
        "meta": "@AccountSection",
        "userDefined": false
      },
      {
        "text": "gui ",
        "userDefined": false
      },
      {
        "text": "tk co ky han ",
        "alias": "AccountName",
        "meta": "@AccountNameTG",
        "userDefined": false
      },
      {
        "text": "dc ko ",
        "userDefined": false
      }
    ],
    "isTemplate": false,
    "count": 0,
    "updated": 0
  },
  {
    "id": "2b3fe30f-beeb-403d-ba3a-f17243a92d9c",
    "data": [
      {
        "text": "tôi 20 ",
        "userDefined": false
      },
      {
        "text": "tuổi ",
        "alias": "AccountSection",
        "meta": "@AccountSection",
        "userDefined": false
      },
      {
        "text": "gửi ",
        "userDefined": false
      },
      {
        "text": "tiet kiem ",
        "alias": "AccountType",
        "meta": "@AccountType",
        "userDefined": false
      },
      {
        "text": "được không ",
        "userDefined": false
      }
    ],
    "isTemplate": false,
    "count": 0,
    "updated": 0
  },
  {
    "id": "19719375-6b7f-4d53-a1fc-aca5d3ed7fad",
    "data": [
      {
        "text": "cấp số tk qua sở khđt ",
        "alias": "AccountName",
        "meta": "@AccountNameDV",
        "userDefined": false
      },
      {
        "text": "áp dụng cho ",
        "userDefined": false
      },
      {
        "text": "ai ",
        "alias": "AccountSection",
        "meta": "@AccountSection",
        "userDefined": false
      }
    ],
    "isTemplate": false,
    "count": 0,
    "updated": 0
  },
  {
    "id": "af248a57-89a0-47a0-b2ae-4bae39316103",
    "data": [
      {
        "text": "ai ",
        "alias": "AccountSection",
        "meta": "@AccountSection",
        "userDefined": false
      },
      {
        "text": "duoc su dung dv ",
        "userDefined": false
      },
      {
        "text": "hoa don truc tuyen ",
        "alias": "AccountName",
        "meta": "@AccountNameDV",
        "userDefined": false
      }
    ],
    "isTemplate": false,
    "count": 0,
    "updated": 0
  },
  {
    "id": "e97acad9-7300-44c2-9b11-257ee4e78676",
    "data": [
      {
        "text": "đối tượng ",
        "alias": "AccountSection",
        "meta": "@AccountSection",
        "userDefined": false
      },
      {
        "text": "mở ",
        "userDefined": false
      },
      {
        "text": "tài khoản thanh toán combo boss ",
        "alias": "AccountName",
        "meta": "@AccountNameTK",
        "userDefined": false
      }
    ],
    "isTemplate": false,
    "count": 0,
    "updated": 0
  },
  {
    "id": "e6e1cf72-867c-43c0-b2b6-5f4993c30a4f",
    "data": [
      {
        "text": "đối tượng ",
        "alias": "AccountSection",
        "meta": "@AccountSection",
        "userDefined": false
      },
      {
        "text": "mở ",
        "userDefined": false
      },
      {
        "text": "tài khoản thanh toán combo 2 ",
        "alias": "AccountName",
        "meta": "@AccountNameTK",
        "userDefined": false
      }
    ],
    "isTemplate": false,
    "count": 0,
    "updated": 0
  },
  {
    "id": "c628cd01-179a-4d2b-be42-e47eaf3e6cc8",
    "data": [
      {
        "text": "đối tượng ",
        "alias": "AccountSection",
        "meta": "@AccountSection",
        "userDefined": false
      },
      {
        "text": "mở ",
        "userDefined": false
      },
      {
        "text": "tài khoản thanh toán combo 1 ",
        "alias": "AccountName",
        "meta": "@AccountNameTK",
        "userDefined": false
      }
    ],
    "isTemplate": false,
    "count": 0,
    "updated": 0
  },
  {
    "id": "a571ea30-cee1-4da6-a198-b22add06796c",
    "data": [
      {
        "text": "độ ",
        "userDefined": false
      },
      {
        "text": "tuổi ",
        "alias": "AccountSection",
        "meta": "@AccountSection",
        "userDefined": false
      },
      {
        "text": "mở ",
        "userDefined": false
      },
      {
        "text": "tài khoản thanh toán combo boss ",
        "alias": "AccountName",
        "meta": "@AccountNameTK",
        "userDefined": false
      }
    ],
    "isTemplate": false,
    "count": 0,
    "updated": 0
  },
  {
    "id": "17bea3e3-eb12-4a97-88b8-23cbf04dc43b",
    "data": [
      {
        "text": "độ ",
        "userDefined": false
      },
      {
        "text": "tuổi ",
        "alias": "AccountSection",
        "meta": "@AccountSection",
        "userDefined": false
      },
      {
        "text": "mở ",
        "userDefined": false
      },
      {
        "text": "tài khoản thanh toán combo 2 ",
        "alias": "AccountName",
        "meta": "@AccountNameTK",
        "userDefined": false
      }
    ],
    "isTemplate": false,
    "count": 0,
    "updated": 0
  },
  {
    "id": "d5a00a14-18a3-4bfb-b898-ca5c523184d9",
    "data": [
      {
        "text": "độ ",
        "userDefined": false
      },
      {
        "text": "tuổi ",
        "alias": "AccountSection",
        "meta": "@AccountSection",
        "userDefined": false
      },
      {
        "text": "mở ",
        "userDefined": false
      },
      {
        "text": "tài khoản thanh toán combo 1 ",
        "alias": "AccountName",
        "meta": "@AccountNameTK",
        "userDefined": false
      }
    ],
    "isTemplate": false,
    "count": 0,
    "updated": 0
  },
  {
    "id": "746344c0-bb45-4291-929a-1936b4158ff8",
    "data": [
      {
        "text": "độ ",
        "userDefined": false
      },
      {
        "text": "tuổi ",
        "alias": "AccountSection",
        "meta": "@AccountSection",
        "userDefined": false
      },
      {
        "text": "mở ",
        "userDefined": false
      },
      {
        "text": "tiết kiệm phù đổng ",
        "alias": "AccountName",
        "meta": "@AccountNameTG",
        "userDefined": false
      }
    ],
    "isTemplate": false,
    "count": 0,
    "updated": 0
  },
  {
    "id": "91b51a25-00ba-4ae4-b632-dd29ea9c03fc",
    "data": [
      {
        "text": "mấy ",
        "userDefined": false
      },
      {
        "text": "tuổi ",
        "alias": "AccountSection",
        "meta": "@AccountSection",
        "userDefined": false
      },
      {
        "text": "được ",
        "userDefined": false
      },
      {
        "text": "vay mua bất động sản ",
        "alias": "AccountName",
        "meta": "@AccountNameTV",
        "userDefined": false
      }
    ],
    "isTemplate": false,
    "count": 0,
    "updated": 0
  },
  {
    "id": "b8ae5e2f-bf5a-4806-b2e1-217f544e506a",
    "data": [
      {
        "text": "đối tượng ",
        "alias": "AccountSection",
        "meta": "@AccountSection",
        "userDefined": false
      },
      {
        "text": "nào dc ",
        "userDefined": false
      },
      {
        "text": "vay kinh doanh ",
        "alias": "AccountName",
        "meta": "@AccountNameTV",
        "userDefined": false
      }
    ],
    "isTemplate": false,
    "count": 0,
    "updated": 0
  },
  {
    "id": "4fc631f9-56ce-499d-ac1f-e75cc8878afc",
    "data": [
      {
        "text": "ai ",
        "alias": "AccountSection",
        "meta": "@AccountSection",
        "userDefined": false
      },
      {
        "text": "được ",
        "userDefined": false
      },
      {
        "text": "vay mua xe ô tô ",
        "alias": "AccountName",
        "meta": "@AccountNameTV",
        "userDefined": false
      }
    ],
    "isTemplate": false,
    "count": 0,
    "updated": 0
  },
  {
    "id": "bf3d0499-93b9-44bc-9f96-c659c35ce969",
    "data": [
      {
        "text": "sản phẩm ",
        "userDefined": false
      },
      {
        "text": "vay mua nhà ",
        "alias": "AccountName",
        "meta": "@AccountNameTV",
        "userDefined": false
      },
      {
        "text": "áp dụng cho những ",
        "userDefined": false
      },
      {
        "text": "ai ",
        "alias": "AccountSection",
        "meta": "@AccountSection",
        "userDefined": false
      }
    ],
    "isTemplate": false,
    "count": 0,
    "updated": 0
  },
  {
    "id": "16e1918a-f2a1-48c0-b222-1ca0f1e5b72d",
    "data": [
      {
        "text": "13 ",
        "userDefined": false
      },
      {
        "text": "tuổi ",
        "alias": "AccountSection",
        "meta": "@AccountSection",
        "userDefined": false
      },
      {
        "text": "được sử dụng ",
        "userDefined": false
      },
      {
        "text": "dịch vụ trung gian thanh toán ",
        "alias": "AccountName",
        "meta": "@AccountNameDV",
        "userDefined": false
      },
      {
        "text": "ko ",
        "userDefined": false
      }
    ],
    "isTemplate": false,
    "count": 0,
    "updated": 0
  },
  {
    "id": "c7f95aab-50da-420c-8cfe-e9dfa8aab81e",
    "data": [
      {
        "text": "bao nhiêu ",
        "userDefined": false
      },
      {
        "text": "tuổi ",
        "alias": "AccountSection",
        "meta": "@AccountSection",
        "userDefined": false
      },
      {
        "text": "thì được ",
        "userDefined": false
      },
      {
        "text": "vay mua xe ô tô ",
        "alias": "AccountName",
        "meta": "@AccountNameTV",
        "userDefined": false
      }
    ],
    "isTemplate": false,
    "count": 0,
    "updated": 0
  },
  {
    "id": "8a8f632e-b070-44ea-bb2b-8e3abd944856",
    "data": [
      {
        "text": "mấy ",
        "userDefined": false
      },
      {
        "text": "tuổi ",
        "alias": "AccountSection",
        "meta": "@AccountSection",
        "userDefined": false
      },
      {
        "text": "được mở ",
        "userDefined": false
      },
      {
        "text": "dịch vụ chuyển tiền trong nước ",
        "alias": "AccountName",
        "meta": "@AccountNameDV",
        "userDefined": false
      }
    ],
    "isTemplate": false,
    "count": 0,
    "updated": 0
  },
  {
    "id": "1d443a68-d5b0-4dcf-9932-05a456f8ab22",
    "data": [
      {
        "text": "dịch vụ chuyển tiền trong nước ",
        "alias": "AccountName",
        "meta": "@AccountNameDV",
        "userDefined": false
      },
      {
        "text": "áp dụng cho ",
        "userDefined": false
      },
      {
        "text": "ai ",
        "alias": "AccountSection",
        "meta": "@AccountSection",
        "userDefined": false
      }
    ],
    "isTemplate": false,
    "count": 0,
    "updated": 0
  },
  {
    "id": "62cd9948-3d5b-4d33-b50e-cc2ab68400de",
    "data": [
      {
        "text": "đối tượng ",
        "alias": "AccountSection",
        "meta": "@AccountSection",
        "userDefined": false
      },
      {
        "text": "nào được sử dụng ",
        "userDefined": false
      },
      {
        "text": "dịch vụ trung gian thanh toán ",
        "alias": "AccountName",
        "meta": "@AccountNameDV",
        "userDefined": false
      }
    ],
    "isTemplate": false,
    "count": 0,
    "updated": 0
  },
  {
    "id": "fb08b962-f58b-42a0-90ae-40577ed73409",
    "data": [
      {
        "text": "người không cư trú ",
        "alias": "AccountSection",
        "meta": "@AccountSection",
        "userDefined": false
      },
      {
        "text": "được đăng ký ",
        "userDefined": false
      },
      {
        "text": "dịch vụ chuyển tiền nội địa ",
        "alias": "AccountName",
        "meta": "@AccountNameDV",
        "userDefined": false
      },
      {
        "text": "ko ",
        "userDefined": false
      }
    ],
    "isTemplate": false,
    "count": 0,
    "updated": 0
  },
  {
    "id": "ba320593-79d5-45e2-ae12-37b42b89a7c1",
    "data": [
      {
        "text": "ai ",
        "alias": "AccountSection",
        "meta": "@AccountSection",
        "userDefined": false
      },
      {
        "text": "được đăng ký ",
        "userDefined": false
      },
      {
        "text": "dịch vụ trung gian thanh toán ",
        "alias": "AccountName",
        "meta": "@AccountNameDV",
        "userDefined": false
      }
    ],
    "isTemplate": false,
    "count": 0,
    "updated": 0
  },
  {
    "id": "1572e408-7d76-49e2-86aa-bb8a8ee76278",
    "data": [
      {
        "text": "người nước ngoài ",
        "alias": "AccountSection",
        "meta": "@AccountSection",
        "userDefined": false
      },
      {
        "text": "có ",
        "userDefined": false
      },
      {
        "text": "vay mua xe oto ",
        "alias": "AccountName",
        "meta": "@AccountNameTV",
        "userDefined": false
      },
      {
        "text": "được không ",
        "userDefined": false
      }
    ],
    "isTemplate": false,
    "count": 0,
    "updated": 0
  },
  {
    "id": "cee14562-257a-4f39-a818-234ce4871f3c",
    "data": [
      {
        "text": "may ",
        "userDefined": false
      },
      {
        "text": "tuoi ",
        "alias": "AccountSection",
        "meta": "@AccountSection",
        "userDefined": false
      },
      {
        "text": "dc ",
        "userDefined": false
      },
      {
        "text": "vay mua xe ",
        "alias": "AccountName",
        "meta": "@AccountNameTV",
        "userDefined": false
      }
    ],
    "isTemplate": false,
    "count": 0,
    "updated": 0
  },
  {
    "id": "9c701d9b-58d3-48ab-87a7-80604742d76c",
    "data": [
      {
        "text": "ai ",
        "alias": "AccountSection",
        "meta": "@AccountSection",
        "userDefined": false
      },
      {
        "text": "được đăng ký ",
        "userDefined": false
      }
    ],
    "isTemplate": false,
    "count": 0,
    "updated": 0
  },
  {
    "id": "d327768d-528f-45a3-b11a-780ce5740b93",
    "data": [
      {
        "text": "điều kiện mở ",
        "userDefined": false
      },
      {
        "text": "tài khoản thanh toán ",
        "alias": "AccountName",
        "meta": "@AccountNameTK",
        "userDefined": false
      },
      {
        "text": "cho ",
        "userDefined": false
      },
      {
        "text": "người nước ngoài ",
        "alias": "AccountSection",
        "meta": "@AccountSection",
        "userDefined": false
      }
    ],
    "isTemplate": false,
    "count": 0,
    "updated": 0
  },
  {
    "id": "569e78c9-d48a-46f3-a83a-c89afbb314fc",
    "data": [
      {
        "text": "bao nhiêu ",
        "userDefined": false
      },
      {
        "text": "tuổi ",
        "alias": "AccountSection",
        "meta": "@AccountSection",
        "userDefined": false
      },
      {
        "text": "thì được đăng ký ",
        "userDefined": false
      }
    ],
    "isTemplate": false,
    "count": 0,
    "updated": 0
  },
  {
    "id": "52741ce0-66d5-4318-8d88-6762ba1675cf",
    "data": [
      {
        "text": "bao nhiêu ",
        "userDefined": false
      },
      {
        "text": "tuổi ",
        "alias": "AccountSection",
        "meta": "@AccountSection",
        "userDefined": false
      },
      {
        "text": "đc đăng ký ",
        "userDefined": false
      }
    ],
    "isTemplate": false,
    "count": 0,
    "updated": 0
  }
]