[
  {
    "id": "ff6d8dba-bc7a-421a-b008-6b5b281fb824",
    "data": [
      {
        "text": "tất toán ",
        "alias": "AccountSection",
        "meta": "@AccountSection",
        "userDefined": false
      },
      {
        "text": "tiền gửi tương lai ",
        "alias": "AccountName",
        "meta": "@AccountNameTG",
        "userDefined": false
      }
    ],
    "isTemplate": false,
    "count": 1,
    "updated": 0
  },
  {
    "id": "95dbbe58-3c75-4646-a40f-ffdcdcaa391f",
    "data": [
      {
        "text": "tôi muốn ",
        "userDefined": false
      },
      {
        "text": "đóng ",
        "alias": "AccountSection",
        "meta": "@AccountSection",
        "userDefined": false
      },
      {
        "text": "tiền gửi có kỳ hạn ",
        "alias": "AccountName",
        "meta": "@AccountNameTG",
        "userDefined": false
      }
    ],
    "isTemplate": false,
    "count": 0,
    "updated": 0
  },
  {
    "id": "d6fe5c2e-fc8c-4733-abd6-da92d19cbd54",
    "data": [
      {
        "text": "đóng ",
        "alias": "AccountSection",
        "meta": "@AccountSection",
        "userDefined": false
      },
      {
        "text": "sổ thì như thế nào ",
        "userDefined": false
      }
    ],
    "isTemplate": false,
    "count": 0,
    "updated": 0
  },
  {
    "id": "a485ac5d-b6be-424c-a7e5-6d4db48da0e0",
    "data": [
      {
        "text": "đóng ",
        "alias": "AccountSection",
        "meta": "@AccountSection",
        "userDefined": false
      },
      {
        "text": "tiền gửi có kỳ hạn ",
        "alias": "AccountName",
        "meta": "@AccountNameTG",
        "userDefined": false
      },
      {
        "text": "cá nhân ",
        "alias": "CustomerType",
        "meta": "@CustomerType",
        "userDefined": false
      }
    ],
    "isTemplate": false,
    "count": 0,
    "updated": 0
  },
  {
    "id": "037ccdc4-3cba-4379-ba84-97aca3e14127",
    "data": [
      {
        "text": "làm sao để ",
        "userDefined": false
      },
      {
        "text": "ngưng ",
        "alias": "AccountSection",
        "meta": "@AccountSection",
        "userDefined": false
      },
      {
        "text": "vay mua nhà ",
        "alias": "AccountName",
        "meta": "@AccountNameTV",
        "userDefined": false
      }
    ],
    "isTemplate": false,
    "count": 0,
    "updated": 0
  },
  {
    "id": "d9f46165-3305-4172-812c-d7712494823c",
    "data": [
      {
        "text": "hồ sơ để ",
        "userDefined": false
      },
      {
        "text": "đóng ",
        "alias": "AccountSection",
        "meta": "@AccountSection",
        "userDefined": false
      },
      {
        "text": "khoản ",
        "userDefined": false
      },
      {
        "text": "vay mua nhà ",
        "alias": "AccountName",
        "meta": "@AccountNameTV",
        "userDefined": false
      }
    ],
    "isTemplate": false,
    "count": 0,
    "updated": 0
  },
  {
    "id": "8eed8f1c-360a-4b40-9ba4-cc492957641f",
    "data": [
      {
        "text": "tôi muốn ",
        "userDefined": false
      },
      {
        "text": "đóng ",
        "alias": "AccountSection",
        "meta": "@AccountSection",
        "userDefined": false
      },
      {
        "text": "món ",
        "userDefined": false
      },
      {
        "text": "vay mua xe ô tô ",
        "alias": "AccountName",
        "meta": "@AccountNameTV",
        "userDefined": false
      }
    ],
    "isTemplate": false,
    "count": 0,
    "updated": 0
  },
  {
    "id": "866dc3d1-135d-45d8-b300-153a4666510b",
    "data": [
      {
        "text": "thủ tục để ",
        "userDefined": false
      },
      {
        "text": "ngừng ",
        "alias": "AccountSection",
        "meta": "@AccountSection",
        "userDefined": false
      },
      {
        "text": "vay tiêu dùng tín chấp ",
        "alias": "AccountName",
        "meta": "@AccountNameTV",
        "userDefined": false
      }
    ],
    "isTemplate": false,
    "count": 0,
    "updated": 0
  },
  {
    "id": "43644d38-8fb0-4ac7-9883-a04da521ecd1",
    "data": [
      {
        "text": "nếu ",
        "userDefined": false
      },
      {
        "text": "dừng ",
        "alias": "AccountSection",
        "meta": "@AccountSection",
        "userDefined": false
      },
      {
        "text": "vay kinh doanh ",
        "alias": "AccountName",
        "meta": "@AccountNameTV",
        "userDefined": false
      },
      {
        "text": "thì làm thế nào ",
        "userDefined": false
      }
    ],
    "isTemplate": false,
    "count": 0,
    "updated": 0
  },
  {
    "id": "c31e07df-f17f-41bf-a7f7-f049a7c2318c",
    "data": [
      {
        "text": "tất toán ",
        "alias": "AccountSection",
        "meta": "@AccountSection",
        "userDefined": false
      },
      {
        "text": "khoản ",
        "userDefined": false
      },
      {
        "text": "vay ",
        "alias": "AccountType",
        "meta": "@AccountType",
        "userDefined": false
      },
      {
        "text": "như thế nào ",
        "userDefined": false
      }
    ],
    "isTemplate": false,
    "count": 0,
    "updated": 0
  },
  {
    "id": "61cb58f5-1df8-4c66-8be3-02c1da29ae7c",
    "data": [
      {
        "text": "tất toán ",
        "alias": "AccountSection",
        "meta": "@AccountSection",
        "userDefined": false
      },
      {
        "text": "vay mua nhà ",
        "alias": "AccountName",
        "meta": "@AccountNameTV",
        "userDefined": false
      }
    ],
    "isTemplate": false,
    "count": 0,
    "updated": 0
  },
  {
    "id": "6df96541-d620-4dfa-a464-23c3ccdd514c",
    "data": [
      {
        "text": "làm sao để ",
        "userDefined": false
      },
      {
        "text": "tất toán ",
        "alias": "AccountSection",
        "meta": "@AccountSection",
        "userDefined": false
      },
      {
        "text": "vay ",
        "userDefined": false
      },
      {
        "text": "mua xe ô tô ",
        "alias": "AccountName",
        "meta": "@AccountNameTV",
        "userDefined": false
      }
    ],
    "isTemplate": false,
    "count": 0,
    "updated": 0
  },
  {
    "id": "c6297156-8107-41c2-8754-1529f6fc038e",
    "data": [
      {
        "text": "tất toán ",
        "alias": "AccountSection",
        "meta": "@AccountSection",
        "userDefined": false
      },
      {
        "text": "khoản ",
        "userDefined": false
      },
      {
        "text": "vay ",
        "alias": "AccountType",
        "meta": "@AccountType",
        "userDefined": false
      }
    ],
    "isTemplate": false,
    "count": 0,
    "updated": 0
  },
  {
    "id": "b6af91b5-1968-4889-82be-6d6ecf2e8cd6",
    "data": [
      {
        "text": "làm sao để ",
        "userDefined": false
      },
      {
        "text": "ngưng ",
        "alias": "AccountSection",
        "meta": "@AccountSection",
        "userDefined": false
      },
      {
        "text": "sử dụng ",
        "userDefined": false
      }
    ],
    "isTemplate": false,
    "count": 0,
    "updated": 0
  },
  {
    "id": "b1af616c-4fda-4a46-9144-d918e02cb84a",
    "data": [
      {
        "text": "ngưng ",
        "alias": "AccountSection",
        "meta": "@AccountSection",
        "userDefined": false
      },
      {
        "text": "sử dụng ",
        "userDefined": false
      }
    ],
    "isTemplate": false,
    "count": 0,
    "updated": 0
  },
  {
    "id": "7c13226e-4313-455e-97e2-9b16c5cdf673",
    "data": [
      {
        "text": "tat toan ",
        "alias": "AccountSection",
        "meta": "@AccountSection",
        "userDefined": false
      },
      {
        "text": "vay dam bao the tien gui ",
        "alias": "AccountName",
        "meta": "@AccountNameTV",
        "userDefined": false
      },
      {
        "text": "nhu the nao ",
        "userDefined": false
      }
    ],
    "isTemplate": false,
    "count": 0,
    "updated": 0
  },
  {
    "id": "71fa4b23-eaa2-4235-8a00-9c49689b0c8d",
    "data": [
      {
        "text": "tất toán ",
        "alias": "AccountSection",
        "meta": "@AccountSection",
        "userDefined": false
      },
      {
        "text": "vay mua bất động sản ",
        "alias": "AccountName",
        "meta": "@AccountNameTV",
        "userDefined": false
      },
      {
        "text": "như thế nào ",
        "userDefined": false
      }
    ],
    "isTemplate": false,
    "count": 0,
    "updated": 0
  },
  {
    "id": "60396ae3-a78e-49d2-9456-46c22d7e074d",
    "data": [
      {
        "text": "làm sao để ",
        "userDefined": false
      },
      {
        "text": "ngưng ",
        "alias": "AccountSection",
        "meta": "@AccountSection",
        "userDefined": false
      },
      {
        "text": "vay mua căn hộ ",
        "alias": "AccountName",
        "meta": "@AccountNameTV",
        "userDefined": false
      }
    ],
    "isTemplate": false,
    "count": 0,
    "updated": 0
  },
  {
    "id": "e92afab4-77cd-48ed-81b2-784da74660dc",
    "data": [
      {
        "text": "làm sao để ",
        "userDefined": false
      },
      {
        "text": "tất toán ",
        "alias": "AccountSection",
        "meta": "@AccountSection",
        "userDefined": false
      },
      {
        "text": "tiền gửi có kỳ hạn ",
        "alias": "AccountName",
        "meta": "@AccountNameTG",
        "userDefined": false
      }
    ],
    "isTemplate": false,
    "count": 0,
    "updated": 0
  },
  {
    "id": "21db5dea-a41e-4110-8014-37d9ef65fa96",
    "data": [
      {
        "text": "làm sao để ",
        "userDefined": false
      },
      {
        "text": "đóng ",
        "alias": "AccountSection",
        "meta": "@AccountSection",
        "userDefined": false
      },
      {
        "text": "tiết kiệm có kỳ hạn ",
        "alias": "AccountName",
        "meta": "@AccountNameTG",
        "userDefined": false
      }
    ],
    "isTemplate": false,
    "count": 0,
    "updated": 0
  },
  {
    "id": "53d4944b-ab47-48df-8431-07723216799a",
    "data": [
      {
        "text": "tôi muốn ",
        "userDefined": false
      },
      {
        "text": "ngưng ",
        "alias": "AccountSection",
        "meta": "@AccountSection",
        "userDefined": false
      },
      {
        "text": "tiết kiệm có kỳ hạn ",
        "alias": "AccountName",
        "meta": "@AccountNameTG",
        "userDefined": false
      },
      {
        "text": "cá nhân ",
        "alias": "CustomerType",
        "meta": "@CustomerType",
        "userDefined": false
      }
    ],
    "isTemplate": false,
    "count": 0,
    "updated": 0
  },
  {
    "id": "e333c2bd-1af8-4520-8af5-4339548e43b7",
    "data": [
      {
        "text": "tôi muốn ",
        "userDefined": false
      },
      {
        "text": "dừng ",
        "alias": "AccountSection",
        "meta": "@AccountSection",
        "userDefined": false
      },
      {
        "text": "tiền gửi có kỳ hạn ",
        "alias": "AccountName",
        "meta": "@AccountNameTG",
        "userDefined": false
      },
      {
        "text": "cá nhân ",
        "alias": "CustomerType",
        "meta": "@CustomerType",
        "userDefined": false
      }
    ],
    "isTemplate": false,
    "count": 0,
    "updated": 0
  },
  {
    "id": "df5d7d10-d8c6-431e-ab1e-e7df1d3e1f9c",
    "data": [
      {
        "text": "tất toán ",
        "alias": "AccountSection",
        "meta": "@AccountSection",
        "userDefined": false
      },
      {
        "text": "tiền gửi có kỳ hạn ",
        "alias": "AccountName",
        "meta": "@AccountNameTG",
        "userDefined": false
      }
    ],
    "isTemplate": false,
    "count": 0,
    "updated": 0
  },
  {
    "id": "f03ae954-f41c-41f9-9c22-2f061e1a0ad4",
    "data": [
      {
        "text": "ngưng sử dụng ",
        "alias": "AccountSection",
        "meta": "@AccountSection",
        "userDefined": false
      },
      {
        "text": "tiền gửi có kỳ hạn ",
        "alias": "AccountName",
        "meta": "@AccountNameTG",
        "userDefined": false
      }
    ],
    "isTemplate": false,
    "count": 0,
    "updated": 0
  },
  {
    "id": "a8a489db-0f77-4abb-b7f5-5d9e29625199",
    "data": [
      {
        "text": "tất toán ",
        "alias": "AccountSection",
        "meta": "@AccountSection",
        "userDefined": false
      },
      {
        "text": "tiền gửi phù đổng ",
        "alias": "AccountName",
        "meta": "@AccountNameTG",
        "userDefined": false
      }
    ],
    "isTemplate": false,
    "count": 0,
    "updated": 0
  },
  {
    "id": "d26df43c-ea6d-4477-8459-28b956a2ed0e",
    "data": [
      {
        "text": "ngưng sử dụng ",
        "alias": "AccountSection",
        "meta": "@AccountSection",
        "userDefined": false
      },
      {
        "text": "tiết kiệm phù đổng ",
        "alias": "AccountName",
        "meta": "@AccountNameTG",
        "userDefined": false
      }
    ],
    "isTemplate": false,
    "count": 0,
    "updated": 0
  },
  {
    "id": "4ff8552c-d22e-425e-9711-90da16345eb1",
    "data": [
      {
        "text": "tôi muốn ",
        "userDefined": false
      },
      {
        "text": "dừng ",
        "alias": "AccountSection",
        "meta": "@AccountSection",
        "userDefined": false
      },
      {
        "text": "tiền gửi phù đổng ",
        "alias": "AccountName",
        "meta": "@AccountNameTG",
        "userDefined": false
      }
    ],
    "isTemplate": false,
    "count": 0,
    "updated": 0
  },
  {
    "id": "d0bfaf35-5789-4520-aa55-b224ee91095c",
    "data": [
      {
        "text": "tôi muốn ",
        "userDefined": false
      },
      {
        "text": "ngưng ",
        "alias": "AccountSection",
        "meta": "@AccountSection",
        "userDefined": false
      },
      {
        "text": "tiết kiệm phù đổng ",
        "alias": "AccountName",
        "meta": "@AccountNameTG",
        "userDefined": false
      }
    ],
    "isTemplate": false,
    "count": 0,
    "updated": 0
  },
  {
    "id": "9becabb9-2f7e-4438-b118-6dd163dc659f",
    "data": [
      {
        "text": "tôi muốn ",
        "userDefined": false
      },
      {
        "text": "tất toán ",
        "alias": "AccountSection",
        "meta": "@AccountSection",
        "userDefined": false
      },
      {
        "text": "tiết kiệm phù đổng ",
        "alias": "AccountName",
        "meta": "@AccountNameTG",
        "userDefined": false
      }
    ],
    "isTemplate": false,
    "count": 0,
    "updated": 0
  },
  {
    "id": "3e314125-ffed-4188-9ae0-3dc34d5d8eb0",
    "data": [
      {
        "text": "làm sao để ",
        "userDefined": false
      },
      {
        "text": "dừng sử dụng ",
        "alias": "AccountSection",
        "meta": "@AccountSection",
        "userDefined": false
      },
      {
        "text": "tiết kiệm phù đổng ",
        "alias": "AccountName",
        "meta": "@AccountNameTG",
        "userDefined": false
      }
    ],
    "isTemplate": false,
    "count": 0,
    "updated": 0
  },
  {
    "id": "6366b566-746c-4cc8-b936-3025fa48add9",
    "data": [
      {
        "text": "ngưng sử dụng ",
        "alias": "AccountSection",
        "meta": "@AccountSection",
        "userDefined": false
      },
      {
        "text": "tiết kiệm tương lai ",
        "alias": "AccountName",
        "meta": "@AccountNameTG",
        "userDefined": false
      }
    ],
    "isTemplate": false,
    "count": 0,
    "updated": 0
  },
  {
    "id": "9d76e081-d3fb-4238-b1ee-fc246fea6300",
    "data": [
      {
        "text": "tôi muốn ",
        "userDefined": false
      },
      {
        "text": "dừng ",
        "alias": "AccountSection",
        "meta": "@AccountSection",
        "userDefined": false
      },
      {
        "text": "tiền gửi tương lai ",
        "alias": "AccountName",
        "meta": "@AccountNameTG",
        "userDefined": false
      }
    ],
    "isTemplate": false,
    "count": 0,
    "updated": 0
  },
  {
    "id": "dfa92715-767a-48bd-8cdc-0ac967bc162c",
    "data": [
      {
        "text": "tôi muốn ",
        "userDefined": false
      },
      {
        "text": "ngưng ",
        "alias": "AccountSection",
        "meta": "@AccountSection",
        "userDefined": false
      },
      {
        "text": "tiết kiệm tương lai ",
        "alias": "AccountName",
        "meta": "@AccountNameTG",
        "userDefined": false
      }
    ],
    "isTemplate": false,
    "count": 0,
    "updated": 0
  },
  {
    "id": "064ffbb6-c139-40a9-a3ef-ca32c114a88a",
    "data": [
      {
        "text": "tôi muốn ",
        "userDefined": false
      },
      {
        "text": "tất toán ",
        "alias": "AccountSection",
        "meta": "@AccountSection",
        "userDefined": false
      },
      {
        "text": "tiết kiệm tương lai ",
        "alias": "AccountName",
        "meta": "@AccountNameTG",
        "userDefined": false
      }
    ],
    "isTemplate": false,
    "count": 0,
    "updated": 0
  },
  {
    "id": "d88a7fbe-2eb6-4cc2-9f76-85dc223480df",
    "data": [
      {
        "text": "làm sao để ",
        "userDefined": false
      },
      {
        "text": "dừng sử dụng ",
        "alias": "AccountSection",
        "meta": "@AccountSection",
        "userDefined": false
      },
      {
        "text": "tiết kiệm tương lai ",
        "alias": "AccountName",
        "meta": "@AccountNameTG",
        "userDefined": false
      }
    ],
    "isTemplate": false,
    "count": 0,
    "updated": 0
  },
  {
    "id": "bfc0935f-9071-4ec7-96f6-d1573943b40c",
    "data": [
      {
        "text": "ngưng ",
        "alias": "AccountSection",
        "meta": "@AccountSection",
        "userDefined": false
      },
      {
        "text": "sử dụng ",
        "userDefined": false
      },
      {
        "text": "tài khoản thanh toán ",
        "alias": "AccountName",
        "meta": "@AccountNameTK",
        "userDefined": false
      }
    ],
    "isTemplate": false,
    "count": 0,
    "updated": 0
  },
  {
    "id": "a7f46fc3-d024-4a86-833c-84d4e5e5d830",
    "data": [
      {
        "text": "đóng ",
        "alias": "AccountSection",
        "meta": "@AccountSection",
        "userDefined": false
      },
      {
        "text": "tài khoản ",
        "alias": "AccountType",
        "meta": "@AccountType",
        "userDefined": false
      }
    ],
    "isTemplate": false,
    "count": 0,
    "updated": 0
  },
  {
    "id": "e9aee455-e773-4e5d-841f-767cea1145f3",
    "data": [
      {
        "text": "tôi muốn ",
        "userDefined": false
      },
      {
        "text": "tất toán ",
        "alias": "AccountSection",
        "meta": "@AccountSection",
        "userDefined": false
      },
      {
        "text": "vay thấu chi tktt ",
        "alias": "AccountName",
        "meta": "@AccountNameTV",
        "userDefined": false
      }
    ],
    "isTemplate": false,
    "count": 0,
    "updated": 0
  },
  {
    "id": "7c8cadaa-9bf2-4713-bc08-bbee0e2f8192",
    "data": [
      {
        "text": "tôi muốn ",
        "userDefined": false
      },
      {
        "text": "đóng ",
        "alias": "AccountSection",
        "meta": "@AccountSection",
        "userDefined": false
      },
      {
        "text": "khoản ",
        "userDefined": false
      },
      {
        "text": "vay cấp td nhanh cho dn nhỏ ",
        "alias": "AccountName",
        "meta": "@AccountNameTV",
        "userDefined": false
      }
    ],
    "isTemplate": false,
    "count": 0,
    "updated": 0
  },
  {
    "id": "8caebdec-7b22-4195-8e7e-f54fc2e86f17",
    "data": [
      {
        "text": "làm sao để ",
        "userDefined": false
      },
      {
        "text": "ngưng ",
        "alias": "AccountSection",
        "meta": "@AccountSection",
        "userDefined": false
      },
      {
        "text": "vay thấu chi tk thanh toán ",
        "alias": "AccountName",
        "meta": "@AccountNameTV",
        "userDefined": false
      }
    ],
    "isTemplate": false,
    "count": 0,
    "updated": 0
  },
  {
    "id": "0698bdc7-d026-46c8-8402-f86185fff062",
    "data": [
      {
        "text": "lam sao de ",
        "userDefined": false
      },
      {
        "text": "dung ",
        "alias": "AccountSection",
        "meta": "@AccountSection",
        "userDefined": false
      },
      {
        "text": "vay thau chi tktt ",
        "alias": "AccountName",
        "meta": "@AccountNameTV",
        "userDefined": false
      }
    ],
    "isTemplate": false,
    "count": 0,
    "updated": 0
  },
  {
    "id": "c410bead-7415-4d65-8607-b2e8b282ec6c",
    "data": [
      {
        "text": "toi muon ",
        "userDefined": false
      },
      {
        "text": "tat toan ",
        "alias": "AccountSection",
        "meta": "@AccountSection",
        "userDefined": false
      },
      {
        "text": "vay td nhanh cho dn nho ",
        "alias": "AccountName",
        "meta": "@AccountNameTV",
        "userDefined": false
      }
    ],
    "isTemplate": false,
    "count": 0,
    "updated": 0
  },
  {
    "id": "c7d30f67-a694-4a5e-b509-3ae0331eb85a",
    "data": [
      {
        "text": "không sử dụng ",
        "alias": "AccountSection",
        "meta": "@AccountSection",
        "userDefined": false
      },
      {
        "text": "món ",
        "userDefined": false
      },
      {
        "text": "vay cấp td nhanh cho sme ",
        "alias": "AccountName",
        "meta": "@AccountNameTV",
        "userDefined": false
      },
      {
        "text": "nữa thì phải làm sao ",
        "userDefined": false
      }
    ],
    "isTemplate": false,
    "count": 0,
    "updated": 0
  },
  {
    "id": "3b870b68-3b44-4dce-b62c-757fc13a630e",
    "data": [
      {
        "text": "ko su dung ",
        "alias": "AccountSection",
        "meta": "@AccountSection",
        "userDefined": false
      },
      {
        "text": "tien ",
        "userDefined": false
      },
      {
        "text": "vay thau chi tk thanh toan ",
        "alias": "AccountName",
        "meta": "@AccountNameTV",
        "userDefined": false
      },
      {
        "text": "nua thi lam sao ",
        "userDefined": false
      }
    ],
    "isTemplate": false,
    "count": 0,
    "updated": 0
  },
  {
    "id": "311dfba8-b148-4bb0-91f9-963edcefe193",
    "data": [
      {
        "text": "tôi cần ",
        "userDefined": false
      },
      {
        "text": "đóng ",
        "alias": "AccountSection",
        "meta": "@AccountSection",
        "userDefined": false
      },
      {
        "text": "khoản ",
        "userDefined": false
      },
      {
        "text": "vay td nhanh cho dn nhỏ ",
        "alias": "AccountName",
        "meta": "@AccountNameTV",
        "userDefined": false
      }
    ],
    "isTemplate": false,
    "count": 0,
    "updated": 0
  },
  {
    "id": "b4e01ab4-8515-45ef-beb5-29b5741f5ba0",
    "data": [
      {
        "text": "toi muon ",
        "userDefined": false
      },
      {
        "text": "ngung ",
        "alias": "AccountSection",
        "meta": "@AccountSection",
        "userDefined": false
      },
      {
        "text": "su dung tien ",
        "userDefined": false
      },
      {
        "text": "vay thau chi tk thanh toan ",
        "alias": "AccountName",
        "meta": "@AccountNameTV",
        "userDefined": false
      }
    ],
    "isTemplate": false,
    "count": 0,
    "updated": 0
  },
  {
    "id": "634d8985-98b4-4356-bb7d-927374d44c60",
    "data": [
      {
        "text": "tất toán ",
        "alias": "AccountSection",
        "meta": "@AccountSection",
        "userDefined": false
      },
      {
        "text": "vay thấu chi tktt ",
        "alias": "AccountName",
        "meta": "@AccountNameTV",
        "userDefined": false
      },
      {
        "text": "bằng cách nào ",
        "userDefined": false
      }
    ],
    "isTemplate": false,
    "count": 0,
    "updated": 0
  },
  {
    "id": "36715d39-7ede-4459-b44e-2c787c6f0272",
    "data": [
      {
        "text": "tất toán ",
        "alias": "AccountSection",
        "meta": "@AccountSection",
        "userDefined": false
      },
      {
        "text": "vay cấp td nhanh dành cho dn nhỏ ",
        "alias": "AccountName",
        "meta": "@AccountNameTV",
        "userDefined": false
      }
    ],
    "isTemplate": false,
    "count": 0,
    "updated": 0
  },
  {
    "id": "7d32a82a-f0c2-4249-b5b3-cdae44a72b20",
    "data": [
      {
        "text": "thủ tục đóng ",
        "alias": "AccountSection",
        "meta": "@AccountSection",
        "userDefined": false
      }
    ],
    "isTemplate": false,
    "count": 1,
    "updated": 0
  },
  {
    "id": "21a1ed6f-ec6f-4e2a-80de-5e4967b7685f",
    "data": [
      {
        "text": "thủ tục ",
        "userDefined": false
      },
      {
        "text": "đóng ",
        "alias": "AccountSection",
        "meta": "@AccountSection",
        "userDefined": false
      },
      {
        "text": "dịch vụ ",
        "userDefined": false
      },
      {
        "text": "cấp số tk qua sở kế hoạch đầu tư ",
        "alias": "AccountName",
        "meta": "@AccountNameDV",
        "userDefined": false
      }
    ],
    "isTemplate": false,
    "count": 0,
    "updated": 0
  },
  {
    "id": "dc8dee7e-f534-48c5-a216-c610d6c3f8c7",
    "data": [
      {
        "text": "tôi muốn ",
        "userDefined": false
      },
      {
        "text": "ngưng ",
        "alias": "AccountSection",
        "meta": "@AccountSection",
        "userDefined": false
      },
      {
        "text": "sử dụng dc ",
        "userDefined": false
      },
      {
        "text": "cap so tk qua so khdt ",
        "alias": "AccountName",
        "meta": "@AccountNameDV",
        "userDefined": false
      }
    ],
    "isTemplate": false,
    "count": 0,
    "updated": 0
  },
  {
    "id": "4e650e2a-fc13-4781-9377-94dbd7ed6875",
    "data": [
      {
        "text": "lam sao de ",
        "userDefined": false
      },
      {
        "text": "dong ",
        "alias": "AccountSection",
        "meta": "@AccountSection",
        "userDefined": false
      },
      {
        "text": "dv ",
        "userDefined": false
      },
      {
        "text": "cap so tai khoan qua so khdt ",
        "alias": "AccountName",
        "meta": "@AccountNameDV",
        "userDefined": false
      }
    ],
    "isTemplate": false,
    "count": 0,
    "updated": 0
  },
  {
    "id": "fead7b2b-2bd9-4059-baee-d3cd1d98fb6e",
    "data": [
      {
        "text": "hướng dẫn tôi cách ",
        "userDefined": false
      },
      {
        "text": "đóng ",
        "alias": "AccountSection",
        "meta": "@AccountSection",
        "userDefined": false
      },
      {
        "text": "dv ",
        "userDefined": false
      },
      {
        "text": "cấp số tk qua sở khđt ",
        "alias": "AccountName",
        "meta": "@AccountNameDV",
        "userDefined": false
      }
    ],
    "isTemplate": false,
    "count": 0,
    "updated": 0
  },
  {
    "id": "9546f84f-9746-4ba4-8fb0-a32c3eb6ef1c",
    "data": [
      {
        "text": "dừng ",
        "alias": "AccountSection",
        "meta": "@AccountSection",
        "userDefined": false
      },
      {
        "text": "sử dụng dv ",
        "userDefined": false
      },
      {
        "text": "hoá đơn điện tử ",
        "alias": "AccountName",
        "meta": "@AccountNameDV",
        "userDefined": false
      },
      {
        "text": "như thế nào ",
        "userDefined": false
      }
    ],
    "isTemplate": false,
    "count": 0,
    "updated": 0
  },
  {
    "id": "3f6944a8-63fc-4a31-ad3f-fdb9cd7fbdff",
    "data": [
      {
        "text": "ngưng ",
        "alias": "AccountSection",
        "meta": "@AccountSection",
        "userDefined": false
      },
      {
        "text": "dv ",
        "userDefined": false
      },
      {
        "text": "vat trực tuyến ",
        "alias": "AccountName",
        "meta": "@AccountNameDV",
        "userDefined": false
      },
      {
        "text": "làm sao ",
        "userDefined": false
      }
    ],
    "isTemplate": false,
    "count": 0,
    "updated": 0
  },
  {
    "id": "6774b247-97ad-488c-9064-d32fcb61ed76",
    "data": [
      {
        "text": "đóng ",
        "alias": "AccountSection",
        "meta": "@AccountSection",
        "userDefined": false
      },
      {
        "text": "dv ",
        "userDefined": false
      },
      {
        "text": "hoá đơn online ",
        "alias": "AccountName",
        "meta": "@AccountNameDV",
        "userDefined": false
      }
    ],
    "isTemplate": false,
    "count": 0,
    "updated": 0
  },
  {
    "id": "fc8f307e-f2b1-4084-9509-bc5e9f3ddc43",
    "data": [
      {
        "text": "toi muon ",
        "userDefined": false
      },
      {
        "text": "dong ",
        "alias": "AccountSection",
        "meta": "@AccountSection",
        "userDefined": false
      },
      {
        "text": "dich vu ",
        "userDefined": false
      },
      {
        "text": "hoa don online ",
        "alias": "AccountName",
        "meta": "@AccountNameDV",
        "userDefined": false
      }
    ],
    "isTemplate": false,
    "count": 0,
    "updated": 0
  },
  {
    "id": "8bca11a5-b8ee-414c-8045-336c0fde8af4",
    "data": [
      {
        "text": "lam sao de ",
        "userDefined": false
      },
      {
        "text": "dong ",
        "alias": "AccountSection",
        "meta": "@AccountSection",
        "userDefined": false
      },
      {
        "text": "dv ",
        "userDefined": false
      },
      {
        "text": "vat online ",
        "alias": "AccountName",
        "meta": "@AccountNameDV",
        "userDefined": false
      }
    ],
    "isTemplate": false,
    "count": 0,
    "updated": 0
  },
  {
    "id": "431fd9a1-db6e-4684-9010-256cb1367df1",
    "data": [
      {
        "text": "thủ tục để ",
        "userDefined": false
      },
      {
        "text": "ngừng ",
        "alias": "AccountSection",
        "meta": "@AccountSection",
        "userDefined": false
      },
      {
        "text": "dv ",
        "userDefined": false
      },
      {
        "text": "nộp thuế online ",
        "alias": "AccountName",
        "meta": "@AccountNameDV",
        "userDefined": false
      },
      {
        "text": "như thế nào ",
        "userDefined": false
      }
    ],
    "isTemplate": false,
    "count": 0,
    "updated": 0
  },
  {
    "id": "64735b95-a4f0-43e4-a7b4-5ee16283c145",
    "data": [
      {
        "text": "thủ tục đóng ",
        "alias": "AccountSection",
        "meta": "@AccountSection",
        "userDefined": false
      },
      {
        "text": "dv nộp ",
        "userDefined": false
      },
      {
        "text": "thuế hải quan ",
        "alias": "AccountName",
        "meta": "@AccountNameDV",
        "userDefined": false
      },
      {
        "text": "trực tuyến ",
        "userDefined": false
      }
    ],
    "isTemplate": false,
    "count": 0,
    "updated": 0
  },
  {
    "id": "e77c37bd-a203-43b5-80ec-f58fc06d56a6",
    "data": [
      {
        "text": "làm cách nào để ",
        "userDefined": false
      },
      {
        "text": "ngừng ",
        "alias": "AccountSection",
        "meta": "@AccountSection",
        "userDefined": false
      },
      {
        "text": "thanh toán ",
        "userDefined": false
      },
      {
        "text": "thuế nội địa ",
        "alias": "AccountName",
        "meta": "@AccountNameDV",
        "userDefined": false
      },
      {
        "text": "trực tuyến ",
        "userDefined": false
      }
    ],
    "isTemplate": false,
    "count": 0,
    "updated": 0
  },
  {
    "id": "ec4a6f36-e0a0-441e-a02e-58f31feb41c1",
    "data": [
      {
        "text": "thu tuc dong ",
        "alias": "AccountSection",
        "meta": "@AccountSection",
        "userDefined": false
      },
      {
        "text": "dv nop ",
        "userDefined": false
      },
      {
        "text": "thue hai quan ",
        "alias": "AccountName",
        "meta": "@AccountNameDV",
        "userDefined": false
      },
      {
        "text": "online ",
        "userDefined": false
      }
    ],
    "isTemplate": false,
    "count": 0,
    "updated": 0
  },
  {
    "id": "c28ab32c-3e77-4178-9a0f-ad5267414027",
    "data": [
      {
        "text": "thủ tục đóng ",
        "alias": "AccountSection",
        "meta": "@AccountSection",
        "userDefined": false
      },
      {
        "text": "dịch vụ ",
        "userDefined": false
      },
      {
        "text": "thu ngân sách ",
        "alias": "AccountName",
        "meta": "@AccountNameDV",
        "userDefined": false
      },
      {
        "text": "nhà nước ",
        "userDefined": false
      },
      {
        "text": "doanh nghiệp ",
        "alias": "CustomerType",
        "meta": "@CustomerType",
        "userDefined": false
      }
    ],
    "isTemplate": false,
    "count": 0,
    "updated": 0
  },
  {
    "id": "70f3514b-0e3c-49cb-93d9-82fbea52c63b",
    "data": [
      {
        "text": "toi muon ",
        "userDefined": false
      },
      {
        "text": "ngung ",
        "alias": "AccountSection",
        "meta": "@AccountSection",
        "userDefined": false
      },
      {
        "text": "dv ",
        "userDefined": false
      },
      {
        "text": "thu nsnn ",
        "alias": "AccountName",
        "meta": "@AccountNameDV",
        "userDefined": false
      }
    ],
    "isTemplate": false,
    "count": 0,
    "updated": 0
  },
  {
    "id": "fcee5bca-53a6-4a8a-b711-04e70a5a84cb",
    "data": [
      {
        "text": "ngung ",
        "alias": "AccountSection",
        "meta": "@AccountSection",
        "userDefined": false
      },
      {
        "text": "nop thue qua nsnn ",
        "alias": "AccountName",
        "meta": "@AccountNameDV",
        "userDefined": false
      },
      {
        "text": "bang cach nao ",
        "userDefined": false
      }
    ],
    "isTemplate": false,
    "count": 0,
    "updated": 0
  },
  {
    "id": "327e6f4d-72cb-4759-9d99-b2c95a2c8a79",
    "data": [
      {
        "text": "ngừng ",
        "alias": "AccountSection",
        "meta": "@AccountSection",
        "userDefined": false
      },
      {
        "text": "nộp thuế qua ngân sách ",
        "alias": "AccountName",
        "meta": "@AccountNameDV",
        "userDefined": false
      },
      {
        "text": "nhà nước làm sao ",
        "userDefined": false
      }
    ],
    "isTemplate": false,
    "count": 0,
    "updated": 0
  },
  {
    "id": "9fa2c70f-1459-428c-8aa4-99407de8da92",
    "data": [
      {
        "text": "ngưng ",
        "alias": "AccountSection",
        "meta": "@AccountSection",
        "userDefined": false
      },
      {
        "text": "nộp ngân sách ",
        "alias": "AccountName",
        "meta": "@AccountNameDV",
        "userDefined": false
      },
      {
        "text": "nhà nước ",
        "userDefined": false
      }
    ],
    "isTemplate": false,
    "count": 0,
    "updated": 0
  },
  {
    "id": "f7ad2def-1eff-4788-a22e-e54f3ce1d906",
    "data": [
      {
        "text": "thủ tục đóng ",
        "alias": "AccountSection",
        "meta": "@AccountSection",
        "userDefined": false
      },
      {
        "text": "dịch vụ ",
        "userDefined": false
      },
      {
        "text": "chuyển tiền nội địa ",
        "alias": "AccountName",
        "meta": "@AccountNameDV",
        "userDefined": false
      },
      {
        "text": "doanh nghiệp ",
        "alias": "CustomerType",
        "meta": "@CustomerType",
        "userDefined": false
      }
    ],
    "isTemplate": false,
    "count": 0,
    "updated": 0
  },
  {
    "id": "c7f77471-0cbe-4d41-a007-734063c82e5d",
    "data": [
      {
        "text": "thu tuc dong ",
        "alias": "AccountSection",
        "meta": "@AccountSection",
        "userDefined": false
      },
      {
        "text": "dv ",
        "userDefined": false
      },
      {
        "text": "chuyen tien trong nuoc ",
        "alias": "AccountName",
        "meta": "@AccountNameDV",
        "userDefined": false
      },
      {
        "text": "doanh nghiep ",
        "alias": "CustomerType",
        "meta": "@CustomerType",
        "userDefined": false
      }
    ],
    "isTemplate": false,
    "count": 0,
    "updated": 0
  },
  {
    "id": "7aad7afa-77ad-40d5-a0a8-7eca8d028d7d",
    "data": [
      {
        "text": "toi muon ",
        "userDefined": false
      },
      {
        "text": "dung ",
        "alias": "AccountSection",
        "meta": "@AccountSection",
        "userDefined": false
      },
      {
        "text": "su dung dv ",
        "userDefined": false
      },
      {
        "text": "chuyen tien noi dia ",
        "alias": "AccountName",
        "meta": "@AccountNameDV",
        "userDefined": false
      }
    ],
    "isTemplate": false,
    "count": 0,
    "updated": 0
  },
  {
    "id": "d14c12ea-aed4-4494-8bc9-2771cec792a2",
    "data": [
      {
        "text": "làm sao để ",
        "userDefined": false
      },
      {
        "text": "dừng ",
        "alias": "AccountSection",
        "meta": "@AccountSection",
        "userDefined": false
      },
      {
        "text": "sử dụng dv ",
        "userDefined": false
      },
      {
        "text": "chuyển tiền trong nước ",
        "alias": "AccountName",
        "meta": "@AccountNameDV",
        "userDefined": false
      }
    ],
    "isTemplate": false,
    "count": 0,
    "updated": 0
  },
  {
    "id": "e9dfffaa-5889-46ca-827e-16a4d0e52e02",
    "data": [
      {
        "text": "tất toán ",
        "userDefined": false
      },
      {
        "text": "thủ tục đóng ",
        "alias": "AccountSection",
        "meta": "@AccountSection",
        "userDefined": false
      },
      {
        "text": "của dịch vụ ",
        "userDefined": false
      },
      {
        "text": "chuyển tiền nội địa ",
        "alias": "AccountName",
        "meta": "@AccountNameDV",
        "userDefined": false
      },
      {
        "text": "doanh nghiệp ",
        "alias": "CustomerType",
        "meta": "@CustomerType",
        "userDefined": false
      }
    ],
    "isTemplate": false,
    "count": 0,
    "updated": 0
  },
  {
    "id": "11c2b74e-1aa9-4edd-b101-01ec6312e62f",
    "data": [
      {
        "text": "tất toán ",
        "userDefined": false
      },
      {
        "text": "thủ tục đóng ",
        "alias": "AccountSection",
        "meta": "@AccountSection",
        "userDefined": false
      },
      {
        "text": "của dịch vụ ",
        "userDefined": false
      },
      {
        "text": "chuyển tiền nội địa ",
        "alias": "AccountName",
        "meta": "@AccountNameDV",
        "userDefined": false
      },
      {
        "text": "cá nhân ",
        "alias": "CustomerType",
        "meta": "@CustomerType",
        "userDefined": false
      }
    ],
    "isTemplate": false,
    "count": 0,
    "updated": 0
  },
  {
    "id": "95326510-685f-4ce0-afd3-1589901174b0",
    "data": [
      {
        "text": "tất toán ",
        "alias": "AccountSection",
        "meta": "@AccountSection",
        "userDefined": false
      },
      {
        "text": "của ",
        "userDefined": false
      },
      {
        "text": "tiền gửi có kỳ hạn ",
        "alias": "AccountName",
        "meta": "@AccountNameTG",
        "userDefined": false
      },
      {
        "text": "doanh nghiệp ",
        "alias": "CustomerType",
        "meta": "@CustomerType",
        "userDefined": false
      }
    ],
    "isTemplate": false,
    "count": 0,
    "updated": 0
  },
  {
    "id": "5cfd593f-0b8b-4eac-b6ff-6092f267ddbf",
    "data": [
      {
        "text": "ngưng sử dụng ",
        "alias": "AccountSection",
        "meta": "@AccountSection",
        "userDefined": false
      },
      {
        "text": "tiết kiệm có kỳ hạn ",
        "alias": "AccountName",
        "meta": "@AccountNameTG",
        "userDefined": false
      },
      {
        "text": "doanh nghiệp ",
        "alias": "CustomerType",
        "meta": "@CustomerType",
        "userDefined": false
      }
    ],
    "isTemplate": false,
    "count": 0,
    "updated": 0
  },
  {
    "id": "bd4e376f-b2f1-4a89-9292-70abd58f699a",
    "data": [
      {
        "text": "dừng sử dụng ",
        "alias": "AccountSection",
        "meta": "@AccountSection",
        "userDefined": false
      },
      {
        "text": "tiền gửi có kỳ hạn ",
        "alias": "AccountName",
        "meta": "@AccountNameTG",
        "userDefined": false
      }
    ],
    "isTemplate": false,
    "count": 0,
    "updated": 0
  },
  {
    "id": "918b350c-c688-43b9-9907-6773bd86e10c",
    "data": [
      {
        "text": "không sử dụng ",
        "alias": "AccountSection",
        "meta": "@AccountSection",
        "userDefined": false
      },
      {
        "text": "tiền gửi có kỳ hạn ",
        "alias": "AccountName",
        "meta": "@AccountNameTG",
        "userDefined": false
      },
      {
        "text": "nữa ",
        "userDefined": false
      }
    ],
    "isTemplate": false,
    "count": 0,
    "updated": 0
  },
  {
    "id": "63509ae3-006f-4946-aad8-4018e2ea7235",
    "data": [
      {
        "text": "ngưng sử dụng ",
        "alias": "AccountSection",
        "meta": "@AccountSection",
        "userDefined": false
      },
      {
        "text": "tài khoản thanh toán ",
        "alias": "AccountName",
        "meta": "@AccountNameTK",
        "userDefined": false
      },
      {
        "text": "doanh nghiệp ",
        "alias": "CustomerType",
        "meta": "@CustomerType",
        "userDefined": false
      }
    ],
    "isTemplate": false,
    "count": 0,
    "updated": 0
  },
  {
    "id": "9cf3a0ae-d948-46b2-91a0-c5a6a7389b1a",
    "data": [
      {
        "text": "dừng sử dụng ",
        "alias": "AccountSection",
        "meta": "@AccountSection",
        "userDefined": false
      },
      {
        "text": "tài khoản ",
        "alias": "AccountType",
        "meta": "@AccountType",
        "userDefined": false
      },
      {
        "text": "doanh nghiệp ",
        "alias": "CustomerType",
        "meta": "@CustomerType",
        "userDefined": false
      }
    ],
    "isTemplate": false,
    "count": 0,
    "updated": 0
  },
  {
    "id": "903e93c7-1136-43c8-868c-23ce27eeaa4d",
    "data": [
      {
        "text": "không sử dụng ",
        "alias": "AccountSection",
        "meta": "@AccountSection",
        "userDefined": false
      },
      {
        "text": "tài khoản thanh toán ",
        "alias": "AccountName",
        "meta": "@AccountNameTK",
        "userDefined": false
      },
      {
        "text": "doanh nghiệp ",
        "alias": "CustomerType",
        "meta": "@CustomerType",
        "userDefined": false
      },
      {
        "text": "nữa ",
        "userDefined": false
      }
    ],
    "isTemplate": false,
    "count": 0,
    "updated": 0
  },
  {
    "id": "121d7029-7667-41ff-ba90-3218c153c928",
    "data": [
      {
        "text": "tất toán ",
        "alias": "AccountSection",
        "meta": "@AccountSection",
        "userDefined": false
      },
      {
        "text": "tài khoản thanh toán ",
        "alias": "AccountName",
        "meta": "@AccountNameTK",
        "userDefined": false
      },
      {
        "text": "doanh nghiệp ",
        "alias": "CustomerType",
        "meta": "@CustomerType",
        "userDefined": false
      }
    ],
    "isTemplate": false,
    "count": 0,
    "updated": 0
  },
  {
    "id": "82d1e067-92ab-444d-a85e-15dce06e6ef4",
    "data": [
      {
        "text": "tất toán ",
        "alias": "AccountSection",
        "meta": "@AccountSection",
        "userDefined": false
      },
      {
        "text": "tài khoản vốn đầu tư trực tiếp nước ngoài vào việt nam ",
        "alias": "AccountName",
        "meta": "@AccountNameTK",
        "userDefined": false
      },
      {
        "text": "doanh nghiệp ",
        "alias": "CustomerType",
        "meta": "@CustomerType",
        "userDefined": false
      }
    ],
    "isTemplate": false,
    "count": 0,
    "updated": 0
  },
  {
    "id": "52db7af3-3841-49cc-aff8-2301db5e8e1e",
    "data": [
      {
        "text": "dừng sử dụng ",
        "alias": "AccountSection",
        "meta": "@AccountSection",
        "userDefined": false
      },
      {
        "text": "tài khoản vốn đầu tư trực tiếp nước ngoài vào việt nam ",
        "alias": "AccountName",
        "meta": "@AccountNameTK",
        "userDefined": false
      }
    ],
    "isTemplate": false,
    "count": 0,
    "updated": 0
  },
  {
    "id": "4b74ecf6-6019-425e-95d2-969e5d13fb87",
    "data": [
      {
        "text": "ngưng sử dụng ",
        "alias": "AccountSection",
        "meta": "@AccountSection",
        "userDefined": false
      },
      {
        "text": "tài khoản vốn đầu tư trực tiếp nước ngoài vào việt nam ",
        "alias": "AccountName",
        "meta": "@AccountNameTK",
        "userDefined": false
      }
    ],
    "isTemplate": false,
    "count": 0,
    "updated": 0
  },
  {
    "id": "89460230-f751-4f61-a5c3-2da005def2d9",
    "data": [
      {
        "text": "thủ tục đóng tất toán ",
        "alias": "AccountSection",
        "meta": "@AccountSection",
        "userDefined": false
      },
      {
        "text": "của ",
        "userDefined": false
      },
      {
        "text": "tài khoản thanh toán ",
        "alias": "AccountName",
        "meta": "@AccountNameTK",
        "userDefined": false
      },
      {
        "text": "doanh nghiệp ",
        "alias": "CustomerType",
        "meta": "@CustomerType",
        "userDefined": false
      }
    ],
    "isTemplate": false,
    "count": 0,
    "updated": 0
  },
  {
    "id": "ebea07d8-8404-40e5-b35c-fb84ba6a93da",
    "data": [
      {
        "text": "thủ tục đóng tất toán ",
        "alias": "AccountSection",
        "meta": "@AccountSection",
        "userDefined": false
      },
      {
        "text": "của ",
        "userDefined": false
      },
      {
        "text": "tài khoản vốn đầu tư trực tiếp nước ngoài vào việt nam ",
        "alias": "AccountName",
        "meta": "@AccountNameTK",
        "userDefined": false
      },
      {
        "text": "doanh nghiệp ",
        "alias": "CustomerType",
        "meta": "@CustomerType",
        "userDefined": false
      }
    ],
    "isTemplate": false,
    "count": 0,
    "updated": 0
  },
  {
    "id": "e92d9e86-324f-4380-b522-28a567916665",
    "data": [
      {
        "text": "tất toán ",
        "alias": "AccountSection",
        "meta": "@AccountSection",
        "userDefined": false
      },
      {
        "text": "tài khoản ",
        "alias": "AccountType",
        "meta": "@AccountType",
        "userDefined": false
      },
      {
        "text": "doanh nghiệp ",
        "alias": "CustomerType",
        "meta": "@CustomerType",
        "userDefined": false
      }
    ],
    "isTemplate": false,
    "count": 0,
    "updated": 0
  },
  {
    "id": "c2045b3c-cc27-4b41-97fa-61016adefe9e",
    "data": [
      {
        "text": "tất toán ",
        "alias": "AccountSection",
        "meta": "@AccountSection",
        "userDefined": false
      },
      {
        "text": "tiền ",
        "userDefined": false
      },
      {
        "text": "vay mua nhà ",
        "alias": "AccountName",
        "meta": "@AccountNameTV",
        "userDefined": false
      }
    ],
    "isTemplate": false,
    "count": 0,
    "updated": 0
  },
  {
    "id": "0b1e83c0-83bc-4877-aee9-c48f7f1bacd9",
    "data": [
      {
        "text": "thủ tục đóng ",
        "alias": "AccountSection",
        "meta": "@AccountSection",
        "userDefined": false
      },
      {
        "text": "tài khoản thanh toán ",
        "alias": "AccountName",
        "meta": "@AccountNameTK",
        "userDefined": false
      },
      {
        "text": "doanh nghiệp ",
        "alias": "CustomerType",
        "meta": "@CustomerType",
        "userDefined": false
      }
    ],
    "isTemplate": false,
    "count": 0,
    "updated": 0
  },
  {
    "id": "7bdfd0d6-482d-44b6-9627-dc8192a2450c",
    "data": [
      {
        "text": "thủ tục đóng ",
        "alias": "AccountSection",
        "meta": "@AccountSection",
        "userDefined": false
      },
      {
        "text": "của ",
        "userDefined": false
      },
      {
        "text": "tk thanh toán ",
        "alias": "AccountName",
        "meta": "@AccountNameTK",
        "userDefined": false
      },
      {
        "text": "doanh nghiệp ",
        "alias": "CustomerType",
        "meta": "@CustomerType",
        "userDefined": false
      }
    ],
    "isTemplate": false,
    "count": 0,
    "updated": 0
  },
  {
    "id": "a86a980a-4443-4e1d-9aa8-23586670303f",
    "data": [
      {
        "text": "tôi muốn ",
        "userDefined": false
      },
      {
        "text": "đóng ",
        "alias": "AccountSection",
        "meta": "@AccountSection",
        "userDefined": false
      },
      {
        "text": "tài khoản thanh toán ",
        "alias": "AccountName",
        "meta": "@AccountNameTK",
        "userDefined": false
      }
    ],
    "isTemplate": false,
    "count": 0,
    "updated": 0
  },
  {
    "id": "103d3b9e-9538-4d5d-950c-cb53dfa5ed5f",
    "data": [
      {
        "text": "đóng ",
        "alias": "AccountSection",
        "meta": "@AccountSection",
        "userDefined": false
      },
      {
        "text": "tktt ",
        "alias": "AccountName",
        "meta": "@AccountNameTK",
        "userDefined": false
      },
      {
        "text": "cá nhân ",
        "alias": "CustomerType",
        "meta": "@CustomerType",
        "userDefined": false
      }
    ],
    "isTemplate": false,
    "count": 0,
    "updated": 0
  },
  {
    "id": "4b5f3b06-0003-4d97-825f-c667980353d2",
    "data": [
      {
        "text": "đóng ",
        "alias": "AccountSection",
        "meta": "@AccountSection",
        "userDefined": false
      },
      {
        "text": "tktt ",
        "alias": "AccountName",
        "meta": "@AccountNameTK",
        "userDefined": false
      }
    ],
    "isTemplate": false,
    "count": 0,
    "updated": 0
  },
  {
    "id": "b81f93b0-16b4-4497-b6b0-e466f117bd75",
    "data": [
      {
        "text": "đóng ",
        "alias": "AccountSection",
        "meta": "@AccountSection",
        "userDefined": false
      },
      {
        "text": "tktt ",
        "alias": "AccountName",
        "meta": "@AccountNameTK",
        "userDefined": false
      },
      {
        "text": "doanh nghiệp ",
        "alias": "CustomerType",
        "meta": "@CustomerType",
        "userDefined": false
      }
    ],
    "isTemplate": false,
    "count": 0,
    "updated": 0
  },
  {
    "id": "d9292b02-ae8f-4573-8881-22a9fad2f754",
    "data": [
      {
        "text": "tôi muốn ",
        "userDefined": false
      },
      {
        "text": "dừng sử dụng ",
        "alias": "AccountSection",
        "meta": "@AccountSection",
        "userDefined": false
      },
      {
        "text": "tktt ",
        "alias": "AccountName",
        "meta": "@AccountNameTK",
        "userDefined": false
      }
    ],
    "isTemplate": false,
    "count": 0,
    "updated": 0
  },
  {
    "id": "f217d13c-944c-457f-90b3-42c422d88d76",
    "data": [
      {
        "text": "đóng ",
        "alias": "AccountSection",
        "meta": "@AccountSection",
        "userDefined": false
      },
      {
        "text": "tktt combo 1 ",
        "alias": "AccountName",
        "meta": "@AccountNameTK",
        "userDefined": false
      }
    ],
    "isTemplate": false,
    "count": 0,
    "updated": 0
  },
  {
    "id": "3d968a9d-f5ae-46ea-b115-a254dce6b2d2",
    "data": [
      {
        "text": "tôi muốn ",
        "userDefined": false
      },
      {
        "text": "đóng ",
        "alias": "AccountSection",
        "meta": "@AccountSection",
        "userDefined": false
      },
      {
        "text": "tktt combo 1 ",
        "alias": "AccountName",
        "meta": "@AccountNameTK",
        "userDefined": false
      },
      {
        "text": "thì làm sao ",
        "userDefined": false
      }
    ],
    "isTemplate": false,
    "count": 0,
    "updated": 0
  },
  {
    "id": "1c777856-b39c-460a-aa46-eb83cc7d3612",
    "data": [
      {
        "text": "tôi muốn ",
        "userDefined": false
      },
      {
        "text": "đóng ",
        "alias": "AccountSection",
        "meta": "@AccountSection",
        "userDefined": false
      },
      {
        "text": "tktt combo 1 ",
        "alias": "AccountName",
        "meta": "@AccountNameTK",
        "userDefined": false
      },
      {
        "text": "cá nhân ",
        "alias": "CustomerType",
        "meta": "@CustomerType",
        "userDefined": false
      },
      {
        "text": "thì làm sao ",
        "userDefined": false
      }
    ],
    "isTemplate": false,
    "count": 0,
    "updated": 0
  },
  {
    "id": "e5c9939e-b352-40e5-888a-e364a7cfaa68",
    "data": [
      {
        "text": "tôi muốn ",
        "userDefined": false
      },
      {
        "text": "đóng ",
        "alias": "AccountSection",
        "meta": "@AccountSection",
        "userDefined": false
      },
      {
        "text": "tktt ",
        "alias": "AccountName",
        "meta": "@AccountNameTK",
        "userDefined": false
      },
      {
        "text": "cá nhân ",
        "alias": "CustomerType",
        "meta": "@CustomerType",
        "userDefined": false
      },
      {
        "text": "thì làm sao ",
        "userDefined": false
      }
    ],
    "isTemplate": false,
    "count": 0,
    "updated": 0
  },
  {
    "id": "af159240-f59a-46c1-a4d6-c29e0b9b8a9d",
    "data": [
      {
        "text": "đóng ",
        "alias": "AccountSection",
        "meta": "@AccountSection",
        "userDefined": false
      },
      {
        "text": "khoản vay ",
        "alias": "AccountType",
        "meta": "@AccountType",
        "userDefined": false
      }
    ],
    "isTemplate": false,
    "count": 0,
    "updated": 0
  },
  {
    "id": "872ae71b-4982-4f0e-90a4-200ce0c49253",
    "data": [
      {
        "text": "tôi muốn ",
        "userDefined": false
      },
      {
        "text": "dừng ",
        "alias": "AccountSection",
        "meta": "@AccountSection",
        "userDefined": false
      },
      {
        "text": "vay ",
        "alias": "AccountType",
        "meta": "@AccountType",
        "userDefined": false
      }
    ],
    "isTemplate": false,
    "count": 0,
    "updated": 0
  },
  {
    "id": "4db0ec71-09b3-4203-b91b-04829d453d66",
    "data": [
      {
        "text": "tôi muốn ",
        "userDefined": false
      },
      {
        "text": "ngừng ",
        "alias": "AccountSection",
        "meta": "@AccountSection",
        "userDefined": false
      },
      {
        "text": "vay ",
        "alias": "AccountType",
        "meta": "@AccountType",
        "userDefined": false
      }
    ],
    "isTemplate": false,
    "count": 0,
    "updated": 0
  },
  {
    "id": "f1bb9a78-c682-4e08-b8f9-604d4d73eb69",
    "data": [
      {
        "text": "thủ tục đóng ",
        "alias": "AccountSection",
        "meta": "@AccountSection",
        "userDefined": false
      },
      {
        "text": "dịch vụ combo tài khoản ",
        "alias": "AccountName",
        "meta": "@AccountNameDV",
        "userDefined": false
      }
    ],
    "isTemplate": false,
    "count": 0,
    "updated": 0
  },
  {
    "id": "274264b1-d133-4840-97cc-d6eb3b08c564",
    "data": [
      {
        "text": "tôi muốn ",
        "userDefined": false
      },
      {
        "text": "đóng ",
        "alias": "AccountSection",
        "meta": "@AccountSection",
        "userDefined": false
      },
      {
        "text": "dv combo tk ",
        "userDefined": false
      }
    ],
    "isTemplate": false,
    "count": 0,
    "updated": 0
  },
  {
    "id": "7e6e0326-408e-4ad2-b512-6350835af2ca",
    "data": [
      {
        "text": "lam sao ",
        "userDefined": false
      },
      {
        "text": "dong ",
        "alias": "AccountSection",
        "meta": "@AccountSection",
        "userDefined": false
      },
      {
        "text": "dv combo tai khoan ",
        "alias": "AccountName",
        "meta": "@AccountNameDV",
        "userDefined": false
      }
    ],
    "isTemplate": false,
    "count": 0,
    "updated": 0
  },
  {
    "id": "b3508c12-6f2e-4462-ae48-365e61878455",
    "data": [
      {
        "text": "tất toán ",
        "alias": "AccountSection",
        "meta": "@AccountSection",
        "userDefined": false
      },
      {
        "text": "dịch vụ combo tài khoản ",
        "alias": "AccountName",
        "meta": "@AccountNameDV",
        "userDefined": false
      }
    ],
    "isTemplate": false,
    "count": 0,
    "updated": 0
  },
  {
    "id": "4dbd082a-64fa-4ea9-b613-2bb37cff7ec1",
    "data": [
      {
        "text": "làm sao để ",
        "userDefined": false
      },
      {
        "text": "đóng ",
        "alias": "AccountSection",
        "meta": "@AccountSection",
        "userDefined": false
      },
      {
        "text": "dv combo tài khoản ",
        "alias": "AccountName",
        "meta": "@AccountNameDV",
        "userDefined": false
      }
    ],
    "isTemplate": false,
    "count": 0,
    "updated": 0
  },
  {
    "id": "7f38540f-cc84-4b37-935a-815d4ede6b60",
    "data": [
      {
        "text": "thủ tục đóng ",
        "alias": "AccountSection",
        "meta": "@AccountSection",
        "userDefined": false
      },
      {
        "text": "tài khoản thanh toán ",
        "alias": "AccountName",
        "meta": "@AccountNameTK",
        "userDefined": false
      }
    ],
    "isTemplate": false,
    "count": 0,
    "updated": 0
  },
  {
    "id": "492b71ad-55fc-4545-9b11-5d7df374909c",
    "data": [
      {
        "text": "tôi muốn ",
        "userDefined": false
      },
      {
        "text": "tất toán ",
        "alias": "AccountSection",
        "meta": "@AccountSection",
        "userDefined": false
      }
    ],
    "isTemplate": false,
    "count": 0,
    "updated": 0
  },
  {
    "id": "18c5d35a-966c-4ede-85a9-399941c1449c",
    "data": [
      {
        "text": "tôi muốn ",
        "userDefined": false
      },
      {
        "text": "đóng ",
        "alias": "AccountSection",
        "meta": "@AccountSection",
        "userDefined": false
      }
    ],
    "isTemplate": false,
    "count": 0,
    "updated": 0
  },
  {
    "id": "d9981baf-a5cb-4a10-9269-0a5d8c5b67a1",
    "data": [
      {
        "text": "tôi muốn ",
        "userDefined": false
      },
      {
        "text": "dừng sử dụng ",
        "alias": "AccountSection",
        "meta": "@AccountSection",
        "userDefined": false
      }
    ],
    "isTemplate": false,
    "count": 0,
    "updated": 0
  },
  {
    "id": "cf38fd49-3001-4eba-a9d4-0b5e4c9aeebf",
    "data": [
      {
        "text": "tôi muốn ",
        "userDefined": false
      },
      {
        "text": "ngừng sử dụng ",
        "alias": "AccountSection",
        "meta": "@AccountSection",
        "userDefined": false
      }
    ],
    "isTemplate": false,
    "count": 0,
    "updated": 0
  },
  {
    "id": "d4675686-6b57-4d68-a3ce-08930c6edd1f",
    "data": [
      {
        "text": "muốn ",
        "userDefined": false
      },
      {
        "text": "rút ",
        "alias": "AccountSection",
        "meta": "@AccountSection",
        "userDefined": false
      },
      {
        "text": "trước hạn thì sao ",
        "userDefined": false
      }
    ],
    "isTemplate": false,
    "count": 0,
    "updated": 0
  },
  {
    "id": "4a623e08-99d2-4960-bd80-a639ca1d2e4c",
    "data": [
      {
        "text": "rut ",
        "alias": "AccountSection",
        "meta": "@AccountSection",
        "userDefined": false
      },
      {
        "text": "truoc han thi sao ",
        "userDefined": false
      }
    ],
    "isTemplate": false,
    "count": 0,
    "updated": 0
  },
  {
    "id": "b4744873-9f79-4c8e-b947-37517d59a3ce",
    "data": [
      {
        "text": "nếu tôi ",
        "userDefined": false
      },
      {
        "text": "rút ",
        "alias": "AccountSection",
        "meta": "@AccountSection",
        "userDefined": false
      },
      {
        "text": "trước hạn thì thế nào ",
        "userDefined": false
      }
    ],
    "isTemplate": false,
    "count": 0,
    "updated": 0
  },
  {
    "id": "2c56c050-1dd8-44f4-ba88-b5d834f45b8f",
    "data": [
      {
        "text": "nếu ",
        "userDefined": false
      },
      {
        "text": "rút ",
        "alias": "AccountSection",
        "meta": "@AccountSection",
        "userDefined": false
      },
      {
        "text": "trước hạn có mất phí gì không? ",
        "userDefined": false
      }
    ],
    "isTemplate": false,
    "count": 0,
    "updated": 0
  },
  {
    "id": "038ad4ee-67ac-4958-a59e-3d3be4b32ba6",
    "data": [
      {
        "text": "Có thể ",
        "userDefined": false
      },
      {
        "text": "tất toán ",
        "alias": "AccountSection",
        "meta": "@AccountSection",
        "userDefined": false
      },
      {
        "text": "thẻ tiết kiệm trước ngày đáo hạn được ko? ",
        "userDefined": false
      }
    ],
    "isTemplate": false,
    "count": 0,
    "updated": 0
  },
  {
    "id": "5220b176-98cf-4750-a25e-c8f8ae39e1bc",
    "data": [
      {
        "text": "tat toan ",
        "alias": "AccountSection",
        "meta": "@AccountSection",
        "userDefined": false
      },
      {
        "text": "truoc ngay dao han thi the nao ",
        "userDefined": false
      }
    ],
    "isTemplate": false,
    "count": 0,
    "updated": 0
  },
  {
    "id": "706c0ce9-b590-4b46-ab4d-a0878648b80c",
    "data": [
      {
        "text": "lam sao de ",
        "userDefined": false
      },
      {
        "text": "dong ",
        "alias": "AccountSection",
        "meta": "@AccountSection",
        "userDefined": false
      }
    ],
    "isTemplate": false,
    "count": 0,
    "updated": 0
  },
  {
    "id": "3d7d657b-3bab-4004-822a-b7debaa37218",
    "data": [
      {
        "text": "dong ",
        "alias": "AccountSection",
        "meta": "@AccountSection",
        "userDefined": false
      },
      {
        "text": "tai khoan ",
        "alias": "AccountName",
        "meta": "@AccountNameTK",
        "userDefined": false
      },
      {
        "text": "sao ",
        "userDefined": false
      }
    ],
    "isTemplate": false,
    "count": 0,
    "updated": 0
  }
]