[
  {
    "id": "d0834c56-e194-4ad8-ae5f-b646b5779817",
    "data": [
      {
        "text": "kỳ hạn ",
        "alias": "AccountSection",
        "meta": "@AccountSection",
        "userDefined": false
      }
    ],
    "isTemplate": false,
    "count": 0,
    "updated": 0
  },
  {
    "id": "10e3312b-9049-4297-8186-843c49ff0609",
    "data": [
      {
        "text": "thế ",
        "userDefined": false
      },
      {
        "text": "kỳ hạn ",
        "alias": "AccountSection",
        "meta": "@AccountSection",
        "userDefined": false
      },
      {
        "text": "thì sao ",
        "userDefined": false
      }
    ],
    "isTemplate": false,
    "count": 0,
    "updated": 0
  },
  {
    "id": "9858ea3c-240d-45c0-99ba-7b3b3701e686",
    "data": [
      {
        "text": "định kỳ ",
        "alias": "AccountSection",
        "meta": "@AccountSection",
        "userDefined": false
      },
      {
        "text": "nộp tiền mỗi tháng thế nào ",
        "userDefined": false
      }
    ],
    "isTemplate": false,
    "count": 0,
    "updated": 0
  },
  {
    "id": "b38aa16e-3dcc-489d-bc2c-59719b11917f",
    "data": [
      {
        "text": "tiền gửi tương lai ",
        "alias": "AccountName",
        "meta": "@AccountNameTG",
        "userDefined": false
      },
      {
        "text": "cho đóng ",
        "userDefined": false
      },
      {
        "text": "trễ hạn ",
        "alias": "AccountSection",
        "meta": "@AccountSection",
        "userDefined": false
      },
      {
        "text": "không ",
        "userDefined": false
      }
    ],
    "isTemplate": false,
    "count": 0,
    "updated": 0
  },
  {
    "id": "27018fbb-8a48-40db-aa10-def6f63d8a32",
    "data": [
      {
        "text": "trả nợ trong ",
        "userDefined": false
      },
      {
        "text": "bao lâu ",
        "alias": "AccountSection",
        "meta": "@AccountSection",
        "userDefined": false
      }
    ],
    "isTemplate": false,
    "count": 0,
    "updated": 0
  },
  {
    "id": "0a4f29ea-3166-4b94-8250-0e847ec606b0",
    "data": [
      {
        "text": "kỳ hạn ",
        "alias": "AccountSection",
        "meta": "@AccountSection",
        "userDefined": false
      },
      {
        "text": "tiền gửi có kỳ hạn ",
        "alias": "AccountName",
        "meta": "@AccountNameTG",
        "userDefined": false
      },
      {
        "text": "doanh nghiệp ",
        "alias": "CustomerType",
        "meta": "@CustomerType",
        "userDefined": false
      }
    ],
    "isTemplate": false,
    "count": 0,
    "updated": 0
  },
  {
    "id": "24865733-e89b-47e3-bf9e-ca3a5597a285",
    "data": [
      {
        "text": "thời hạn ",
        "alias": "AccountSection",
        "meta": "@AccountSection",
        "userDefined": false
      },
      {
        "text": "mượn ",
        "userDefined": false
      },
      {
        "text": "cấp td cho dn nhỏ ",
        "alias": "AccountName",
        "meta": "@AccountNameTV",
        "userDefined": false
      }
    ],
    "isTemplate": false,
    "count": 0,
    "updated": 0
  },
  {
    "id": "f5ecec44-1e25-40d8-9bc1-09137397289a",
    "data": [
      {
        "text": "vay ",
        "userDefined": false
      },
      {
        "text": "thấu chi tktt ",
        "alias": "AccountName",
        "meta": "@AccountNameTV",
        "userDefined": false
      },
      {
        "text": "được ",
        "userDefined": false
      },
      {
        "text": "mấy năm ",
        "alias": "AccountSection",
        "meta": "@AccountSection",
        "userDefined": false
      }
    ],
    "isTemplate": false,
    "count": 0,
    "updated": 0
  },
  {
    "id": "b6f44cde-2175-449f-8a85-a3515f64d3bc",
    "data": [
      {
        "text": "vay ",
        "userDefined": false
      },
      {
        "text": "thau chi tk thanh toan ",
        "alias": "AccountName",
        "meta": "@AccountNameTV",
        "userDefined": false
      },
      {
        "text": "co ",
        "userDefined": false
      },
      {
        "text": "thoi gian muon ",
        "alias": "AccountSection",
        "meta": "@AccountSection",
        "userDefined": false
      },
      {
        "text": "bao lau ",
        "userDefined": false
      }
    ],
    "isTemplate": false,
    "count": 0,
    "updated": 0
  },
  {
    "id": "e006af14-4000-4f8d-8e16-fcd08c1df136",
    "data": [
      {
        "text": "vay ",
        "userDefined": false
      },
      {
        "text": "thấu chi tktt ",
        "alias": "AccountName",
        "meta": "@AccountNameTV",
        "userDefined": false
      },
      {
        "text": "có ",
        "userDefined": false
      },
      {
        "text": "thời gian vay ",
        "alias": "AccountSection",
        "meta": "@AccountSection",
        "userDefined": false
      },
      {
        "text": "thế nào ",
        "userDefined": false
      }
    ],
    "isTemplate": false,
    "count": 0,
    "updated": 0
  },
  {
    "id": "286f58c0-0351-4868-b210-50b5900cf1ef",
    "data": [
      {
        "text": "vay ",
        "userDefined": false
      },
      {
        "text": "mua can ho ",
        "alias": "AccountName",
        "meta": "@AccountNameTV",
        "userDefined": false
      },
      {
        "text": "trong ",
        "userDefined": false
      },
      {
        "text": "bao lau ",
        "alias": "AccountSection",
        "meta": "@AccountSection",
        "userDefined": false
      }
    ],
    "isTemplate": false,
    "count": 0,
    "updated": 0
  },
  {
    "id": "48676312-fcfe-41b3-b7dd-c278d413c979",
    "data": [
      {
        "text": "thoi han ",
        "alias": "AccountSection",
        "meta": "@AccountSection",
        "userDefined": false
      },
      {
        "text": "vay von ",
        "userDefined": false
      },
      {
        "text": "sxkd ",
        "alias": "AccountName",
        "meta": "@AccountNameTV",
        "userDefined": false
      },
      {
        "text": "nhu the nao ",
        "userDefined": false
      }
    ],
    "isTemplate": false,
    "count": 0,
    "updated": 0
  },
  {
    "id": "b72a00ac-2ea8-45c4-b9f0-28e12d512eb1",
    "data": [
      {
        "text": "thời hạn ",
        "alias": "AccountSection",
        "meta": "@AccountSection",
        "userDefined": false
      },
      {
        "text": "vay vốn ",
        "userDefined": false
      },
      {
        "text": "sản xuất kinh doanh ",
        "alias": "AccountName",
        "meta": "@AccountNameTV",
        "userDefined": false
      },
      {
        "text": "cụ thể như thế nào ",
        "userDefined": false
      }
    ],
    "isTemplate": false,
    "count": 0,
    "updated": 0
  },
  {
    "id": "e4804efb-7b14-468a-b369-1fd9f2aca7aa",
    "data": [
      {
        "text": "thời hạn ",
        "alias": "AccountSection",
        "meta": "@AccountSection",
        "userDefined": false
      },
      {
        "text": "vay mua nhà ",
        "alias": "AccountName",
        "meta": "@AccountNameTV",
        "userDefined": false
      }
    ],
    "isTemplate": false,
    "count": 0,
    "updated": 0
  },
  {
    "id": "951e90bf-192d-4624-8bbe-b6d08f2249a0",
    "data": [
      {
        "text": "thời hạn ",
        "alias": "AccountSection",
        "meta": "@AccountSection",
        "userDefined": false
      },
      {
        "text": "vay ra sao ",
        "userDefined": false
      }
    ],
    "isTemplate": false,
    "count": 0,
    "updated": 0
  },
  {
    "id": "143665f0-1872-464c-a92a-b8768ef55f43",
    "data": [
      {
        "text": "thoi gian vay ",
        "alias": "AccountSection",
        "meta": "@AccountSection",
        "userDefined": false
      },
      {
        "text": "nhu the nao ",
        "userDefined": false
      }
    ],
    "isTemplate": false,
    "count": 0,
    "updated": 0
  },
  {
    "id": "8dc3dbf9-800a-4333-8894-33c942e022dc",
    "data": [
      {
        "text": "vay tiêu dùng tín chấp ",
        "alias": "AccountName",
        "meta": "@AccountNameTV",
        "userDefined": false
      },
      {
        "text": "được ",
        "userDefined": false
      },
      {
        "text": "mấy năm ",
        "alias": "AccountSection",
        "meta": "@AccountSection",
        "userDefined": false
      }
    ],
    "isTemplate": false,
    "count": 0,
    "updated": 0
  },
  {
    "id": "a384dc83-5aa6-4c35-9547-dda6372ab9fb",
    "data": [
      {
        "text": "tôi muốn ",
        "userDefined": false
      },
      {
        "text": "vay mua nhà ",
        "alias": "AccountName",
        "meta": "@AccountNameTV",
        "userDefined": false
      },
      {
        "text": ", cần vay trong ",
        "userDefined": false
      },
      {
        "text": "bao lâu ",
        "alias": "AccountSection",
        "meta": "@AccountSection",
        "userDefined": false
      }
    ],
    "isTemplate": false,
    "count": 0,
    "updated": 0
  },
  {
    "id": "5152b747-fead-47d9-ad9e-18521a082fad",
    "data": [
      {
        "text": "co ",
        "userDefined": false
      },
      {
        "text": "ky han ",
        "alias": "AccountSection",
        "meta": "@AccountSection",
        "userDefined": false
      },
      {
        "text": "j ko ",
        "userDefined": false
      }
    ],
    "isTemplate": false,
    "count": 0,
    "updated": 0
  }
]