[
  {
    "id": "96eccbf1-10bb-4495-aae0-ba76e72a8041",
    "data": [
      {
        "text": "cá nhân ",
        "alias": "CustomerType",
        "meta": "@CustomerType",
        "userDefined": false
      }
    ],
    "isTemplate": false,
    "count": 0,
    "updated": 0
  },
  {
    "id": "bec92a38-ad9e-4823-9de6-119609705e29",
    "data": [
      {
        "text": "doanh nghiệp ",
        "alias": "CustomerType",
        "meta": "@CustomerType",
        "userDefined": false
      }
    ],
    "isTemplate": false,
    "count": 0,
    "updated": 0
  },
  {
    "id": "a5b9d1c5-89a0-470c-a290-6575bc9ca093",
    "data": [
      {
        "text": "cn ",
        "alias": "CustomerType",
        "meta": "@CustomerType",
        "userDefined": false
      }
    ],
    "isTemplate": false,
    "count": 0,
    "updated": 0
  },
  {
    "id": "f41c0dcb-2588-40a6-84bb-79a4abed64ad",
    "data": [
      {
        "text": "dn ",
        "alias": "CustomerType",
        "meta": "@CustomerType",
        "userDefined": false
      }
    ],
    "isTemplate": false,
    "count": 0,
    "updated": 0
  },
  {
    "id": "85cfdcbd-be4d-4fa4-9871-8d8c538be106",
    "data": [
      {
        "text": "cá nhan ",
        "alias": "CustomerType",
        "meta": "@CustomerType",
        "userDefined": false
      }
    ],
    "isTemplate": false,
    "count": 0,
    "updated": 0
  },
  {
    "id": "0f809619-dd04-45ff-b614-ac0b41005e5e",
    "data": [
      {
        "text": "ca nhan ",
        "alias": "CustomerType",
        "meta": "@CustomerType",
        "userDefined": false
      }
    ],
    "isTemplate": false,
    "count": 0,
    "updated": 0
  },
  {
    "id": "cc09e72d-e23f-46ca-8d02-bbad0c7a2a6e",
    "data": [
      {
        "text": "doanh nghiep ",
        "alias": "CustomerType",
        "meta": "@CustomerType",
        "userDefined": false
      }
    ],
    "isTemplate": false,
    "count": 0,
    "updated": 0
  }
]