[
  {
    "id": "98255e89-31c2-4fd9-a7db-32b66e489b26",
    "data": [
      {
        "text": "làm sao để gửi qua ",
        "userDefined": false
      },
      {
        "text": "ebanking ",
        "alias": "AccountSection",
        "meta": "@AccountSection",
        "userDefined": false
      }
    ],
    "isTemplate": false,
    "count": 0,
    "updated": 0
  },
  {
    "id": "59e42d72-fef6-4278-98b1-4c879b85c93e",
    "data": [
      {
        "text": "gửi ",
        "userDefined": false
      },
      {
        "text": "tiết kiệm ",
        "alias": "AccountType",
        "meta": "@AccountType",
        "userDefined": false
      },
      {
        "text": "qua ",
        "userDefined": false
      },
      {
        "text": "ebanking ",
        "alias": "AccountSection",
        "meta": "@AccountSection",
        "userDefined": false
      },
      {
        "text": "được không ",
        "userDefined": false
      }
    ],
    "isTemplate": false,
    "count": 0,
    "updated": 0
  },
  {
    "id": "1b5d108e-598f-496f-8d3e-65c14e1797bd",
    "data": [
      {
        "text": "gửi qua ",
        "userDefined": false
      },
      {
        "text": "internet banking ",
        "alias": "AccountSection",
        "meta": "@AccountSection",
        "userDefined": false
      },
      {
        "text": "thì phải làm sao ",
        "userDefined": false
      }
    ],
    "isTemplate": false,
    "count": 0,
    "updated": 0
  },
  {
    "id": "3a810727-be25-4756-8049-f251c827ffd3",
    "data": [
      {
        "text": "dang ky ",
        "userDefined": false
      },
      {
        "text": "online ",
        "alias": "AccountSection",
        "meta": "@AccountSection",
        "userDefined": false
      },
      {
        "text": "the nao ",
        "userDefined": false
      }
    ],
    "isTemplate": false,
    "count": 0,
    "updated": 0
  },
  {
    "id": "fa2c499e-d32c-4ab1-8999-ad22066cd53f",
    "data": [
      {
        "text": "đăng ký ",
        "userDefined": false
      },
      {
        "text": "trực tuyến ",
        "alias": "AccountSection",
        "meta": "@AccountSection",
        "userDefined": false
      },
      {
        "text": "được không ",
        "userDefined": false
      }
    ],
    "isTemplate": false,
    "count": 0,
    "updated": 0
  },
  {
    "id": "b4a0b0c2-146c-42f9-a929-df2636012b80",
    "data": [
      {
        "text": "đăng ký ",
        "userDefined": false
      },
      {
        "text": "online ",
        "alias": "AccountSection",
        "meta": "@AccountSection",
        "userDefined": false
      },
      {
        "text": "được ko ",
        "userDefined": false
      }
    ],
    "isTemplate": false,
    "count": 0,
    "updated": 0
  },
  {
    "id": "65b8bbc0-7eef-4846-817b-3b9b469fbeb6",
    "data": [
      {
        "text": "mở ",
        "userDefined": false
      },
      {
        "text": "online ",
        "alias": "AccountSection",
        "meta": "@AccountSection",
        "userDefined": false
      },
      {
        "text": "đc ko ",
        "userDefined": false
      }
    ],
    "isTemplate": false,
    "count": 0,
    "updated": 0
  }
]