[
  {
    "id": "eb85ba8f-64fa-4d04-afdb-7ecf2326f2fc",
    "data": [
      {
        "text": "cá nhân ",
        "alias": "CustomerType",
        "meta": "@CustomerType",
        "userDefined": false
      }
    ],
    "isTemplate": false,
    "count": 0,
    "updated": 0
  },
  {
    "id": "b4fdf192-f9de-49f5-aed3-a63a3d929bf0",
    "data": [
      {
        "text": "doanh nghiệp ",
        "alias": "CustomerType",
        "meta": "@CustomerType",
        "userDefined": false
      }
    ],
    "isTemplate": false,
    "count": 0,
    "updated": 0
  },
  {
    "id": "70cd9878-09d0-402c-b795-ff0efaa12046",
    "data": [
      {
        "text": "cn ",
        "alias": "CustomerType",
        "meta": "@CustomerType",
        "userDefined": false
      }
    ],
    "isTemplate": false,
    "count": 0,
    "updated": 0
  },
  {
    "id": "0cfb40df-0398-4c53-9b36-ed46f4737715",
    "data": [
      {
        "text": "dn ",
        "alias": "CustomerType",
        "meta": "@CustomerType",
        "userDefined": false
      }
    ],
    "isTemplate": false,
    "count": 0,
    "updated": 0
  }
]