[
  {
    "id": "99fd8328-42ab-4fad-8ab2-4ce5ac4d30de",
    "data": [
      {
        "text": "cá nhân ",
        "alias": "CustomerType",
        "meta": "@CustomerType",
        "userDefined": false
      }
    ],
    "isTemplate": false,
    "count": 0,
    "updated": 0
  },
  {
    "id": "ae9c03aa-e8ff-48d2-a47d-453fff183e4f",
    "data": [
      {
        "text": "ca nhan ",
        "alias": "CustomerType",
        "meta": "@CustomerType",
        "userDefined": false
      }
    ],
    "isTemplate": false,
    "count": 0,
    "updated": 0
  },
  {
    "id": "24b43551-7f81-41a9-a4ea-f59a48a1a33f",
    "data": [
      {
        "text": "doanh nghiệp ",
        "alias": "CustomerType",
        "meta": "@CustomerType",
        "userDefined": false
      }
    ],
    "isTemplate": false,
    "count": 0,
    "updated": 0
  },
  {
    "id": "b42454b0-ca9c-4367-8183-8c27e4d8867e",
    "data": [
      {
        "text": "doanh nghiep ",
        "alias": "CustomerType",
        "meta": "@CustomerType",
        "userDefined": false
      }
    ],
    "isTemplate": false,
    "count": 0,
    "updated": 0
  },
  {
    "id": "6ef29a90-47af-4ade-858b-8d274e506f48",
    "data": [
      {
        "text": "cn ",
        "alias": "CustomerType",
        "meta": "@CustomerType",
        "userDefined": false
      }
    ],
    "isTemplate": false,
    "count": 0,
    "updated": 0
  },
  {
    "id": "43747f36-6733-4bb3-9642-a5226950530d",
    "data": [
      {
        "text": "dn ",
        "alias": "CustomerType",
        "meta": "@CustomerType",
        "userDefined": false
      }
    ],
    "isTemplate": false,
    "count": 0,
    "updated": 0
  },
  {
    "id": "ad3ef095-5589-424d-a5cb-05f6e3f4320f",
    "data": [
      {
        "text": "cá nhan ",
        "alias": "CustomerType",
        "meta": "@CustomerType",
        "userDefined": false
      }
    ],
    "isTemplate": false,
    "count": 0,
    "updated": 0
  }
]