[
  {
    "id": "8a618fda-8200-44a6-8890-2de769d90e45",
    "data": [
      {
        "text": "khuyến mãi ",
        "alias": "AccountSection",
        "meta": "@AccountSection",
        "userDefined": false
      },
      {
        "text": "của ",
        "userDefined": false
      },
      {
        "text": "tiền gửi có kỳ hạn ",
        "alias": "AccountName",
        "meta": "@AccountNameTG",
        "userDefined": false
      },
      {
        "text": "cá nhân ",
        "alias": "CustomerType",
        "meta": "@CustomerType",
        "userDefined": false
      }
    ],
    "isTemplate": false,
    "count": 0,
    "updated": 0
  },
  {
    "id": "fe2c79ce-f0fd-41ee-ad2e-3a994cab2d29",
    "data": [
      {
        "text": "khuyến mãi ",
        "alias": "AccountSection",
        "meta": "@AccountSection",
        "userDefined": false
      },
      {
        "text": "của ",
        "userDefined": false
      },
      {
        "text": "tiền gửi phù đổng ",
        "alias": "AccountName",
        "meta": "@AccountNameTG",
        "userDefined": false
      }
    ],
    "isTemplate": false,
    "count": 0,
    "updated": 0
  },
  {
    "id": "2733c4e9-3558-4cdb-b8a5-acd3579eb888",
    "data": [
      {
        "text": "khuyến mãi ",
        "alias": "AccountSection",
        "meta": "@AccountSection",
        "userDefined": false
      }
    ],
    "isTemplate": false,
    "count": 2,
    "updated": 0
  },
  {
    "id": "b230e06f-6096-4464-b507-c690a7e3aa68",
    "data": [
      {
        "text": "khuyến mãi ",
        "alias": "AccountSection",
        "meta": "@AccountSection",
        "userDefined": false
      },
      {
        "text": "của ",
        "userDefined": false
      },
      {
        "text": "dịch vụ chuyển tiền nội địa ",
        "alias": "AccountName",
        "meta": "@AccountNameDV",
        "userDefined": false
      },
      {
        "text": "cá nhân ",
        "alias": "CustomerType",
        "meta": "@CustomerType",
        "userDefined": false
      }
    ],
    "isTemplate": false,
    "count": 0,
    "updated": 0
  },
  {
    "id": "48406848-aeb4-4e34-91a6-5bdc1364769d",
    "data": [
      {
        "text": "ưu đãi ",
        "alias": "AccountSection",
        "meta": "@AccountSection",
        "userDefined": false
      },
      {
        "text": "của ",
        "userDefined": false
      },
      {
        "text": "dịch vụ trung gian thanh toán ",
        "alias": "AccountName",
        "meta": "@AccountNameDV",
        "userDefined": false
      }
    ],
    "isTemplate": false,
    "count": 0,
    "updated": 0
  },
  {
    "id": "b1d988ba-4fda-42e6-b129-c40eb66fdba5",
    "data": [
      {
        "text": "dịch vụ trung gian thanh toán ",
        "alias": "AccountName",
        "meta": "@AccountNameDV",
        "userDefined": false
      },
      {
        "text": "có ",
        "userDefined": false
      },
      {
        "text": "ưu đãi ",
        "alias": "AccountSection",
        "meta": "@AccountSection",
        "userDefined": false
      },
      {
        "text": "gì ko ",
        "userDefined": false
      }
    ],
    "isTemplate": false,
    "count": 0,
    "updated": 0
  },
  {
    "id": "85e3c34d-d4fc-4cdf-b8e3-df1551109f09",
    "data": [
      {
        "text": "sử dụng dv ",
        "userDefined": false
      },
      {
        "text": "chuyển tiền nội địa ",
        "alias": "AccountName",
        "meta": "@AccountNameDV",
        "userDefined": false
      },
      {
        "text": "được ",
        "userDefined": false
      },
      {
        "text": "tặng quà ",
        "alias": "AccountSection",
        "meta": "@AccountSection",
        "userDefined": false
      },
      {
        "text": "gì ",
        "userDefined": false
      }
    ],
    "isTemplate": false,
    "count": 0,
    "updated": 0
  },
  {
    "id": "7d7b3064-553d-4d07-8d2f-d0c9747669f4",
    "data": [
      {
        "text": "mở dịch vụ ",
        "userDefined": false
      },
      {
        "text": "trung gian thanh toán ",
        "alias": "AccountName",
        "meta": "@AccountNameDV",
        "userDefined": false
      },
      {
        "text": "có được ",
        "userDefined": false
      },
      {
        "text": "tặng quà ",
        "alias": "AccountSection",
        "meta": "@AccountSection",
        "userDefined": false
      },
      {
        "text": "gì ko ",
        "userDefined": false
      }
    ],
    "isTemplate": false,
    "count": 0,
    "updated": 0
  },
  {
    "id": "20b56246-31b0-451e-bd63-59e7bfbed319",
    "data": [
      {
        "text": "uu dai ",
        "alias": "AccountSection",
        "meta": "@AccountSection",
        "userDefined": false
      }
    ],
    "isTemplate": false,
    "count": 0,
    "updated": 0
  },
  {
    "id": "2f30f366-04a4-4293-af0d-60db8787a169",
    "data": [
      {
        "text": "khuyen mai ",
        "alias": "AccountSection",
        "meta": "@AccountSection",
        "userDefined": false
      }
    ],
    "isTemplate": false,
    "count": 0,
    "updated": 0
  },
  {
    "id": "b7793841-1c45-4b70-9e7a-41f55dc58f5d",
    "data": [
      {
        "text": "uu dai ",
        "alias": "AccountSection",
        "meta": "@AccountSection",
        "userDefined": false
      },
      {
        "text": "cua dv ",
        "userDefined": false
      },
      {
        "text": "trung gian thanh toan ",
        "alias": "AccountName",
        "meta": "@AccountNameDV",
        "userDefined": false
      },
      {
        "text": "la gi ",
        "userDefined": false
      }
    ],
    "isTemplate": false,
    "count": 0,
    "updated": 0
  },
  {
    "id": "a809e1f4-480b-4d08-81d0-51f21a71b330",
    "data": [
      {
        "text": "chuyen tien noi dia ",
        "alias": "AccountName",
        "meta": "@AccountNameDV",
        "userDefined": false
      },
      {
        "text": "o sacombank co ",
        "userDefined": false
      },
      {
        "text": "khuyen mai ",
        "alias": "AccountSection",
        "meta": "@AccountSection",
        "userDefined": false
      },
      {
        "text": "gi ko ",
        "userDefined": false
      }
    ],
    "isTemplate": false,
    "count": 0,
    "updated": 0
  },
  {
    "id": "39f2c5d0-b3dd-43f1-ac6f-3e2878377820",
    "data": [
      {
        "text": "tiết kiệm có kỳ hạn ",
        "alias": "AccountName",
        "meta": "@AccountNameTG",
        "userDefined": false
      },
      {
        "text": "có ",
        "userDefined": false
      },
      {
        "text": "ưu đãi ",
        "alias": "AccountSection",
        "meta": "@AccountSection",
        "userDefined": false
      },
      {
        "text": "gì không? ",
        "userDefined": false
      }
    ],
    "isTemplate": false,
    "count": 0,
    "updated": 0
  },
  {
    "id": "b0e639d3-5964-422e-be74-c5fd7ce31589",
    "data": [
      {
        "text": "tiền gửi có kỳ hạn ",
        "alias": "AccountName",
        "meta": "@AccountNameTG",
        "userDefined": false
      },
      {
        "text": "có ",
        "userDefined": false
      },
      {
        "text": "khuyến mãi ",
        "alias": "AccountSection",
        "meta": "@AccountSection",
        "userDefined": false
      },
      {
        "text": "gì không? ",
        "userDefined": false
      }
    ],
    "isTemplate": false,
    "count": 0,
    "updated": 0
  },
  {
    "id": "f2fbd174-e5f5-4568-ad14-18fe54580b68",
    "data": [
      {
        "text": "tiết kiệm phù đổng ",
        "alias": "AccountName",
        "meta": "@AccountNameTG",
        "userDefined": false
      },
      {
        "text": "có ",
        "userDefined": false
      },
      {
        "text": "quà tặng ",
        "alias": "AccountSection",
        "meta": "@AccountSection",
        "userDefined": false
      },
      {
        "text": "gì không? ",
        "userDefined": false
      }
    ],
    "isTemplate": false,
    "count": 0,
    "updated": 0
  },
  {
    "id": "5b9b0e7b-6032-439d-ad13-80072c84c9be",
    "data": [
      {
        "text": "tiền gửi phù đổng ",
        "alias": "AccountName",
        "meta": "@AccountNameTG",
        "userDefined": false
      },
      {
        "text": "có ",
        "userDefined": false
      },
      {
        "text": "khuyến mãi ",
        "alias": "AccountSection",
        "meta": "@AccountSection",
        "userDefined": false
      },
      {
        "text": "gì không? ",
        "userDefined": false
      }
    ],
    "isTemplate": false,
    "count": 0,
    "updated": 0
  },
  {
    "id": "a3a221c9-72bd-44f0-8e43-236113303fcc",
    "data": [
      {
        "text": "tiền gửi phù đổng ",
        "alias": "AccountName",
        "meta": "@AccountNameTG",
        "userDefined": false
      },
      {
        "text": "có ",
        "userDefined": false
      },
      {
        "text": "ưu đãi ",
        "alias": "AccountSection",
        "meta": "@AccountSection",
        "userDefined": false
      },
      {
        "text": "gì không? ",
        "userDefined": false
      }
    ],
    "isTemplate": false,
    "count": 0,
    "updated": 0
  },
  {
    "id": "f07ffca7-5a15-440d-b6c4-a1542c7e72d1",
    "data": [
      {
        "text": "khuyen mai ",
        "alias": "AccountSection",
        "meta": "@AccountSection",
        "userDefined": false
      },
      {
        "text": "cua ",
        "userDefined": false
      },
      {
        "text": "dich vu chuyen tien noi dia ",
        "alias": "AccountName",
        "meta": "@AccountNameDV",
        "userDefined": false
      },
      {
        "text": "ca nhan ",
        "alias": "CustomerType",
        "meta": "@CustomerType",
        "userDefined": false
      }
    ],
    "isTemplate": false,
    "count": 0,
    "updated": 0
  },
  {
    "id": "336284ae-345f-4f9d-a4e6-443bde13b3ed",
    "data": [
      {
        "text": "thanh toan trung gian ",
        "alias": "AccountName",
        "meta": "@AccountNameDV",
        "userDefined": false
      },
      {
        "text": "co ",
        "userDefined": false
      },
      {
        "text": "uu dai ",
        "alias": "AccountSection",
        "meta": "@AccountSection",
        "userDefined": false
      },
      {
        "text": "j ko ",
        "userDefined": false
      }
    ],
    "isTemplate": false,
    "count": 0,
    "updated": 0
  },
  {
    "id": "a2beb912-d9ff-40ad-b191-04134fcd049d",
    "data": [
      {
        "text": "khuyến mãi ",
        "alias": "AccountSection",
        "meta": "@AccountSection",
        "userDefined": false
      },
      {
        "text": "của ",
        "userDefined": false
      },
      {
        "text": "tiền gửi tương lai ",
        "alias": "AccountName",
        "meta": "@AccountNameTG",
        "userDefined": false
      }
    ],
    "isTemplate": false,
    "count": 0,
    "updated": 0
  },
  {
    "id": "b768fff1-f219-4ebb-b13b-777059e033c7",
    "data": [
      {
        "text": "quà tặng ",
        "alias": "AccountSection",
        "meta": "@AccountSection",
        "userDefined": false
      },
      {
        "text": "của ",
        "userDefined": false
      },
      {
        "text": "tiết kiệm tương lai ",
        "alias": "AccountName",
        "meta": "@AccountNameTG",
        "userDefined": false
      }
    ],
    "isTemplate": false,
    "count": 0,
    "updated": 0
  },
  {
    "id": "7484bfa5-f527-45a3-b993-0740f79b2fe3",
    "data": [
      {
        "text": "ưu đãi ",
        "alias": "AccountSection",
        "meta": "@AccountSection",
        "userDefined": false
      },
      {
        "text": "của ",
        "userDefined": false
      },
      {
        "text": "tiền gửi tương lai ",
        "alias": "AccountName",
        "meta": "@AccountNameTG",
        "userDefined": false
      }
    ],
    "isTemplate": false,
    "count": 0,
    "updated": 0
  },
  {
    "id": "bf839ec4-8570-419e-83bb-dd613b9e705c",
    "data": [
      {
        "text": "tiết kiệm có kỳ hạn ",
        "alias": "AccountName",
        "meta": "@AccountNameTG",
        "userDefined": false
      },
      {
        "text": "có ",
        "userDefined": false
      },
      {
        "text": "quà tặng ",
        "alias": "AccountSection",
        "meta": "@AccountSection",
        "userDefined": false
      },
      {
        "text": "gì không? ",
        "userDefined": false
      }
    ],
    "isTemplate": false,
    "count": 0,
    "updated": 0
  },
  {
    "id": "82046c0e-f6cb-4d2b-bc5d-5d0cb1b45c9e",
    "data": [
      {
        "text": "có ",
        "userDefined": false
      },
      {
        "text": "khuyến mãi ",
        "alias": "AccountSection",
        "meta": "@AccountSection",
        "userDefined": false
      },
      {
        "text": "gì không? ",
        "userDefined": false
      }
    ],
    "isTemplate": false,
    "count": 0,
    "updated": 0
  },
  {
    "id": "6318e774-eb1e-46bc-90b4-ef5270866f75",
    "data": [
      {
        "text": "có ",
        "userDefined": false
      },
      {
        "text": "ưu đãi ",
        "alias": "AccountSection",
        "meta": "@AccountSection",
        "userDefined": false
      },
      {
        "text": "gì không? ",
        "userDefined": false
      }
    ],
    "isTemplate": false,
    "count": 0,
    "updated": 0
  },
  {
    "id": "ebaf906c-3edd-4d43-b398-004a766cafc8",
    "data": [
      {
        "text": "tài khoản thanh toán ",
        "alias": "AccountName",
        "meta": "@AccountNameTK",
        "userDefined": false
      },
      {
        "text": "cá nhân ",
        "alias": "CustomerType",
        "meta": "@CustomerType",
        "userDefined": false
      },
      {
        "text": "có ",
        "userDefined": false
      },
      {
        "text": "khuyến mãi ",
        "alias": "AccountSection",
        "meta": "@AccountSection",
        "userDefined": false
      },
      {
        "text": "gì không? ",
        "userDefined": false
      }
    ],
    "isTemplate": false,
    "count": 0,
    "updated": 0
  },
  {
    "id": "41d9e884-a8bf-4d50-b8a4-f7c442b89390",
    "data": [
      {
        "text": "tài khoản ",
        "alias": "AccountType",
        "meta": "@AccountType",
        "userDefined": false
      },
      {
        "text": "cá nhân ",
        "alias": "CustomerType",
        "meta": "@CustomerType",
        "userDefined": false
      },
      {
        "text": "có ",
        "userDefined": false
      },
      {
        "text": "ưu đãi ",
        "alias": "AccountSection",
        "meta": "@AccountSection",
        "userDefined": false
      },
      {
        "text": "gì không? ",
        "userDefined": false
      }
    ],
    "isTemplate": false,
    "count": 0,
    "updated": 0
  },
  {
    "id": "450b61e4-ca90-4a06-8272-4f149efdf4a6",
    "data": [
      {
        "text": "khuyến mãi ",
        "alias": "AccountSection",
        "meta": "@AccountSection",
        "userDefined": false
      },
      {
        "text": "của ",
        "userDefined": false
      },
      {
        "text": "vay cấp tín dụng nhanh dành cho doanh nghiệp nhỏ ",
        "alias": "AccountName",
        "meta": "@AccountNameTV",
        "userDefined": false
      },
      {
        "text": "doanh nghiệp ",
        "alias": "CustomerType",
        "meta": "@CustomerType",
        "userDefined": false
      }
    ],
    "isTemplate": false,
    "count": 0,
    "updated": 0
  },
  {
    "id": "d4f45f4a-10ae-491e-b889-d84d6afc2c36",
    "data": [
      {
        "text": "khuyến mãi ",
        "alias": "AccountSection",
        "meta": "@AccountSection",
        "userDefined": false
      },
      {
        "text": "của ",
        "userDefined": false
      },
      {
        "text": "vay thấu chi tài khoản thanh toán ",
        "alias": "AccountName",
        "meta": "@AccountNameTV",
        "userDefined": false
      },
      {
        "text": "doanh nghiệp ",
        "alias": "CustomerType",
        "meta": "@CustomerType",
        "userDefined": false
      }
    ],
    "isTemplate": false,
    "count": 0,
    "updated": 0
  },
  {
    "id": "01f20da5-d802-416c-84d8-f2789b27b19a",
    "data": [
      {
        "text": "vay thấu chi tktt ",
        "alias": "AccountName",
        "meta": "@AccountNameTV",
        "userDefined": false
      },
      {
        "text": "có ",
        "userDefined": false
      },
      {
        "text": "ưu đãi ",
        "alias": "AccountSection",
        "meta": "@AccountSection",
        "userDefined": false
      },
      {
        "text": "gì ",
        "userDefined": false
      }
    ],
    "isTemplate": false,
    "count": 0,
    "updated": 0
  },
  {
    "id": "47163661-0df8-4ac3-80d3-5acf4c4dba92",
    "data": [
      {
        "text": "vay cấp td nhanh cho sme ",
        "alias": "AccountName",
        "meta": "@AccountNameTV",
        "userDefined": false
      },
      {
        "text": "có ",
        "userDefined": false
      },
      {
        "text": "khuyến mãi ",
        "alias": "AccountSection",
        "meta": "@AccountSection",
        "userDefined": false
      },
      {
        "text": "j ",
        "userDefined": false
      }
    ],
    "isTemplate": false,
    "count": 0,
    "updated": 0
  },
  {
    "id": "f56a8503-8f3e-48aa-8cea-994e02669dcf",
    "data": [
      {
        "text": "vay thau chi tk thanh toan ",
        "alias": "AccountName",
        "meta": "@AccountNameTV",
        "userDefined": false
      },
      {
        "text": "co ",
        "userDefined": false
      },
      {
        "text": "uu dai ",
        "alias": "AccountSection",
        "meta": "@AccountSection",
        "userDefined": false
      },
      {
        "text": "gi ",
        "userDefined": false
      }
    ],
    "isTemplate": false,
    "count": 0,
    "updated": 0
  },
  {
    "id": "43deacb8-c4eb-48c2-b3f3-3c7d1cc26b82",
    "data": [
      {
        "text": "vay cap tin dung nhanh cho sme ",
        "alias": "AccountName",
        "meta": "@AccountNameTV",
        "userDefined": false
      },
      {
        "text": "co ",
        "userDefined": false
      },
      {
        "text": "khuyen mai ",
        "alias": "AccountSection",
        "meta": "@AccountSection",
        "userDefined": false
      },
      {
        "text": "j ",
        "userDefined": false
      }
    ],
    "isTemplate": false,
    "count": 0,
    "updated": 0
  },
  {
    "id": "c8e683cb-030f-46d0-a055-51a926f7686b",
    "data": [
      {
        "text": "đăng ký ",
        "userDefined": false
      },
      {
        "text": "vay tín dụng cho doanh nghiệp nhỏ ",
        "alias": "AccountName",
        "meta": "@AccountNameTV",
        "userDefined": false
      },
      {
        "text": "có ",
        "userDefined": false
      },
      {
        "text": "quà tặng ",
        "alias": "AccountSection",
        "meta": "@AccountSection",
        "userDefined": false
      },
      {
        "text": "gì ko ",
        "userDefined": false
      }
    ],
    "isTemplate": false,
    "count": 0,
    "updated": 0
  },
  {
    "id": "cf20dadd-603e-4b8a-92a7-2f0328d0dc14",
    "data": [
      {
        "text": "toi ",
        "userDefined": false
      },
      {
        "text": "vay thau chi tktt ",
        "alias": "AccountName",
        "meta": "@AccountNameTV",
        "userDefined": false
      },
      {
        "text": "o sacombank thi co duoc ",
        "userDefined": false
      },
      {
        "text": "qua tang ",
        "alias": "AccountSection",
        "meta": "@AccountSection",
        "userDefined": false
      },
      {
        "text": "gi ko ",
        "userDefined": false
      }
    ],
    "isTemplate": false,
    "count": 0,
    "updated": 0
  },
  {
    "id": "c2736241-95b2-4397-bde2-5fa200c37e8f",
    "data": [
      {
        "text": "vay cấp td nhanh cho dn nhỏ ",
        "alias": "AccountName",
        "meta": "@AccountNameTV",
        "userDefined": false
      },
      {
        "text": "ở sacombank thì đc hưởng ",
        "userDefined": false
      },
      {
        "text": "ưu đãi ",
        "alias": "AccountSection",
        "meta": "@AccountSection",
        "userDefined": false
      },
      {
        "text": "gì ",
        "userDefined": false
      }
    ],
    "isTemplate": false,
    "count": 0,
    "updated": 0
  },
  {
    "id": "7d27f25d-b41a-4bf5-a5c4-147c5db1237a",
    "data": [
      {
        "text": "Chuyển tiền ",
        "alias": "AccountName",
        "meta": "@AccountNameDV",
        "userDefined": false
      },
      {
        "text": "có được ",
        "userDefined": false
      },
      {
        "text": "ưu đãi ",
        "alias": "AccountSection",
        "meta": "@AccountSection",
        "userDefined": false
      },
      {
        "text": "gì không? ",
        "userDefined": false
      }
    ],
    "isTemplate": false,
    "count": 0,
    "updated": 0
  },
  {
    "id": "a1db89ba-b00b-4ae1-a977-150fb4d31b49",
    "data": [
      {
        "text": "khuyến mãi ",
        "alias": "AccountSection",
        "meta": "@AccountSection",
        "userDefined": false
      },
      {
        "text": "của ",
        "userDefined": false
      },
      {
        "text": "tài khoản thanh toán ",
        "alias": "AccountName",
        "meta": "@AccountNameTK",
        "userDefined": false
      },
      {
        "text": "cá nhân ",
        "alias": "CustomerType",
        "meta": "@CustomerType",
        "userDefined": false
      }
    ],
    "isTemplate": false,
    "count": 0,
    "updated": 0
  },
  {
    "id": "2c36f723-5f8d-402e-92ba-fde2e171ed66",
    "data": [
      {
        "text": "khuyến mãi ",
        "alias": "AccountSection",
        "meta": "@AccountSection",
        "userDefined": false
      },
      {
        "text": "có gì hay ",
        "userDefined": false
      }
    ],
    "isTemplate": false,
    "count": 0,
    "updated": 0
  },
  {
    "id": "aacff5cf-c475-444e-862a-2f1621b5dc58",
    "data": [
      {
        "text": "khuyến mãi ",
        "alias": "AccountSection",
        "meta": "@AccountSection",
        "userDefined": false
      },
      {
        "text": "thì sao ",
        "userDefined": false
      }
    ],
    "isTemplate": false,
    "count": 0,
    "updated": 0
  },
  {
    "id": "0d9aeada-c297-4eba-9a74-ae2b3355693d",
    "data": [
      {
        "text": "có đang ",
        "userDefined": false
      },
      {
        "text": "ưu đãi ",
        "alias": "AccountSection",
        "meta": "@AccountSection",
        "userDefined": false
      },
      {
        "text": "gì không ",
        "userDefined": false
      }
    ],
    "isTemplate": false,
    "count": 0,
    "updated": 0
  },
  {
    "id": "5d518c23-3423-4cfc-961c-b2c902f53683",
    "data": [
      {
        "text": "có đang ",
        "userDefined": false
      },
      {
        "text": "khuyến mãi ",
        "alias": "AccountSection",
        "meta": "@AccountSection",
        "userDefined": false
      },
      {
        "text": "gì không ",
        "userDefined": false
      }
    ],
    "isTemplate": false,
    "count": 0,
    "updated": 0
  },
  {
    "id": "0554e92c-2fb8-4115-a522-4f9c26e6f9eb",
    "data": [
      {
        "text": "co dang ",
        "userDefined": false
      },
      {
        "text": "khuyen mai ",
        "alias": "AccountSection",
        "meta": "@AccountSection",
        "userDefined": false
      },
      {
        "text": "gi khong ",
        "userDefined": false
      }
    ],
    "isTemplate": false,
    "count": 0,
    "updated": 0
  },
  {
    "id": "52ecc5f7-e953-4bd0-bfba-3e7b76c134a0",
    "data": [
      {
        "text": "co dang ",
        "userDefined": false
      },
      {
        "text": "uu dai ",
        "alias": "AccountSection",
        "meta": "@AccountSection",
        "userDefined": false
      },
      {
        "text": "gi khong ",
        "userDefined": false
      }
    ],
    "isTemplate": false,
    "count": 0,
    "updated": 0
  },
  {
    "id": "02f48a4d-e0c7-446f-aaac-5216d9414b2e",
    "data": [
      {
        "text": "khuyến mãi ",
        "alias": "AccountSection",
        "meta": "@AccountSection",
        "userDefined": false
      },
      {
        "text": "của ",
        "userDefined": false
      },
      {
        "text": "dịch vụ combo tk ",
        "alias": "AccountName",
        "meta": "@AccountNameDV",
        "userDefined": false
      }
    ],
    "isTemplate": false,
    "count": 0,
    "updated": 0
  },
  {
    "id": "e571993b-1e0c-4609-bb98-9c4dd3cb6b72",
    "data": [
      {
        "text": "combo tk ",
        "alias": "AccountName",
        "meta": "@AccountNameDV",
        "userDefined": false
      },
      {
        "text": "có ",
        "userDefined": false
      },
      {
        "text": "khuyến mãi ",
        "alias": "AccountSection",
        "meta": "@AccountSection",
        "userDefined": false
      },
      {
        "text": "gì ko ",
        "userDefined": false
      }
    ],
    "isTemplate": false,
    "count": 0,
    "updated": 0
  },
  {
    "id": "2545f776-e0f3-4c3f-91be-42b5a2b846ea",
    "data": [
      {
        "text": "có những ",
        "userDefined": false
      },
      {
        "text": "ưu đãi ",
        "alias": "AccountSection",
        "meta": "@AccountSection",
        "userDefined": false
      },
      {
        "text": "nào khi đk ",
        "userDefined": false
      },
      {
        "text": "dv combo tài khoản ",
        "alias": "AccountName",
        "meta": "@AccountNameDV",
        "userDefined": false
      }
    ],
    "isTemplate": false,
    "count": 0,
    "updated": 0
  },
  {
    "id": "3185c695-a1f8-419a-9a95-9b95edfe8bf7",
    "data": [
      {
        "text": "su dung ",
        "userDefined": false
      },
      {
        "text": "dv combo tk ",
        "alias": "AccountName",
        "meta": "@AccountNameDV",
        "userDefined": false
      },
      {
        "text": "co ",
        "userDefined": false
      },
      {
        "text": "uu dai ",
        "alias": "AccountSection",
        "meta": "@AccountSection",
        "userDefined": false
      },
      {
        "text": "nao ko ",
        "userDefined": false
      }
    ],
    "isTemplate": false,
    "count": 0,
    "updated": 0
  },
  {
    "id": "78c09ff5-64f6-49ef-a891-9e2fb8bf6927",
    "data": [
      {
        "text": "toi dang ky ",
        "userDefined": false
      },
      {
        "text": "dv combo tai khoan ",
        "alias": "AccountName",
        "meta": "@AccountNameDV",
        "userDefined": false
      },
      {
        "text": "thi duoc ",
        "userDefined": false
      },
      {
        "text": "khuyen mai ",
        "alias": "AccountSection",
        "meta": "@AccountSection",
        "userDefined": false
      },
      {
        "text": "gi ",
        "userDefined": false
      }
    ],
    "isTemplate": false,
    "count": 0,
    "updated": 0
  },
  {
    "id": "25afe0f6-aba8-4e6e-9d11-2fa701ea811c",
    "data": [
      {
        "text": "tôi muốn hỏi về ",
        "userDefined": false
      },
      {
        "text": "ưu đãi ",
        "alias": "AccountSection",
        "meta": "@AccountSection",
        "userDefined": false
      },
      {
        "text": "khi dùng ",
        "userDefined": false
      },
      {
        "text": "dv combo tài khoản ",
        "alias": "AccountName",
        "meta": "@AccountNameDV",
        "userDefined": false
      }
    ],
    "isTemplate": false,
    "count": 0,
    "updated": 0
  },
  {
    "id": "77e7c031-8d84-4f9f-a8c0-d537fcad8ebe",
    "data": [
      {
        "text": "khuyen mai ",
        "alias": "AccountSection",
        "meta": "@AccountSection",
        "userDefined": false
      },
      {
        "text": "cua ",
        "userDefined": false
      },
      {
        "text": "dv combo tai khoan ",
        "alias": "AccountName",
        "meta": "@AccountNameDV",
        "userDefined": false
      }
    ],
    "isTemplate": false,
    "count": 0,
    "updated": 0
  },
  {
    "id": "92d79f38-2cac-4db3-8b5d-25702cea9bc1",
    "data": [
      {
        "text": "đang có chương trình ",
        "userDefined": false
      },
      {
        "text": "ưu đãi ",
        "alias": "AccountSection",
        "meta": "@AccountSection",
        "userDefined": false
      },
      {
        "text": "gì ko ",
        "userDefined": false
      }
    ],
    "isTemplate": false,
    "count": 0,
    "updated": 0
  },
  {
    "id": "815c4a7a-3bce-4e12-8ce3-336095b36449",
    "data": [
      {
        "text": "co chuong trinh ",
        "userDefined": false
      },
      {
        "text": "uu dai ",
        "alias": "AccountSection",
        "meta": "@AccountSection",
        "userDefined": false
      },
      {
        "text": "gi ko ",
        "userDefined": false
      }
    ],
    "isTemplate": false,
    "count": 0,
    "updated": 0
  },
  {
    "id": "fbb90428-665d-4539-adf3-d64f30a43f6c",
    "data": [
      {
        "text": "đang có ",
        "userDefined": false
      },
      {
        "text": "khuyến mãi ",
        "alias": "AccountSection",
        "meta": "@AccountSection",
        "userDefined": false
      },
      {
        "text": "gì không ",
        "userDefined": false
      }
    ],
    "isTemplate": false,
    "count": 0,
    "updated": 0
  },
  {
    "id": "4ce24aee-db6d-4f01-8d9b-46d2b3ccc629",
    "data": [
      {
        "text": "đang có chương trình ",
        "userDefined": false
      },
      {
        "text": "khuyến mãi ",
        "alias": "AccountSection",
        "meta": "@AccountSection",
        "userDefined": false
      },
      {
        "text": "gì không ",
        "userDefined": false
      }
    ],
    "isTemplate": false,
    "count": 0,
    "updated": 0
  },
  {
    "id": "f3b6f33d-4215-4fda-8d3e-4c684a4443dd",
    "data": [
      {
        "text": "tktt ",
        "alias": "AccountName",
        "meta": "@AccountNameTK",
        "userDefined": false
      },
      {
        "text": "cn ",
        "alias": "CustomerType",
        "meta": "@CustomerType",
        "userDefined": false
      },
      {
        "text": "co ",
        "userDefined": false
      },
      {
        "text": "uu dai ",
        "alias": "AccountSection",
        "meta": "@AccountSection",
        "userDefined": false
      },
      {
        "text": "gi ko a ",
        "userDefined": false
      }
    ],
    "isTemplate": false,
    "count": 0,
    "updated": 0
  },
  {
    "id": "2fd6b7fc-128f-48ac-be77-40a7a4d1b7a7",
    "data": [
      {
        "text": "tktt ",
        "alias": "AccountName",
        "meta": "@AccountNameTK",
        "userDefined": false
      },
      {
        "text": "dn ",
        "alias": "CustomerType",
        "meta": "@CustomerType",
        "userDefined": false
      },
      {
        "text": "đang có ",
        "userDefined": false
      },
      {
        "text": "ưu đãi hay khuyến mãi ",
        "alias": "AccountSection",
        "meta": "@AccountSection",
        "userDefined": false
      },
      {
        "text": "gì ko ad ơi ",
        "userDefined": false
      }
    ],
    "isTemplate": false,
    "count": 0,
    "updated": 0
  },
  {
    "id": "e8766fa6-33f3-4c33-bcc6-db2729d60d16",
    "data": [
      {
        "text": "có ",
        "userDefined": false
      },
      {
        "text": "khuyến mãi ",
        "alias": "AccountSection",
        "meta": "@AccountSection",
        "userDefined": false
      },
      {
        "text": "gì ko ",
        "userDefined": false
      }
    ],
    "isTemplate": false,
    "count": 0,
    "updated": 0
  },
  {
    "id": "866e7716-b50e-4b95-a292-2549672b2ba9",
    "data": [
      {
        "text": "co ",
        "userDefined": false
      },
      {
        "text": "uu dai ",
        "alias": "AccountSection",
        "meta": "@AccountSection",
        "userDefined": false
      },
      {
        "text": "gi ko ",
        "userDefined": false
      }
    ],
    "isTemplate": false,
    "count": 0,
    "updated": 0
  },
  {
    "id": "6f37b101-15c0-44af-aaa1-fd7da02a06b6",
    "data": [
      {
        "text": "đăng ký ",
        "userDefined": false
      },
      {
        "text": "tktt ",
        "alias": "AccountName",
        "meta": "@AccountNameTK",
        "userDefined": false
      },
      {
        "text": "có được hưởng ",
        "userDefined": false
      },
      {
        "text": "ưu đãi ",
        "alias": "AccountSection",
        "meta": "@AccountSection",
        "userDefined": false
      },
      {
        "text": "gì ko ",
        "userDefined": false
      }
    ],
    "isTemplate": false,
    "count": 0,
    "updated": 0
  },
  {
    "id": "fa97fa35-a9f6-49e3-a216-30c187493598",
    "data": [
      {
        "text": "hiện tại có ",
        "userDefined": false
      },
      {
        "text": "khuyến mãi ",
        "alias": "AccountSection",
        "meta": "@AccountSection",
        "userDefined": false
      },
      {
        "text": "gì ko ",
        "userDefined": false
      }
    ],
    "isTemplate": false,
    "count": 0,
    "updated": 0
  },
  {
    "id": "21772145-2bde-4ef1-9e58-23c36b121f8b",
    "data": [
      {
        "text": "km ",
        "alias": "AccountSection",
        "meta": "@AccountSection",
        "userDefined": false
      },
      {
        "text": "nhé ",
        "userDefined": false
      }
    ],
    "isTemplate": false,
    "count": 0,
    "updated": 0
  },
  {
    "id": "2d600fce-9ccc-4059-9968-ac2210cc88b3",
    "data": [
      {
        "text": "khuyến mãi ",
        "alias": "AccountSection",
        "meta": "@AccountSection",
        "userDefined": false
      },
      {
        "text": "sao ",
        "userDefined": false
      }
    ],
    "isTemplate": false,
    "count": 0,
    "updated": 0
  },
  {
    "id": "dfdd86f3-03ee-42cd-817a-28c717610dd3",
    "data": [
      {
        "text": "tktt ",
        "alias": "AccountName",
        "meta": "@AccountNameTK",
        "userDefined": false
      },
      {
        "text": "có ",
        "userDefined": false
      },
      {
        "text": "khuyến mãi ",
        "alias": "AccountSection",
        "meta": "@AccountSection",
        "userDefined": false
      },
      {
        "text": "gì ko ",
        "userDefined": false
      }
    ],
    "isTemplate": false,
    "count": 0,
    "updated": 0
  }
]