[
  {
    "id": "c2d37396-aaa5-411e-bcdd-79cd45607da3",
    "data": [
      {
        "text": "có ",
        "userDefined": false
      },
      {
        "text": "tài trợ vốn ",
        "alias": "AccountSection",
        "meta": "@AccountSection",
        "userDefined": false
      },
      {
        "text": "không ",
        "userDefined": false
      }
    ],
    "isTemplate": false,
    "count": 0,
    "updated": 0
  },
  {
    "id": "7199444c-85de-4cc6-ae93-e423675c1967",
    "data": [
      {
        "text": "dv ",
        "userDefined": false
      },
      {
        "text": "trung gian thanh toan ",
        "alias": "AccountName",
        "meta": "@AccountNameDV",
        "userDefined": false
      },
      {
        "text": "co ",
        "userDefined": false
      },
      {
        "text": "tai tro von ",
        "alias": "AccountSection",
        "meta": "@AccountSection",
        "userDefined": false
      },
      {
        "text": "khong ",
        "userDefined": false
      }
    ],
    "isTemplate": false,
    "count": 0,
    "updated": 0
  },
  {
    "id": "432781a4-998f-47a8-b9b7-9e544b000c0c",
    "data": [
      {
        "text": "dịch vụ ",
        "userDefined": false
      },
      {
        "text": "trung gian thanh toán ",
        "alias": "AccountName",
        "meta": "@AccountNameDV",
        "userDefined": false
      },
      {
        "text": "có ",
        "userDefined": false
      },
      {
        "text": "tài trợ vốn ",
        "alias": "AccountSection",
        "meta": "@AccountSection",
        "userDefined": false
      },
      {
        "text": "ko ",
        "userDefined": false
      }
    ],
    "isTemplate": false,
    "count": 0,
    "updated": 0
  }
]