[
  {
    "id": "4adaaeb2-6fca-441d-b430-2bbdca2b0a67",
    "data": [
      {
        "text": "vay bang loai ",
        "userDefined": false
      },
      {
        "text": "tien te ",
        "alias": "AccountSection",
        "meta": "@AccountSection",
        "userDefined": false
      },
      {
        "text": "nao thi duoc ",
        "userDefined": false
      }
    ],
    "isTemplate": false,
    "count": 0,
    "updated": 0
  },
  {
    "id": "89c45cd6-532b-43d9-b13f-50b8122256b3",
    "data": [
      {
        "text": "vay được bằng ",
        "userDefined": false
      },
      {
        "text": "loại tiền ",
        "alias": "AccountSection",
        "meta": "@AccountSection",
        "userDefined": false
      },
      {
        "text": "j ",
        "userDefined": false
      }
    ],
    "isTemplate": false,
    "count": 0,
    "updated": 0
  },
  {
    "id": "a52625ff-5d81-4435-83db-5167c589ab20",
    "data": [
      {
        "text": "có thể vay bằng ",
        "userDefined": false
      },
      {
        "text": "loại tiền ",
        "alias": "AccountSection",
        "meta": "@AccountSection",
        "userDefined": false
      },
      {
        "text": "gì ",
        "userDefined": false
      }
    ],
    "isTemplate": false,
    "count": 0,
    "updated": 0
  },
  {
    "id": "2c533f99-16b2-4518-9aa0-93c995c9a0a6",
    "data": [
      {
        "text": "loai tien ",
        "alias": "AccountSection",
        "meta": "@AccountSection",
        "userDefined": false
      },
      {
        "text": "vay la gi ",
        "userDefined": false
      }
    ],
    "isTemplate": false,
    "count": 0,
    "updated": 0
  },
  {
    "id": "c5734589-4d00-4cb4-aa92-e46b6b93f52b",
    "data": [
      {
        "text": "loại tiền ",
        "alias": "AccountSection",
        "meta": "@AccountSection",
        "userDefined": false
      },
      {
        "text": "vay là gì ",
        "userDefined": false
      }
    ],
    "isTemplate": false,
    "count": 0,
    "updated": 0
  },
  {
    "id": "fd56161e-2274-4b76-8b54-8851d2eeaa7f",
    "data": [
      {
        "text": "loại tiền ",
        "userDefined": false
      },
      {
        "text": "EUR ",
        "alias": "AccountSection",
        "meta": "@AccountSection",
        "userDefined": false
      },
      {
        "text": "có mở được ",
        "userDefined": false
      },
      {
        "text": "tktt ",
        "alias": "AccountName",
        "meta": "@AccountNameTK",
        "userDefined": false
      },
      {
        "text": "không ",
        "userDefined": false
      }
    ],
    "isTemplate": false,
    "count": 0,
    "updated": 0
  },
  {
    "id": "fe91a5b1-78f6-4cdf-8b0d-97c9fbbb4b7f",
    "data": [
      {
        "text": "loại tiền ",
        "alias": "AccountSection",
        "meta": "@AccountSection",
        "userDefined": false
      },
      {
        "text": "của ",
        "userDefined": false
      },
      {
        "text": "tài khoản thanh toán ",
        "alias": "AccountName",
        "meta": "@AccountNameTK",
        "userDefined": false
      }
    ],
    "isTemplate": false,
    "count": 0,
    "updated": 0
  },
  {
    "id": "14b6fb67-7c31-459b-a6aa-337d7f970de7",
    "data": [
      {
        "text": "loại tiền ",
        "alias": "AccountSection",
        "meta": "@AccountSection",
        "userDefined": false
      },
      {
        "text": "của tài khoản ",
        "userDefined": false
      },
      {
        "text": "combo 2 ",
        "alias": "AccountName",
        "meta": "@AccountNameTK",
        "userDefined": false
      }
    ],
    "isTemplate": false,
    "count": 0,
    "updated": 0
  },
  {
    "id": "c08040c0-2f07-47e4-8d1e-445d6f0e7f4b",
    "data": [
      {
        "text": "vay td cho dn nho ",
        "alias": "AccountName",
        "meta": "@AccountNameTV",
        "userDefined": false
      },
      {
        "text": "bang ",
        "userDefined": false
      },
      {
        "text": "eur ",
        "alias": "AccountSection",
        "meta": "@AccountSection",
        "userDefined": false
      },
      {
        "text": "đc ko ",
        "userDefined": false
      }
    ],
    "isTemplate": false,
    "count": 0,
    "updated": 0
  },
  {
    "id": "8bb3512b-5c8a-4871-915e-ff6ec201e007",
    "data": [
      {
        "text": "vay ",
        "userDefined": false
      },
      {
        "text": "thau chi tktt ",
        "alias": "AccountName",
        "meta": "@AccountNameTV",
        "userDefined": false
      },
      {
        "text": "ap dung cho ",
        "userDefined": false
      },
      {
        "text": "tien ",
        "alias": "AccountSection",
        "meta": "@AccountSection",
        "userDefined": false
      },
      {
        "text": "nao ",
        "userDefined": false
      }
    ],
    "isTemplate": false,
    "count": 0,
    "updated": 0
  },
  {
    "id": "a8ee4338-01b4-4e44-91a4-c42c6e60ba37",
    "data": [
      {
        "text": "tôi muốn vay ",
        "userDefined": false
      },
      {
        "text": "thấu chi tktt ",
        "alias": "AccountName",
        "meta": "@AccountNameTV",
        "userDefined": false
      },
      {
        "text": "bằng ",
        "userDefined": false
      },
      {
        "text": "tiền đô ",
        "alias": "AccountSection",
        "meta": "@AccountSection",
        "userDefined": false
      },
      {
        "text": "được ko ",
        "userDefined": false
      }
    ],
    "isTemplate": false,
    "count": 0,
    "updated": 0
  },
  {
    "id": "783eca73-c1a0-4882-9202-6259a3bb2b6a",
    "data": [
      {
        "text": "loại tiền ",
        "alias": "AccountSection",
        "meta": "@AccountSection",
        "userDefined": false
      },
      {
        "text": "dành cho tài khoản thanh toán ",
        "userDefined": false
      },
      {
        "text": "combo boss ",
        "alias": "AccountName",
        "meta": "@AccountNameTK",
        "userDefined": false
      }
    ],
    "isTemplate": false,
    "count": 0,
    "updated": 0
  },
  {
    "id": "d1cbdcf0-cd42-40b7-8a87-993464d8c48b",
    "data": [
      {
        "text": "loại tiền ",
        "alias": "AccountSection",
        "meta": "@AccountSection",
        "userDefined": false
      },
      {
        "text": "dành cho tài khoản thanh toán ",
        "userDefined": false
      },
      {
        "text": "combo 2 ",
        "alias": "AccountName",
        "meta": "@AccountNameTK",
        "userDefined": false
      }
    ],
    "isTemplate": false,
    "count": 0,
    "updated": 0
  },
  {
    "id": "d45119ff-c3f0-470a-9c82-6e3d46a7eb7e",
    "data": [
      {
        "text": "loại tiền ",
        "alias": "AccountSection",
        "meta": "@AccountSection",
        "userDefined": false
      },
      {
        "text": "dành cho tài khoản thanh toán ",
        "userDefined": false
      },
      {
        "text": "combo 1 ",
        "alias": "AccountName",
        "meta": "@AccountNameTK",
        "userDefined": false
      }
    ],
    "isTemplate": false,
    "count": 0,
    "updated": 0
  },
  {
    "id": "74af5779-2fb7-4f5c-b364-ea86fdac410e",
    "data": [
      {
        "text": "vay ko tai san dam bao ",
        "alias": "AccountName",
        "meta": "@AccountNameTV",
        "userDefined": false
      },
      {
        "text": "bang ",
        "userDefined": false
      },
      {
        "text": "euro ",
        "alias": "AccountSection",
        "meta": "@AccountSection",
        "userDefined": false
      },
      {
        "text": "đc ko ",
        "userDefined": false
      }
    ],
    "isTemplate": false,
    "count": 0,
    "updated": 0
  },
  {
    "id": "6dd20cc6-7c3c-4921-a77b-0ebc550cde46",
    "data": [
      {
        "text": "vay đảm bảo thẻ tiền gửi ",
        "alias": "AccountName",
        "meta": "@AccountNameTV",
        "userDefined": false
      },
      {
        "text": "bằng ",
        "userDefined": false
      },
      {
        "text": "tiền đô ",
        "alias": "AccountSection",
        "meta": "@AccountSection",
        "userDefined": false
      },
      {
        "text": "được ko ",
        "userDefined": false
      }
    ],
    "isTemplate": false,
    "count": 0,
    "updated": 0
  },
  {
    "id": "bc7050d9-7291-41f4-8d4b-5e9fd883013a",
    "data": [
      {
        "text": "vay kinh doanh ",
        "alias": "AccountName",
        "meta": "@AccountNameTV",
        "userDefined": false
      },
      {
        "text": "bang ",
        "userDefined": false
      },
      {
        "text": "loai tien ",
        "alias": "AccountSection",
        "meta": "@AccountSection",
        "userDefined": false
      },
      {
        "text": "nao ",
        "userDefined": false
      }
    ],
    "isTemplate": false,
    "count": 0,
    "updated": 0
  },
  {
    "id": "172024c9-d157-4bdf-8fce-57627ae95124",
    "data": [
      {
        "text": "vay tieu dung tin chap ",
        "alias": "AccountName",
        "meta": "@AccountNameTV",
        "userDefined": false
      },
      {
        "text": "bang tien ",
        "userDefined": false
      },
      {
        "text": "euro ",
        "alias": "AccountSection",
        "meta": "@AccountSection",
        "userDefined": false
      },
      {
        "text": "đc ko ",
        "userDefined": false
      }
    ],
    "isTemplate": false,
    "count": 0,
    "updated": 0
  },
  {
    "id": "a59a42f3-ad93-404b-8509-ecd02ca7b760",
    "data": [
      {
        "text": "vay mua nhà ",
        "alias": "AccountName",
        "meta": "@AccountNameTV",
        "userDefined": false
      },
      {
        "text": "bằng ",
        "userDefined": false
      },
      {
        "text": "ngoại tệ ",
        "alias": "AccountSection",
        "meta": "@AccountSection",
        "userDefined": false
      },
      {
        "text": "đc ko ",
        "userDefined": false
      }
    ],
    "isTemplate": false,
    "count": 0,
    "updated": 0
  },
  {
    "id": "984435ea-daf0-46a9-89c3-8a205a3dbacc",
    "data": [
      {
        "text": "tôi ",
        "userDefined": false
      },
      {
        "text": "vay sản xuất kinh doanh ",
        "alias": "AccountName",
        "meta": "@AccountNameTV",
        "userDefined": false
      },
      {
        "text": "bằng ",
        "userDefined": false
      },
      {
        "text": "loại tiền ",
        "alias": "AccountSection",
        "meta": "@AccountSection",
        "userDefined": false
      },
      {
        "text": "nào ",
        "userDefined": false
      }
    ],
    "isTemplate": false,
    "count": 0,
    "updated": 0
  },
  {
    "id": "c64f5258-39c5-4ec2-9890-544cead4f71a",
    "data": [
      {
        "text": "loại tiền ",
        "alias": "AccountSection",
        "meta": "@AccountSection",
        "userDefined": false
      }
    ],
    "isTemplate": false,
    "count": 0,
    "updated": 0
  },
  {
    "id": "49673fcb-e48d-4acd-be3d-c8e11b542953",
    "data": [
      {
        "text": "vay mua nhà ",
        "alias": "AccountName",
        "meta": "@AccountNameTV",
        "userDefined": false
      },
      {
        "text": "bằng ",
        "userDefined": false
      },
      {
        "text": "loại tiền ",
        "alias": "AccountSection",
        "meta": "@AccountSection",
        "userDefined": false
      },
      {
        "text": "gì ",
        "userDefined": false
      }
    ],
    "isTemplate": false,
    "count": 0,
    "updated": 0
  },
  {
    "id": "8cbf238e-5e44-4bb2-bffe-96639448fe2f",
    "data": [
      {
        "text": "loại tiền ",
        "alias": "AccountSection",
        "meta": "@AccountSection",
        "userDefined": false
      },
      {
        "text": "của ",
        "userDefined": false
      },
      {
        "text": "tài khoản combo 2 ",
        "alias": "AccountName",
        "meta": "@AccountNameTK",
        "userDefined": false
      }
    ],
    "isTemplate": false,
    "count": 0,
    "updated": 0
  },
  {
    "id": "14a328d2-bcc3-40df-80fc-519a8bd26ae0",
    "data": [
      {
        "text": "vay mua nhà ",
        "alias": "AccountName",
        "meta": "@AccountNameTV",
        "userDefined": false
      },
      {
        "text": "bằng ",
        "userDefined": false
      },
      {
        "text": "usd ",
        "alias": "AccountSection",
        "meta": "@AccountSection",
        "userDefined": false
      },
      {
        "text": "được không? ",
        "userDefined": false
      }
    ],
    "isTemplate": false,
    "count": 0,
    "updated": 0
  },
  {
    "id": "fe50e609-20cf-470d-8d21-17398267ce62",
    "data": [
      {
        "text": "vay mua nha ",
        "alias": "AccountName",
        "meta": "@AccountNameTV",
        "userDefined": false
      },
      {
        "text": "bang ",
        "userDefined": false
      },
      {
        "text": "usd ",
        "alias": "AccountSection",
        "meta": "@AccountSection",
        "userDefined": false
      },
      {
        "text": "dc ko? ",
        "userDefined": false
      }
    ],
    "isTemplate": false,
    "count": 0,
    "updated": 0
  },
  {
    "id": "8798767e-a2f6-47c1-b71c-cace67c4478d",
    "data": [
      {
        "text": "vay mua xe oto ",
        "alias": "AccountName",
        "meta": "@AccountNameTV",
        "userDefined": false
      },
      {
        "text": "bang ",
        "userDefined": false
      },
      {
        "text": "tien do ",
        "alias": "AccountSection",
        "meta": "@AccountSection",
        "userDefined": false
      },
      {
        "text": "dc ko? ",
        "userDefined": false
      }
    ],
    "isTemplate": false,
    "count": 0,
    "updated": 0
  },
  {
    "id": "1c9cc28c-64b7-42ef-b121-65d3a6ee37d8",
    "data": [
      {
        "text": "vay mua xe oto ",
        "alias": "AccountName",
        "meta": "@AccountNameTV",
        "userDefined": false
      },
      {
        "text": "bằng ",
        "userDefined": false
      },
      {
        "text": "tiền đô ",
        "alias": "AccountSection",
        "meta": "@AccountSection",
        "userDefined": false
      },
      {
        "text": "đc ko? ",
        "userDefined": false
      }
    ],
    "isTemplate": false,
    "count": 0,
    "updated": 0
  },
  {
    "id": "1b314211-b5b6-46ea-a779-88385ce3abf2",
    "data": [
      {
        "text": "mở ",
        "userDefined": false
      },
      {
        "text": "tài khoản ",
        "alias": "AccountType",
        "meta": "@AccountType",
        "userDefined": false
      },
      {
        "text": "bằng ",
        "userDefined": false
      },
      {
        "text": "usd ",
        "alias": "AccountSection",
        "meta": "@AccountSection",
        "userDefined": false
      },
      {
        "text": "được ko ",
        "userDefined": false
      }
    ],
    "isTemplate": false,
    "count": 0,
    "updated": 0
  },
  {
    "id": "6eb3be88-3c59-4dd0-9c3f-4dc87bf00874",
    "data": [
      {
        "text": "loại tiền ",
        "alias": "AccountSection",
        "meta": "@AccountSection",
        "userDefined": false
      },
      {
        "text": "gửi thế nào ",
        "userDefined": false
      }
    ],
    "isTemplate": false,
    "count": 0,
    "updated": 0
  },
  {
    "id": "2802d14a-b253-4d0a-84fc-913b0db2ba64",
    "data": [
      {
        "text": "loai tien ",
        "alias": "AccountSection",
        "meta": "@AccountSection",
        "userDefined": false
      },
      {
        "text": "gui la gi ",
        "userDefined": false
      }
    ],
    "isTemplate": false,
    "count": 0,
    "updated": 0
  },
  {
    "id": "575465e4-8825-47dc-883d-802fe4afd966",
    "data": [
      {
        "text": "gui bang ",
        "userDefined": false
      },
      {
        "text": "usd ",
        "alias": "AccountSection",
        "meta": "@AccountSection",
        "userDefined": false
      },
      {
        "text": "đc ko ",
        "userDefined": false
      }
    ],
    "isTemplate": false,
    "count": 0,
    "updated": 0
  },
  {
    "id": "666e98fc-b422-40eb-9cfc-c3d9f48f5b1b",
    "data": [
      {
        "text": "tôi mở ",
        "userDefined": false
      },
      {
        "text": "tk ",
        "alias": "AccountType",
        "meta": "@AccountType",
        "userDefined": false
      },
      {
        "text": "bằng tiền ",
        "userDefined": false
      },
      {
        "text": "usd ",
        "alias": "AccountSection",
        "meta": "@AccountSection",
        "userDefined": false
      },
      {
        "text": "đc ko ",
        "userDefined": false
      }
    ],
    "isTemplate": false,
    "count": 0,
    "updated": 0
  },
  {
    "id": "4df26711-d417-4553-918d-fce13db48864",
    "data": [
      {
        "text": "có thể mở ",
        "userDefined": false
      },
      {
        "text": "tài khoản thanh toán ",
        "alias": "AccountName",
        "meta": "@AccountNameTK",
        "userDefined": false
      },
      {
        "text": "với những ",
        "userDefined": false
      },
      {
        "text": "loại tiền ",
        "alias": "AccountSection",
        "meta": "@AccountSection",
        "userDefined": false
      },
      {
        "text": "gì ",
        "userDefined": false
      }
    ],
    "isTemplate": false,
    "count": 0,
    "updated": 0
  },
  {
    "id": "f52caa61-220b-40aa-97d7-93397a3c4fb8",
    "data": [
      {
        "text": "co the mo ",
        "userDefined": false
      },
      {
        "text": "tktt ",
        "alias": "AccountName",
        "meta": "@AccountNameTK",
        "userDefined": false
      },
      {
        "text": "bang nhung ",
        "userDefined": false
      },
      {
        "text": "loai tien ",
        "alias": "AccountSection",
        "meta": "@AccountSection",
        "userDefined": false
      },
      {
        "text": "nao ",
        "userDefined": false
      }
    ],
    "isTemplate": false,
    "count": 0,
    "updated": 0
  }
]