[
  {
    "id": "84d1c76d-e776-4f89-8393-e6f94eab75e4",
    "data": [
      {
        "text": "cách thức đăng ký ",
        "alias": "AccountSection",
        "meta": "@CardSection",
        "userDefined": false
      },
      {
        "text": "thẻ ",
        "userDefined": false
      },
      {
        "text": "visa ",
        "alias": "CardGroup",
        "meta": "@CardGroup",
        "userDefined": false
      },
      {
        "text": "infinite ",
        "alias": "CardName",
        "meta": "@CardName",
        "userDefined": false
      }
    ],
    "isTemplate": false,
    "count": 0,
    "updated": 0
  },
  {
    "id": "1a42dce6-2e60-49a3-8f68-18eaf12a9fd0",
    "data": [
      {
        "text": "cách thức đăng ký ",
        "alias": "AccountSection",
        "meta": "@CardSection",
        "userDefined": false
      },
      {
        "text": "thẻ ",
        "userDefined": false
      },
      {
        "text": "jcb ",
        "alias": "CardGroup",
        "meta": "@CardGroup",
        "userDefined": false
      },
      {
        "text": "ultimate ",
        "alias": "CardName",
        "meta": "@CardName",
        "userDefined": false
      }
    ],
    "isTemplate": false,
    "count": 0,
    "updated": 0
  },
  {
    "id": "5ce37c63-a2fe-4c1b-b27b-7924578bff76",
    "data": [
      {
        "text": "cach thuc dang ky ",
        "alias": "AccountSection",
        "meta": "@CardSection",
        "userDefined": false
      },
      {
        "text": "the ",
        "userDefined": false
      },
      {
        "text": "visa ",
        "alias": "CardGroup",
        "meta": "@CardGroup",
        "userDefined": false
      },
      {
        "text": "signature ",
        "alias": "CardName",
        "meta": "@CardName",
        "userDefined": false
      }
    ],
    "isTemplate": false,
    "count": 0,
    "updated": 0
  },
  {
    "id": "449e1d01-5fdb-42eb-a880-f0aef454bbc4",
    "data": [
      {
        "text": "thủ tục đăng ký ",
        "alias": "AccountSection",
        "meta": "@CardSection",
        "userDefined": false
      },
      {
        "text": "thẻ ",
        "userDefined": false
      },
      {
        "text": "world ",
        "alias": "CardName",
        "meta": "@CardName",
        "userDefined": false
      },
      {
        "text": "master ",
        "alias": "CardGroup",
        "meta": "@CardGroup",
        "userDefined": false
      }
    ],
    "isTemplate": false,
    "count": 0,
    "updated": 0
  },
  {
    "id": "fb8d751a-b195-4367-acc4-68d64d8777ee",
    "data": [
      {
        "text": "mở thẻ ",
        "userDefined": false
      },
      {
        "text": "mc ",
        "alias": "CardGroup",
        "meta": "@CardGroup",
        "userDefined": false
      },
      {
        "text": "world ",
        "alias": "CardName",
        "meta": "@CardName",
        "userDefined": false
      },
      {
        "text": "cần ",
        "userDefined": false
      },
      {
        "text": "giấy tờ ",
        "alias": "AccountSection",
        "meta": "@CardSection",
        "userDefined": false
      },
      {
        "text": "gì ",
        "userDefined": false
      }
    ],
    "isTemplate": false,
    "count": 0,
    "updated": 0
  },
  {
    "id": "0bd0d47b-9d8e-484f-b56c-8a0d23271e2e",
    "data": [
      {
        "text": "cần cung cấp ",
        "userDefined": false
      },
      {
        "text": "hồ sơ ",
        "alias": "AccountSection",
        "meta": "@CardSection",
        "userDefined": false
      },
      {
        "text": "gì để mở thẻ ",
        "userDefined": false
      },
      {
        "text": "world ",
        "alias": "CardName",
        "meta": "@CardName",
        "userDefined": false
      },
      {
        "text": "mastercard ",
        "alias": "CardGroup",
        "meta": "@CardGroup",
        "userDefined": false
      }
    ],
    "isTemplate": false,
    "count": 0,
    "updated": 0
  },
  {
    "id": "447c92a1-2bac-46b8-b93d-85d1d04d102c",
    "data": [
      {
        "text": "mo the ",
        "userDefined": false
      },
      {
        "text": "visa ",
        "alias": "CardGroup",
        "meta": "@CardGroup",
        "userDefined": false
      },
      {
        "text": "platinum cashback ",
        "alias": "CardName",
        "meta": "@CardName",
        "userDefined": false
      },
      {
        "text": "doanh nghiep ",
        "alias": "CustomerType",
        "meta": "@CustomerType",
        "userDefined": false
      },
      {
        "text": "can ",
        "userDefined": false
      },
      {
        "text": "giay to ",
        "alias": "AccountSection",
        "meta": "@CardSection",
        "userDefined": false
      },
      {
        "text": "gi ",
        "userDefined": false
      }
    ],
    "isTemplate": false,
    "count": 0,
    "updated": 0
  },
  {
    "id": "42ef2c9a-fb7c-4505-a161-a8231eaaf48b",
    "data": [
      {
        "text": "tôi muốn mở thẻ ",
        "userDefined": false
      },
      {
        "text": "visa ",
        "alias": "CardGroup",
        "meta": "@CardGroup",
        "userDefined": false
      },
      {
        "text": "platinum ",
        "alias": "CardName",
        "meta": "@CardName",
        "userDefined": false
      },
      {
        "text": ", cần ",
        "userDefined": false
      },
      {
        "text": "hồ sơ ",
        "alias": "AccountSection",
        "meta": "@CardSection",
        "userDefined": false
      },
      {
        "text": "thế nào ",
        "userDefined": false
      }
    ],
    "isTemplate": false,
    "count": 0,
    "updated": 0
  },
  {
    "id": "0bd1a9df-589d-4f4a-8cb7-18a17ed35b11",
    "data": [
      {
        "text": "hồ sơ ",
        "alias": "AccountSection",
        "meta": "@CardSection",
        "userDefined": false
      },
      {
        "text": "mở thẻ ",
        "userDefined": false
      },
      {
        "text": "visa ",
        "alias": "CardGroup",
        "meta": "@CardGroup",
        "userDefined": false
      },
      {
        "text": "corporate ",
        "alias": "CustomerType",
        "meta": "@CustomerType",
        "userDefined": false
      },
      {
        "text": "platinum ",
        "alias": "CardName",
        "meta": "@CardName",
        "userDefined": false
      },
      {
        "text": "là gì ",
        "userDefined": false
      }
    ],
    "isTemplate": false,
    "count": 0,
    "updated": 0
  },
  {
    "id": "14dd44bd-64e7-4b6d-abe4-c793df85ec55",
    "data": [
      {
        "text": "ho so ",
        "alias": "AccountSection",
        "meta": "@CardSection",
        "userDefined": false
      },
      {
        "text": "mo the ",
        "userDefined": false
      },
      {
        "text": "visa ",
        "alias": "CardGroup",
        "meta": "@CardGroup",
        "userDefined": false
      },
      {
        "text": "business ",
        "alias": "CustomerType",
        "meta": "@CustomerType",
        "userDefined": false
      },
      {
        "text": "gold ",
        "alias": "CardName",
        "meta": "@CardName",
        "userDefined": false
      }
    ],
    "isTemplate": false,
    "count": 0,
    "updated": 0
  },
  {
    "id": "f18f6c16-e9e3-4d35-8b11-276049fda4ab",
    "data": [
      {
        "text": "dieu kien ",
        "alias": "AccountSection",
        "meta": "@CardSection",
        "userDefined": false
      },
      {
        "text": "de mo the ",
        "userDefined": false
      },
      {
        "text": "jcb ",
        "alias": "CardGroup",
        "meta": "@CardGroup",
        "userDefined": false
      },
      {
        "text": "gold ",
        "alias": "CardName",
        "meta": "@CardName",
        "userDefined": false
      }
    ],
    "isTemplate": false,
    "count": 0,
    "updated": 0
  },
  {
    "id": "e2e9c3eb-890a-43ad-864f-adc2f22c0815",
    "data": [
      {
        "text": "đăng ký thẻ ",
        "userDefined": false
      },
      {
        "text": "visa ",
        "alias": "CardGroup",
        "meta": "@CardGroup",
        "userDefined": false
      },
      {
        "text": "gold ",
        "alias": "CardName",
        "meta": "@CardName",
        "userDefined": false
      },
      {
        "text": "cần ",
        "userDefined": false
      },
      {
        "text": "thông tin ",
        "alias": "AccountSection",
        "meta": "@CardSection",
        "userDefined": false
      },
      {
        "text": "gì ",
        "userDefined": false
      }
    ],
    "isTemplate": false,
    "count": 0,
    "updated": 0
  },
  {
    "id": "52da986e-96e9-43db-a2e9-45a24e31d791",
    "data": [
      {
        "text": "thẻ ",
        "userDefined": false
      },
      {
        "text": "mc ",
        "alias": "CardGroup",
        "meta": "@CardGroup",
        "userDefined": false
      },
      {
        "text": "gold ",
        "alias": "CardName",
        "meta": "@CardName",
        "userDefined": false
      },
      {
        "text": "cần ",
        "userDefined": false
      },
      {
        "text": "thông tin ",
        "alias": "AccountSection",
        "meta": "@CardSection",
        "userDefined": false
      },
      {
        "text": "gì để mở ",
        "userDefined": false
      }
    ],
    "isTemplate": false,
    "count": 0,
    "updated": 0
  },
  {
    "id": "97a5d94c-922f-4a98-abd4-a7a52a4641ca",
    "data": [
      {
        "text": "mở thẻ ",
        "userDefined": false
      },
      {
        "text": "visa ",
        "alias": "CardGroup",
        "meta": "@CardGroup",
        "userDefined": false
      },
      {
        "text": "ladies first ",
        "alias": "CardName",
        "meta": "@CardName",
        "userDefined": false
      },
      {
        "text": "cho vợ cần ",
        "userDefined": false
      },
      {
        "text": "giấy tờ ",
        "alias": "AccountSection",
        "meta": "@CardSection",
        "userDefined": false
      },
      {
        "text": "gì ",
        "userDefined": false
      }
    ],
    "isTemplate": false,
    "count": 0,
    "updated": 0
  },
  {
    "id": "3d0eee20-4428-4a09-972f-4c399c368a2b",
    "data": [
      {
        "text": "hồ sơ ",
        "alias": "AccountSection",
        "meta": "@CardSection",
        "userDefined": false
      },
      {
        "text": "để đăng ký thẻ ",
        "userDefined": false
      },
      {
        "text": "ladies ",
        "alias": "CardName",
        "meta": "@CardName",
        "userDefined": false
      },
      {
        "text": "là gì ",
        "userDefined": false
      }
    ],
    "isTemplate": false,
    "count": 0,
    "updated": 0
  },
  {
    "id": "be92d3f4-f37b-4975-ba68-dfc76189e5d8",
    "data": [
      {
        "text": "can ",
        "userDefined": false
      },
      {
        "text": "giay to ",
        "alias": "AccountSection",
        "meta": "@CardSection",
        "userDefined": false
      },
      {
        "text": "gi de mo thẻ ",
        "userDefined": false
      },
      {
        "text": "visa ",
        "alias": "CardGroup",
        "meta": "@CardGroup",
        "userDefined": false
      },
      {
        "text": "classic ",
        "alias": "CardName",
        "meta": "@CardName",
        "userDefined": false
      }
    ],
    "isTemplate": false,
    "count": 0,
    "updated": 0
  },
  {
    "id": "53ab27c3-1568-4fb1-acc5-c07144a3dc63",
    "data": [
      {
        "text": "thu tuc ",
        "alias": "AccountSection",
        "meta": "@CardSection",
        "userDefined": false
      },
      {
        "text": "mo the ",
        "userDefined": false
      },
      {
        "text": "master ",
        "alias": "CardGroup",
        "meta": "@CardGroup",
        "userDefined": false
      },
      {
        "text": "classic ",
        "alias": "CardName",
        "meta": "@CardName",
        "userDefined": false
      }
    ],
    "isTemplate": false,
    "count": 0,
    "updated": 0
  },
  {
    "id": "b0fcf806-cbd3-435f-8bed-d37c446685d4",
    "data": [
      {
        "text": "thủ tục ",
        "alias": "AccountSection",
        "meta": "@CardSection",
        "userDefined": false
      },
      {
        "text": "mở thẻ ",
        "userDefined": false
      },
      {
        "text": "mc ",
        "alias": "CardGroup",
        "meta": "@CardGroup",
        "userDefined": false
      },
      {
        "text": "classic ",
        "alias": "CardName",
        "meta": "@CardName",
        "userDefined": false
      }
    ],
    "isTemplate": false,
    "count": 0,
    "updated": 0
  },
  {
    "id": "1560e70a-9337-4516-9867-559176ac1e68",
    "data": [
      {
        "text": "dieu kien ",
        "alias": "AccountSection",
        "meta": "@CardSection",
        "userDefined": false
      },
      {
        "text": "dang ky the ",
        "userDefined": false
      },
      {
        "text": "jcb ",
        "alias": "CardGroup",
        "meta": "@CardGroup",
        "userDefined": false
      },
      {
        "text": "classic ",
        "alias": "CardName",
        "meta": "@CardName",
        "userDefined": false
      }
    ],
    "isTemplate": false,
    "count": 0,
    "updated": 0
  },
  {
    "id": "1cecf98f-772b-4d27-b6d6-d4f82252e1b6",
    "data": [
      {
        "text": "đk thẻ ",
        "userDefined": false
      },
      {
        "text": "jcb ",
        "alias": "CardGroup",
        "meta": "@CardGroup",
        "userDefined": false
      },
      {
        "text": "classic ",
        "alias": "CardName",
        "meta": "@CardName",
        "userDefined": false
      },
      {
        "text": "cần ",
        "userDefined": false
      },
      {
        "text": "hồ sơ ",
        "alias": "AccountSection",
        "meta": "@CardSection",
        "userDefined": false
      },
      {
        "text": "thế nào ",
        "userDefined": false
      }
    ],
    "isTemplate": false,
    "count": 0,
    "updated": 0
  },
  {
    "id": "7dd66d8e-9b44-4d7d-b95f-85cee2cbaa99",
    "data": [
      {
        "text": "thủ tục ",
        "alias": "AccountSection",
        "meta": "@CardSection",
        "userDefined": false
      },
      {
        "text": "để mở thẻ ",
        "userDefined": false
      },
      {
        "text": "tín dụng ",
        "alias": "CardType",
        "meta": "@CardType",
        "userDefined": false
      },
      {
        "text": "family ",
        "alias": "CardName",
        "meta": "@CardName",
        "userDefined": false
      }
    ],
    "isTemplate": false,
    "count": 0,
    "updated": 0
  },
  {
    "id": "de5d90b3-3bce-4bae-aa4a-b7f3dfea82f5",
    "data": [
      {
        "text": "tôi muốn hỏi về ",
        "userDefined": false
      },
      {
        "text": "thủ tục đăng ký ",
        "alias": "AccountSection",
        "meta": "@CardSection",
        "userDefined": false
      },
      {
        "text": "thẻ ",
        "userDefined": false
      },
      {
        "text": "thanh toán ",
        "alias": "CardType",
        "meta": "@CardType",
        "userDefined": false
      },
      {
        "text": "visa ",
        "alias": "CardGroup",
        "meta": "@CardGroup",
        "userDefined": false
      },
      {
        "text": "platinum cashback ",
        "alias": "CardName",
        "meta": "@CardName",
        "userDefined": false
      }
    ],
    "isTemplate": false,
    "count": 0,
    "updated": 0
  },
  {
    "id": "898a7394-191f-4ff7-9b3c-16a13cc50e32",
    "data": [
      {
        "text": "toi muon hoi ve ",
        "userDefined": false
      },
      {
        "text": "thu tuc ",
        "alias": "AccountSection",
        "meta": "@CardSection",
        "userDefined": false
      },
      {
        "text": "mo the ",
        "userDefined": false
      },
      {
        "text": "visa ",
        "alias": "CardGroup",
        "meta": "@CardGroup",
        "userDefined": false
      },
      {
        "text": "all 4 you ",
        "alias": "CardName",
        "meta": "@CardName",
        "userDefined": false
      }
    ],
    "isTemplate": false,
    "count": 0,
    "updated": 0
  },
  {
    "id": "91109885-6995-4fe7-a172-e5657d0e3caf",
    "data": [
      {
        "text": "cách thức đk ",
        "alias": "AccountSection",
        "meta": "@CardSection",
        "userDefined": false
      },
      {
        "text": "thẻ ",
        "userDefined": false
      },
      {
        "text": "visa ",
        "alias": "CardGroup",
        "meta": "@CardGroup",
        "userDefined": false
      },
      {
        "text": "business ",
        "alias": "CustomerType",
        "meta": "@CustomerType",
        "userDefined": false
      },
      {
        "text": "gold ",
        "alias": "CardName",
        "meta": "@CardName",
        "userDefined": false
      }
    ],
    "isTemplate": false,
    "count": 0,
    "updated": 0
  },
  {
    "id": "ef5b12cd-cdaa-4420-988b-4ab8be2e4283",
    "data": [
      {
        "text": "cach thuc dk ",
        "alias": "AccountSection",
        "meta": "@CardSection",
        "userDefined": false
      },
      {
        "text": "the ",
        "userDefined": false
      },
      {
        "text": "thanh toan ",
        "alias": "CardType",
        "meta": "@CardType",
        "userDefined": false
      },
      {
        "text": "visa ",
        "alias": "CardGroup",
        "meta": "@CardGroup",
        "userDefined": false
      },
      {
        "text": "gold ",
        "alias": "CardName",
        "meta": "@CardName",
        "userDefined": false
      }
    ],
    "isTemplate": false,
    "count": 0,
    "updated": 0
  },
  {
    "id": "5feb44d3-a650-4293-b653-3c4b72651a62",
    "data": [
      {
        "text": "điều kiện ",
        "alias": "AccountSection",
        "meta": "@CardSection",
        "userDefined": false
      },
      {
        "text": "đăng ký thẻ ",
        "userDefined": false
      },
      {
        "text": "visa ",
        "alias": "CardGroup",
        "meta": "@CardGroup",
        "userDefined": false
      }
    ],
    "isTemplate": false,
    "count": 0,
    "updated": 0
  },
  {
    "id": "e712db78-12f3-4dc7-94e3-42e414a7a9b3",
    "data": [
      {
        "text": "mở thẻ ",
        "userDefined": false
      },
      {
        "text": "visa ",
        "alias": "CardGroup",
        "meta": "@CardGroup",
        "userDefined": false
      },
      {
        "text": "cần ",
        "userDefined": false
      },
      {
        "text": "giấy tờ ",
        "alias": "AccountSection",
        "meta": "@CardSection",
        "userDefined": false
      },
      {
        "text": "gì ",
        "userDefined": false
      }
    ],
    "isTemplate": false,
    "count": 0,
    "updated": 0
  },
  {
    "id": "68373a44-fcae-48d1-9d33-8f76ad9297a2",
    "data": [
      {
        "text": "thủ tục ",
        "alias": "AccountSection",
        "meta": "@CardSection",
        "userDefined": false
      },
      {
        "text": "mở thẻ ",
        "userDefined": false
      },
      {
        "text": "jcb ",
        "alias": "CardGroup",
        "meta": "@CardGroup",
        "userDefined": false
      },
      {
        "text": "là gì ",
        "userDefined": false
      }
    ],
    "isTemplate": false,
    "count": 0,
    "updated": 0
  },
  {
    "id": "1e3767e4-f174-4faf-90e0-f47a2d831174",
    "data": [
      {
        "text": "thủ tục đăng ký ",
        "alias": "AccountSection",
        "meta": "@CardSection",
        "userDefined": false
      },
      {
        "text": "thẻ tín dụng ",
        "alias": "CardType",
        "meta": "@CardType",
        "userDefined": false
      },
      {
        "text": "jcb ",
        "alias": "CardGroup",
        "meta": "@CardGroup",
        "userDefined": false
      },
      {
        "text": "ultimate ",
        "alias": "CardName",
        "meta": "@CardName",
        "userDefined": false
      },
      {
        "text": "cá nhân ",
        "alias": "CustomerType",
        "meta": "@CustomerType",
        "userDefined": false
      }
    ],
    "isTemplate": false,
    "count": 0,
    "updated": 0
  },
  {
    "id": "d2286835-1ab6-46f5-9aa1-2a2150115dcf",
    "data": [
      {
        "text": "thủ tục đăng ký ",
        "alias": "AccountSection",
        "meta": "@CardSection",
        "userDefined": false
      },
      {
        "text": "thẻ tín dụng ",
        "alias": "CardType",
        "meta": "@CardType",
        "userDefined": false
      },
      {
        "text": "visa ",
        "alias": "CardGroup",
        "meta": "@CardGroup",
        "userDefined": false
      },
      {
        "text": "signature ",
        "alias": "CardName",
        "meta": "@CardName",
        "userDefined": false
      }
    ],
    "isTemplate": false,
    "count": 0,
    "updated": 0
  },
  {
    "id": "dadfcaa5-bc52-44c5-a1cc-966c52da60c1",
    "data": [
      {
        "text": "thủ tục đăng ký ",
        "alias": "AccountSection",
        "meta": "@CardSection",
        "userDefined": false
      },
      {
        "text": "thẻ tín dụng ",
        "alias": "CardType",
        "meta": "@CardType",
        "userDefined": false
      },
      {
        "text": "world ",
        "alias": "CardName",
        "meta": "@CardName",
        "userDefined": false
      },
      {
        "text": "mastercard ",
        "alias": "CardGroup",
        "meta": "@CardGroup",
        "userDefined": false
      }
    ],
    "isTemplate": false,
    "count": 0,
    "updated": 0
  },
  {
    "id": "b00eebbc-7a36-4ef5-ba50-3077058c3ef7",
    "data": [
      {
        "text": "thủ tục đăng ký ",
        "alias": "AccountSection",
        "meta": "@CardSection",
        "userDefined": false
      },
      {
        "text": "thẻ tín dụng ",
        "alias": "CardType",
        "meta": "@CardType",
        "userDefined": false
      },
      {
        "text": "visa ",
        "alias": "CardGroup",
        "meta": "@CardGroup",
        "userDefined": false
      },
      {
        "text": "infinite ",
        "alias": "CardName",
        "meta": "@CardName",
        "userDefined": false
      },
      {
        "text": "cá nhân ",
        "alias": "CustomerType",
        "meta": "@CustomerType",
        "userDefined": false
      }
    ],
    "isTemplate": false,
    "count": 0,
    "updated": 0
  }
]