[
  {
    "id": "bff20c4b-53a7-4de8-ae62-95932dc4aa7d",
    "data": [
      {
        "text": "quy trình ",
        "userDefined": false
      },
      {
        "text": "tạo duyệt ",
        "alias": "AccountSection",
        "meta": "@AccountSection",
        "userDefined": false
      },
      {
        "text": "thế nào ",
        "userDefined": false
      }
    ],
    "isTemplate": false,
    "count": 0,
    "updated": 0
  },
  {
    "id": "4e5a8034-7225-491d-a586-cbba18be4ad0",
    "data": [
      {
        "text": "mô hình ",
        "userDefined": false
      },
      {
        "text": "phê duyệt ",
        "alias": "AccountSection",
        "meta": "@AccountSection",
        "userDefined": false
      },
      {
        "text": "ebanking ",
        "alias": "AccountName",
        "meta": "@AccountName",
        "userDefined": false
      }
    ],
    "isTemplate": false,
    "count": 0,
    "updated": 0
  }
]