[
  {
    "id": "0131e25f-e9b5-4929-99a0-1411f09996fb",
    "data": [
      {
        "text": "làm sao để ",
        "userDefined": false
      },
      {
        "text": "xác thực ",
        "alias": "AccountSection",
        "meta": "@AccountSection",
        "userDefined": false
      },
      {
        "text": "giao dịch trên ",
        "userDefined": false
      },
      {
        "text": "msign ",
        "alias": "AccountName",
        "meta": "@AccountName",
        "userDefined": false
      }
    ],
    "isTemplate": false,
    "count": 0,
    "updated": 0
  },
  {
    "id": "ff2fc472-8632-4777-8104-19861093fec9",
    "data": [
      {
        "text": "xac thuc ",
        "alias": "AccountSection",
        "meta": "@AccountSection",
        "userDefined": false
      },
      {
        "text": "giao dich ra lam sao ",
        "userDefined": false
      }
    ],
    "isTemplate": false,
    "count": 0,
    "updated": 0
  },
  {
    "id": "dedcdcdc-5519-4a5a-8dd4-c42195907d1f",
    "data": [
      {
        "text": "xac thuc ",
        "alias": "AccountSection",
        "meta": "@AccountSection",
        "userDefined": false
      },
      {
        "text": "giao dich the nao ",
        "userDefined": false
      }
    ],
    "isTemplate": false,
    "count": 0,
    "updated": 0
  },
  {
    "id": "4836c369-adb8-4bbe-8db3-e3aa69d04fa9",
    "data": [
      {
        "text": "xác thực ",
        "alias": "AccountSection",
        "meta": "@AccountSection",
        "userDefined": false
      },
      {
        "text": "giao dịch ",
        "userDefined": false
      },
      {
        "text": "msign ",
        "alias": "AccountName",
        "meta": "@AccountName",
        "userDefined": false
      },
      {
        "text": "thế nào ",
        "userDefined": false
      }
    ],
    "isTemplate": false,
    "count": 0,
    "updated": 0
  },
  {
    "id": "2eec16a8-bae1-46eb-abb4-5ee69691f3ed",
    "data": [
      {
        "text": "lam sao ",
        "userDefined": false
      },
      {
        "text": "xac nhan ",
        "alias": "AccountSection",
        "meta": "@AccountSection",
        "userDefined": false
      },
      {
        "text": "giao dich tren ",
        "userDefined": false
      },
      {
        "text": "msign ",
        "alias": "AccountName",
        "meta": "@AccountName",
        "userDefined": false
      }
    ],
    "isTemplate": false,
    "count": 0,
    "updated": 0
  }
]