[
  {
    "id": "2508959b-cab9-46ee-b7fc-f49a1c73b356",
    "data": [
      {
        "text": "uu dai dac biet ",
        "userDefined": false
      }
    ],
    "isTemplate": false,
    "count": 0,
    "updated": 0
  },
  {
    "id": "846eb324-7bfc-4b6b-99f1-a3f73e5ba17e",
    "data": [
      {
        "text": "ưu đãi đặc biệt ",
        "userDefined": false
      }
    ],
    "isTemplate": false,
    "count": 0,
    "updated": 0
  },
  {
    "id": "87f7e3fb-886f-4829-824a-2e8518f0ba78",
    "data": [
      {
        "text": "Chưa hỗ trợ golive phần 1 ",
        "userDefined": false
      }
    ],
    "isTemplate": false,
    "count": 0,
    "updated": 0
  }
]