[
  {
    "id": "cf0e029f-22e5-43c3-b05c-712a8db998aa",
    "data": [
      {
        "text": "đăng ký ngay",
        "userDefined": false
      }
    ],
    "isTemplate": false,
    "count": 0,
    "updated": 0
  },
  {
    "id": "f30b59f8-da70-4179-bdc1-edcdf17449bb",
    "data": [
      {
        "text": "dang ky ngay",
        "userDefined": false
      }
    ],
    "isTemplate": false,
    "count": 0,
    "updated": 0
  },
  {
    "id": "00795135-810f-477e-9aba-4984e9900e3e",
    "data": [
      {
        "text": "đăng ký",
        "userDefined": false
      }
    ],
    "isTemplate": false,
    "count": 0,
    "updated": 0
  },
  {
    "id": "bff81c2e-a433-4596-8e66-9d7eb645a261",
    "data": [
      {
        "text": "đk",
        "userDefined": false
      }
    ],
    "isTemplate": false,
    "count": 0,
    "updated": 0
  },
  {
    "id": "ded5c33d-0344-4aa4-ad78-a6f630314451",
    "data": [
      {
        "text": "dang ky",
        "userDefined": false
      }
    ],
    "isTemplate": false,
    "count": 0,
    "updated": 0
  },
  {
    "id": "5107b96d-7df9-4186-b680-34031fe41d20",
    "data": [
      {
        "text": "đk ngay",
        "userDefined": false
      }
    ],
    "isTemplate": false,
    "count": 0,
    "updated": 0
  },
  {
    "id": "316b5a11-d184-4b2d-9d25-f49977073a71",
    "data": [
      {
        "text": "dk ngay",
        "userDefined": false
      }
    ],
    "isTemplate": false,
    "count": 0,
    "updated": 0
  },
  {
    "id": "4cb6b767-c518-41e1-8185-2eddd2fcaf39",
    "data": [
      {
        "text": "dk",
        "userDefined": false
      }
    ],
    "isTemplate": false,
    "count": 0,
    "updated": 0
  },
  {
    "id": "79e1adfb-9092-4019-b4f7-2471b088661b",
    "data": [
      {
        "text": "dang ky mo the tin dung",
        "userDefined": false
      }
    ],
    "isTemplate": false,
    "count": 0,
    "updated": 0
  },
  {
    "id": "3b0f31cd-272c-4f6b-9226-28aec4d5ec37",
    "data": [
      {
        "text": "đăng ký mở thẻ tín dụng",
        "userDefined": false
      }
    ],
    "isTemplate": false,
    "count": 0,
    "updated": 0
  },
  {
    "id": "1098eed6-fadd-4a81-b28c-b47e842ba065",
    "data": [
      {
        "text": "đk mở thẻ tín dụng",
        "userDefined": false
      }
    ],
    "isTemplate": false,
    "count": 0,
    "updated": 0
  },
  {
    "id": "d52eeb75-5c8c-4ded-b61a-e1d18e7825b6",
    "data": [
      {
        "text": "đk mo the tin dung",
        "userDefined": false
      }
    ],
    "isTemplate": false,
    "count": 0,
    "updated": 0
  },
  {
    "id": "6c05c195-10e2-409d-860d-7ffb1fd17fdf",
    "data": [
      {
        "text": "đăng ký thẻ ",
        "userDefined": false
      },
      {
        "text": "jcb ultimate",
        "alias": "CardName",
        "meta": "@CardName",
        "userDefined": false
      }
    ],
    "isTemplate": false,
    "count": 0,
    "updated": 0
  },
  {
    "id": "4579a632-a30d-408c-b1c8-8519a9fbc1a4",
    "data": [
      {
        "text": "đăng ký thẻ ",
        "userDefined": false
      },
      {
        "text": "ladies",
        "alias": "CardName",
        "meta": "@CardName",
        "userDefined": false
      }
    ],
    "isTemplate": false,
    "count": 0,
    "updated": 0
  },
  {
    "id": "5c4d4ba7-de7e-4a5e-b1e2-7a7f9f4f1d01",
    "data": [
      {
        "text": "đk thẻ ",
        "userDefined": false
      },
      {
        "text": "visa platinum",
        "alias": "CardName",
        "meta": "@CardName",
        "userDefined": false
      }
    ],
    "isTemplate": false,
    "count": 0,
    "updated": 0
  },
  {
    "id": "a238963a-0f45-47e1-955d-77f74b3e1f7a",
    "data": [
      {
        "text": "đăng ký mở thẻ thẻ ",
        "userDefined": false
      },
      {
        "text": "jcb tại đâu",
        "alias": "CardName",
        "meta": "@CardName",
        "userDefined": false
      }
    ],
    "isTemplate": false,
    "count": 0,
    "updated": 0
  },
  {
    "id": "456f4a29-1d28-4018-b90a-350755d1a935",
    "data": [
      {
        "text": "đăng ký mở thẻ ",
        "userDefined": false
      },
      {
        "text": "visa gold ",
        "alias": "CardName",
        "meta": "@CardName",
        "userDefined": false
      },
      {
        "text": "tại đâu",
        "userDefined": false
      }
    ],
    "isTemplate": false,
    "count": 0,
    "updated": 0
  },
  {
    "id": "cd6f1eb7-0d13-40ef-8885-d6c7fcf43561",
    "data": [
      {
        "text": "đăng ký mở thẻ ",
        "userDefined": false
      },
      {
        "text": "mc world ",
        "alias": "CardName",
        "meta": "@CardName",
        "userDefined": false
      },
      {
        "text": "tại đâu",
        "userDefined": false
      }
    ],
    "isTemplate": false,
    "count": 0,
    "updated": 0
  },
  {
    "id": "ab8baa24-20ed-4b43-b5b7-481e5f41fd84",
    "data": [
      {
        "text": "đăng ký thẻ tín dụng tại đâu",
        "userDefined": false
      }
    ],
    "isTemplate": false,
    "count": 0,
    "updated": 0
  }
]