[
  {
    "id": "824adb22-8164-4ef5-a9de-4093af9f400e",
    "data": [
      {
        "text": "thẻ khách hàng ",
        "userDefined": false
      },
      {
        "text": "cá nhân ",
        "alias": "CustomerType",
        "meta": "@CustomerType",
        "userDefined": false
      }
    ],
    "isTemplate": false,
    "count": 0,
    "updated": 0
  },
  {
    "id": "4c73118a-8846-4001-9a3f-fd056626ecf3",
    "data": [
      {
        "text": "tư vấn thẻ cho ",
        "userDefined": false
      },
      {
        "text": "cá nhân ",
        "alias": "CustomerType",
        "meta": "@CustomerType",
        "userDefined": false
      }
    ],
    "isTemplate": false,
    "count": 0,
    "updated": 0
  },
  {
    "id": "fbd9045a-2131-4503-a7b7-f437968b4ea7",
    "data": [
      {
        "text": "thẻ cho ",
        "userDefined": false
      },
      {
        "text": "cá nhân ",
        "alias": "CustomerType",
        "meta": "@CustomerType",
        "userDefined": false
      }
    ],
    "isTemplate": false,
    "count": 0,
    "updated": 0
  },
  {
    "id": "adcc6294-e648-4096-b4c3-6ef6f1794c8e",
    "data": [
      {
        "text": "cá nhân ",
        "alias": "CustomerType",
        "meta": "@CustomerType",
        "userDefined": false
      },
      {
        "text": "mở được các thẻ nào ",
        "userDefined": false
      }
    ],
    "isTemplate": false,
    "count": 0,
    "updated": 0
  },
  {
    "id": "eb982fa9-5cb9-4b32-b063-212eb82abc59",
    "data": [
      {
        "text": "thẻ ",
        "userDefined": false
      },
      {
        "text": "cá nhân ",
        "alias": "CustomerType",
        "meta": "@CustomerType",
        "userDefined": false
      }
    ],
    "isTemplate": false,
    "count": 0,
    "updated": 0
  },
  {
    "id": "4c8ada14-5144-46d6-a8f8-cbe38a9b258b",
    "data": [
      {
        "text": "cá nhân ",
        "alias": "CustomerType",
        "meta": "@CustomerType",
        "userDefined": false
      },
      {
        "text": "mở được thẻ gì ",
        "userDefined": false
      }
    ],
    "isTemplate": false,
    "count": 0,
    "updated": 0
  },
  {
    "id": "04e9fccc-9a8c-44f0-9ca3-34ff8db11523",
    "data": [
      {
        "text": "có thẻ gì dành cho ",
        "userDefined": false
      },
      {
        "text": "cá nhân ",
        "alias": "CustomerType",
        "meta": "@CustomerType",
        "userDefined": false
      },
      {
        "text": "không ",
        "userDefined": false
      }
    ],
    "isTemplate": false,
    "count": 0,
    "updated": 0
  },
  {
    "id": "fc01d160-c10f-4ef9-80f0-51eeb56748bf",
    "data": [
      {
        "text": "tôi muốn biết thẻ dành cho ",
        "userDefined": false
      },
      {
        "text": "cá nhân ",
        "alias": "CustomerType",
        "meta": "@CustomerType",
        "userDefined": false
      }
    ],
    "isTemplate": false,
    "count": 0,
    "updated": 0
  },
  {
    "id": "213ef2a1-0d1d-498f-99cc-90c1f60b3a36",
    "data": [
      {
        "text": "toi muon mo the ",
        "userDefined": false
      },
      {
        "text": "ca nhan ",
        "alias": "CustomerType",
        "meta": "@CustomerType",
        "userDefined": false
      }
    ],
    "isTemplate": false,
    "count": 0,
    "updated": 0
  },
  {
    "id": "0c7683e9-615a-4ba9-ac62-48bf32de62dc",
    "data": [
      {
        "text": "tôi muốn mở thẻ ",
        "userDefined": false
      },
      {
        "text": "cá nhân ",
        "alias": "CustomerType",
        "meta": "@CustomerType",
        "userDefined": false
      }
    ],
    "isTemplate": false,
    "count": 0,
    "updated": 0
  },
  {
    "id": "4f6bfabb-e3d4-432b-82ba-573c83c3ad01",
    "data": [
      {
        "text": "tu van cho toi the ",
        "userDefined": false
      },
      {
        "text": "ca nhan ",
        "alias": "CustomerType",
        "meta": "@CustomerType",
        "userDefined": false
      }
    ],
    "isTemplate": false,
    "count": 0,
    "updated": 0
  }
]