[
  {
    "id": "6d5c5082-a606-4ea1-872f-71759b5a6269",
    "data": [
      {
        "text": "thẻ nào có ",
        "userDefined": false
      },
      {
        "text": "trả góp 0% lãi suất ",
        "alias": "CardSeries",
        "meta": "@CardSeries",
        "userDefined": false
      }
    ],
    "isTemplate": false,
    "count": 0,
    "updated": 0
  },
  {
    "id": "3e582043-c930-4aa6-9eaa-4639b2294850",
    "data": [
      {
        "text": "thẻ nào có ",
        "userDefined": false
      },
      {
        "text": "đặc quyền nghỉ dưỡng ",
        "alias": "CardSeries",
        "meta": "@CardSeries",
        "userDefined": false
      }
    ],
    "isTemplate": false,
    "count": 0,
    "updated": 0
  }
]