[
  {
    "id": "7bdc028e-9320-433e-b6cf-00fb42de4ca6",
    "data": [
      {
        "text": "kham-pha-uu-dai-the  ",
        "userDefined": false
      }
    ],
    "isTemplate": false,
    "count": 0,
    "updated": 0
  },
  {
    "id": "afd5f345-26b7-4662-aa90-bc8f7d270c69",
    "data": [
      {
        "text": "ưu đãi thẻ  ",
        "userDefined": false
      }
    ],
    "isTemplate": false,
    "count": 1,
    "updated": 0
  },
  {
    "id": "e010ecd5-c388-47b2-9612-4e0e42c14b6f",
    "data": [
      {
        "text": "uu dai the  ",
        "userDefined": false
      }
    ],
    "isTemplate": false,
    "count": 0,
    "updated": 0
  },
  {
    "id": "acfa87c6-6e8f-4e64-a063-f228d5150933",
    "data": [
      {
        "text": "khuyen mai the  ",
        "userDefined": false
      }
    ],
    "isTemplate": false,
    "count": 0,
    "updated": 0
  },
  {
    "id": "f16c65cd-7c38-46ef-b630-e0dfeb1b8d6c",
    "data": [
      {
        "text": "kmai the ",
        "userDefined": false
      }
    ],
    "isTemplate": false,
    "count": 0,
    "updated": 0
  },
  {
    "id": "988d5420-5d1f-40c4-97f4-d2cc5c03a441",
    "data": [
      {
        "text": "ưu đãi thẻ ",
        "userDefined": false
      }
    ],
    "isTemplate": false,
    "count": 0,
    "updated": 0
  },
  {
    "id": "026fa4f0-3d1b-4dfb-9bca-12a1ada154db",
    "data": [
      {
        "text": "khám phá ưu đãi thẻ ",
        "userDefined": false
      }
    ],
    "isTemplate": false,
    "count": 0,
    "updated": 0
  },
  {
    "id": "77a20952-0560-4df7-b6c5-d0d507017d6c",
    "data": [
      {
        "text": "kham pha uu dai the ",
        "userDefined": false
      }
    ],
    "isTemplate": false,
    "count": 0,
    "updated": 0
  },
  {
    "id": "ee175209-d0a1-4d4b-b5bd-0b2f548a8236",
    "data": [
      {
        "text": "thẻ ",
        "userDefined": false
      },
      {
        "text": "jcb ",
        "alias": "CardGroup",
        "meta": "@CardGroup",
        "userDefined": false
      },
      {
        "text": "ultimate ",
        "alias": "CardName",
        "meta": "@CardName",
        "userDefined": false
      },
      {
        "text": "có ưu đãi gì ",
        "userDefined": false
      }
    ],
    "isTemplate": false,
    "count": 0,
    "updated": 0
  },
  {
    "id": "c6d93c4c-3b01-46df-8643-711edb40c906",
    "data": [
      {
        "text": "thẻ ",
        "userDefined": false
      },
      {
        "text": "visa ",
        "alias": "CardGroup",
        "meta": "@CardGroup",
        "userDefined": false
      },
      {
        "text": "có ưu đãi gì ",
        "userDefined": false
      }
    ],
    "isTemplate": false,
    "count": 0,
    "updated": 0
  },
  {
    "id": "2c227d6d-330b-44cc-8819-4964c96c49b6",
    "data": [
      {
        "text": "thẻ ",
        "userDefined": false
      },
      {
        "text": "ladies ",
        "alias": "CardName",
        "meta": "@CardName",
        "userDefined": false
      },
      {
        "text": "có khuyến mãi gì ",
        "userDefined": false
      }
    ],
    "isTemplate": false,
    "count": 0,
    "updated": 0
  },
  {
    "id": "88288c1b-85ae-4fc5-898e-b1f729528faa",
    "data": [
      {
        "text": "ưu đãi nào áp dụng cho thẻ ",
        "userDefined": false
      },
      {
        "text": "jcb ",
        "alias": "CardGroup",
        "meta": "@CardGroup",
        "userDefined": false
      }
    ],
    "isTemplate": false,
    "count": 0,
    "updated": 0
  },
  {
    "id": "29ff8cea-4bd1-47ca-bb65-68b25b62c5db",
    "data": [
      {
        "text": "thẻ ",
        "userDefined": false
      },
      {
        "text": "master ",
        "alias": "CardGroup",
        "meta": "@CardGroup",
        "userDefined": false
      },
      {
        "text": "có những ưu đãi gì ",
        "userDefined": false
      }
    ],
    "isTemplate": false,
    "count": 0,
    "updated": 0
  },
  {
    "id": "ae8ad149-548b-4e0a-8077-9d31a06179f5",
    "data": [
      {
        "text": "Thẻ Sacombank có ưu đãi gì ",
        "userDefined": false
      }
    ],
    "isTemplate": false,
    "count": 0,
    "updated": 0
  },
  {
    "id": "0b30acb7-e614-46e6-90c4-83dccaadd02e",
    "data": [
      {
        "text": "Thẻ ",
        "userDefined": false
      },
      {
        "text": "unionpay ",
        "alias": "CardName",
        "meta": "@CardName",
        "userDefined": false
      },
      {
        "text": "có ưu đãi gì ",
        "userDefined": false
      }
    ],
    "isTemplate": false,
    "count": 0,
    "updated": 0
  },
  {
    "id": "1684b894-0092-4a7a-a951-94029465c0d4",
    "data": [
      {
        "text": "thẻ ",
        "userDefined": false
      },
      {
        "text": "JCB ",
        "alias": "CardGroup",
        "meta": "@CardGroup",
        "userDefined": false
      },
      {
        "text": "có ưu đãi gì ",
        "userDefined": false
      }
    ],
    "isTemplate": false,
    "count": 0,
    "updated": 0
  },
  {
    "id": "00655deb-6cfc-4c64-81bb-dc9e86ec8663",
    "data": [
      {
        "text": "Thẻ ",
        "userDefined": false
      },
      {
        "text": "mastercard ",
        "alias": "CardGroup",
        "meta": "@CardGroup",
        "userDefined": false
      },
      {
        "text": "có ưu đãi gì ",
        "userDefined": false
      }
    ],
    "isTemplate": false,
    "count": 0,
    "updated": 0
  },
  {
    "id": "577bb399-c031-4ffa-8065-8edb7d418679",
    "data": [
      {
        "text": "thẻ ",
        "userDefined": false
      },
      {
        "text": "cá nhân ",
        "alias": "CustomerType",
        "meta": "@CustomerType",
        "userDefined": false
      },
      {
        "text": "có ưu đãi gì ",
        "userDefined": false
      }
    ],
    "isTemplate": false,
    "count": 0,
    "updated": 0
  },
  {
    "id": "cd3e5836-63b3-4a18-b61c-e010bd4b8f75",
    "data": [
      {
        "text": "khuyến mãi thẻ ",
        "userDefined": false
      }
    ],
    "isTemplate": false,
    "count": 0,
    "updated": 0
  }
]