[
  {
    "id": "26e053eb-7c96-4752-81ba-90137aca4beb",
    "data": [
      {
        "text": "thẻ ",
        "userDefined": false
      }
    ],
    "isTemplate": false,
    "count": 1,
    "updated": 0
  },
  {
    "id": "dcd479fe-9180-45ca-aaa8-788631eb484b",
    "data": [
      {
        "text": "tư vấn thẻ ",
        "userDefined": false
      }
    ],
    "isTemplate": false,
    "count": 0,
    "updated": 0
  },
  {
    "id": "17f8dbd2-1118-4e9b-81ff-f2ae65aa1d8a",
    "data": [
      {
        "text": "sacombank có các thẻ nào ",
        "userDefined": false
      }
    ],
    "isTemplate": false,
    "count": 0,
    "updated": 0
  },
  {
    "id": "20391a43-0927-4664-af2e-55b1f44117dc",
    "data": [
      {
        "text": "tôi cần tư vấn về thẻ ",
        "userDefined": false
      }
    ],
    "isTemplate": false,
    "count": 0,
    "updated": 0
  },
  {
    "id": "4a35958d-9ae2-4742-868b-bdfc10c68f6b",
    "data": [
      {
        "text": "tôi muốn mở thẻ ",
        "userDefined": false
      }
    ],
    "isTemplate": false,
    "count": 0,
    "updated": 0
  },
  {
    "id": "5d0e2de0-2cc1-4b2e-ad49-384c051e7ae1",
    "data": [
      {
        "text": "toi muon mo the ",
        "userDefined": false
      }
    ],
    "isTemplate": false,
    "count": 0,
    "updated": 0
  },
  {
    "id": "d21c712a-f8e2-42ba-b87b-64d4c08df478",
    "data": [
      {
        "text": "toi can tu van ve the ",
        "userDefined": false
      }
    ],
    "isTemplate": false,
    "count": 0,
    "updated": 0
  },
  {
    "id": "ca1ee9d9-c615-4dd7-ae15-03fc9c79026c",
    "data": [
      {
        "text": "tu van the ",
        "userDefined": false
      }
    ],
    "isTemplate": false,
    "count": 0,
    "updated": 0
  }
]