[
  {
    "id": "1227eacb-a5dd-4745-9831-1260fd9265a6",
    "data": [
      {
        "text": "tôi cần tư vấn thẻ ",
        "userDefined": false
      }
    ],
    "isTemplate": false,
    "count": 0,
    "updated": 0
  },
  {
    "id": "33d3b731-90d0-40d1-9c2f-046cc0dd661c",
    "data": [
      {
        "text": "thẻ ",
        "userDefined": false
      }
    ],
    "isTemplate": false,
    "count": 0,
    "updated": 0
  },
  {
    "id": "14320051-ea64-4b82-9965-6f8cb16a81b5",
    "data": [
      {
        "text": "sacombank có các thẻ nào ",
        "userDefined": false
      }
    ],
    "isTemplate": false,
    "count": 0,
    "updated": 0
  },
  {
    "id": "76bf4c93-3940-481a-a4d7-6b42b75c32fa",
    "data": [
      {
        "text": "tư vấn về thẻ ",
        "userDefined": false
      }
    ],
    "isTemplate": false,
    "count": 0,
    "updated": 0
  },
  {
    "id": "0c74fba9-445b-4676-b50f-baf8c6a2e6a2",
    "data": [
      {
        "text": "tôi muốn mở thẻ ",
        "userDefined": false
      }
    ],
    "isTemplate": false,
    "count": 0,
    "updated": 0
  },
  {
    "id": "945ff137-d1bb-4533-91df-fa6555886003",
    "data": [
      {
        "text": "toi muon mo the ",
        "userDefined": false
      }
    ],
    "isTemplate": false,
    "count": 0,
    "updated": 0
  },
  {
    "id": "6c57f73b-2f72-4641-9273-c996567147ff",
    "data": [
      {
        "text": "tu van the ",
        "userDefined": false
      }
    ],
    "isTemplate": false,
    "count": 0,
    "updated": 0
  }
]