[
  {
    "id": "357b4a79-a929-4864-9f87-f9fe1f98f9f2",
    "data": [
      {
        "text": "tôi muốn biết về thẻ ",
        "userDefined": false
      }
    ],
    "isTemplate": false,
    "count": 0,
    "updated": 0
  },
  {
    "id": "30f1cf12-ceb3-4f07-b8bc-717c7582d451",
    "data": [
      {
        "text": "sacombank có các loại thẻ nào ",
        "userDefined": false
      }
    ],
    "isTemplate": false,
    "count": 0,
    "updated": 0
  },
  {
    "id": "514a3737-8218-4444-9903-26ddb95e204e",
    "data": [
      {
        "text": "các sản phẩm thẻ ",
        "userDefined": false
      }
    ],
    "isTemplate": false,
    "count": 0,
    "updated": 0
  },
  {
    "id": "7e3cb1ce-18f8-416e-babb-797769b949ae",
    "data": [
      {
        "text": "tư vấn thẻ ",
        "userDefined": false
      }
    ],
    "isTemplate": false,
    "count": 0,
    "updated": 0
  },
  {
    "id": "6ef03071-bad8-4d77-84d2-3040e530c386",
    "data": [
      {
        "text": "tôi cần tư vấn thẻ ",
        "userDefined": false
      }
    ],
    "isTemplate": false,
    "count": 0,
    "updated": 0
  },
  {
    "id": "0272dfe6-1164-42de-a3c1-588dfc59c6c4",
    "data": [
      {
        "text": "thẻ ",
        "userDefined": false
      }
    ],
    "isTemplate": false,
    "count": 0,
    "updated": 0
  },
  {
    "id": "09d3e779-a952-4c1d-a9c8-99222d62e0a7",
    "data": [
      {
        "text": "tôi muốn mở thẻ ",
        "userDefined": false
      }
    ],
    "isTemplate": false,
    "count": 0,
    "updated": 0
  },
  {
    "id": "4cd9ed82-8d69-49e9-b69b-62400063d0e2",
    "data": [
      {
        "text": "có những loại thẻ nào? ",
        "userDefined": false
      }
    ],
    "isTemplate": false,
    "count": 0,
    "updated": 0
  },
  {
    "id": "877865d5-1836-4008-9bbb-6584cc8cd173",
    "data": [
      {
        "text": "mở thẻ thì như thế nào? ",
        "userDefined": false
      }
    ],
    "isTemplate": false,
    "count": 0,
    "updated": 0
  },
  {
    "id": "2782cda3-1af7-4f0c-a5a4-10b622700457",
    "data": [
      {
        "text": "mở thẻ như thế nào? ",
        "userDefined": false
      }
    ],
    "isTemplate": false,
    "count": 0,
    "updated": 0
  }
]