[
  {
    "id": "a55b64ca-cd2f-4746-917b-b9a1a91a199c",
    "data": [
      {
        "text": "ẩm thực ",
        "alias": "BusinessType",
        "meta": "@BusinessType",
        "userDefined": false
      }
    ],
    "isTemplate": false,
    "count": 0,
    "updated": 0
  },
  {
    "id": "66dd1e81-a47a-4d8e-8e02-18472d08b703",
    "data": [
      {
        "text": "điện tử ",
        "alias": "BusinessType",
        "meta": "@BusinessType",
        "userDefined": false
      }
    ],
    "isTemplate": false,
    "count": 0,
    "updated": 0
  },
  {
    "id": "05083acf-e7b2-4793-8a49-718aa74dd908",
    "data": [
      {
        "text": "du lịch ",
        "alias": "BusinessType",
        "meta": "@BusinessType",
        "userDefined": false
      }
    ],
    "isTemplate": false,
    "count": 0,
    "updated": 0
  },
  {
    "id": "99c397eb-9498-44c0-a3d2-795cf137d40a",
    "data": [
      {
        "text": "làm đẹp ",
        "alias": "BusinessType",
        "meta": "@BusinessType",
        "userDefined": false
      }
    ],
    "isTemplate": false,
    "count": 0,
    "updated": 0
  },
  {
    "id": "a207704f-23a7-4d46-8f2d-0cfbef354398",
    "data": [
      {
        "text": "xe cộ ",
        "alias": "BusinessType",
        "meta": "@BusinessType",
        "userDefined": false
      }
    ],
    "isTemplate": false,
    "count": 0,
    "updated": 0
  },
  {
    "id": "21eaf5f8-902a-45d0-aa18-ed6f1a8b22fb",
    "data": [
      {
        "text": "thời trang ",
        "alias": "BusinessType",
        "meta": "@BusinessType",
        "userDefined": false
      }
    ],
    "isTemplate": false,
    "count": 0,
    "updated": 0
  },
  {
    "id": "55bfc40c-cc10-41dc-a89a-312a0db6c125",
    "data": [
      {
        "text": "thoi trang ",
        "alias": "BusinessType",
        "meta": "@BusinessType",
        "userDefined": false
      }
    ],
    "isTemplate": false,
    "count": 0,
    "updated": 0
  },
  {
    "id": "28161ccb-b40b-48a4-93b1-10d86ec4b100",
    "data": [
      {
        "text": "Sức khỏe ",
        "alias": "BusinessType",
        "meta": "@BusinessType",
        "userDefined": false
      }
    ],
    "isTemplate": false,
    "count": 0,
    "updated": 0
  },
  {
    "id": "51720840-d06f-4a2a-a215-4811c7749324",
    "data": [
      {
        "text": "sức khỏe ",
        "alias": "BusinessType",
        "meta": "@BusinessType",
        "userDefined": false
      }
    ],
    "isTemplate": false,
    "count": 0,
    "updated": 0
  },
  {
    "id": "cab8f755-f40e-4b40-8371-86dc7d519c49",
    "data": [
      {
        "text": "làm đẹp ",
        "alias": "BusinessType",
        "meta": "@BusinessType",
        "userDefined": false
      },
      {
        "text": "tphcm ",
        "alias": "City",
        "meta": "@city",
        "userDefined": false
      }
    ],
    "isTemplate": false,
    "count": 0,
    "updated": 0
  },
  {
    "id": "95ab8441-4baf-43f2-b011-8c0beb2bbeed",
    "data": [
      {
        "text": "điện tử ",
        "alias": "BusinessType",
        "meta": "@BusinessType",
        "userDefined": false
      },
      {
        "text": "tphcm ",
        "alias": "City",
        "meta": "@city",
        "userDefined": false
      }
    ],
    "isTemplate": false,
    "count": 0,
    "updated": 0
  }
]