[
  {
    "id": "5c1c1775-021a-44ff-91bc-e7eb4a38d664",
    "data": [
      {
        "text": "gốm sứ minh long ",
        "alias": "BrandName",
        "meta": "@BrandName",
        "userDefined": false
      }
    ],
    "isTemplate": false,
    "count": 0,
    "updated": 0
  },
  {
    "id": "7d3491ee-e2a6-4abd-a721-9a6bfaee5095",
    "data": [
      {
        "text": "anh ngữ apollo ",
        "alias": "BrandName",
        "meta": "@BrandName",
        "userDefined": false
      }
    ],
    "isTemplate": false,
    "count": 0,
    "updated": 0
  },
  {
    "id": "8838e8ef-90e8-4c72-855e-58ac62d938ad",
    "data": [
      {
        "text": "hnam mobile ",
        "alias": "BrandName",
        "meta": "@BrandName",
        "userDefined": false
      }
    ],
    "isTemplate": false,
    "count": 0,
    "updated": 0
  },
  {
    "id": "77169f07-a70b-4f34-a704-f79bd08f5fd4",
    "data": [
      {
        "text": "kymdan ",
        "alias": "BrandName",
        "meta": "@BrandName",
        "userDefined": false
      }
    ],
    "isTemplate": false,
    "count": 0,
    "updated": 0
  },
  {
    "id": "6fb0a2f3-5ad9-4951-bac0-a7141564dd54",
    "data": [
      {
        "text": "ila ",
        "alias": "BrandName",
        "meta": "@BrandName",
        "userDefined": false
      }
    ],
    "isTemplate": false,
    "count": 0,
    "updated": 0
  },
  {
    "id": "528bdd2e-212f-44df-b2ae-94231eaaa419",
    "data": [
      {
        "text": "british council ",
        "alias": "BrandName",
        "meta": "@BrandName",
        "userDefined": false
      }
    ],
    "isTemplate": false,
    "count": 0,
    "updated": 0
  },
  {
    "id": "a388365a-bfb7-463e-a619-cd21ed6e44d6",
    "data": [
      {
        "text": "nguyễn kim ",
        "alias": "BrandName",
        "meta": "@BrandName",
        "userDefined": false
      }
    ],
    "isTemplate": false,
    "count": 0,
    "updated": 0
  },
  {
    "id": "bd8738c6-6d85-47a1-87f7-423c5513619a",
    "data": [
      {
        "text": "viettravel ",
        "alias": "BrandName",
        "meta": "@BrandName",
        "userDefined": false
      }
    ],
    "isTemplate": false,
    "count": 0,
    "updated": 0
  },
  {
    "id": "90da74c3-f9f7-4c10-b239-c7153653a626",
    "data": [
      {
        "text": "nuskin ",
        "alias": "BrandName",
        "meta": "@BrandName",
        "userDefined": false
      }
    ],
    "isTemplate": false,
    "count": 0,
    "updated": 0
  },
  {
    "id": "9acc6ac9-6c13-4692-8c69-1335fbbeb131",
    "data": [
      {
        "text": "tiki ",
        "alias": "BrandName",
        "meta": "@BrandName",
        "userDefined": false
      }
    ],
    "isTemplate": false,
    "count": 0,
    "updated": 0
  },
  {
    "id": "0017ca39-7f29-4ce9-9bd5-f866efa38a9e",
    "data": [
      {
        "text": "yamaha ",
        "alias": "BrandName",
        "meta": "@BrandName",
        "userDefined": false
      }
    ],
    "isTemplate": false,
    "count": 0,
    "updated": 0
  },
  {
    "id": "361441f8-9208-4375-9d16-942b384a7802",
    "data": [
      {
        "text": "lotte ",
        "alias": "BrandName",
        "meta": "@BrandName",
        "userDefined": false
      }
    ],
    "isTemplate": false,
    "count": 0,
    "updated": 0
  },
  {
    "id": "ee16dd20-3f3f-4c67-96ca-3abfc754f071",
    "data": [
      {
        "text": "fpt ",
        "alias": "BrandName",
        "meta": "@BrandName",
        "userDefined": false
      }
    ],
    "isTemplate": false,
    "count": 0,
    "updated": 0
  },
  {
    "id": "a68eb389-737f-4f59-b4f8-81b746b3c0d0",
    "data": [
      {
        "text": "điện máy chợ lớn ",
        "alias": "BrandName",
        "meta": "@BrandName",
        "userDefined": false
      }
    ],
    "isTemplate": false,
    "count": 0,
    "updated": 0
  }
]