[
  {
    "id": "8569ac64-e05b-4a6b-9880-a9393bcebabd",
    "data": [
      {
        "text": "tphcm ",
        "userDefined": false
      }
    ],
    "isTemplate": false,
    "count": 0,
    "updated": 0
  },
  {
    "id": "c9b2eae5-c190-4eb8-ade8-b67d919da068",
    "data": [
      {
        "text": "hà nội ",
        "alias": "City",
        "meta": "@city",
        "userDefined": false
      }
    ],
    "isTemplate": false,
    "count": 0,
    "updated": 0
  },
  {
    "id": "c7445a59-940c-45ef-883e-b72acc97c0cd",
    "data": [
      {
        "text": "quy nhơn ",
        "alias": "City",
        "meta": "@city",
        "userDefined": false
      }
    ],
    "isTemplate": false,
    "count": 0,
    "updated": 0
  },
  {
    "id": "091ab7fb-7a02-4585-8ab0-69174485d1bf",
    "data": [
      {
        "text": "đà nẵng ",
        "alias": "City",
        "meta": "@city",
        "userDefined": false
      }
    ],
    "isTemplate": false,
    "count": 0,
    "updated": 0
  },
  {
    "id": "a7b3a8af-b5fb-4001-b7da-de35944864c8",
    "data": [
      {
        "text": "hậu giang ",
        "alias": "City",
        "meta": "@city",
        "userDefined": false
      }
    ],
    "isTemplate": false,
    "count": 0,
    "updated": 0
  },
  {
    "id": "626fbe54-6ca1-473a-b67a-27c241edaf8c",
    "data": [
      {
        "text": "hải phòng ",
        "alias": "City",
        "meta": "@city",
        "userDefined": false
      }
    ],
    "isTemplate": false,
    "count": 0,
    "updated": 0
  },
  {
    "id": "e3b03e84-478a-48cd-8aa8-aabb4222c1c4",
    "data": [
      {
        "text": "đắk lắk ",
        "alias": "City",
        "meta": "@city",
        "userDefined": false
      }
    ],
    "isTemplate": false,
    "count": 0,
    "updated": 0
  }
]