[
  {
    "id": "ef5c319b-1c9a-43fe-96c5-2903a2edef3c",
    "data": [
      {
        "text": "sản phẩm dịch vụ ",
        "userDefined": false
      }
    ],
    "isTemplate": false,
    "count": 0,
    "updated": 0
  },
  {
    "id": "b3100eac-0dbe-4b4d-aa0e-887468f1e4e3",
    "data": [
      {
        "text": "spdv ",
        "userDefined": false
      }
    ],
    "isTemplate": false,
    "count": 0,
    "updated": 0
  },
  {
    "id": "4c916323-f141-4d28-ad03-7ecc2d6ad490",
    "data": [
      {
        "text": "đk sản phẩm dịch vụ ",
        "userDefined": false
      }
    ],
    "isTemplate": false,
    "count": 0,
    "updated": 0
  },
  {
    "id": "fb184fca-67d9-4a9a-9f9c-c03ba127691e",
    "data": [
      {
        "text": "đk spdv ",
        "userDefined": false
      }
    ],
    "isTemplate": false,
    "count": 0,
    "updated": 0
  },
  {
    "id": "7c6130c4-8bae-4e7e-a085-9ec7d561cade",
    "data": [
      {
        "text": "đăng ký sản phẩm dịch vụ ",
        "userDefined": false
      }
    ],
    "isTemplate": false,
    "count": 0,
    "updated": 0
  },
  {
    "id": "726a3ed3-47ea-4b46-ae14-1cabeff3ae8e",
    "data": [
      {
        "text": "đk san pham dich vu ",
        "userDefined": false
      }
    ],
    "isTemplate": false,
    "count": 0,
    "updated": 0
  },
  {
    "id": "dbad6002-6602-4382-8af3-23de70bf74db",
    "data": [
      {
        "text": "đăng ký spdv ",
        "userDefined": false
      }
    ],
    "isTemplate": false,
    "count": 0,
    "updated": 0
  },
  {
    "id": "7d748921-20d3-4c9d-a348-e1b3b6e9ae1a",
    "data": [
      {
        "text": "san pham dich vu ",
        "userDefined": false
      }
    ],
    "isTemplate": false,
    "count": 0,
    "updated": 0
  }
]