[
  {
    "id": "6d439357-cc63-4732-9d35-8c05c16016a5",
    "data": [
      {
        "text": "tài khoản thanh toán ",
        "userDefined": false
      }
    ],
    "isTemplate": false,
    "count": 0,
    "updated": 0
  },
  {
    "id": "2a3faaa3-5f5a-4069-bf6d-db0a2d4a9282",
    "data": [
      {
        "text": "tk thanh toán ",
        "userDefined": false
      }
    ],
    "isTemplate": false,
    "count": 0,
    "updated": 0
  },
  {
    "id": "c329a19c-e354-48c3-b855-cfb00aa9cc81",
    "data": [
      {
        "text": "tktt ",
        "userDefined": false
      }
    ],
    "isTemplate": false,
    "count": 0,
    "updated": 0
  },
  {
    "id": "58a3ad54-b178-4ba3-af89-b0609148b91e",
    "data": [
      {
        "text": "tk thanh toan ",
        "userDefined": false
      }
    ],
    "isTemplate": false,
    "count": 0,
    "updated": 0
  },
  {
    "id": "7a081af3-7c8c-4e62-a49a-dbf52c58cd57",
    "data": [
      {
        "text": "đk tktt ",
        "userDefined": false
      }
    ],
    "isTemplate": false,
    "count": 0,
    "updated": 0
  },
  {
    "id": "4c83ca24-4f43-403b-b2ec-b2b4bacc705b",
    "data": [
      {
        "text": "đk tai khoan thanh toan ",
        "userDefined": false
      }
    ],
    "isTemplate": false,
    "count": 0,
    "updated": 0
  },
  {
    "id": "3119793a-9916-4a9c-9d63-954eb99c7ea5",
    "data": [
      {
        "text": "dk tai khoan thanh toan ",
        "userDefined": false
      }
    ],
    "isTemplate": false,
    "count": 0,
    "updated": 0
  }
]