[
  {
    "id": "deb918e9-93cc-4944-a15d-b2cb9d435a0d",
    "data": [
      {
        "text": "đặc quyền ",
        "userDefined": false
      },
      {
        "text": "bảo hiểm ",
        "alias": "CardRequest",
        "meta": "@CardRequest",
        "userDefined": false
      },
      {
        "text": "của thẻ ",
        "userDefined": false
      },
      {
        "text": "visa ",
        "alias": "CardGroup",
        "meta": "@CardGroup",
        "userDefined": false
      },
      {
        "text": "infinite ",
        "alias": "CardName",
        "meta": "@CardName",
        "userDefined": false
      }
    ],
    "isTemplate": false,
    "count": 0,
    "updated": 0
  },
  {
    "id": "2370fd7d-24ef-41eb-9a18-ceb16ececaff",
    "data": [
      {
        "text": "bảo hiểm ",
        "alias": "CardRequest",
        "meta": "@CardRequest",
        "userDefined": false
      },
      {
        "text": "của thẻ ",
        "userDefined": false
      },
      {
        "text": "jcb ",
        "alias": "CardGroup",
        "meta": "@CardGroup",
        "userDefined": false
      },
      {
        "text": "ultimate ",
        "alias": "CardName",
        "meta": "@CardName",
        "userDefined": false
      }
    ],
    "isTemplate": false,
    "count": 0,
    "updated": 0
  },
  {
    "id": "610e2c7a-cb10-4111-8005-e7aeae6ad0a9",
    "data": [
      {
        "text": "bao hiem ",
        "alias": "CardRequest",
        "meta": "@CardRequest",
        "userDefined": false
      },
      {
        "text": "cua the ",
        "userDefined": false
      },
      {
        "text": "visa ",
        "alias": "CardGroup",
        "meta": "@CardGroup",
        "userDefined": false
      },
      {
        "text": "signature ",
        "alias": "CardName",
        "meta": "@CardName",
        "userDefined": false
      },
      {
        "text": "ca nhan ",
        "alias": "CustomerType",
        "meta": "@CustomerType",
        "userDefined": false
      }
    ],
    "isTemplate": false,
    "count": 0,
    "updated": 0
  },
  {
    "id": "6efd0a3b-39a9-4c1c-9b84-abc518132ceb",
    "data": [
      {
        "text": "tôi muốn hỏi về đặc quyền ",
        "userDefined": false
      },
      {
        "text": "bảo hiểm ",
        "alias": "CardRequest",
        "meta": "@CardRequest",
        "userDefined": false
      },
      {
        "text": "dành cho thẻ ",
        "userDefined": false
      },
      {
        "text": "world ",
        "alias": "CardName",
        "meta": "@CardName",
        "userDefined": false
      },
      {
        "text": "mc ",
        "alias": "CardGroup",
        "meta": "@CardGroup",
        "userDefined": false
      }
    ],
    "isTemplate": false,
    "count": 0,
    "updated": 0
  },
  {
    "id": "19135c13-381f-41b9-af21-786e73b52b3a",
    "data": [
      {
        "text": "chủ thẻ ",
        "userDefined": false
      },
      {
        "text": "visa ",
        "alias": "CardGroup",
        "meta": "@CardGroup",
        "userDefined": false
      },
      {
        "text": "platinum cashback ",
        "alias": "CardName",
        "meta": "@CardName",
        "userDefined": false
      },
      {
        "text": "có được ",
        "userDefined": false
      },
      {
        "text": "bảo hiểm ",
        "alias": "CardRequest",
        "meta": "@CardRequest",
        "userDefined": false
      },
      {
        "text": "gì ko ",
        "userDefined": false
      }
    ],
    "isTemplate": false,
    "count": 0,
    "updated": 0
  },
  {
    "id": "d9fede97-026f-4d13-872c-e15ec40f41bb",
    "data": [
      {
        "text": "su dung the ",
        "userDefined": false
      },
      {
        "text": "visa ",
        "alias": "CardGroup",
        "meta": "@CardGroup",
        "userDefined": false
      },
      {
        "text": "platinum ",
        "alias": "CardName",
        "meta": "@CardName",
        "userDefined": false
      },
      {
        "text": "duoc ",
        "userDefined": false
      },
      {
        "text": "bao hiem ",
        "alias": "CardRequest",
        "meta": "@CardRequest",
        "userDefined": false
      },
      {
        "text": "gi ko ",
        "userDefined": false
      }
    ],
    "isTemplate": false,
    "count": 0,
    "updated": 0
  },
  {
    "id": "284dbdfa-8870-4b95-961c-3eaaf8af3303",
    "data": [
      {
        "text": "toi muon hoi ve ",
        "userDefined": false
      },
      {
        "text": "bao hiem ",
        "alias": "CardRequest",
        "meta": "@CardRequest",
        "userDefined": false
      },
      {
        "text": "danh cho the ",
        "userDefined": false
      },
      {
        "text": "jcb ",
        "alias": "CardGroup",
        "meta": "@CardGroup",
        "userDefined": false
      },
      {
        "text": "classic ",
        "alias": "CardName",
        "meta": "@CardName",
        "userDefined": false
      }
    ],
    "isTemplate": false,
    "count": 0,
    "updated": 0
  },
  {
    "id": "92c1f262-1579-4e7a-9552-d886c42fb400",
    "data": [
      {
        "text": "bảo hiểm ",
        "alias": "CardRequest",
        "meta": "@CardRequest",
        "userDefined": false
      }
    ],
    "isTemplate": false,
    "count": 0,
    "updated": 0
  },
  {
    "id": "485acb3c-286c-44f6-94b5-12de3e0db8d6",
    "data": [
      {
        "text": "bảo hiểm ",
        "alias": "CardRequest",
        "meta": "@CardRequest",
        "userDefined": false
      },
      {
        "text": "cho thẻ ",
        "userDefined": false
      },
      {
        "text": "thanh toán ",
        "alias": "CardType",
        "meta": "@CardType",
        "userDefined": false
      }
    ],
    "isTemplate": false,
    "count": 0,
    "updated": 0
  },
  {
    "id": "16131f15-b963-4108-99f5-cd2ff1a15da7",
    "data": [
      {
        "text": "thẻ ",
        "userDefined": false
      },
      {
        "text": "visa ",
        "alias": "CardGroup",
        "meta": "@CardGroup",
        "userDefined": false
      },
      {
        "text": "có đặc quyền ",
        "userDefined": false
      },
      {
        "text": "bảo hiểm ",
        "alias": "CardRequest",
        "meta": "@CardRequest",
        "userDefined": false
      },
      {
        "text": "gì ko ",
        "userDefined": false
      }
    ],
    "isTemplate": false,
    "count": 0,
    "updated": 0
  },
  {
    "id": "ecd1ea09-c808-4cb3-a7d2-70c19a712685",
    "data": [
      {
        "text": "bảo hiểm ",
        "alias": "CardRequest",
        "meta": "@CardRequest",
        "userDefined": false
      },
      {
        "text": "cho thẻ ",
        "userDefined": false
      },
      {
        "text": "mastercard ",
        "alias": "CardGroup",
        "meta": "@CardGroup",
        "userDefined": false
      },
      {
        "text": "gold ",
        "alias": "CardName",
        "meta": "@CardName",
        "userDefined": false
      }
    ],
    "isTemplate": false,
    "count": 0,
    "updated": 0
  },
  {
    "id": "ab39c6e9-b7d1-4f1b-832c-1367d9e34bc0",
    "data": [
      {
        "text": "thẻ ",
        "userDefined": false
      },
      {
        "text": "master ",
        "alias": "CardGroup",
        "meta": "@CardGroup",
        "userDefined": false
      },
      {
        "text": "classic ",
        "alias": "CardName",
        "meta": "@CardName",
        "userDefined": false
      },
      {
        "text": "có ",
        "userDefined": false
      },
      {
        "text": "bảo hiểm ",
        "alias": "CardRequest",
        "meta": "@CardRequest",
        "userDefined": false
      },
      {
        "text": "gì cho chủ thẻ ko ",
        "userDefined": false
      }
    ],
    "isTemplate": false,
    "count": 0,
    "updated": 0
  },
  {
    "id": "26b0918c-5760-4cc9-bc13-9b17d90ce7e6",
    "data": [
      {
        "text": "xài thẻ ",
        "userDefined": false
      },
      {
        "text": "mc ",
        "alias": "CardGroup",
        "meta": "@CardGroup",
        "userDefined": false
      },
      {
        "text": "classic ",
        "alias": "CardName",
        "meta": "@CardName",
        "userDefined": false
      },
      {
        "text": "có hưởng ",
        "userDefined": false
      },
      {
        "text": "bảo hiểm ",
        "alias": "CardRequest",
        "meta": "@CardRequest",
        "userDefined": false
      },
      {
        "text": "gì ko ",
        "userDefined": false
      }
    ],
    "isTemplate": false,
    "count": 0,
    "updated": 0
  },
  {
    "id": "b1c5e698-466f-4cb5-8222-bc9bd3340add",
    "data": [
      {
        "text": "bảo hiểm ",
        "alias": "CardRequest",
        "meta": "@CardRequest",
        "userDefined": false
      },
      {
        "text": "dành cho thẻ ",
        "userDefined": false
      },
      {
        "text": "ladies first ",
        "alias": "CardName",
        "meta": "@CardName",
        "userDefined": false
      }
    ],
    "isTemplate": false,
    "count": 0,
    "updated": 0
  },
  {
    "id": "15af2c9c-625b-464a-9d87-8a7e42a1388a",
    "data": [
      {
        "text": "cho tôi biết về đặc quyền ",
        "userDefined": false
      },
      {
        "text": "bảo hiểm ",
        "alias": "CardRequest",
        "meta": "@CardRequest",
        "userDefined": false
      },
      {
        "text": "của thẻ ",
        "userDefined": false
      },
      {
        "text": "visa ",
        "alias": "CardGroup",
        "meta": "@CardGroup",
        "userDefined": false
      },
      {
        "text": "classic ",
        "alias": "CardName",
        "meta": "@CardName",
        "userDefined": false
      }
    ],
    "isTemplate": false,
    "count": 0,
    "updated": 0
  },
  {
    "id": "321c5c69-299f-4156-a7ee-4f3c1a358601",
    "data": [
      {
        "text": "thẻ ",
        "userDefined": false
      },
      {
        "text": "visa ",
        "alias": "CardGroup",
        "meta": "@CardGroup",
        "userDefined": false
      },
      {
        "text": "gold ",
        "alias": "CardName",
        "meta": "@CardName",
        "userDefined": false
      },
      {
        "text": "có được ",
        "userDefined": false
      },
      {
        "text": "bảo hiểm ",
        "alias": "CardRequest",
        "meta": "@CardRequest",
        "userDefined": false
      },
      {
        "text": "gì ",
        "userDefined": false
      }
    ],
    "isTemplate": false,
    "count": 0,
    "updated": 0
  },
  {
    "id": "ce110755-c3d6-482c-b058-3cbf8e6ad405",
    "data": [
      {
        "text": "bảo hiểm ",
        "alias": "CardRequest",
        "meta": "@CardRequest",
        "userDefined": false
      },
      {
        "text": "dành cho chủ thẻ ",
        "userDefined": false
      },
      {
        "text": "unionpay ",
        "alias": "CardName",
        "meta": "@CardName",
        "userDefined": false
      }
    ],
    "isTemplate": false,
    "count": 0,
    "updated": 0
  },
  {
    "id": "bdcce9d9-2d7f-4e9f-9f69-04a2b9e68c1a",
    "data": [
      {
        "text": "bảo hiểm ",
        "alias": "CardRequest",
        "meta": "@CardRequest",
        "userDefined": false
      },
      {
        "text": "cho thẻ ",
        "userDefined": false
      },
      {
        "text": "family ",
        "alias": "CardName",
        "meta": "@CardName",
        "userDefined": false
      }
    ],
    "isTemplate": false,
    "count": 0,
    "updated": 0
  },
  {
    "id": "726b5f17-09f2-451d-a50e-ee6de0adf155",
    "data": [
      {
        "text": "bao hiem ",
        "alias": "CardRequest",
        "meta": "@CardRequest",
        "userDefined": false
      },
      {
        "text": "danh cho kh su dung the ",
        "userDefined": false
      },
      {
        "text": "visa ",
        "alias": "CardGroup",
        "meta": "@CardGroup",
        "userDefined": false
      },
      {
        "text": "business ",
        "alias": "CustomerType",
        "meta": "@CustomerType",
        "userDefined": false
      },
      {
        "text": "gold ",
        "alias": "CardName",
        "meta": "@CardName",
        "userDefined": false
      }
    ],
    "isTemplate": false,
    "count": 0,
    "updated": 0
  },
  {
    "id": "202b716a-9994-46ce-883e-cfbe8ceb074d",
    "data": [
      {
        "text": "toi xai the ",
        "userDefined": false
      },
      {
        "text": "visa ",
        "alias": "CardGroup",
        "meta": "@CardGroup",
        "userDefined": false
      },
      {
        "text": "corporate ",
        "alias": "CustomerType",
        "meta": "@CustomerType",
        "userDefined": false
      },
      {
        "text": "platinum ",
        "alias": "CardName",
        "meta": "@CardName",
        "userDefined": false
      },
      {
        "text": "thi co duoc huong ",
        "userDefined": false
      },
      {
        "text": "bao hiem ",
        "alias": "CardRequest",
        "meta": "@CardRequest",
        "userDefined": false
      },
      {
        "text": "gi ",
        "userDefined": false
      }
    ],
    "isTemplate": false,
    "count": 0,
    "updated": 0
  },
  {
    "id": "5bd8c2e1-f74c-4d34-8360-df6eb91743ef",
    "data": [
      {
        "text": "the ",
        "userDefined": false
      },
      {
        "text": "all 4 you ",
        "alias": "CardName",
        "meta": "@CardName",
        "userDefined": false
      },
      {
        "text": "co duoc ",
        "userDefined": false
      },
      {
        "text": "bao hiem ",
        "alias": "CardRequest",
        "meta": "@CardRequest",
        "userDefined": false
      },
      {
        "text": "ko ",
        "userDefined": false
      }
    ],
    "isTemplate": false,
    "count": 0,
    "updated": 0
  }
]