[
  {
    "id": "3b5a2984-b85b-441b-bec6-79f562cad101",
    "data": [
      {
        "text": "tích điểm ",
        "alias": "CardRequest",
        "meta": "@CardRequest",
        "userDefined": false
      },
      {
        "text": "của thẻ ",
        "userDefined": false
      },
      {
        "text": "visa ",
        "alias": "CardGroup",
        "meta": "@CardGroup",
        "userDefined": false
      },
      {
        "text": "infinite ",
        "alias": "CardName",
        "meta": "@CardName",
        "userDefined": false
      }
    ],
    "isTemplate": false,
    "count": 0,
    "updated": 0
  },
  {
    "id": "98e04efe-8e39-40d4-b346-a85d1626798f",
    "data": [
      {
        "text": "tich diem ",
        "alias": "CardRequest",
        "meta": "@CardRequest",
        "userDefined": false
      },
      {
        "text": "cua the ",
        "userDefined": false
      },
      {
        "text": "jcb ",
        "alias": "CardGroup",
        "meta": "@CardGroup",
        "userDefined": false
      },
      {
        "text": "ultimate ",
        "alias": "CardName",
        "meta": "@CardName",
        "userDefined": false
      }
    ],
    "isTemplate": false,
    "count": 0,
    "updated": 0
  },
  {
    "id": "d6981519-7898-454a-8f3f-14a4ea2f8e64",
    "data": [
      {
        "text": "đặc quyền ",
        "userDefined": false
      },
      {
        "text": "tích điểm ",
        "alias": "CardRequest",
        "meta": "@CardRequest",
        "userDefined": false
      },
      {
        "text": "của ",
        "userDefined": false
      },
      {
        "text": "thẻ tín dụng ",
        "alias": "CardType",
        "meta": "@CardType",
        "userDefined": false
      },
      {
        "text": "là gì ",
        "userDefined": false
      }
    ],
    "isTemplate": false,
    "count": 0,
    "updated": 0
  },
  {
    "id": "d05fe0b9-20cb-4651-a9b4-6993990c703e",
    "data": [
      {
        "text": "tôi muốn biết về đặc quyền ",
        "userDefined": false
      },
      {
        "text": "tích điểm ",
        "alias": "CardRequest",
        "meta": "@CardRequest",
        "userDefined": false
      },
      {
        "text": "của thẻ ",
        "userDefined": false
      },
      {
        "text": "visa ",
        "alias": "CardGroup",
        "meta": "@CardGroup",
        "userDefined": false
      },
      {
        "text": "signature ",
        "alias": "CardName",
        "meta": "@CardName",
        "userDefined": false
      }
    ],
    "isTemplate": false,
    "count": 0,
    "updated": 0
  },
  {
    "id": "e4b68ed9-b5a9-425c-8823-b6450cdf4383",
    "data": [
      {
        "text": "toi muon hoi ve tien ich ",
        "userDefined": false
      },
      {
        "text": "tich diem ",
        "alias": "CardRequest",
        "meta": "@CardRequest",
        "userDefined": false
      },
      {
        "text": "cho the ",
        "userDefined": false
      },
      {
        "text": "world ",
        "alias": "CardName",
        "meta": "@CardName",
        "userDefined": false
      },
      {
        "text": "master ",
        "alias": "CardGroup",
        "meta": "@CardGroup",
        "userDefined": false
      }
    ],
    "isTemplate": false,
    "count": 0,
    "updated": 0
  },
  {
    "id": "159473b5-1a99-4419-b8ff-8259ca82c90e",
    "data": [
      {
        "text": "xài thẻ ",
        "userDefined": false
      },
      {
        "text": "visa ",
        "alias": "CardGroup",
        "meta": "@CardGroup",
        "userDefined": false
      },
      {
        "text": "platinum cashback ",
        "alias": "CardName",
        "meta": "@CardName",
        "userDefined": false
      },
      {
        "text": "tích điểm ",
        "alias": "CardRequest",
        "meta": "@CardRequest",
        "userDefined": false
      },
      {
        "text": "như thế nào ",
        "userDefined": false
      }
    ],
    "isTemplate": false,
    "count": 0,
    "updated": 0
  },
  {
    "id": "2860e746-13f2-4f0d-b43a-107037a675cf",
    "data": [
      {
        "text": "su dung the ",
        "userDefined": false
      },
      {
        "text": "visa ",
        "alias": "CardGroup",
        "meta": "@CardGroup",
        "userDefined": false
      },
      {
        "text": "platinum ",
        "alias": "CardName",
        "meta": "@CardName",
        "userDefined": false
      },
      {
        "text": "doi diem ",
        "alias": "CardRequest",
        "meta": "@CardRequest",
        "userDefined": false
      },
      {
        "text": "ra sao ",
        "userDefined": false
      }
    ],
    "isTemplate": false,
    "count": 0,
    "updated": 0
  },
  {
    "id": "1e7bcdc3-fa37-406f-b5ec-3a9a4c00b653",
    "data": [
      {
        "text": "toi muon ",
        "userDefined": false
      },
      {
        "text": "doi diem ",
        "alias": "CardRequest",
        "meta": "@CardRequest",
        "userDefined": false
      },
      {
        "text": "the ",
        "userDefined": false
      },
      {
        "text": "jcb ",
        "alias": "CardGroup",
        "meta": "@CardGroup",
        "userDefined": false
      },
      {
        "text": "gold ",
        "alias": "CardName",
        "meta": "@CardName",
        "userDefined": false
      }
    ],
    "isTemplate": false,
    "count": 0,
    "updated": 0
  },
  {
    "id": "1c576da7-d0d9-4725-a92b-9e5584e8b277",
    "data": [
      {
        "text": "tôi cần ",
        "userDefined": false
      },
      {
        "text": "đổi điểm ",
        "alias": "CardRequest",
        "meta": "@CardRequest",
        "userDefined": false
      },
      {
        "text": "thẻ ",
        "userDefined": false
      },
      {
        "text": "jcb ",
        "alias": "CardGroup",
        "meta": "@CardGroup",
        "userDefined": false
      },
      {
        "text": "classic ",
        "alias": "CardName",
        "meta": "@CardName",
        "userDefined": false
      }
    ],
    "isTemplate": false,
    "count": 0,
    "updated": 0
  },
  {
    "id": "812cd347-43fd-465f-8a82-826cf8285beb",
    "data": [
      {
        "text": "toi can ",
        "userDefined": false
      },
      {
        "text": "doi diem ",
        "alias": "CardRequest",
        "meta": "@CardRequest",
        "userDefined": false
      },
      {
        "text": "the ",
        "userDefined": false
      },
      {
        "text": "mc ",
        "alias": "CardGroup",
        "meta": "@CardGroup",
        "userDefined": false
      },
      {
        "text": "gold ",
        "alias": "CardName",
        "meta": "@CardName",
        "userDefined": false
      }
    ],
    "isTemplate": false,
    "count": 0,
    "updated": 0
  },
  {
    "id": "0bb1aa8c-5baa-4ee5-ab35-094b77c023fb",
    "data": [
      {
        "text": "đổi điểm ",
        "alias": "CardRequest",
        "meta": "@CardRequest",
        "userDefined": false
      },
      {
        "text": "cho thẻ ",
        "userDefined": false
      },
      {
        "text": "master ",
        "alias": "CardGroup",
        "meta": "@CardGroup",
        "userDefined": false
      },
      {
        "text": "classic ",
        "alias": "CardName",
        "meta": "@CardName",
        "userDefined": false
      },
      {
        "text": "thế nào ",
        "userDefined": false
      }
    ],
    "isTemplate": false,
    "count": 0,
    "updated": 0
  },
  {
    "id": "3c9ddc84-b4c7-4a2b-9d0c-d6354fa415bd",
    "data": [
      {
        "text": "doi diem ",
        "alias": "CardRequest",
        "meta": "@CardRequest",
        "userDefined": false
      },
      {
        "text": "cho the ",
        "userDefined": false
      },
      {
        "text": "visa ",
        "alias": "CardGroup",
        "meta": "@CardGroup",
        "userDefined": false
      },
      {
        "text": "ladies ",
        "alias": "CardName",
        "meta": "@CardName",
        "userDefined": false
      },
      {
        "text": "ra sao ",
        "userDefined": false
      }
    ],
    "isTemplate": false,
    "count": 0,
    "updated": 0
  },
  {
    "id": "9d8b990a-3e49-4f31-8539-15af4c67d6a1",
    "data": [
      {
        "text": "toi co nhu cau ",
        "userDefined": false
      },
      {
        "text": "doi diem ",
        "alias": "CardRequest",
        "meta": "@CardRequest",
        "userDefined": false
      },
      {
        "text": "the ",
        "userDefined": false
      },
      {
        "text": "visa ",
        "alias": "CardGroup",
        "meta": "@CardGroup",
        "userDefined": false
      },
      {
        "text": "gold ",
        "alias": "CardName",
        "meta": "@CardName",
        "userDefined": false
      }
    ],
    "isTemplate": false,
    "count": 0,
    "updated": 0
  },
  {
    "id": "6bbaa637-25f1-477e-af80-2940f37d8b4b",
    "data": [
      {
        "text": "sử dụng thẻ ",
        "userDefined": false
      },
      {
        "text": "visa ",
        "alias": "CardGroup",
        "meta": "@CardGroup",
        "userDefined": false
      },
      {
        "text": "classic ",
        "alias": "CardName",
        "meta": "@CardName",
        "userDefined": false
      },
      {
        "text": "tích điểm ",
        "alias": "CardRequest",
        "meta": "@CardRequest",
        "userDefined": false
      },
      {
        "text": "thế nào ",
        "userDefined": false
      }
    ],
    "isTemplate": false,
    "count": 0,
    "updated": 0
  },
  {
    "id": "2d1d2e12-8848-4f72-8845-a31cdd4cd382",
    "data": [
      {
        "text": "su dung the ",
        "userDefined": false
      },
      {
        "text": "unionpay ",
        "alias": "CardName",
        "meta": "@CardName",
        "userDefined": false
      },
      {
        "text": "tich diem ",
        "alias": "CardRequest",
        "meta": "@CardRequest",
        "userDefined": false
      },
      {
        "text": "lam sao ",
        "userDefined": false
      }
    ],
    "isTemplate": false,
    "count": 0,
    "updated": 0
  },
  {
    "id": "557f8841-6a61-4b7c-a4e8-819280c8b6dc",
    "data": [
      {
        "text": "đổi điểm ",
        "alias": "CardRequest",
        "meta": "@CardRequest",
        "userDefined": false
      },
      {
        "text": "cho thẻ ",
        "userDefined": false
      },
      {
        "text": "family ",
        "alias": "CardName",
        "meta": "@CardName",
        "userDefined": false
      }
    ],
    "isTemplate": false,
    "count": 0,
    "updated": 0
  },
  {
    "id": "4ab59049-601e-4d35-8c1f-54c9d959f55a",
    "data": [
      {
        "text": "tích điểm ",
        "alias": "CardRequest",
        "meta": "@CardRequest",
        "userDefined": false
      },
      {
        "text": "thẻ ",
        "userDefined": false
      },
      {
        "text": "visa ",
        "alias": "CardGroup",
        "meta": "@CardGroup",
        "userDefined": false
      },
      {
        "text": "corporate ",
        "alias": "CustomerType",
        "meta": "@CustomerType",
        "userDefined": false
      },
      {
        "text": "platinum ",
        "alias": "CardName",
        "meta": "@CardName",
        "userDefined": false
      }
    ],
    "isTemplate": false,
    "count": 0,
    "updated": 0
  },
  {
    "id": "3edac613-8023-43a2-9bc8-88d99c7a510c",
    "data": [
      {
        "text": "tich diem ",
        "alias": "CardRequest",
        "meta": "@CardRequest",
        "userDefined": false
      },
      {
        "text": "cho the ",
        "userDefined": false
      },
      {
        "text": "visa ",
        "alias": "CardGroup",
        "meta": "@CardGroup",
        "userDefined": false
      },
      {
        "text": "all 4 you ",
        "alias": "CardName",
        "meta": "@CardName",
        "userDefined": false
      }
    ],
    "isTemplate": false,
    "count": 0,
    "updated": 0
  }
]