[
  {
    "id": "21b40813-77fa-464a-b0ce-bd4011d9bc0b",
    "data": [
      {
        "text": "đi ăn ",
        "alias": "CardRequest",
        "meta": "@CardRequest",
        "userDefined": false
      },
      {
        "text": "quẹt thẻ ",
        "userDefined": false
      },
      {
        "text": "Visa ",
        "alias": "CardGroup",
        "meta": "@CardGroup",
        "userDefined": false
      },
      {
        "text": "All For You ",
        "alias": "CardName",
        "meta": "@CardName",
        "userDefined": false
      },
      {
        "text": "thì có dc giám giá ko Sacombank ",
        "userDefined": false
      }
    ],
    "isTemplate": false,
    "count": 0,
    "updated": 0
  },
  {
    "id": "159ce016-6a82-4b2d-b31d-e4b0907cfa69",
    "data": [
      {
        "text": "thẻ ",
        "userDefined": false
      },
      {
        "text": "Visa ",
        "alias": "CardGroup",
        "meta": "@CardGroup",
        "userDefined": false
      },
      {
        "text": "Imperial Signature ",
        "alias": "CardName",
        "meta": "@CardName",
        "userDefined": false
      },
      {
        "text": "CN ",
        "alias": "CustomerType",
        "meta": "@CustomerType",
        "userDefined": false
      },
      {
        "text": "có ưu đãi gì cho lĩnh vực ",
        "userDefined": false
      },
      {
        "text": "ẩm thực ",
        "alias": "CardRequest",
        "meta": "@CardRequest",
        "userDefined": false
      },
      {
        "text": "ko ad ơi ",
        "userDefined": false
      }
    ],
    "isTemplate": false,
    "count": 0,
    "updated": 0
  },
  {
    "id": "05a912a1-ae77-4f28-91f7-9f5798132b2a",
    "data": [
      {
        "text": "cà thẻ ",
        "userDefined": false
      },
      {
        "text": "Visa ",
        "alias": "CardGroup",
        "meta": "@CardGroup",
        "userDefined": false
      },
      {
        "text": "Business Gold ",
        "alias": "CardName",
        "meta": "@CardName",
        "userDefined": false
      },
      {
        "text": "khi đi ",
        "userDefined": false
      },
      {
        "text": "ăn uống ",
        "alias": "CardRequest",
        "meta": "@CardRequest",
        "userDefined": false
      },
      {
        "text": "thì có được giảm giá ko ",
        "userDefined": false
      }
    ],
    "isTemplate": false,
    "count": 0,
    "updated": 0
  },
  {
    "id": "7b732e0f-7ff8-4d5f-acb8-258f71507dcd",
    "data": [
      {
        "text": "nha hang ",
        "alias": "CardRequest",
        "meta": "@CardRequest",
        "userDefined": false
      },
      {
        "text": "nao giam gia cho the ",
        "userDefined": false
      },
      {
        "text": "Visa ",
        "alias": "CardGroup",
        "meta": "@CardGroup",
        "userDefined": false
      },
      {
        "text": "Infinite ",
        "alias": "CardName",
        "meta": "@CardName",
        "userDefined": false
      }
    ],
    "isTemplate": false,
    "count": 0,
    "updated": 0
  },
  {
    "id": "7954d220-2340-474d-8a8a-c4464e043418",
    "data": [
      {
        "text": "quet the ",
        "userDefined": false
      },
      {
        "text": "JCB ",
        "alias": "CardGroup",
        "meta": "@CardGroup",
        "userDefined": false
      },
      {
        "text": "Ultimate ",
        "alias": "CardName",
        "meta": "@CardName",
        "userDefined": false
      },
      {
        "text": "khi ",
        "userDefined": false
      },
      {
        "text": "di an ",
        "alias": "CardRequest",
        "meta": "@CardRequest",
        "userDefined": false
      },
      {
        "text": "có dc giảm giá ",
        "userDefined": false
      }
    ],
    "isTemplate": false,
    "count": 0,
    "updated": 0
  },
  {
    "id": "37c0074e-196d-4901-bd10-b3cebd4e4a0f",
    "data": [
      {
        "text": "Visa ",
        "alias": "CardGroup",
        "meta": "@CardGroup",
        "userDefined": false
      },
      {
        "text": "Signature ",
        "alias": "CardName",
        "meta": "@CardName",
        "userDefined": false
      },
      {
        "text": "dc giam gia o nhung ",
        "userDefined": false
      },
      {
        "text": "nha hang ",
        "alias": "CardRequest",
        "meta": "@CardRequest",
        "userDefined": false
      },
      {
        "text": "nao? ",
        "userDefined": false
      }
    ],
    "isTemplate": false,
    "count": 0,
    "updated": 0
  },
  {
    "id": "bcceb605-8607-4147-bd66-c0c226178990",
    "data": [
      {
        "text": "di an ",
        "alias": "CardRequest",
        "meta": "@CardRequest",
        "userDefined": false
      },
      {
        "text": "tra bang the ",
        "userDefined": false
      },
      {
        "text": "World ",
        "alias": "CardName",
        "meta": "@CardName",
        "userDefined": false
      },
      {
        "text": "Mastercard ",
        "alias": "CardGroup",
        "meta": "@CardGroup",
        "userDefined": false
      },
      {
        "text": "co dc giam gia ko ",
        "userDefined": false
      }
    ],
    "isTemplate": false,
    "count": 0,
    "updated": 0
  },
  {
    "id": "c57f67f3-2ed9-4afc-a942-b24fb5cbd434",
    "data": [
      {
        "text": "trả bằng thẻ ",
        "userDefined": false
      },
      {
        "text": "Visa ",
        "alias": "CardGroup",
        "meta": "@CardGroup",
        "userDefined": false
      },
      {
        "text": "Platinum Cashback ",
        "alias": "CardName",
        "meta": "@CardName",
        "userDefined": false
      },
      {
        "text": "khi đi ",
        "userDefined": false
      },
      {
        "text": "ăn uống ",
        "alias": "CardRequest",
        "meta": "@CardRequest",
        "userDefined": false
      },
      {
        "text": "dc khuyến mãi ko bạn ơi ",
        "userDefined": false
      }
    ],
    "isTemplate": false,
    "count": 0,
    "updated": 0
  },
  {
    "id": "e32c3995-d9fb-4d91-9156-d3ae54933993",
    "data": [
      {
        "text": "the ",
        "userDefined": false
      },
      {
        "text": "visa ",
        "alias": "CardGroup",
        "meta": "@CardGroup",
        "userDefined": false
      },
      {
        "text": "platinum ",
        "alias": "CardName",
        "meta": "@CardName",
        "userDefined": false
      },
      {
        "text": "co dc loi gi ko khi ",
        "userDefined": false
      },
      {
        "text": "di an ",
        "alias": "CardRequest",
        "meta": "@CardRequest",
        "userDefined": false
      },
      {
        "text": "nha hang ",
        "userDefined": false
      }
    ],
    "isTemplate": false,
    "count": 0,
    "updated": 0
  },
  {
    "id": "e32237dc-de85-46fa-95a1-bf19460c1804",
    "data": [
      {
        "text": "quẹt thẻ ",
        "userDefined": false
      },
      {
        "text": "Visa ",
        "alias": "CardGroup",
        "meta": "@CardGroup",
        "userDefined": false
      },
      {
        "text": "Platinum ",
        "alias": "CardName",
        "meta": "@CardName",
        "userDefined": false
      },
      {
        "text": "DN ",
        "alias": "CustomerType",
        "meta": "@CustomerType",
        "userDefined": false
      },
      {
        "text": "khi đi ",
        "userDefined": false
      },
      {
        "text": "nhà hàng ",
        "alias": "CardRequest",
        "meta": "@CardRequest",
        "userDefined": false
      },
      {
        "text": "có được giảm giá? ",
        "userDefined": false
      }
    ],
    "isTemplate": false,
    "count": 0,
    "updated": 0
  },
  {
    "id": "c349b112-a297-410b-99c6-5b200d52b6bb",
    "data": [
      {
        "text": "ca the ",
        "userDefined": false
      },
      {
        "text": "visa ",
        "alias": "CardGroup",
        "meta": "@CardGroup",
        "userDefined": false
      },
      {
        "text": "platinum ",
        "alias": "CardName",
        "meta": "@CardName",
        "userDefined": false
      },
      {
        "text": "danh cho ",
        "userDefined": false
      },
      {
        "text": "ca nhan ",
        "alias": "CustomerType",
        "meta": "@CustomerType",
        "userDefined": false
      },
      {
        "text": "khi ",
        "userDefined": false
      },
      {
        "text": "di an ",
        "alias": "CardRequest",
        "meta": "@CardRequest",
        "userDefined": false
      },
      {
        "text": "co uu dai gi ko ad ",
        "userDefined": false
      }
    ],
    "isTemplate": false,
    "count": 0,
    "updated": 0
  },
  {
    "id": "6a175a71-275f-48d9-aecb-9644372294a7",
    "data": [
      {
        "text": "thẻ ",
        "userDefined": false
      },
      {
        "text": "visa ",
        "alias": "CardGroup",
        "meta": "@CardGroup",
        "userDefined": false
      },
      {
        "text": "gold ",
        "alias": "CardName",
        "meta": "@CardName",
        "userDefined": false
      },
      {
        "text": "di an ",
        "alias": "CardRequest",
        "meta": "@CardRequest",
        "userDefined": false
      },
      {
        "text": "có dc giam gia ko ",
        "userDefined": false
      }
    ],
    "isTemplate": false,
    "count": 0,
    "updated": 0
  },
  {
    "id": "2334695f-f40a-4d16-be8b-01fdc65cea91",
    "data": [
      {
        "text": "thẻ ",
        "userDefined": false
      },
      {
        "text": "JCB ",
        "alias": "CardGroup",
        "meta": "@CardGroup",
        "userDefined": false
      },
      {
        "text": "vàng ",
        "alias": "CardName",
        "meta": "@CardName",
        "userDefined": false
      },
      {
        "text": "có đc ưu đãi trong lĩnh vực ",
        "userDefined": false
      },
      {
        "text": "ẩm thực ",
        "alias": "CardRequest",
        "meta": "@CardRequest",
        "userDefined": false
      },
      {
        "text": "ko ban? ",
        "userDefined": false
      }
    ],
    "isTemplate": false,
    "count": 0,
    "updated": 0
  },
  {
    "id": "e6f03890-8a0e-4351-9090-54ee3036ac93",
    "data": [
      {
        "text": "dùng thẻ ",
        "userDefined": false
      },
      {
        "text": "Mastercard ",
        "alias": "CardGroup",
        "meta": "@CardGroup",
        "userDefined": false
      },
      {
        "text": "Gold ",
        "alias": "CardName",
        "meta": "@CardName",
        "userDefined": false
      },
      {
        "text": "khi đi ",
        "userDefined": false
      },
      {
        "text": "nhà hàng ",
        "alias": "CardRequest",
        "meta": "@CardRequest",
        "userDefined": false
      },
      {
        "text": "có dc giảm giá? ",
        "userDefined": false
      }
    ],
    "isTemplate": false,
    "count": 0,
    "updated": 0
  },
  {
    "id": "829863e8-badc-47e6-a772-ff544821d9c0",
    "data": [
      {
        "text": "đi ăn ",
        "alias": "CardRequest",
        "meta": "@CardRequest",
        "userDefined": false
      },
      {
        "text": "trả bằng thẻ ",
        "userDefined": false
      },
      {
        "text": "Visa ",
        "alias": "CardGroup",
        "meta": "@CardGroup",
        "userDefined": false
      },
      {
        "text": "Ladies First ",
        "alias": "CardName",
        "meta": "@CardName",
        "userDefined": false
      },
      {
        "text": "thì có được giảm giá k ",
        "userDefined": false
      }
    ],
    "isTemplate": false,
    "count": 0,
    "updated": 0
  },
  {
    "id": "755a34f9-c0e5-44b2-9081-b4827a6a4d5e",
    "data": [
      {
        "text": "co dc giam gia ko neu tra bang the ",
        "userDefined": false
      },
      {
        "text": "Visa ",
        "alias": "CardGroup",
        "meta": "@CardGroup",
        "userDefined": false
      },
      {
        "text": "Classic ",
        "alias": "CardName",
        "meta": "@CardName",
        "userDefined": false
      },
      {
        "text": "khi ",
        "userDefined": false
      },
      {
        "text": "di an ",
        "alias": "CardRequest",
        "meta": "@CardRequest",
        "userDefined": false
      }
    ],
    "isTemplate": false,
    "count": 0,
    "updated": 0
  },
  {
    "id": "5c63b1d4-9928-4bb8-be44-96a9be7b0ac6",
    "data": [
      {
        "text": "đi ",
        "userDefined": false
      },
      {
        "text": "nhà hàng ",
        "alias": "CardRequest",
        "meta": "@CardRequest",
        "userDefined": false
      },
      {
        "text": "trả bằng thẻ ",
        "userDefined": false
      },
      {
        "text": "Classic ",
        "alias": "CardName",
        "meta": "@CardName",
        "userDefined": false
      },
      {
        "text": "Master ",
        "alias": "CardGroup",
        "meta": "@CardGroup",
        "userDefined": false
      },
      {
        "text": "thì có được giảm giá k ",
        "userDefined": false
      }
    ],
    "isTemplate": false,
    "count": 0,
    "updated": 0
  },
  {
    "id": "d5cbd94b-239c-4ffd-b510-4cdbeebb4cb7",
    "data": [
      {
        "text": "đi ",
        "userDefined": false
      },
      {
        "text": "ăn uống ",
        "alias": "CardRequest",
        "meta": "@CardRequest",
        "userDefined": false
      },
      {
        "text": "dùng thẻ ",
        "userDefined": false
      },
      {
        "text": "JCB ",
        "alias": "CardGroup",
        "meta": "@CardGroup",
        "userDefined": false
      },
      {
        "text": "Classic ",
        "alias": "CardName",
        "meta": "@CardName",
        "userDefined": false
      },
      {
        "text": "có dc khuyến mãi ko a ",
        "userDefined": false
      }
    ],
    "isTemplate": false,
    "count": 0,
    "updated": 0
  },
  {
    "id": "3f4cc1fd-e265-45ae-b3e1-8c377a67108f",
    "data": [
      {
        "text": "mình xài thẻ ",
        "userDefined": false
      },
      {
        "text": "UnionPay ",
        "alias": "CardName",
        "meta": "@CardName",
        "userDefined": false
      },
      {
        "text": "thì ",
        "userDefined": false
      },
      {
        "text": "đi ăn ",
        "alias": "CardRequest",
        "meta": "@CardRequest",
        "userDefined": false
      },
      {
        "text": "có dc giảm giá ",
        "userDefined": false
      }
    ],
    "isTemplate": false,
    "count": 0,
    "updated": 0
  },
  {
    "id": "1fb779fd-b899-43a2-9f54-dd1e14871dde",
    "data": [
      {
        "text": "nhà hàng ",
        "alias": "CardRequest",
        "meta": "@CardRequest",
        "userDefined": false
      },
      {
        "text": "có giảm giá cho thẻ ",
        "userDefined": false
      },
      {
        "text": "family ",
        "alias": "CardName",
        "meta": "@CardName",
        "userDefined": false
      },
      {
        "text": "ko ",
        "userDefined": false
      }
    ],
    "isTemplate": false,
    "count": 0,
    "updated": 0
  },
  {
    "id": "327d0bdf-9add-4981-8dd4-f17502c8d508",
    "data": [
      {
        "text": "dung the ",
        "userDefined": false
      },
      {
        "text": "family ",
        "alias": "CardName",
        "meta": "@CardName",
        "userDefined": false
      },
      {
        "text": "di an ",
        "userDefined": false
      },
      {
        "text": "nha hang ",
        "alias": "CardRequest",
        "meta": "@CardRequest",
        "userDefined": false
      },
      {
        "text": "co dc giam gia ko ",
        "userDefined": false
      }
    ],
    "isTemplate": false,
    "count": 0,
    "updated": 0
  }
]