[
  {
    "id": "00be5dda-51aa-41de-8508-cdf55db45897",
    "data": [
      {
        "text": "thẻ ",
        "userDefined": false
      },
      {
        "text": "Visa ",
        "alias": "CardGroup",
        "meta": "@CardGroup",
        "userDefined": false
      },
      {
        "text": "Infinite ",
        "alias": "CardName",
        "meta": "@CardName",
        "userDefined": false
      },
      {
        "text": "có được ",
        "userDefined": false
      },
      {
        "text": "miễn phí rút tiền mặt ",
        "alias": "CardRequest",
        "meta": "@CardRequest",
        "userDefined": false
      },
      {
        "text": "không ad ",
        "userDefined": false
      }
    ],
    "isTemplate": false,
    "count": 0,
    "updated": 0
  },
  {
    "id": "46efa06d-47e7-4711-99f2-4ff47c8319ba",
    "data": [
      {
        "text": "dùng thẻ ",
        "userDefined": false
      },
      {
        "text": "JCB ",
        "alias": "CardGroup",
        "meta": "@CardGroup",
        "userDefined": false
      },
      {
        "text": "Ultimate ",
        "alias": "CardName",
        "meta": "@CardName",
        "userDefined": false
      },
      {
        "text": "rút tiền mặt ",
        "alias": "CardRequest",
        "meta": "@CardRequest",
        "userDefined": false
      },
      {
        "text": "có bị tính phí k ",
        "userDefined": false
      }
    ],
    "isTemplate": false,
    "count": 0,
    "updated": 0
  },
  {
    "id": "e40412c2-9494-4a95-9dd9-98794416710c",
    "data": [
      {
        "text": "dung the ",
        "userDefined": false
      },
      {
        "text": "Visa ",
        "alias": "CardGroup",
        "meta": "@CardGroup",
        "userDefined": false
      },
      {
        "text": "Signature ",
        "alias": "CardName",
        "meta": "@CardName",
        "userDefined": false
      },
      {
        "text": "rut tien mat ",
        "alias": "CardRequest",
        "meta": "@CardRequest",
        "userDefined": false
      },
      {
        "text": "co bi tinh phi k ",
        "userDefined": false
      }
    ],
    "isTemplate": false,
    "count": 0,
    "updated": 0
  },
  {
    "id": "29702916-7ce3-43d7-95a3-ce5390768c11",
    "data": [
      {
        "text": "the ",
        "userDefined": false
      },
      {
        "text": "World ",
        "alias": "CardGroup",
        "meta": "@CardGroup",
        "userDefined": false
      },
      {
        "text": "Mastercard ",
        "alias": "CardName",
        "meta": "@CardName",
        "userDefined": false
      },
      {
        "text": "co ",
        "userDefined": false
      },
      {
        "text": "mien phi rut tien ",
        "alias": "CardRequest",
        "meta": "@CardRequest",
        "userDefined": false
      },
      {
        "text": "ko ",
        "userDefined": false
      }
    ],
    "isTemplate": false,
    "count": 0,
    "updated": 0
  },
  {
    "id": "4cdebdfe-21f0-4f37-b74a-06866da8804e",
    "data": [
      {
        "text": "rút tiền ",
        "alias": "CardRequest",
        "meta": "@CardRequest",
        "userDefined": false
      },
      {
        "text": "bằng thẻ ",
        "userDefined": false
      },
      {
        "text": "Visa ",
        "alias": "CardGroup",
        "meta": "@CardGroup",
        "userDefined": false
      },
      {
        "text": "Platinum Cashback ",
        "alias": "CardName",
        "meta": "@CardName",
        "userDefined": false
      },
      {
        "text": "có tính phí ko? ",
        "userDefined": false
      }
    ],
    "isTemplate": false,
    "count": 0,
    "updated": 0
  },
  {
    "id": "45711f6b-f2a7-48b1-91ec-2ddfa1d1a4c1",
    "data": [
      {
        "text": "thẻ ",
        "userDefined": false
      },
      {
        "text": "visa ",
        "alias": "CardGroup",
        "meta": "@CardGroup",
        "userDefined": false
      },
      {
        "text": "platinum ",
        "alias": "CardName",
        "meta": "@CardName",
        "userDefined": false
      },
      {
        "text": "CN ",
        "alias": "CustomerType",
        "meta": "@CustomerType",
        "userDefined": false
      },
      {
        "text": "có được ",
        "userDefined": false
      },
      {
        "text": "miễn phí rút tiền ",
        "alias": "CardRequest",
        "meta": "@CardRequest",
        "userDefined": false
      }
    ],
    "isTemplate": false,
    "count": 0,
    "updated": 0
  },
  {
    "id": "fa9515d0-a1ca-425c-aea5-1530af8ec92f",
    "data": [
      {
        "text": "thẻ ",
        "userDefined": false
      },
      {
        "text": "visa ",
        "alias": "CardGroup",
        "meta": "@CardGroup",
        "userDefined": false
      },
      {
        "text": "platinum ",
        "alias": "CardName",
        "meta": "@CardName",
        "userDefined": false
      },
      {
        "text": "dn ",
        "alias": "CustomerType",
        "meta": "@CustomerType",
        "userDefined": false
      },
      {
        "text": "có dc ",
        "userDefined": false
      },
      {
        "text": "rút tiền free ",
        "alias": "CardRequest",
        "meta": "@CardRequest",
        "userDefined": false
      },
      {
        "text": "ko ",
        "userDefined": false
      }
    ],
    "isTemplate": false,
    "count": 0,
    "updated": 0
  },
  {
    "id": "6bce0676-c92c-47ae-8ce8-a7fe20034d01",
    "data": [
      {
        "text": "the ",
        "userDefined": false
      },
      {
        "text": "Visa ",
        "alias": "CardGroup",
        "meta": "@CardGroup",
        "userDefined": false
      },
      {
        "text": "Gold ",
        "alias": "CardName",
        "meta": "@CardName",
        "userDefined": false
      },
      {
        "text": "rut tien co ton phi ko ",
        "alias": "CardRequest",
        "meta": "@CardRequest",
        "userDefined": false
      },
      {
        "text": "? ",
        "userDefined": false
      }
    ],
    "isTemplate": false,
    "count": 0,
    "updated": 0
  },
  {
    "id": "bb83cd0f-3204-412a-88ea-31adaf3063a6",
    "data": [
      {
        "text": "rút tiền ",
        "alias": "CardRequest",
        "meta": "@CardRequest",
        "userDefined": false
      },
      {
        "text": "bằng thẻ ",
        "userDefined": false
      },
      {
        "text": "Mastercard ",
        "alias": "CardGroup",
        "meta": "@CardGroup",
        "userDefined": false
      },
      {
        "text": "Gold ",
        "alias": "CardName",
        "meta": "@CardName",
        "userDefined": false
      },
      {
        "text": "có tốn phí ko ",
        "userDefined": false
      }
    ],
    "isTemplate": false,
    "count": 0,
    "updated": 0
  },
  {
    "id": "fc91b518-099b-4e8a-bb51-8077e5c0e383",
    "data": [
      {
        "text": "Visa Classic ",
        "userDefined": false
      },
      {
        "text": "rút tiền mà ko bị mất phí ",
        "alias": "CardRequest",
        "meta": "@CardRequest",
        "userDefined": false
      },
      {
        "text": "pk? ",
        "userDefined": false
      }
    ],
    "isTemplate": false,
    "count": 0,
    "updated": 0
  },
  {
    "id": "c54d9f17-a579-4832-a31f-c97e183befb0",
    "data": [
      {
        "text": "Visa ",
        "alias": "CardGroup",
        "meta": "@CardGroup",
        "userDefined": false
      },
      {
        "text": "Ladies First ",
        "alias": "CardName",
        "meta": "@CardName",
        "userDefined": false
      },
      {
        "text": "rút tiền có tính phí ko ",
        "alias": "CardRequest",
        "meta": "@CardRequest",
        "userDefined": false
      }
    ],
    "isTemplate": false,
    "count": 0,
    "updated": 0
  },
  {
    "id": "2b506bb0-9247-4c41-9446-6381a7a37fb0",
    "data": [
      {
        "text": "dung the ",
        "userDefined": false
      },
      {
        "text": "Mastercard ",
        "alias": "CardGroup",
        "meta": "@CardGroup",
        "userDefined": false
      },
      {
        "text": "Classic ",
        "alias": "CardName",
        "meta": "@CardName",
        "userDefined": false
      },
      {
        "text": "rut tien co bi tinh phi ko ",
        "alias": "CardRequest",
        "meta": "@CardRequest",
        "userDefined": false
      }
    ],
    "isTemplate": false,
    "count": 0,
    "updated": 0
  },
  {
    "id": "ef02f377-dc5e-43d1-901f-fd35de13b26f",
    "data": [
      {
        "text": "thẻ ",
        "userDefined": false
      },
      {
        "text": "JCB ",
        "alias": "CardGroup",
        "meta": "@CardGroup",
        "userDefined": false
      },
      {
        "text": "Classic ",
        "alias": "CardName",
        "meta": "@CardName",
        "userDefined": false
      },
      {
        "text": "có ",
        "userDefined": false
      },
      {
        "text": "free rút tiền ",
        "alias": "CardRequest",
        "meta": "@CardRequest",
        "userDefined": false
      },
      {
        "text": "k ạ ",
        "userDefined": false
      }
    ],
    "isTemplate": false,
    "count": 0,
    "updated": 0
  },
  {
    "id": "d92cc99c-2bb8-4ff8-a77e-4bc6e4902024",
    "data": [
      {
        "text": "the ",
        "userDefined": false
      },
      {
        "text": "UnionPay ",
        "alias": "CardName",
        "meta": "@CardName",
        "userDefined": false
      },
      {
        "text": "rut tien free ",
        "alias": "CardRequest",
        "meta": "@CardRequest",
        "userDefined": false
      },
      {
        "text": "ko hay có tính phí vậy ad ",
        "userDefined": false
      }
    ],
    "isTemplate": false,
    "count": 0,
    "updated": 0
  },
  {
    "id": "49270c25-9a6c-4168-b6dd-e42aaf55e185",
    "data": [
      {
        "text": "thẻ ",
        "userDefined": false
      },
      {
        "text": "Visa ",
        "alias": "CardGroup",
        "meta": "@CardGroup",
        "userDefined": false
      },
      {
        "text": "Imperial Signature ",
        "alias": "CardName",
        "meta": "@CardName",
        "userDefined": false
      },
      {
        "text": "CN ",
        "alias": "CustomerType",
        "meta": "@CustomerType",
        "userDefined": false
      },
      {
        "text": "rút tiền ",
        "alias": "CardRequest",
        "meta": "@CardRequest",
        "userDefined": false
      },
      {
        "text": "ở cây atm có tính phí ko ",
        "userDefined": false
      }
    ],
    "isTemplate": false,
    "count": 0,
    "updated": 0
  },
  {
    "id": "6f0078ee-407c-482a-bc4b-aa64aaaecc48",
    "data": [
      {
        "text": "thẻ thanh toán ",
        "userDefined": false
      },
      {
        "text": "Visa ",
        "alias": "CardGroup",
        "meta": "@CardGroup",
        "userDefined": false
      },
      {
        "text": "Business Gold ",
        "alias": "CardName",
        "meta": "@CardName",
        "userDefined": false
      },
      {
        "text": "có được ",
        "userDefined": false
      },
      {
        "text": "rút tiền miễn phí ",
        "alias": "CardRequest",
        "meta": "@CardRequest",
        "userDefined": false
      },
      {
        "text": "ko ",
        "userDefined": false
      }
    ],
    "isTemplate": false,
    "count": 0,
    "updated": 0
  },
  {
    "id": "5ae9febd-392c-49c1-ad2e-b18d7bea82be",
    "data": [
      {
        "text": "the ",
        "userDefined": false
      },
      {
        "text": "Visa ",
        "alias": "CardGroup",
        "meta": "@CardGroup",
        "userDefined": false
      },
      {
        "text": "All For You ",
        "alias": "CardName",
        "meta": "@CardName",
        "userDefined": false
      },
      {
        "text": "rut tien ko ton phi ",
        "alias": "CardRequest",
        "meta": "@CardRequest",
        "userDefined": false
      },
      {
        "text": "pk a ",
        "userDefined": false
      }
    ],
    "isTemplate": false,
    "count": 0,
    "updated": 0
  }
]