[
  {
    "id": "c0e22ab0-fb60-4057-aabc-61d26f4e3050",
    "data": [
      {
        "text": "du lịch toàn cầu ",
        "alias": "CardRequest",
        "meta": "@CardRequest",
        "userDefined": false
      },
      {
        "text": "của thẻ ",
        "userDefined": false
      },
      {
        "text": "visa ",
        "alias": "CardGroup",
        "meta": "@CardGroup",
        "userDefined": false
      },
      {
        "text": "infinite ",
        "alias": "CardName",
        "meta": "@CardName",
        "userDefined": false
      }
    ],
    "isTemplate": false,
    "count": 0,
    "updated": 0
  },
  {
    "id": "1cd766ef-7541-423e-9be8-0e969fe5943d",
    "data": [
      {
        "text": "du lịch toàn cầu ",
        "alias": "CardRequest",
        "meta": "@CardRequest",
        "userDefined": false
      },
      {
        "text": "của thẻ ",
        "userDefined": false
      },
      {
        "text": "jcb ",
        "alias": "CardGroup",
        "meta": "@CardGroup",
        "userDefined": false
      },
      {
        "text": "ultimate ",
        "alias": "CardName",
        "meta": "@CardName",
        "userDefined": false
      }
    ],
    "isTemplate": false,
    "count": 0,
    "updated": 0
  },
  {
    "id": "5534e3dc-f75c-43ba-8c07-2e795ac919ce",
    "data": [
      {
        "text": "tôi bị trễ ",
        "userDefined": false
      },
      {
        "text": "chuyến bay ",
        "alias": "CardRequest",
        "meta": "@CardRequest",
        "userDefined": false
      },
      {
        "text": ", bồi thường thế nào ",
        "userDefined": false
      }
    ],
    "isTemplate": false,
    "count": 0,
    "updated": 0
  },
  {
    "id": "247b51f0-7bdd-4011-a668-e3bba3b97353",
    "data": [
      {
        "text": "tôi bị mất ",
        "userDefined": false
      },
      {
        "text": "hành lý ",
        "alias": "CardRequest",
        "meta": "@CardRequest",
        "userDefined": false
      },
      {
        "text": ", quy định bồi thường ra sao ",
        "userDefined": false
      }
    ],
    "isTemplate": false,
    "count": 0,
    "updated": 0
  },
  {
    "id": "5c18061f-0164-4718-ad18-f7012c063c32",
    "data": [
      {
        "text": "bảo hiểm ",
        "userDefined": false
      },
      {
        "text": "DLTC ",
        "alias": "CardRequest",
        "meta": "@CardRequest",
        "userDefined": false
      },
      {
        "text": "của thẻ ",
        "userDefined": false
      },
      {
        "text": "visa ",
        "alias": "CardGroup",
        "meta": "@CardGroup",
        "userDefined": false
      },
      {
        "text": "signature ",
        "alias": "CardName",
        "meta": "@CardName",
        "userDefined": false
      }
    ],
    "isTemplate": false,
    "count": 0,
    "updated": 0
  },
  {
    "id": "0d2029a3-d844-456e-9d09-55281b3287cd",
    "data": [
      {
        "text": "bao hiem ",
        "userDefined": false
      },
      {
        "text": "du lich ",
        "alias": "CardRequest",
        "meta": "@CardRequest",
        "userDefined": false
      },
      {
        "text": "danh cho chu the ",
        "userDefined": false
      },
      {
        "text": "world ",
        "alias": "CardName",
        "meta": "@CardName",
        "userDefined": false
      },
      {
        "text": "mc ",
        "alias": "CardGroup",
        "meta": "@CardGroup",
        "userDefined": false
      }
    ],
    "isTemplate": false,
    "count": 0,
    "updated": 0
  },
  {
    "id": "9e6bcc0c-5bf7-4027-8cb1-e654aeca2ef5",
    "data": [
      {
        "text": "toi bi mat ",
        "userDefined": false
      },
      {
        "text": "hanh ly ",
        "alias": "CardRequest",
        "meta": "@CardRequest",
        "userDefined": false
      },
      {
        "text": "thi boi thuong sao ",
        "userDefined": false
      }
    ],
    "isTemplate": false,
    "count": 0,
    "updated": 0
  },
  {
    "id": "008c2270-0bc1-44e8-abf7-60cc9c276b24",
    "data": [
      {
        "text": "tre ",
        "userDefined": false
      },
      {
        "text": "chuyen bay ",
        "alias": "CardRequest",
        "meta": "@CardRequest",
        "userDefined": false
      },
      {
        "text": "boi thuong the nao ",
        "userDefined": false
      }
    ],
    "isTemplate": false,
    "count": 0,
    "updated": 0
  },
  {
    "id": "861bea99-c0e4-44f5-a9c9-c440e60b0f20",
    "data": [
      {
        "text": "bảo hiểm đi ",
        "userDefined": false
      },
      {
        "text": "nước ngoài ",
        "alias": "CardRequest",
        "meta": "@CardRequest",
        "userDefined": false
      },
      {
        "text": "khi sử dụng thẻ ",
        "userDefined": false
      },
      {
        "text": "visa ",
        "alias": "CardGroup",
        "meta": "@CardGroup",
        "userDefined": false
      },
      {
        "text": "platinum cashback ",
        "alias": "CardName",
        "meta": "@CardName",
        "userDefined": false
      }
    ],
    "isTemplate": false,
    "count": 0,
    "updated": 0
  },
  {
    "id": "6992609d-acc1-4183-a96b-d055b9763c3b",
    "data": [
      {
        "text": "bảo hiểm ",
        "userDefined": false
      },
      {
        "text": "du lịch ",
        "alias": "CardRequest",
        "meta": "@CardRequest",
        "userDefined": false
      },
      {
        "text": "áp dụng thế nào cho chủ thẻ ",
        "userDefined": false
      },
      {
        "text": "tín dụng ",
        "alias": "CardType",
        "meta": "@CardType",
        "userDefined": false
      }
    ],
    "isTemplate": false,
    "count": 0,
    "updated": 0
  },
  {
    "id": "9f7afe30-4426-4ecc-a0bf-19c980b7cdf0",
    "data": [
      {
        "text": "bao hiem ",
        "userDefined": false
      },
      {
        "text": "du lich toan cau ",
        "alias": "CardRequest",
        "meta": "@CardRequest",
        "userDefined": false
      },
      {
        "text": "khi xai the ",
        "userDefined": false
      },
      {
        "text": "jcb ",
        "alias": "CardGroup",
        "meta": "@CardGroup",
        "userDefined": false
      },
      {
        "text": "gold ",
        "alias": "CardName",
        "meta": "@CardName",
        "userDefined": false
      }
    ],
    "isTemplate": false,
    "count": 0,
    "updated": 0
  },
  {
    "id": "bda7a32d-d2a8-4088-8847-4fa4b52b850f",
    "data": [
      {
        "text": "du lịch toàn cầu ",
        "alias": "CardRequest",
        "meta": "@CardRequest",
        "userDefined": false
      }
    ],
    "isTemplate": false,
    "count": 0,
    "updated": 0
  },
  {
    "id": "f653f5f1-4fc0-4ea7-8c99-c2093ee0838d",
    "data": [
      {
        "text": "tư vấn cho tôi về bh ",
        "userDefined": false
      },
      {
        "text": "du lịch ",
        "alias": "CardRequest",
        "meta": "@CardRequest",
        "userDefined": false
      },
      {
        "text": "của thẻ ",
        "userDefined": false
      },
      {
        "text": "jcb ",
        "alias": "CardGroup",
        "meta": "@CardGroup",
        "userDefined": false
      },
      {
        "text": "classic ",
        "alias": "CardName",
        "meta": "@CardName",
        "userDefined": false
      }
    ],
    "isTemplate": false,
    "count": 0,
    "updated": 0
  },
  {
    "id": "4d2eefa3-f3b7-456b-81be-74473207c8b6",
    "data": [
      {
        "text": "tu van cho toi ve bh ",
        "userDefined": false
      },
      {
        "text": "du lich toan cau ",
        "alias": "CardRequest",
        "meta": "@CardRequest",
        "userDefined": false
      },
      {
        "text": "cua the ",
        "userDefined": false
      },
      {
        "text": "master ",
        "alias": "CardGroup",
        "meta": "@CardGroup",
        "userDefined": false
      },
      {
        "text": "gold ",
        "alias": "CardName",
        "meta": "@CardName",
        "userDefined": false
      }
    ],
    "isTemplate": false,
    "count": 0,
    "updated": 0
  },
  {
    "id": "fdf6fd40-2e61-4049-a1db-f85c95656434",
    "data": [
      {
        "text": "tôi xài thẻ ",
        "userDefined": false
      },
      {
        "text": "mc ",
        "alias": "CardGroup",
        "meta": "@CardGroup",
        "userDefined": false
      },
      {
        "text": "classic ",
        "alias": "CardName",
        "meta": "@CardName",
        "userDefined": false
      },
      {
        "text": "thì được hưởng quyền lợi bảo hiểm ",
        "userDefined": false
      },
      {
        "text": "du lịch ",
        "alias": "CardRequest",
        "meta": "@CardRequest",
        "userDefined": false
      },
      {
        "text": "thế nào ",
        "userDefined": false
      }
    ],
    "isTemplate": false,
    "count": 0,
    "updated": 0
  },
  {
    "id": "21251b8e-0108-498b-8253-cc7b2752cffa",
    "data": [
      {
        "text": "bảo hiểm về ",
        "userDefined": false
      },
      {
        "text": "du lịch toàn cầu ",
        "alias": "CardRequest",
        "meta": "@CardRequest",
        "userDefined": false
      },
      {
        "text": "của thẻ ",
        "userDefined": false
      },
      {
        "text": "visa ",
        "alias": "CardGroup",
        "meta": "@CardGroup",
        "userDefined": false
      },
      {
        "text": "ladies ",
        "alias": "CardName",
        "meta": "@CardName",
        "userDefined": false
      }
    ],
    "isTemplate": false,
    "count": 0,
    "updated": 0
  },
  {
    "id": "349b09ad-7685-4923-a9e2-1dc733ccbf42",
    "data": [
      {
        "text": "du lịch toàn cầu ",
        "alias": "CardRequest",
        "meta": "@CardRequest",
        "userDefined": false
      },
      {
        "text": "của thẻ ",
        "userDefined": false
      },
      {
        "text": "visa ",
        "alias": "CardGroup",
        "meta": "@CardGroup",
        "userDefined": false
      },
      {
        "text": "gold ",
        "alias": "CardName",
        "meta": "@CardName",
        "userDefined": false
      }
    ],
    "isTemplate": false,
    "count": 0,
    "updated": 0
  },
  {
    "id": "6e926f3e-5208-4a8f-aff8-83d384ec9273",
    "data": [
      {
        "text": "DLTC ",
        "alias": "CardRequest",
        "meta": "@CardRequest",
        "userDefined": false
      },
      {
        "text": "của thẻ ",
        "userDefined": false
      },
      {
        "text": "visa ",
        "alias": "CardGroup",
        "meta": "@CardGroup",
        "userDefined": false
      },
      {
        "text": "classic ",
        "alias": "CardName",
        "meta": "@CardName",
        "userDefined": false
      }
    ],
    "isTemplate": false,
    "count": 0,
    "updated": 0
  },
  {
    "id": "00b356d0-e578-4929-a476-6ed214a08692",
    "data": [
      {
        "text": "bảo hiểm khi thất lạc ",
        "userDefined": false
      },
      {
        "text": "hành lý ",
        "alias": "CardRequest",
        "meta": "@CardRequest",
        "userDefined": false
      },
      {
        "text": "thế nào ",
        "userDefined": false
      }
    ],
    "isTemplate": false,
    "count": 0,
    "updated": 0
  },
  {
    "id": "df94600a-51f3-4d10-a7b2-9edb6fdf90e4",
    "data": [
      {
        "text": "mất ",
        "userDefined": false
      },
      {
        "text": "hành lý ",
        "alias": "CardRequest",
        "meta": "@CardRequest",
        "userDefined": false
      },
      {
        "text": "khi đi du lịch bồi thường ra sao ",
        "userDefined": false
      }
    ],
    "isTemplate": false,
    "count": 0,
    "updated": 0
  },
  {
    "id": "23ee2909-0ccf-41c4-bc8e-205680fe5ea5",
    "data": [
      {
        "text": "tôi cần hỏi về bảo hiểm ",
        "userDefined": false
      },
      {
        "text": "du lịch toàn cầu ",
        "alias": "CardRequest",
        "meta": "@CardRequest",
        "userDefined": false
      },
      {
        "text": "dành cho thẻ ",
        "userDefined": false
      },
      {
        "text": "unionpay ",
        "alias": "CardName",
        "meta": "@CardName",
        "userDefined": false
      }
    ],
    "isTemplate": false,
    "count": 0,
    "updated": 0
  },
  {
    "id": "7b36bb16-bff6-4a41-9cfe-9ebe064f7372",
    "data": [
      {
        "text": "BH ",
        "userDefined": false
      },
      {
        "text": "DLTC ",
        "alias": "CardRequest",
        "meta": "@CardRequest",
        "userDefined": false
      },
      {
        "text": "cua the ",
        "userDefined": false
      },
      {
        "text": "family ",
        "alias": "CardName",
        "meta": "@CardName",
        "userDefined": false
      }
    ],
    "isTemplate": false,
    "count": 0,
    "updated": 0
  },
  {
    "id": "82906f1b-18ce-4c9d-b7c1-34c3b96f741c",
    "data": [
      {
        "text": "bảo hiểm ",
        "userDefined": false
      },
      {
        "text": "du lịch toàn cầu ",
        "alias": "CardRequest",
        "meta": "@CardRequest",
        "userDefined": false
      },
      {
        "text": "cho thẻ ",
        "userDefined": false
      },
      {
        "text": "visa ",
        "alias": "CardGroup",
        "meta": "@CardGroup",
        "userDefined": false
      },
      {
        "text": "platinum ",
        "alias": "CardName",
        "meta": "@CardName",
        "userDefined": false
      },
      {
        "text": "doanh nghiệp ",
        "alias": "CustomerType",
        "meta": "@CustomerType",
        "userDefined": false
      }
    ],
    "isTemplate": false,
    "count": 0,
    "updated": 0
  },
  {
    "id": "15fd2186-2bed-47cb-a3b9-81914b2bf294",
    "data": [
      {
        "text": "bh ",
        "userDefined": false
      },
      {
        "text": "du lịch ",
        "alias": "CardRequest",
        "meta": "@CardRequest",
        "userDefined": false
      },
      {
        "text": "nước ngoài khi xài thẻ ",
        "userDefined": false
      },
      {
        "text": "visa ",
        "alias": "CardGroup",
        "meta": "@CardGroup",
        "userDefined": false
      },
      {
        "text": "business ",
        "alias": "CustomerType",
        "meta": "@CustomerType",
        "userDefined": false
      },
      {
        "text": "gold ",
        "alias": "CardName",
        "meta": "@CardName",
        "userDefined": false
      }
    ],
    "isTemplate": false,
    "count": 0,
    "updated": 0
  },
  {
    "id": "0fa7ec8c-2fdc-470a-946f-7e356ddf1675",
    "data": [
      {
        "text": "bao hiem ",
        "userDefined": false
      },
      {
        "text": "du lich toan cau ",
        "alias": "CardRequest",
        "meta": "@CardRequest",
        "userDefined": false
      },
      {
        "text": "cua the ",
        "userDefined": false
      },
      {
        "text": "visa ",
        "alias": "CardGroup",
        "meta": "@CardGroup",
        "userDefined": false
      },
      {
        "text": "platinum cashback ",
        "alias": "CardName",
        "meta": "@CardName",
        "userDefined": false
      }
    ],
    "isTemplate": false,
    "count": 0,
    "updated": 0
  },
  {
    "id": "7d8884ad-872f-4929-b3d2-88da96c39f0b",
    "data": [
      {
        "text": "bao hiem ",
        "userDefined": false
      },
      {
        "text": "du lich ",
        "alias": "CardRequest",
        "meta": "@CardRequest",
        "userDefined": false
      },
      {
        "text": "danh cho chu the ",
        "userDefined": false
      },
      {
        "text": "visa ",
        "alias": "CardGroup",
        "meta": "@CardGroup",
        "userDefined": false
      },
      {
        "text": "all 4 you ",
        "alias": "CardName",
        "meta": "@CardName",
        "userDefined": false
      },
      {
        "text": "the nao ",
        "userDefined": false
      }
    ],
    "isTemplate": false,
    "count": 0,
    "updated": 0
  }
]