[
  {
    "id": "7aec40c9-e186-4fab-b65d-a36e08f811c0",
    "data": [
      {
        "text": "dùng ",
        "userDefined": false
      },
      {
        "text": "Visa ",
        "alias": "CardGroup",
        "meta": "@CardGroup",
        "userDefined": false
      },
      {
        "text": "Infinite ",
        "alias": "CardName",
        "meta": "@CardName",
        "userDefined": false
      },
      {
        "text": "đi ",
        "userDefined": false
      },
      {
        "text": "mua sắm ",
        "alias": "CardRequest",
        "meta": "@CardRequest",
        "userDefined": false
      },
      {
        "text": "có đặc quyền gì ko bạn? ",
        "userDefined": false
      }
    ],
    "isTemplate": false,
    "count": 0,
    "updated": 0
  },
  {
    "id": "9a43b037-4c67-4b4f-85ce-340180b1bbc2",
    "data": [
      {
        "text": "shopping ",
        "alias": "CardRequest",
        "meta": "@CardRequest",
        "userDefined": false
      },
      {
        "text": "bằng thẻ ",
        "userDefined": false
      },
      {
        "text": "JCB ",
        "alias": "CardGroup",
        "meta": "@CardGroup",
        "userDefined": false
      },
      {
        "text": "Ultimate ",
        "alias": "CardName",
        "meta": "@CardName",
        "userDefined": false
      },
      {
        "text": "có quyền lợi gì ko ad? ",
        "userDefined": false
      }
    ],
    "isTemplate": false,
    "count": 0,
    "updated": 0
  },
  {
    "id": "4192b371-aeb0-4fb8-af28-52a39a3838d4",
    "data": [
      {
        "text": "mình dùng thẻ ",
        "userDefined": false
      },
      {
        "text": "Visa ",
        "alias": "CardGroup",
        "meta": "@CardGroup",
        "userDefined": false
      },
      {
        "text": "Signature ",
        "alias": "CardName",
        "meta": "@CardName",
        "userDefined": false
      },
      {
        "text": "để ",
        "userDefined": false
      },
      {
        "text": "mua đồ ",
        "alias": "CardRequest",
        "meta": "@CardRequest",
        "userDefined": false
      },
      {
        "text": "thì có được giảm giá ko ",
        "userDefined": false
      }
    ],
    "isTemplate": false,
    "count": 0,
    "updated": 0
  },
  {
    "id": "623d11e9-e663-46ee-b778-721a65dd4a5f",
    "data": [
      {
        "text": "shopping ",
        "alias": "CardRequest",
        "meta": "@CardRequest",
        "userDefined": false
      },
      {
        "text": "bang the ",
        "userDefined": false
      },
      {
        "text": "World ",
        "alias": "CardName",
        "meta": "@CardName",
        "userDefined": false
      },
      {
        "text": "Mastercard ",
        "alias": "CardGroup",
        "meta": "@CardGroup",
        "userDefined": false
      },
      {
        "text": "co quyen loi gi k ban ",
        "userDefined": false
      }
    ],
    "isTemplate": false,
    "count": 0,
    "updated": 0
  },
  {
    "id": "9de3062a-8395-4dbe-89ea-8ae7cee1b0e7",
    "data": [
      {
        "text": "mình đi ",
        "userDefined": false
      },
      {
        "text": "mua sắm ",
        "alias": "CardRequest",
        "meta": "@CardRequest",
        "userDefined": false
      },
      {
        "text": "dùng thẻ ",
        "userDefined": false
      },
      {
        "text": "Visa ",
        "alias": "CardGroup",
        "meta": "@CardGroup",
        "userDefined": false
      },
      {
        "text": "Platinum Cashback ",
        "alias": "CardName",
        "meta": "@CardName",
        "userDefined": false
      },
      {
        "text": "thì có lợi gì ",
        "userDefined": false
      }
    ],
    "isTemplate": false,
    "count": 0,
    "updated": 0
  },
  {
    "id": "831d8f9f-ac2a-42c6-a8e7-e1de9853951a",
    "data": [
      {
        "text": "mua sắm ",
        "alias": "CardRequest",
        "meta": "@CardRequest",
        "userDefined": false
      },
      {
        "text": "bằng thẻ ",
        "userDefined": false
      },
      {
        "text": "Visa ",
        "alias": "CardGroup",
        "meta": "@CardGroup",
        "userDefined": false
      },
      {
        "text": "Platinum ",
        "alias": "CardName",
        "meta": "@CardName",
        "userDefined": false
      },
      {
        "text": "được lợi gì ",
        "userDefined": false
      }
    ],
    "isTemplate": false,
    "count": 0,
    "updated": 0
  },
  {
    "id": "8e4c43bf-7ef4-4184-aff5-4ce958ac8d49",
    "data": [
      {
        "text": "dung the ",
        "userDefined": false
      },
      {
        "text": "visa ",
        "alias": "CardGroup",
        "meta": "@CardGroup",
        "userDefined": false
      },
      {
        "text": "platinum ",
        "alias": "CardName",
        "meta": "@CardName",
        "userDefined": false
      },
      {
        "text": "danh cho ",
        "userDefined": false
      },
      {
        "text": "ca nhan ",
        "alias": "CustomerType",
        "meta": "@CustomerType",
        "userDefined": false
      },
      {
        "text": "de mua sam co duoc giam gia gi ko ad? ",
        "userDefined": false
      }
    ],
    "isTemplate": false,
    "count": 0,
    "updated": 0
  },
  {
    "id": "32622fd1-fdf5-479a-a482-78a2b8b6c77f",
    "data": [
      {
        "text": "thẻ ",
        "userDefined": false
      },
      {
        "text": "visa ",
        "alias": "CardGroup",
        "meta": "@CardGroup",
        "userDefined": false
      },
      {
        "text": "platinum ",
        "alias": "CardName",
        "meta": "@CardName",
        "userDefined": false
      },
      {
        "text": "doanh nghiệp ",
        "alias": "CustomerType",
        "meta": "@CustomerType",
        "userDefined": false
      },
      {
        "text": "dùng ",
        "userDefined": false
      },
      {
        "text": "mua sắm ",
        "alias": "CardRequest",
        "meta": "@CardRequest",
        "userDefined": false
      },
      {
        "text": "có được ưu đãi gì k? ",
        "userDefined": false
      }
    ],
    "isTemplate": false,
    "count": 0,
    "updated": 0
  },
  {
    "id": "b57ee86a-7c0f-4a61-aede-526718e65bba",
    "data": [
      {
        "text": "the ",
        "userDefined": false
      },
      {
        "text": "visa ",
        "alias": "CardGroup",
        "meta": "@CardGroup",
        "userDefined": false
      },
      {
        "text": "gold ",
        "alias": "CardName",
        "meta": "@CardName",
        "userDefined": false
      },
      {
        "text": "dc uu dai gi khi ",
        "userDefined": false
      },
      {
        "text": "mua sam ",
        "alias": "CardRequest",
        "meta": "@CardRequest",
        "userDefined": false
      },
      {
        "text": "ko a ",
        "userDefined": false
      }
    ],
    "isTemplate": false,
    "count": 0,
    "updated": 0
  },
  {
    "id": "b1ceba09-f9b7-4131-bdbd-e323574b1b71",
    "data": [
      {
        "text": "mua sắm ",
        "alias": "CardRequest",
        "meta": "@CardRequest",
        "userDefined": false
      },
      {
        "text": "bằng thẻ ",
        "userDefined": false
      },
      {
        "text": "visa ",
        "alias": "CardGroup",
        "meta": "@CardGroup",
        "userDefined": false
      },
      {
        "text": "gold ",
        "alias": "CardName",
        "meta": "@CardName",
        "userDefined": false
      },
      {
        "text": "dn ",
        "alias": "CustomerType",
        "meta": "@CustomerType",
        "userDefined": false
      },
      {
        "text": "có đc giảm giá? ",
        "userDefined": false
      }
    ],
    "isTemplate": false,
    "count": 0,
    "updated": 0
  },
  {
    "id": "161128b5-3ffd-4953-b976-8117a5ad3022",
    "data": [
      {
        "text": "dùng thẻ ",
        "userDefined": false
      },
      {
        "text": "platinum ",
        "alias": "CardName",
        "meta": "@CardName",
        "userDefined": false
      },
      {
        "text": "mua sắm ",
        "alias": "CardRequest",
        "meta": "@CardRequest",
        "userDefined": false
      },
      {
        "text": "thì có được khuyến mãi gì ko a ",
        "userDefined": false
      }
    ],
    "isTemplate": false,
    "count": 0,
    "updated": 0
  },
  {
    "id": "d4f1b29d-40ca-4b17-ab9e-86f6fc453c8c",
    "data": [
      {
        "text": "thẻ ",
        "userDefined": false
      },
      {
        "text": "vàng ",
        "alias": "CardName",
        "meta": "@CardName",
        "userDefined": false
      },
      {
        "text": "master ",
        "alias": "CardGroup",
        "meta": "@CardGroup",
        "userDefined": false
      },
      {
        "text": "có quyền lợi gì khi đi ",
        "userDefined": false
      },
      {
        "text": "mua sắm? ",
        "alias": "CardRequest",
        "meta": "@CardRequest",
        "userDefined": false
      }
    ],
    "isTemplate": false,
    "count": 0,
    "updated": 0
  },
  {
    "id": "9911664e-a0fc-4c67-9f93-86d5d7c62266",
    "data": [
      {
        "text": "visa ",
        "alias": "CardGroup",
        "meta": "@CardGroup",
        "userDefined": false
      },
      {
        "text": "lady first ",
        "alias": "CardName",
        "meta": "@CardName",
        "userDefined": false
      },
      {
        "text": "mua sắm ",
        "alias": "CardRequest",
        "meta": "@CardRequest",
        "userDefined": false
      },
      {
        "text": "có đc km ko vậy bạn ",
        "userDefined": false
      }
    ],
    "isTemplate": false,
    "count": 0,
    "updated": 0
  },
  {
    "id": "30585a21-ccc4-4b20-aa0e-018bf455f2ab",
    "data": [
      {
        "text": "mua sam ",
        "alias": "CardRequest",
        "meta": "@CardRequest",
        "userDefined": false
      },
      {
        "text": "bang the ",
        "userDefined": false
      },
      {
        "text": "Mastercard ",
        "alias": "CardGroup",
        "meta": "@CardGroup",
        "userDefined": false
      },
      {
        "text": "Gold ",
        "alias": "CardName",
        "meta": "@CardName",
        "userDefined": false
      },
      {
        "text": "dc gi ",
        "userDefined": false
      }
    ],
    "isTemplate": false,
    "count": 0,
    "updated": 0
  },
  {
    "id": "6b509094-40ed-458d-a605-11853fb1d3fe",
    "data": [
      {
        "text": "quẹt thẻ ",
        "userDefined": false
      },
      {
        "text": "Visa ",
        "alias": "CardGroup",
        "meta": "@CardGroup",
        "userDefined": false
      },
      {
        "text": "Classic ",
        "alias": "CardName",
        "meta": "@CardName",
        "userDefined": false
      },
      {
        "text": "khi ",
        "userDefined": false
      },
      {
        "text": "mua sắm ",
        "alias": "CardRequest",
        "meta": "@CardRequest",
        "userDefined": false
      },
      {
        "text": "có km gi ki ",
        "userDefined": false
      }
    ],
    "isTemplate": false,
    "count": 0,
    "updated": 0
  },
  {
    "id": "2955e300-c94c-453c-9cf8-483c66378b32",
    "data": [
      {
        "text": "Mastercard ",
        "alias": "CardGroup",
        "meta": "@CardGroup",
        "userDefined": false
      },
      {
        "text": "Classic ",
        "alias": "CardName",
        "meta": "@CardName",
        "userDefined": false
      },
      {
        "text": "dc loi gi khi ",
        "userDefined": false
      },
      {
        "text": "shopping ",
        "alias": "CardRequest",
        "meta": "@CardRequest",
        "userDefined": false
      }
    ],
    "isTemplate": false,
    "count": 0,
    "updated": 0
  },
  {
    "id": "ae058b4b-2dac-407c-ac17-b6822e9ffd1e",
    "data": [
      {
        "text": "mình đi ",
        "userDefined": false
      },
      {
        "text": "mua đồ ",
        "alias": "CardRequest",
        "meta": "@CardRequest",
        "userDefined": false
      },
      {
        "text": "bằng thẻ ",
        "userDefined": false
      },
      {
        "text": "JCB ",
        "alias": "CardGroup",
        "meta": "@CardGroup",
        "userDefined": false
      },
      {
        "text": "Classic ",
        "alias": "CardName",
        "meta": "@CardName",
        "userDefined": false
      },
      {
        "text": "có quyền lợi gì ko bạn ",
        "userDefined": false
      }
    ],
    "isTemplate": false,
    "count": 0,
    "updated": 0
  },
  {
    "id": "a3083663-4334-4b68-ba0d-b1f390b83af8",
    "data": [
      {
        "text": "xài thẻ ",
        "userDefined": false
      },
      {
        "text": "UnionPay ",
        "alias": "CardName",
        "meta": "@CardName",
        "userDefined": false
      },
      {
        "text": "khi ",
        "userDefined": false
      },
      {
        "text": "mua sắm ",
        "alias": "CardRequest",
        "meta": "@CardRequest",
        "userDefined": false
      },
      {
        "text": "có dc giảm giá ",
        "userDefined": false
      }
    ],
    "isTemplate": false,
    "count": 0,
    "updated": 0
  },
  {
    "id": "64cb54ac-2a8b-4d90-9aa3-f127bbede86b",
    "data": [
      {
        "text": "gia dinh minh di ",
        "userDefined": false
      },
      {
        "text": "mua sam ",
        "alias": "CardRequest",
        "meta": "@CardRequest",
        "userDefined": false
      },
      {
        "text": "bang the ",
        "userDefined": false
      },
      {
        "text": "family ",
        "alias": "CardName",
        "meta": "@CardName",
        "userDefined": false
      },
      {
        "text": "thi co loi gi ko ",
        "userDefined": false
      }
    ],
    "isTemplate": false,
    "count": 0,
    "updated": 0
  },
  {
    "id": "7f4bf2e8-1b90-498e-8d7c-c58699c75597",
    "data": [
      {
        "text": "loi gi khi ",
        "userDefined": false
      },
      {
        "text": "shopping ",
        "alias": "CardRequest",
        "meta": "@CardRequest",
        "userDefined": false
      },
      {
        "text": "bang the ",
        "userDefined": false
      },
      {
        "text": "Visa ",
        "alias": "CardGroup",
        "meta": "@CardGroup",
        "userDefined": false
      },
      {
        "text": "Imperial Signature ",
        "alias": "CardName",
        "meta": "@CardName",
        "userDefined": false
      },
      {
        "text": "CN ",
        "alias": "CustomerType",
        "meta": "@CustomerType",
        "userDefined": false
      }
    ],
    "isTemplate": false,
    "count": 0,
    "updated": 0
  },
  {
    "id": "d77b7b08-587a-4dbf-b368-eb669511f7ed",
    "data": [
      {
        "text": "kh có những quyền lợi nào khi ",
        "userDefined": false
      },
      {
        "text": "mua sam ",
        "alias": "CardRequest",
        "meta": "@CardRequest",
        "userDefined": false
      },
      {
        "text": "bang the ",
        "userDefined": false
      },
      {
        "text": "Visa ",
        "alias": "CardGroup",
        "meta": "@CardGroup",
        "userDefined": false
      },
      {
        "text": "Business Gold ",
        "alias": "CardName",
        "meta": "@CardName",
        "userDefined": false
      }
    ],
    "isTemplate": false,
    "count": 0,
    "updated": 0
  },
  {
    "id": "edfcdb4f-31ee-4f2e-a9ed-d2c6acf5acfc",
    "data": [
      {
        "text": "shopping ",
        "alias": "CardRequest",
        "meta": "@CardRequest",
        "userDefined": false
      },
      {
        "text": "quẹt thẻ ",
        "userDefined": false
      },
      {
        "text": "Visa ",
        "alias": "CardGroup",
        "meta": "@CardGroup",
        "userDefined": false
      },
      {
        "text": "All For You ",
        "alias": "CardName",
        "meta": "@CardName",
        "userDefined": false
      },
      {
        "text": "thì có dc giám giá ko Sacombank ",
        "userDefined": false
      }
    ],
    "isTemplate": false,
    "count": 0,
    "updated": 0
  }
]