[
  {
    "id": "e0c9a8d0-242f-4e32-b61a-3ec122c31f46",
    "data": [
      {
        "text": "thời trang ",
        "alias": "SpendCategory",
        "meta": "@BusinessType",
        "userDefined": false
      }
    ],
    "isTemplate": false,
    "count": 0,
    "updated": 0
  },
  {
    "id": "80ceb1cb-6c68-4d8e-9fb4-918d4e6647a2",
    "data": [
      {
        "text": "sức khoẻ ",
        "alias": "SpendCategory",
        "meta": "@BusinessType",
        "userDefined": false
      }
    ],
    "isTemplate": false,
    "count": 0,
    "updated": 0
  },
  {
    "id": "f17bbcea-9d53-46e3-af30-a7d6d15ed8e6",
    "data": [
      {
        "text": "làm đẹp ",
        "alias": "SpendCategory",
        "meta": "@BusinessType",
        "userDefined": false
      }
    ],
    "isTemplate": false,
    "count": 0,
    "updated": 0
  },
  {
    "id": "72896e45-32cd-40c2-8a73-fdea6fc46337",
    "data": [
      {
        "text": "ăn uống ",
        "alias": "SpendCategory",
        "meta": "@BusinessType",
        "userDefined": false
      }
    ],
    "isTemplate": false,
    "count": 0,
    "updated": 0
  },
  {
    "id": "1ace506d-6a4f-46b8-8ddf-54f32117c919",
    "data": [
      {
        "text": "ẩm thực ",
        "alias": "SpendCategory",
        "meta": "@BusinessType",
        "userDefined": false
      }
    ],
    "isTemplate": false,
    "count": 0,
    "updated": 0
  },
  {
    "id": "5514cdf3-51e8-4854-8770-ebe368a5f0ca",
    "data": [
      {
        "text": "du lịch ",
        "alias": "SpendCategory",
        "meta": "@BusinessType",
        "userDefined": false
      }
    ],
    "isTemplate": false,
    "count": 0,
    "updated": 0
  },
  {
    "id": "63788021-ce43-453d-bccf-2666c07ddcff",
    "data": [
      {
        "text": "điện máy ",
        "alias": "SpendCategory",
        "meta": "@BusinessType",
        "userDefined": false
      }
    ],
    "isTemplate": false,
    "count": 0,
    "updated": 0
  },
  {
    "id": "5c194a93-e4ba-4998-88af-3423104e5f14",
    "data": [
      {
        "text": "tphcm ",
        "alias": "City",
        "meta": "@city",
        "userDefined": false
      }
    ],
    "isTemplate": false,
    "count": 0,
    "updated": 0
  },
  {
    "id": "f2dc128b-99f9-49ab-aa62-779481e3e1c3",
    "data": [
      {
        "text": "hà nội ",
        "alias": "City",
        "meta": "@city",
        "userDefined": false
      }
    ],
    "isTemplate": false,
    "count": 1,
    "updated": 0
  },
  {
    "id": "f11e4cf6-23b4-4c67-8868-aa5d29b81763",
    "data": [
      {
        "text": "hải dương ",
        "alias": "City",
        "meta": "@city",
        "userDefined": false
      }
    ],
    "isTemplate": false,
    "count": 1,
    "updated": 0
  },
  {
    "id": "89c5f183-31de-48de-9118-0800a0ab28b2",
    "data": [
      {
        "text": "vũng tàu ",
        "alias": "City",
        "meta": "@city",
        "userDefined": false
      }
    ],
    "isTemplate": false,
    "count": 0,
    "updated": 0
  },
  {
    "id": "ae587f1b-59a5-46e1-8bd2-965840d3ee0b",
    "data": [
      {
        "text": "cà mau ",
        "alias": "City",
        "meta": "@city",
        "userDefined": false
      }
    ],
    "isTemplate": false,
    "count": 0,
    "updated": 0
  },
  {
    "id": "b45f5330-ab2a-4982-8608-560b765f1446",
    "data": [
      {
        "text": "nghệ an ",
        "alias": "City",
        "meta": "@city",
        "userDefined": false
      }
    ],
    "isTemplate": false,
    "count": 0,
    "updated": 0
  },
  {
    "id": "1cc4009b-26c6-406c-916e-926dfa1be79e",
    "data": [
      {
        "text": "kiên giang ",
        "alias": "City",
        "meta": "@city",
        "userDefined": false
      }
    ],
    "isTemplate": false,
    "count": 0,
    "updated": 0
  },
  {
    "id": "4682f278-036a-4ea9-85a9-75c705e473a5",
    "data": [
      {
        "text": "hậu giang ",
        "alias": "City",
        "meta": "@city",
        "userDefined": false
      }
    ],
    "isTemplate": false,
    "count": 0,
    "updated": 0
  },
  {
    "id": "cf49d447-edcd-4e2e-a0ce-8a8b4b36bc91",
    "data": [
      {
        "text": "khánh hoà ",
        "alias": "City",
        "meta": "@city",
        "userDefined": false
      }
    ],
    "isTemplate": false,
    "count": 0,
    "updated": 0
  }
]