[
  {
    "id": "47a2750c-bb5b-49b7-ba28-78fd0a308b39",
    "data": [
      {
        "text": "thẻ ",
        "userDefined": false
      },
      {
        "text": "visa ",
        "alias": "CardGroup",
        "meta": "@CardGroup",
        "userDefined": false
      },
      {
        "text": "infinite ",
        "alias": "CardName",
        "meta": "@CardName",
        "userDefined": false
      }
    ],
    "isTemplate": false,
    "count": 0,
    "updated": 0
  },
  {
    "id": "5e3adad6-8af7-4601-8e3d-7c1e8a954274",
    "data": [
      {
        "text": "JCB ",
        "alias": "CardGroup",
        "meta": "@CardGroup",
        "userDefined": false
      },
      {
        "text": "Ultimate ",
        "alias": "CardName",
        "meta": "@CardName",
        "userDefined": false
      }
    ],
    "isTemplate": false,
    "count": 1,
    "updated": 0
  },
  {
    "id": "1b99d942-cf48-4ec5-8314-d8969ec868e4",
    "data": [
      {
        "text": "ưu đãi thẻ ",
        "userDefined": false
      },
      {
        "text": "visa ",
        "alias": "CardGroup",
        "meta": "@CardGroup",
        "userDefined": false
      },
      {
        "text": "signature ",
        "alias": "CardName",
        "meta": "@CardName",
        "userDefined": false
      }
    ],
    "isTemplate": false,
    "count": 0,
    "updated": 0
  },
  {
    "id": "614c7d56-d64d-451f-86f4-b4fdc9b4c3e4",
    "data": [
      {
        "text": "thẻ tín dụng ",
        "alias": "CardType",
        "meta": "@CardType",
        "userDefined": false
      }
    ],
    "isTemplate": false,
    "count": 0,
    "updated": 0
  },
  {
    "id": "d616f01b-c20c-4a55-bfde-a024c820807b",
    "data": [
      {
        "text": "thẻ ",
        "userDefined": false
      },
      {
        "text": "visa ",
        "alias": "CardGroup",
        "meta": "@CardGroup",
        "userDefined": false
      }
    ],
    "isTemplate": false,
    "count": 0,
    "updated": 0
  },
  {
    "id": "c54f6081-4e0a-43f4-9928-4eb9ba434492",
    "data": [
      {
        "text": "the tin dung ",
        "alias": "CardType",
        "meta": "@CardType",
        "userDefined": false
      }
    ],
    "isTemplate": false,
    "count": 0,
    "updated": 0
  },
  {
    "id": "d31c366f-08e6-422c-a34b-58ea3b1df563",
    "data": [
      {
        "text": "thẻ thanh toán ",
        "alias": "CardType",
        "meta": "@CardType",
        "userDefined": false
      }
    ],
    "isTemplate": false,
    "count": 0,
    "updated": 0
  },
  {
    "id": "41eb5daf-ba47-4bf9-8a95-bd91e5ddb0e9",
    "data": [
      {
        "text": "the thanh toan ",
        "alias": "CardType",
        "meta": "@CardType",
        "userDefined": false
      }
    ],
    "isTemplate": false,
    "count": 0,
    "updated": 0
  },
  {
    "id": "f25adccb-1c16-4671-8a52-b57a0c13bd0a",
    "data": [
      {
        "text": "thẻ trả trước ",
        "alias": "CardType",
        "meta": "@CardType",
        "userDefined": false
      }
    ],
    "isTemplate": false,
    "count": 0,
    "updated": 0
  },
  {
    "id": "ed67532f-c24b-4a54-8689-fc1f02aa9822",
    "data": [
      {
        "text": "the tra truoc ",
        "alias": "CardType",
        "meta": "@CardType",
        "userDefined": false
      }
    ],
    "isTemplate": false,
    "count": 0,
    "updated": 0
  },
  {
    "id": "2e39d6b4-aa09-482a-9f2e-35aea85eacc9",
    "data": [
      {
        "text": "thẻ ghi nợ ",
        "alias": "CardType",
        "meta": "@CardType",
        "userDefined": false
      }
    ],
    "isTemplate": false,
    "count": 0,
    "updated": 0
  },
  {
    "id": "83f94403-1c3e-429a-beda-d75686d8721f",
    "data": [
      {
        "text": "the ghi no ",
        "alias": "CardType",
        "meta": "@CardType",
        "userDefined": false
      }
    ],
    "isTemplate": false,
    "count": 0,
    "updated": 0
  },
  {
    "id": "ee8c57ce-2038-4bde-b6b0-5efd5c7a288e",
    "data": [
      {
        "text": "mình đang dùng thẻ ",
        "userDefined": false
      },
      {
        "text": "World ",
        "alias": "CardName",
        "meta": "@CardName",
        "userDefined": false
      },
      {
        "text": "Mastercard ",
        "alias": "CardGroup",
        "meta": "@CardGroup",
        "userDefined": false
      }
    ],
    "isTemplate": false,
    "count": 0,
    "updated": 0
  },
  {
    "id": "b1e300c2-d24c-4718-959a-08e54b6b2cfa",
    "data": [
      {
        "text": "the cua toi la ",
        "userDefined": false
      },
      {
        "text": "Visa ",
        "alias": "CardGroup",
        "meta": "@CardGroup",
        "userDefined": false
      },
      {
        "text": "Platinum Cashback ",
        "alias": "CardName",
        "meta": "@CardName",
        "userDefined": false
      }
    ],
    "isTemplate": false,
    "count": 0,
    "updated": 0
  },
  {
    "id": "057e94ff-06b2-48c7-bf03-68c5f7e6e20c",
    "data": [
      {
        "text": "thẻ ",
        "userDefined": false
      },
      {
        "text": "Visa ",
        "alias": "CardGroup",
        "meta": "@CardGroup",
        "userDefined": false
      },
      {
        "text": "Platinum ",
        "alias": "CardName",
        "meta": "@CardName",
        "userDefined": false
      },
      {
        "text": "CN ",
        "alias": "CustomerType",
        "meta": "@CustomerType",
        "userDefined": false
      }
    ],
    "isTemplate": false,
    "count": 0,
    "updated": 0
  },
  {
    "id": "b3d43ab1-fc33-4cfc-bb49-cafb36af3007",
    "data": [
      {
        "text": "Visa ",
        "alias": "CardGroup",
        "meta": "@CardGroup",
        "userDefined": false
      },
      {
        "text": "Platinum ",
        "alias": "CardName",
        "meta": "@CardName",
        "userDefined": false
      },
      {
        "text": "dn ",
        "alias": "CustomerType",
        "meta": "@CustomerType",
        "userDefined": false
      }
    ],
    "isTemplate": false,
    "count": 0,
    "updated": 0
  },
  {
    "id": "c6490a9f-c006-4450-bb54-c529b8ca3e9e",
    "data": [
      {
        "text": "visa ",
        "alias": "CardGroup",
        "meta": "@CardGroup",
        "userDefined": false
      },
      {
        "text": "gold ",
        "alias": "CardName",
        "meta": "@CardName",
        "userDefined": false
      },
      {
        "text": "ca nhan ",
        "alias": "CustomerType",
        "meta": "@CustomerType",
        "userDefined": false
      }
    ],
    "isTemplate": false,
    "count": 0,
    "updated": 0
  },
  {
    "id": "4a769480-9ff2-4bc1-b8ef-f721bb82b7c2",
    "data": [
      {
        "text": "visa ",
        "alias": "CardGroup",
        "meta": "@CardGroup",
        "userDefined": false
      },
      {
        "text": "vàng ",
        "alias": "CardName",
        "meta": "@CardName",
        "userDefined": false
      },
      {
        "text": "doanh nghiệp ",
        "alias": "CustomerType",
        "meta": "@CustomerType",
        "userDefined": false
      }
    ],
    "isTemplate": false,
    "count": 0,
    "updated": 0
  },
  {
    "id": "8a34ea66-1c03-4da2-b65a-5f357cd7f365",
    "data": [
      {
        "text": "JCB ",
        "alias": "CardGroup",
        "meta": "@CardGroup",
        "userDefined": false
      },
      {
        "text": "gold ",
        "alias": "CardName",
        "meta": "@CardName",
        "userDefined": false
      }
    ],
    "isTemplate": false,
    "count": 0,
    "updated": 0
  },
  {
    "id": "30a60681-c3e4-45d2-ad80-cb49248ba902",
    "data": [
      {
        "text": "Mastercard ",
        "alias": "CardGroup",
        "meta": "@CardGroup",
        "userDefined": false
      },
      {
        "text": "Gold ",
        "alias": "CardName",
        "meta": "@CardName",
        "userDefined": false
      }
    ],
    "isTemplate": false,
    "count": 0,
    "updated": 0
  },
  {
    "id": "fc7389ef-6add-46c1-9f23-a0547c148651",
    "data": [
      {
        "text": "the minh dang dung la ",
        "userDefined": false
      },
      {
        "text": "Visa ",
        "alias": "CardGroup",
        "meta": "@CardGroup",
        "userDefined": false
      },
      {
        "text": "Ladies First ",
        "alias": "CardName",
        "meta": "@CardName",
        "userDefined": false
      }
    ],
    "isTemplate": false,
    "count": 0,
    "updated": 0
  },
  {
    "id": "be5a7f7c-9735-4da2-b68b-ba325cc0930d",
    "data": [
      {
        "text": "mình xài ",
        "userDefined": false
      },
      {
        "text": "thẻ tín dụng ",
        "alias": "CardType",
        "meta": "@CardType",
        "userDefined": false
      },
      {
        "text": "Visa ",
        "alias": "CardGroup",
        "meta": "@CardGroup",
        "userDefined": false
      },
      {
        "text": "classic ",
        "alias": "CardGroup",
        "meta": "@CardGroup",
        "userDefined": false
      }
    ],
    "isTemplate": false,
    "count": 0,
    "updated": 0
  },
  {
    "id": "b97279e8-840b-49a0-9ad2-8c1bb4183274",
    "data": [
      {
        "text": "the của mình là ",
        "userDefined": false
      },
      {
        "text": "Mastercard ",
        "alias": "CardGroup",
        "meta": "@CardGroup",
        "userDefined": false
      },
      {
        "text": "Classic ",
        "alias": "CardName",
        "meta": "@CardName",
        "userDefined": false
      }
    ],
    "isTemplate": false,
    "count": 0,
    "updated": 0
  },
  {
    "id": "eb7a4a9c-e2f9-48e7-a03c-697b8c874ad0",
    "data": [
      {
        "text": "thẻ ",
        "userDefined": false
      },
      {
        "text": "JCB ",
        "alias": "CardGroup",
        "meta": "@CardGroup",
        "userDefined": false
      },
      {
        "text": "Chuẩn ",
        "alias": "CardName",
        "meta": "@CardName",
        "userDefined": false
      }
    ],
    "isTemplate": false,
    "count": 0,
    "updated": 0
  },
  {
    "id": "51b85693-652c-4ee7-896e-a1b717b82468",
    "data": [
      {
        "text": "UnionPay ",
        "alias": "CardName",
        "meta": "@CardName",
        "userDefined": false
      }
    ],
    "isTemplate": false,
    "count": 0,
    "updated": 0
  },
  {
    "id": "e45129dd-23ff-4302-97d0-87200c89f788",
    "data": [
      {
        "text": "family ",
        "alias": "CardName",
        "meta": "@CardName",
        "userDefined": false
      }
    ],
    "isTemplate": false,
    "count": 0,
    "updated": 0
  },
  {
    "id": "7945f48d-10ac-412f-a5ec-4fb5861bfc0b",
    "data": [
      {
        "text": "Visa ",
        "alias": "CardGroup",
        "meta": "@CardGroup",
        "userDefined": false
      },
      {
        "text": "Imperial Signature ",
        "alias": "CardName",
        "meta": "@CardName",
        "userDefined": false
      },
      {
        "text": "CN ",
        "alias": "CustomerType",
        "meta": "@CustomerType",
        "userDefined": false
      }
    ],
    "isTemplate": false,
    "count": 0,
    "updated": 0
  },
  {
    "id": "bf19eafa-4046-4b13-acba-5d256630d9ae",
    "data": [
      {
        "text": "Visa ",
        "alias": "CardGroup",
        "meta": "@CardGroup",
        "userDefined": false
      },
      {
        "text": "Business ",
        "alias": "CustomerType",
        "meta": "@CustomerType",
        "userDefined": false
      },
      {
        "text": "Gold ",
        "alias": "CardName",
        "meta": "@CardName",
        "userDefined": false
      }
    ],
    "isTemplate": false,
    "count": 0,
    "updated": 0
  },
  {
    "id": "ee72fe47-8e78-4a76-9486-29671ff5c253",
    "data": [
      {
        "text": "Visa ",
        "alias": "CardGroup",
        "meta": "@CardGroup",
        "userDefined": false
      },
      {
        "text": "All For You ",
        "alias": "CardName",
        "meta": "@CardName",
        "userDefined": false
      }
    ],
    "isTemplate": false,
    "count": 0,
    "updated": 0
  },
  {
    "id": "cee622e1-7e23-4a8b-a013-97feabe9bf76",
    "data": [
      {
        "text": "Visa ",
        "alias": "CardGroup",
        "meta": "@CardGroup",
        "userDefined": false
      },
      {
        "text": "Signature ",
        "alias": "CardName",
        "meta": "@CardName",
        "userDefined": false
      }
    ],
    "isTemplate": false,
    "count": 0,
    "updated": 0
  },
  {
    "id": "a22b96de-aaf1-4f37-8fce-6a7e50086202",
    "data": [
      {
        "text": "Visa ",
        "alias": "CardGroup",
        "meta": "@CardGroup",
        "userDefined": false
      },
      {
        "text": "Infinite ",
        "alias": "CardName",
        "meta": "@CardName",
        "userDefined": false
      }
    ],
    "isTemplate": false,
    "count": 0,
    "updated": 0
  }
]