[
  {
    "id": "801f3731-827e-4577-9faf-6ee7f82f2eca",
    "data": [
      {
        "text": "Agoda ",
        "alias": "BrandName",
        "meta": "@BrandName",
        "userDefined": false
      }
    ],
    "isTemplate": false,
    "count": 0,
    "updated": 0
  },
  {
    "id": "64cddba8-d274-48af-999e-74c68b14203b",
    "data": [
      {
        "text": "traveloka ",
        "alias": "BrandName",
        "meta": "@BrandName",
        "userDefined": false
      }
    ],
    "isTemplate": false,
    "count": 0,
    "updated": 0
  },
  {
    "id": "971fbf6e-eceb-4f84-b5c2-16d9b81beafe",
    "data": [
      {
        "text": "the pizza company ",
        "alias": "BrandName",
        "meta": "@BrandName",
        "userDefined": false
      }
    ],
    "isTemplate": false,
    "count": 0,
    "updated": 0
  },
  {
    "id": "38f59227-b5f4-4b9b-84cd-8d2f0016a731",
    "data": [
      {
        "text": "adayroi ",
        "alias": "BrandName",
        "meta": "@BrandName",
        "userDefined": false
      }
    ],
    "isTemplate": false,
    "count": 0,
    "updated": 0
  },
  {
    "id": "cdcce7a3-cf91-4e19-8066-a739b2b9f663",
    "data": [
      {
        "text": "baskin robin ",
        "alias": "BrandName",
        "meta": "@BrandName",
        "userDefined": false
      }
    ],
    "isTemplate": false,
    "count": 0,
    "updated": 0
  },
  {
    "id": "5dcec981-4d66-4342-aafb-d6356357d690",
    "data": [
      {
        "text": "geox ",
        "alias": "BrandName",
        "meta": "@BrandName",
        "userDefined": false
      }
    ],
    "isTemplate": false,
    "count": 0,
    "updated": 0
  },
  {
    "id": "696ded9a-48fa-4ffe-bfc8-84b79433ed1f",
    "data": [
      {
        "text": "godiva ",
        "alias": "BrandName",
        "meta": "@BrandName",
        "userDefined": false
      }
    ],
    "isTemplate": false,
    "count": 0,
    "updated": 0
  },
  {
    "id": "2de6097e-7f48-4a54-8a83-80094f20ccb2",
    "data": [
      {
        "text": "jetstar ",
        "alias": "BrandName",
        "meta": "@BrandName",
        "userDefined": false
      }
    ],
    "isTemplate": false,
    "count": 0,
    "updated": 0
  }
]