[
  {
    "id": "67b08a76-20f9-4ae6-8406-9635da98e3f4",
    "data": [
      {
        "text": "điện máy ",
        "alias": "SpendCategory",
        "meta": "@BusinessType",
        "userDefined": false
      }
    ],
    "isTemplate": false,
    "count": 0,
    "updated": 0
  },
  {
    "id": "8a2c2995-bf6f-4409-9609-3bd7fd554442",
    "data": [
      {
        "text": "ẩm thực ",
        "alias": "SpendCategory",
        "meta": "@BusinessType",
        "userDefined": false
      }
    ],
    "isTemplate": false,
    "count": 0,
    "updated": 0
  },
  {
    "id": "8bb19a51-f240-4347-8788-d1c64f422e1f",
    "data": [
      {
        "text": "ăn uống ",
        "alias": "SpendCategory",
        "meta": "@BusinessType",
        "userDefined": false
      }
    ],
    "isTemplate": false,
    "count": 0,
    "updated": 0
  },
  {
    "id": "e15ae248-4bbc-4ed4-b565-8bd813679ba6",
    "data": [
      {
        "text": "du lịch ",
        "alias": "SpendCategory",
        "meta": "@BusinessType",
        "userDefined": false
      }
    ],
    "isTemplate": false,
    "count": 0,
    "updated": 0
  },
  {
    "id": "ef37cd8b-b3c6-4b44-a25a-0f8252b6e075",
    "data": [
      {
        "text": "sức khoẻ ",
        "alias": "SpendCategory",
        "meta": "@BusinessType",
        "userDefined": false
      }
    ],
    "isTemplate": false,
    "count": 0,
    "updated": 0
  },
  {
    "id": "9cb3197d-3c35-4358-ba02-abcdfc82d7b1",
    "data": [
      {
        "text": "làm đẹp ",
        "alias": "SpendCategory",
        "meta": "@BusinessType",
        "userDefined": false
      }
    ],
    "isTemplate": false,
    "count": 0,
    "updated": 0
  },
  {
    "id": "ad821d83-c5ca-4974-914d-810a5335cc85",
    "data": [
      {
        "text": "giáo dục ",
        "alias": "SpendCategory",
        "meta": "@BusinessType",
        "userDefined": false
      }
    ],
    "isTemplate": false,
    "count": 0,
    "updated": 0
  }
]