[
  {
    "id": "c151da9d-cc87-4b1e-89d2-8e25cceba284",
    "data": [
      {
        "text": "ưu đãi giảm giá ",
        "userDefined": false
      }
    ],
    "isTemplate": false,
    "count": 0,
    "updated": 0
  },
  {
    "id": "96169d56-52d3-4597-9e1a-a1ca60966c37",
    "data": [
      {
        "text": "ưu đãi plus ",
        "userDefined": false
      },
      {
        "text": "visa ",
        "alias": "CardGroup",
        "meta": "@CardGroup",
        "userDefined": false
      },
      {
        "text": "classic ",
        "alias": "CardName",
        "meta": "@CardName",
        "userDefined": false
      }
    ],
    "isTemplate": false,
    "count": 0,
    "updated": 0
  },
  {
    "id": "88f7f2fc-f0c5-475a-afd4-bf82dca795cd",
    "data": [
      {
        "text": "các chương trình khuyến mãi giảm giá thẻ ",
        "userDefined": false
      },
      {
        "text": "visa ",
        "alias": "CardGroup",
        "meta": "@CardGroup",
        "userDefined": false
      }
    ],
    "isTemplate": false,
    "count": 0,
    "updated": 0
  },
  {
    "id": "e1d52727-4f55-4c05-80c5-a12bba99f7b8",
    "data": [
      {
        "text": "thẻ ",
        "userDefined": false
      },
      {
        "text": "jcb ",
        "alias": "CardGroup",
        "meta": "@CardGroup",
        "userDefined": false
      },
      {
        "text": "có ưu đãi giảm giá gì ở ",
        "userDefined": false
      },
      {
        "text": "tphcm ",
        "alias": "City",
        "meta": "@city",
        "userDefined": false
      }
    ],
    "isTemplate": false,
    "count": 0,
    "updated": 0
  },
  {
    "id": "e7e637d4-ca51-4100-8deb-6ee596e4b1df",
    "data": [
      {
        "text": "thẻ ",
        "userDefined": false
      },
      {
        "text": "world ",
        "alias": "CardName",
        "meta": "@CardName",
        "userDefined": false
      },
      {
        "text": "master ",
        "alias": "CardGroup",
        "meta": "@CardGroup",
        "userDefined": false
      },
      {
        "text": "có ưu đãi plus nào về ",
        "userDefined": false
      },
      {
        "text": "ăn uống ",
        "alias": "SpendCategory",
        "meta": "@BusinessType",
        "userDefined": false
      },
      {
        "text": "ko ",
        "userDefined": false
      }
    ],
    "isTemplate": false,
    "count": 0,
    "updated": 0
  },
  {
    "id": "f20a7fee-9f82-41ee-9ca1-6ff50ef7834a",
    "data": [
      {
        "text": "đi ",
        "userDefined": false
      },
      {
        "text": "ăn ",
        "alias": "SpendCategory",
        "meta": "@BusinessType",
        "userDefined": false
      },
      {
        "text": "xài thẻ ",
        "userDefined": false
      },
      {
        "text": "jcb ",
        "alias": "CardGroup",
        "meta": "@CardGroup",
        "userDefined": false
      },
      {
        "text": "ultimate ",
        "alias": "CardName",
        "meta": "@CardName",
        "userDefined": false
      },
      {
        "text": "có được giảm giá gì ko ",
        "userDefined": false
      }
    ],
    "isTemplate": false,
    "count": 0,
    "updated": 0
  },
  {
    "id": "206f296d-49fb-491a-acd1-1ef0b2b16994",
    "data": [
      {
        "text": "thẻ ",
        "userDefined": false
      },
      {
        "text": "jcb ",
        "alias": "CardGroup",
        "meta": "@CardGroup",
        "userDefined": false
      },
      {
        "text": "gold ",
        "alias": "CardName",
        "meta": "@CardName",
        "userDefined": false
      },
      {
        "text": "có ưu đãi plus gì ",
        "userDefined": false
      }
    ],
    "isTemplate": false,
    "count": 0,
    "updated": 0
  },
  {
    "id": "793f5182-1638-4fed-8d68-7a7a241b3646",
    "data": [
      {
        "text": "thẻ ",
        "userDefined": false
      },
      {
        "text": "visa ",
        "alias": "CardGroup",
        "meta": "@CardGroup",
        "userDefined": false
      },
      {
        "text": "có ưu đãi plus gì ",
        "userDefined": false
      }
    ],
    "isTemplate": false,
    "count": 0,
    "updated": 0
  },
  {
    "id": "5a3dcee1-b338-4e5b-a085-704a07262696",
    "data": [
      {
        "text": "xài thẻ ",
        "userDefined": false
      },
      {
        "text": "visa ",
        "alias": "CardGroup",
        "meta": "@CardGroup",
        "userDefined": false
      },
      {
        "text": "đi ăn ",
        "userDefined": false
      },
      {
        "text": "nhà hàng ",
        "alias": "SpendCategory",
        "meta": "@BusinessType",
        "userDefined": false
      },
      {
        "text": "có được giảm giá ko ",
        "userDefined": false
      }
    ],
    "isTemplate": false,
    "count": 0,
    "updated": 0
  },
  {
    "id": "1038f16b-3a67-4a76-9e47-408dbc043175",
    "data": [
      {
        "text": "dùng thẻ ",
        "userDefined": false
      },
      {
        "text": "jcb ",
        "alias": "CardGroup",
        "meta": "@CardGroup",
        "userDefined": false
      },
      {
        "text": "ultimate ",
        "alias": "CardName",
        "meta": "@CardName",
        "userDefined": false
      },
      {
        "text": "đi uống ",
        "userDefined": false
      },
      {
        "text": "trà sữa ",
        "alias": "SpendCategory",
        "meta": "@BusinessType",
        "userDefined": false
      },
      {
        "text": "có ưu đãi giảm giá nào ",
        "userDefined": false
      }
    ],
    "isTemplate": false,
    "count": 0,
    "updated": 0
  },
  {
    "id": "619a8201-f91d-4df5-8901-19eaf7959dec",
    "data": [
      {
        "text": "có ",
        "userDefined": false
      },
      {
        "text": "siêu thị ",
        "alias": "SpendCategory",
        "meta": "@BusinessType",
        "userDefined": false
      },
      {
        "text": "nào ở ",
        "userDefined": false
      },
      {
        "text": "hà nội ",
        "alias": "City",
        "meta": "@city",
        "userDefined": false
      },
      {
        "text": "giảm giá khi xài thẻ ",
        "userDefined": false
      },
      {
        "text": "ladies ",
        "alias": "CardName",
        "meta": "@CardName",
        "userDefined": false
      },
      {
        "text": "ko ",
        "userDefined": false
      }
    ],
    "isTemplate": false,
    "count": 0,
    "updated": 0
  },
  {
    "id": "21668fdb-a235-431e-9d2b-6db6718790bc",
    "data": [
      {
        "text": "ưu đãi plus ",
        "userDefined": false
      }
    ],
    "isTemplate": false,
    "count": 0,
    "updated": 0
  },
  {
    "id": "91dacef2-27ce-4376-ab52-7de6390bc041",
    "data": [
      {
        "text": "Sacombank Plus ",
        "userDefined": false
      }
    ],
    "isTemplate": false,
    "count": 0,
    "updated": 0
  }
]