[
  {
    "id": "3671d07d-d415-4ce5-92d7-ab29a1f5f8c5",
    "data": [
      {
        "text": "TPHCM ",
        "alias": "City",
        "meta": "@city",
        "userDefined": false
      }
    ],
    "isTemplate": false,
    "count": 0,
    "updated": 0
  },
  {
    "id": "cc9f0b2c-d75b-4cc0-a362-ac726d2f91b3",
    "data": [
      {
        "text": "hà nội ",
        "alias": "City",
        "meta": "@city",
        "userDefined": false
      }
    ],
    "isTemplate": false,
    "count": 0,
    "updated": 0
  },
  {
    "id": "2f3e2498-1461-4ebf-8e5d-a6e3cc4e52be",
    "data": [
      {
        "text": "kiên giang ",
        "alias": "City",
        "meta": "@city",
        "userDefined": false
      }
    ],
    "isTemplate": false,
    "count": 0,
    "updated": 0
  },
  {
    "id": "b8172437-bb3e-4bc4-877c-d46310441ee2",
    "data": [
      {
        "text": "đắc lắc ",
        "alias": "City",
        "meta": "@city",
        "userDefined": false
      }
    ],
    "isTemplate": false,
    "count": 0,
    "updated": 0
  },
  {
    "id": "3d36b57a-97c7-476f-9950-8326f8f1a5b3",
    "data": [
      {
        "text": "hậu giang ",
        "alias": "City",
        "meta": "@city",
        "userDefined": false
      }
    ],
    "isTemplate": false,
    "count": 0,
    "updated": 0
  },
  {
    "id": "3bfedc85-cf62-4e67-aaf7-0597950830dd",
    "data": [
      {
        "text": "hải dương ",
        "alias": "City",
        "meta": "@city",
        "userDefined": false
      }
    ],
    "isTemplate": false,
    "count": 0,
    "updated": 0
  },
  {
    "id": "94f63a12-7773-47b9-befd-28b0f2a902b3",
    "data": [
      {
        "text": "nghệ an ",
        "alias": "City",
        "meta": "@city",
        "userDefined": false
      }
    ],
    "isTemplate": false,
    "count": 0,
    "updated": 0
  },
  {
    "id": "cac828a0-9a5d-427d-8e29-ef4cec6355bf",
    "data": [
      {
        "text": "vũng tàu ",
        "alias": "City",
        "meta": "@city",
        "userDefined": false
      }
    ],
    "isTemplate": false,
    "count": 0,
    "updated": 0
  }
]