[
  {
    "id": "9334a748-d937-4be3-9cf6-4297e6726d83",
    "data": [
      {
        "text": "my bill is incorrect",
        "userDefined": false
      }
    ],
    "isTemplate": false,
    "count": 0,
    "updated": 0
  },
  {
    "id": "405cc3e3-52be-4f65-8518-5fbfea3c9f6a",
    "data": [
      {
        "text": "just found out my bill is incorrect, any suggestion",
        "userDefined": false
      }
    ],
    "isTemplate": false,
    "count": 0,
    "updated": 0
  },
  {
    "id": "1e42327c-091d-46ef-bd60-54810b4320d2",
    "data": [
      {
        "text": "what happens when my bill is incorrect",
        "userDefined": false
      }
    ],
    "isTemplate": false,
    "count": 0,
    "updated": 0
  },
  {
    "id": "9d5363a9-561d-46a4-ac26-293b63e0aa98",
    "data": [
      {
        "text": "what happens when i got wrong billing",
        "userDefined": false
      }
    ],
    "isTemplate": false,
    "count": 0,
    "updated": 0
  },
  {
    "id": "d0b437d1-6140-4c9f-953b-78f70aeb6edb",
    "data": [
      {
        "text": "my ",
        "userDefined": false
      },
      {
        "text": "cis",
        "alias": "CIS",
        "meta": "@CIS",
        "userDefined": false
      },
      {
        "text": " line was disabled",
        "userDefined": false
      }
    ],
    "isTemplate": false,
    "count": 0,
    "updated": 0
  },
  {
    "id": "669893bb-8b3d-46b0-b261-6f2426fa5970",
    "data": [
      {
        "text": "my line has been disabled",
        "userDefined": false
      }
    ],
    "isTemplate": false,
    "count": 0,
    "updated": 0
  },
  {
    "id": "13fb9a0f-e030-423f-8f49-5b060293bf9c",
    "data": [
      {
        "text": "my ",
        "userDefined": false
      },
      {
        "text": "cis",
        "alias": "CIS",
        "meta": "@CIS",
        "userDefined": false
      },
      {
        "text": " line was suspended!",
        "userDefined": false
      }
    ],
    "isTemplate": false,
    "count": 0,
    "updated": 0
  },
  {
    "id": "9d1582c9-5107-4936-b431-add223fe6f9d",
    "data": [
      {
        "text": "my line has been suspended",
        "userDefined": false
      }
    ],
    "isTemplate": false,
    "count": 0,
    "updated": 0
  },
  {
    "id": "0bc4f8e0-02b8-4958-9939-ad45a423a139",
    "data": [
      {
        "text": "my ",
        "userDefined": false
      },
      {
        "text": "cis",
        "alias": "CIS",
        "meta": "@CIS",
        "userDefined": false
      },
      {
        "text": " line was disconnected",
        "userDefined": false
      }
    ],
    "isTemplate": false,
    "count": 0,
    "updated": 0
  },
  {
    "id": "5dbaf4d2-689c-4c38-b808-f1715fd97ad1",
    "data": [
      {
        "text": "my line has been cut",
        "userDefined": false
      }
    ],
    "isTemplate": false,
    "count": 0,
    "updated": 0
  },
  {
    "id": "d5ad369e-4759-4143-b80f-78210ccc16ff",
    "data": [
      {
        "text": "bill incorrectly",
        "userDefined": false
      }
    ],
    "isTemplate": false,
    "count": 0,
    "updated": 0
  },
  {
    "id": "c93efdfb-7f00-4b8f-a93a-bb6fe7f5660b",
    "data": [
      {
        "text": "bill incorrect",
        "userDefined": false
      }
    ],
    "isTemplate": false,
    "count": 0,
    "updated": 0
  },
  {
    "id": "7f76129c-2d52-4dd4-82a3-d4eff794db64",
    "data": [
      {
        "text": "i was bill incorrectly",
        "userDefined": false
      }
    ],
    "isTemplate": false,
    "count": 0,
    "updated": 0
  },
  {
    "id": "6d6c5995-555c-47a2-8e85-5496f9a89c50",
    "data": [
      {
        "text": "i was billed more than i should",
        "userDefined": false
      }
    ],
    "isTemplate": false,
    "count": 1,
    "updated": 0
  },
  {
    "id": "f2e93021-5152-44f3-b806-5fe8b45acffa",
    "data": [
      {
        "text": "i was billed more ",
        "userDefined": false
      },
      {
        "text": "last month",
        "alias": "date-period",
        "meta": "@sys.date-period",
        "userDefined": false
      }
    ],
    "isTemplate": false,
    "count": 0,
    "updated": 0
  },
  {
    "id": "9fe82650-2476-41a4-bade-0f43ec99cb24",
    "data": [
      {
        "text": "you billed me more",
        "userDefined": false
      }
    ],
    "isTemplate": false,
    "count": 0,
    "updated": 0
  },
  {
    "id": "47c47c60-b9f1-4069-b7f7-5281f39022f5",
    "data": [
      {
        "text": "my bill was wrong",
        "userDefined": false
      }
    ],
    "isTemplate": false,
    "count": 0,
    "updated": 0
  },
  {
    "id": "176bf108-1c47-4c11-9c11-2d17463cb56c",
    "data": [
      {
        "text": "my bill was incorrect",
        "userDefined": false
      }
    ],
    "isTemplate": false,
    "count": 0,
    "updated": 0
  },
  {
    "id": "a9773ad9-20f8-451f-ade0-49dbce075aef",
    "data": [
      {
        "text": "i was not billed correctly",
        "userDefined": false
      }
    ],
    "isTemplate": false,
    "count": 0,
    "updated": 0
  },
  {
    "id": "7653c670-bd25-494e-9422-cf87f177e9bc",
    "data": [
      {
        "text": "i was billed wrongly",
        "userDefined": false
      }
    ],
    "isTemplate": false,
    "count": 0,
    "updated": 0
  },
  {
    "id": "8a6c9bb7-2b2f-4bee-8fe0-dedcf01d09c8",
    "data": [
      {
        "text": "i was billed incorrectly",
        "userDefined": false
      }
    ],
    "isTemplate": false,
    "count": 0,
    "updated": 0
  },
  {
    "id": "fa6f80c7-07e7-4ec8-b31e-8da7bc6b0282",
    "data": [
      {
        "text": "i was charged incorrectly",
        "userDefined": false
      }
    ],
    "isTemplate": false,
    "count": 0,
    "updated": 0
  },
  {
    "id": "06c7dbaf-2ccb-449f-a617-bad77c93875c",
    "data": [
      {
        "text": "i got billing error",
        "userDefined": false
      }
    ],
    "isTemplate": false,
    "count": 0,
    "updated": 0
  }
]