[
  {
    "id": "c5bfd973-3883-4ed3-a638-85827a78c972",
    "data": [
      {
        "text": "I just bought some stuff at online shop, how long will the delivery take?",
        "userDefined": false
      }
    ],
    "isTemplate": false,
    "count": 0,
    "updated": 0
  },
  {
    "id": "92797b3c-225a-4e6e-bf49-8651d12da074",
    "data": [
      {
        "text": "how long does it take to receive my ",
        "userDefined": false
      },
      {
        "text": "handset",
        "alias": "CIS",
        "meta": "@CIS",
        "userDefined": false
      },
      {
        "text": "?",
        "userDefined": false
      }
    ],
    "isTemplate": false,
    "count": 0,
    "updated": 0
  },
  {
    "id": "3f52b95c-9d6d-472b-9e6d-a762abe36b8e",
    "data": [
      {
        "text": "how long does delivery take",
        "userDefined": false
      }
    ],
    "isTemplate": false,
    "count": 0,
    "updated": 0
  },
  {
    "id": "8372881d-0075-4a35-a9d3-7698048b88d1",
    "data": [
      {
        "text": "when will my ",
        "userDefined": false
      },
      {
        "text": "device",
        "alias": "Handphone",
        "meta": "@Handphone",
        "userDefined": false
      },
      {
        "text": " arrive",
        "userDefined": false
      }
    ],
    "isTemplate": false,
    "count": 0,
    "updated": 0
  },
  {
    "id": "6dcfbf27-bac6-49bc-a496-26396246febc",
    "data": [
      {
        "text": "when will ",
        "userDefined": false
      },
      {
        "text": "phone",
        "alias": "Handphone",
        "meta": "@Handphone",
        "userDefined": false
      },
      {
        "text": " arrive",
        "userDefined": false
      }
    ],
    "isTemplate": false,
    "count": 0,
    "updated": 0
  },
  {
    "id": "bbca28d2-8e09-46c5-8127-6658315d42c7",
    "data": [
      {
        "text": "how long to deliver",
        "userDefined": false
      }
    ],
    "isTemplate": false,
    "count": 0,
    "updated": 0
  },
  {
    "id": "2861a6ab-eea8-43ad-99f0-3464f15882a5",
    "data": [
      {
        "text": "how long does it take to receive my ",
        "userDefined": false
      },
      {
        "text": "phone",
        "alias": "Handphone",
        "meta": "@Handphone",
        "userDefined": false
      }
    ],
    "isTemplate": false,
    "count": 0,
    "updated": 0
  },
  {
    "id": "86dde593-8b50-4b28-aa82-dabb13292269",
    "data": [
      {
        "text": "how long does to take to receive my order",
        "userDefined": false
      }
    ],
    "isTemplate": false,
    "count": 0,
    "updated": 0
  },
  {
    "id": "26a30226-8ba7-4803-a870-ec8756a673d0",
    "data": [
      {
        "text": "when can i expect my order to arrive",
        "userDefined": false
      }
    ],
    "isTemplate": false,
    "count": 0,
    "updated": 0
  },
  {
    "id": "f76a70bb-a447-4cd7-857d-ce15f4ec5e3b",
    "data": [
      {
        "text": "when can i expect my ",
        "userDefined": false
      },
      {
        "text": "device",
        "alias": "Handphone",
        "meta": "@Handphone",
        "userDefined": false
      },
      {
        "text": " to reach me",
        "userDefined": false
      }
    ],
    "isTemplate": false,
    "count": 1,
    "updated": 0
  },
  {
    "id": "34f18965-946d-4064-89d1-2cf6b00a7c84",
    "data": [
      {
        "text": "when will my ",
        "userDefined": false
      },
      {
        "text": "handset",
        "alias": "Handphone",
        "meta": "@Handphone",
        "userDefined": false
      },
      {
        "text": " arrive",
        "userDefined": false
      }
    ],
    "isTemplate": false,
    "count": 0,
    "updated": 0
  },
  {
    "id": "ce0926e7-15a1-4d77-89d5-d1220b25f377",
    "data": [
      {
        "text": "how long will ",
        "userDefined": false
      },
      {
        "text": "cis",
        "alias": "CIS",
        "meta": "@CIS",
        "userDefined": false
      },
      {
        "text": " online shop delivery take",
        "userDefined": false
      }
    ],
    "isTemplate": false,
    "count": 0,
    "updated": 0
  },
  {
    "id": "faa40cc0-b4c8-4b5d-b4fa-7d2bbc25fd53",
    "data": [
      {
        "text": "how long will ",
        "userDefined": false
      },
      {
        "text": "eshop",
        "alias": "OnlineSingtelSites",
        "meta": "@OnlineSingtelSites",
        "userDefined": false
      },
      {
        "text": " delivery take",
        "userDefined": false
      }
    ],
    "isTemplate": false,
    "count": 0,
    "updated": 0
  },
  {
    "id": "1a43083d-1f45-4a2d-842e-e5042bd57b8e",
    "data": [
      {
        "text": "how long will my ",
        "userDefined": false
      },
      {
        "text": "phone",
        "alias": "Handphone",
        "meta": "@Handphone",
        "userDefined": false
      },
      {
        "text": " take to deliver if i purchase from ",
        "userDefined": false
      },
      {
        "text": "eshop",
        "alias": "OnlineSingtelSites",
        "meta": "@OnlineSingtelSites",
        "userDefined": false
      }
    ],
    "isTemplate": false,
    "count": 0,
    "updated": 0
  },
  {
    "id": "a2f49ec5-8ec0-4d0c-81ce-c83f9fce8663",
    "data": [
      {
        "text": "when can i expect my delivery?",
        "userDefined": false
      }
    ],
    "isTemplate": false,
    "count": 0,
    "updated": 0
  },
  {
    "id": "82e1bac9-a4fd-4c61-a151-c3a8bc0011c1",
    "data": [
      {
        "text": "what is the turnaround time for delivery",
        "userDefined": false
      }
    ],
    "isTemplate": false,
    "count": 0,
    "updated": 0
  },
  {
    "id": "b0fc1fed-f0ab-497a-a999-42d5f2831595",
    "data": [
      {
        "text": "how many days for delivery",
        "userDefined": false
      }
    ],
    "isTemplate": false,
    "count": 0,
    "updated": 0
  },
  {
    "id": "97be6e42-4ed5-4027-8269-43ed43ea90e0",
    "data": [
      {
        "text": "how long will it take for delivery",
        "userDefined": false
      }
    ],
    "isTemplate": false,
    "count": 0,
    "updated": 0
  },
  {
    "id": "6cf38dc2-8284-48cb-98a2-79ecba84d172",
    "data": [
      {
        "text": "what is your delivery period?",
        "userDefined": false
      }
    ],
    "isTemplate": false,
    "count": 1,
    "updated": 0
  },
  {
    "id": "785c1430-7882-4908-b339-4fb6d0c019a1",
    "data": [
      {
        "text": "how many days to deliver",
        "userDefined": false
      }
    ],
    "isTemplate": false,
    "count": 0,
    "updated": 0
  },
  {
    "id": "3e3f90ef-69a8-4d24-b978-cae8306dbfa5",
    "data": [
      {
        "text": "when can i expect my package for my order online",
        "userDefined": false
      }
    ],
    "isTemplate": false,
    "count": 1,
    "updated": 0
  },
  {
    "id": "7de0697b-10d2-4220-a519-e1d44e37d477",
    "data": [
      {
        "text": "what is the delivery date for my online purchase",
        "userDefined": false
      }
    ],
    "isTemplate": false,
    "count": 0,
    "updated": 0
  },
  {
    "id": "fba06e9c-6e9c-4fb0-bf7f-062d2f6f251a",
    "data": [
      {
        "text": "when can i expect the delivery for my online purchase",
        "userDefined": false
      }
    ],
    "isTemplate": false,
    "count": 0,
    "updated": 0
  },
  {
    "id": "ff266ee8-fde2-4360-a15d-536f29522eea",
    "data": [
      {
        "text": "when will my mobile phone be delivered?",
        "userDefined": false
      }
    ],
    "isTemplate": false,
    "count": 0,
    "updated": 0
  },
  {
    "id": "67bae6b3-1fc6-4b99-ae64-b9fd2f1d57c9",
    "data": [
      {
        "text": "when will i receive my package after i made my mobile purchase online",
        "userDefined": false
      }
    ],
    "isTemplate": false,
    "count": 0,
    "updated": 0
  }
]