[
  {
    "id": "140d612c-6d0b-48e1-a0a2-ea10ddb453df",
    "data": [
      {
        "text": "Can I collect my ",
        "userDefined": false
      },
      {
        "text": "phone",
        "alias": "Handphone",
        "meta": "@Handphone",
        "userDefined": false
      },
      {
        "text": " at the store",
        "userDefined": false
      }
    ],
    "isTemplate": false,
    "count": 0,
    "updated": 0
  },
  {
    "id": "9da0df93-d982-4256-bfec-f7dd96f7e847",
    "data": [
      {
        "text": "can i choose to collect my ",
        "userDefined": false
      },
      {
        "text": "phones",
        "alias": "Handphone",
        "meta": "@Handphone",
        "userDefined": false
      },
      {
        "text": " in store?",
        "userDefined": false
      }
    ],
    "isTemplate": false,
    "count": 0,
    "updated": 0
  },
  {
    "id": "5c9cef57-ea3f-46e6-803b-d84627151e74",
    "data": [
      {
        "text": "can i collect in store",
        "userDefined": false
      }
    ],
    "isTemplate": false,
    "count": 0,
    "updated": 0
  },
  {
    "id": "ef2901e0-5c04-40d9-9385-496f54b37687",
    "data": [
      {
        "text": "i want to collect at store",
        "userDefined": false
      }
    ],
    "isTemplate": false,
    "count": 0,
    "updated": 0
  },
  {
    "id": "38b25da3-0a3b-4f8a-baae-0e48eaf384ef",
    "data": [
      {
        "text": "can i collect at store",
        "userDefined": false
      }
    ],
    "isTemplate": false,
    "count": 0,
    "updated": 0
  },
  {
    "id": "83fbcdad-6e76-4931-a746-4842e889f00a",
    "data": [
      {
        "text": "the collect at store option is not available",
        "userDefined": false
      }
    ],
    "isTemplate": false,
    "count": 0,
    "updated": 0
  },
  {
    "id": "391bbb60-a0bc-402b-8ac1-59cf174dda89",
    "data": [
      {
        "text": "why i cannot collect at store",
        "userDefined": false
      }
    ],
    "isTemplate": false,
    "count": 0,
    "updated": 0
  },
  {
    "id": "8dbc8d7a-7a09-42af-99c5-4e563368b4ff",
    "data": [
      {
        "text": "why cant i select collect at store",
        "userDefined": false
      }
    ],
    "isTemplate": false,
    "count": 0,
    "updated": 0
  }
]