[
  {
    "id": "a92650ec-0c14-4c45-b547-ad06d1ac6921",
    "data": [
      {
        "text": "Convert Month ",
        "userDefined": false
      },
      {
        "text": "12",
        "alias": "number",
        "meta": "@sys.number",
        "userDefined": false
      }
    ],
    "isTemplate": false,
    "count": 0,
    "updated": 0
  },
  {
    "id": "dc736c09-9821-4bab-b506-ea00d9d34f3d",
    "data": [
      {
        "text": "conversion for ",
        "userDefined": false
      },
      {
        "text": "month 12",
        "alias": "date-period",
        "meta": "@sys.date-period",
        "userDefined": false
      }
    ],
    "isTemplate": false,
    "count": 0,
    "updated": 0
  }
]