[
  {
    "id": "218a99bf-c521-40b7-b3bf-a5b0eef94751",
    "data": [
      {
        "text": "how do i change my password",
        "userDefined": false
      }
    ],
    "isTemplate": false,
    "count": 0,
    "updated": 0
  },
  {
    "id": "e208c1ee-41d9-4dfb-9827-758c61d56fa5",
    "data": [
      {
        "text": "change password for ",
        "userDefined": false
      },
      {
        "text": "onepass",
        "alias": "OnePass",
        "meta": "@OnePass",
        "userDefined": false
      }
    ],
    "isTemplate": false,
    "count": 0,
    "updated": 0
  },
  {
    "id": "5241672a-00bb-4db0-9eb7-1fef513b09b0",
    "data": [
      {
        "text": "changing ",
        "userDefined": false
      },
      {
        "text": "singtel onepass",
        "alias": "OnePass",
        "meta": "@OnePass",
        "userDefined": false
      },
      {
        "text": " password",
        "userDefined": false
      }
    ],
    "isTemplate": false,
    "count": 0,
    "updated": 0
  },
  {
    "id": "b69affd1-68d9-49a5-96cd-acf00cb6db95",
    "data": [
      {
        "text": "changing ",
        "userDefined": false
      },
      {
        "text": "onepass",
        "alias": "OnePass",
        "meta": "@OnePass",
        "userDefined": false
      },
      {
        "text": " password",
        "userDefined": false
      }
    ],
    "isTemplate": false,
    "count": 0,
    "updated": 0
  },
  {
    "id": "50cacec2-5c38-45bd-aae1-bf651210cdcf",
    "data": [
      {
        "text": "i want to change my ",
        "userDefined": false
      },
      {
        "text": "onepass",
        "alias": "OnePass",
        "meta": "@OnePass",
        "userDefined": false
      },
      {
        "text": " password",
        "userDefined": false
      }
    ],
    "isTemplate": false,
    "count": 0,
    "updated": 0
  },
  {
    "id": "a1675894-ef25-4429-a5b5-2eb9eb2c5cad",
    "data": [
      {
        "text": "how to change ",
        "userDefined": false
      },
      {
        "text": "onepass",
        "alias": "OnePass",
        "meta": "@OnePass",
        "userDefined": false
      },
      {
        "text": " password",
        "userDefined": false
      }
    ],
    "isTemplate": false,
    "count": 0,
    "updated": 0
  },
  {
    "id": "b54e851f-ce07-43bb-a2a3-dda9f6851655",
    "data": [
      {
        "text": "how do i change my ",
        "userDefined": false
      },
      {
        "text": "onepass",
        "alias": "OnePass",
        "meta": "@OnePass",
        "userDefined": false
      },
      {
        "text": " password",
        "userDefined": false
      }
    ],
    "isTemplate": false,
    "count": 0,
    "updated": 0
  }
]