[
  {
    "id": "facd24d8-879a-4713-b649-1fc2ea940cfe",
    "data": [
      {
        "text": "i have a ",
        "userDefined": false
      },
      {
        "text": "corporate",
        "alias": "CorporateLine",
        "meta": "@CorporateLine",
        "userDefined": false
      },
      {
        "text": " plan with ",
        "userDefined": false
      },
      {
        "text": "SingTel",
        "alias": "Competitors",
        "meta": "@Competitors",
        "userDefined": false
      },
      {
        "text": " that has free ",
        "userDefined": false
      },
      {
        "text": "roaming",
        "alias": "Roaming",
        "meta": "@Roaming",
        "userDefined": false
      },
      {
        "text": " in a number of ",
        "userDefined": false
      },
      {
        "text": "countries",
        "alias": "Countries",
        "meta": "@Countries",
        "userDefined": false
      }
    ],
    "isTemplate": false,
    "count": 0,
    "updated": 0
  },
  {
    "id": "c8a78ee2-1a94-44e2-8738-eab9ed34deb5",
    "data": [
      {
        "text": "roaming",
        "alias": "Roaming",
        "meta": "@Roaming",
        "userDefined": false
      },
      {
        "text": " data service",
        "userDefined": false
      }
    ],
    "isTemplate": false,
    "count": 0,
    "updated": 0
  },
  {
    "id": "c5ffe923-79ba-4df9-bf0a-8e5141f01c5b",
    "data": [
      {
        "text": "how much is the ",
        "userDefined": false
      },
      {
        "text": "roaming",
        "alias": "Roaming",
        "meta": "@Roaming",
        "userDefined": false
      },
      {
        "text": " data service",
        "userDefined": false
      }
    ],
    "isTemplate": false,
    "count": 0,
    "updated": 0
  },
  {
    "id": "3f5bf898-9e30-4bc8-9b26-19f76cf175e6",
    "data": [
      {
        "text": "does singtel provide any ",
        "userDefined": false
      },
      {
        "text": "roaming",
        "alias": "Roaming",
        "meta": "@Roaming",
        "userDefined": false
      },
      {
        "text": " data service",
        "userDefined": false
      }
    ],
    "isTemplate": false,
    "count": 0,
    "updated": 0
  },
  {
    "id": "6e7410ec-aed1-47b3-92b0-c730c9219ee1",
    "data": [
      {
        "text": "i\u0027m going abroad soon. how do i get the ",
        "userDefined": false
      },
      {
        "text": "roaming",
        "alias": "Roaming",
        "meta": "@Roaming",
        "userDefined": false
      },
      {
        "text": " service there",
        "userDefined": false
      }
    ],
    "isTemplate": false,
    "count": 0,
    "updated": 0
  },
  {
    "id": "78fd072b-f18a-4d61-8e4f-cbea1b00d693",
    "data": [
      {
        "text": "i want to ",
        "userDefined": false
      },
      {
        "text": "apply",
        "alias": "Sign-up",
        "meta": "@Sign-up",
        "userDefined": false
      },
      {
        "text": " for ",
        "userDefined": false
      },
      {
        "text": "roaming",
        "alias": "Roaming",
        "meta": "@Roaming",
        "userDefined": false
      },
      {
        "text": " data service",
        "userDefined": false
      }
    ],
    "isTemplate": false,
    "count": 0,
    "updated": 0
  },
  {
    "id": "0904a9e9-548d-4d87-b259-89ec5d3f1904",
    "data": [
      {
        "text": "mobile",
        "alias": "Handphone",
        "meta": "@Handphone",
        "userDefined": false
      },
      {
        "text": " plan ",
        "userDefined": false
      },
      {
        "text": "roaming",
        "alias": "Roaming",
        "meta": "@Roaming",
        "userDefined": false
      }
    ],
    "isTemplate": false,
    "count": 0,
    "updated": 0
  },
  {
    "id": "bac39e53-cf0a-403b-9da4-18a67b961d93",
    "data": [
      {
        "text": "how to ",
        "userDefined": false
      },
      {
        "text": "apply",
        "alias": "Sign-up",
        "meta": "@Sign-up",
        "userDefined": false
      },
      {
        "text": " for ",
        "userDefined": false
      },
      {
        "text": "roaming",
        "alias": "Roaming",
        "meta": "@Roaming",
        "userDefined": false
      },
      {
        "text": " data service",
        "userDefined": false
      }
    ],
    "isTemplate": false,
    "count": 0,
    "updated": 0
  },
  {
    "id": "9391cf69-c049-4e80-8d3c-98540db1eb38",
    "data": [
      {
        "text": "how to do a ",
        "userDefined": false
      },
      {
        "text": "mobile",
        "alias": "Handphone",
        "meta": "@Handphone",
        "userDefined": false
      },
      {
        "text": " ",
        "userDefined": false
      },
      {
        "text": "roaming",
        "alias": "Roaming",
        "meta": "@Roaming",
        "userDefined": false
      },
      {
        "text": " plan",
        "userDefined": false
      }
    ],
    "isTemplate": false,
    "count": 0,
    "updated": 0
  },
  {
    "id": "85303752-cd25-45b1-8d17-db3077445f17",
    "data": [
      {
        "text": "i want to ",
        "userDefined": false
      },
      {
        "text": "sign up",
        "alias": "Sign-up",
        "meta": "@Sign-up",
        "userDefined": false
      },
      {
        "text": " for ",
        "userDefined": false
      },
      {
        "text": "roaming",
        "alias": "Roaming",
        "meta": "@Roaming",
        "userDefined": false
      },
      {
        "text": " data service",
        "userDefined": false
      }
    ],
    "isTemplate": false,
    "count": 0,
    "updated": 0
  },
  {
    "id": "2ca2ae81-760b-4c9b-b2ac-a41c206e4187",
    "data": [
      {
        "text": "how can i get the ",
        "userDefined": false
      },
      {
        "text": "roaming",
        "alias": "Roaming",
        "meta": "@Roaming",
        "userDefined": false
      },
      {
        "text": " service abroad",
        "userDefined": false
      }
    ],
    "isTemplate": false,
    "count": 0,
    "updated": 0
  },
  {
    "id": "90bfc3f8-5fcf-43b9-aea3-cbe9ed78d6b5",
    "data": [
      {
        "text": "how to ",
        "userDefined": false
      },
      {
        "text": "enroll",
        "alias": "Sign-up",
        "meta": "@Sign-up",
        "userDefined": false
      },
      {
        "text": " ",
        "userDefined": false
      },
      {
        "text": "roaming",
        "alias": "Roaming",
        "meta": "@Roaming",
        "userDefined": false
      },
      {
        "text": " data service",
        "userDefined": false
      }
    ],
    "isTemplate": false,
    "count": 0,
    "updated": 0
  },
  {
    "id": "c0b870e9-cbd1-4d03-bc8a-fac6d70c804a",
    "data": [
      {
        "text": "is ",
        "userDefined": false
      },
      {
        "text": "USA",
        "alias": "Countries",
        "meta": "@Countries",
        "userDefined": false
      },
      {
        "text": " on the list of free data ",
        "userDefined": false
      },
      {
        "text": "roaming",
        "alias": "Roaming",
        "meta": "@Roaming",
        "userDefined": false
      }
    ],
    "isTemplate": false,
    "count": 0,
    "updated": 0
  },
  {
    "id": "f01c8717-e54b-4a3a-b850-88d3c5e4b61a",
    "data": [
      {
        "text": "how much bundled allowance if i\u0027m on the ",
        "userDefined": false
      },
      {
        "text": "roaming",
        "alias": "Roaming",
        "meta": "@Roaming",
        "userDefined": false
      },
      {
        "text": " data service",
        "userDefined": false
      }
    ],
    "isTemplate": false,
    "count": 0,
    "updated": 0
  }
]