[
  {
    "id": "cdeb3359-a275-4c4c-838d-c77651a77844",
    "data": [
      {
        "text": "Is there a contract term for datamore",
        "userDefined": false
      }
    ],
    "isTemplate": false,
    "count": 0,
    "updated": 0
  },
  {
    "id": "e9b07da8-5134-4bf9-bf8b-f80e5c187178",
    "data": [
      {
        "text": "Can i ",
        "userDefined": false
      },
      {
        "text": "cancel",
        "alias": "Terminate",
        "meta": "@Terminate",
        "userDefined": false
      },
      {
        "text": " my Data x ",
        "userDefined": false
      },
      {
        "text": "3",
        "alias": "number",
        "meta": "@sys.number",
        "userDefined": false
      },
      {
        "text": "?",
        "userDefined": false
      }
    ],
    "isTemplate": false,
    "count": 0,
    "updated": 0
  },
  {
    "id": "5a7e5640-7489-40e0-801b-e2d0fe159a0b",
    "data": [
      {
        "text": "how do i get more data",
        "userDefined": false
      }
    ],
    "isTemplate": false,
    "count": 0,
    "updated": 0
  },
  {
    "id": "d227c7fa-89d8-4fd6-aa3f-6d7aaf263720",
    "data": [
      {
        "text": "you have too little data",
        "userDefined": false
      }
    ],
    "isTemplate": false,
    "count": 0,
    "updated": 0
  },
  {
    "id": "99d02f65-c264-4f28-b0e3-181d775db69f",
    "data": [
      {
        "text": "Are there any plans to increase my data?",
        "userDefined": false
      }
    ],
    "isTemplate": false,
    "count": 0,
    "updated": 0
  },
  {
    "id": "3455af7b-e2cf-43d0-9afa-16169ba3adb7",
    "data": [
      {
        "text": "ive used up my data how to get more",
        "userDefined": false
      }
    ],
    "isTemplate": false,
    "count": 0,
    "updated": 0
  },
  {
    "id": "f3f148d1-91e0-4cac-91a0-0773c26daed2",
    "data": [
      {
        "text": "how do i increase my data",
        "userDefined": false
      }
    ],
    "isTemplate": false,
    "count": 1,
    "updated": 0
  },
  {
    "id": "3bf97f4e-12fe-4a61-bad1-dfe5c7b4b58e",
    "data": [
      {
        "text": "How do i get more data?",
        "userDefined": false
      }
    ],
    "isTemplate": false,
    "count": 0,
    "updated": 0
  },
  {
    "id": "6a6eaa34-bafc-4740-bed0-d2e3a691b1f7",
    "data": [
      {
        "text": "how to get more data",
        "userDefined": false
      }
    ],
    "isTemplate": false,
    "count": 0,
    "updated": 0
  },
  {
    "id": "e96de4db-272a-447f-b792-2de15986791d",
    "data": [
      {
        "text": "i need more data",
        "userDefined": false
      }
    ],
    "isTemplate": false,
    "count": 0,
    "updated": 0
  },
  {
    "id": "9ac1092e-f0fc-4a02-bcdf-744fa9b9d184",
    "data": [
      {
        "text": "how to get extra data",
        "userDefined": false
      }
    ],
    "isTemplate": false,
    "count": 0,
    "updated": 0
  },
  {
    "id": "4a295c58-36f5-4329-8229-c016b61fa35d",
    "data": [
      {
        "text": "Hi ",
        "userDefined": false
      },
      {
        "text": "FranCIS",
        "alias": "given-name",
        "meta": "@sys.given-name",
        "userDefined": false
      },
      {
        "text": ", please advise if my i can ",
        "userDefined": false
      },
      {
        "text": "cancel",
        "alias": "Terminate",
        "meta": "@Terminate",
        "userDefined": false
      },
      {
        "text": " my current Data X ",
        "userDefined": false
      },
      {
        "text": "3",
        "alias": "number",
        "meta": "@sys.number",
        "userDefined": false
      },
      {
        "text": " and ",
        "userDefined": false
      },
      {
        "text": "add on",
        "alias": "VAS",
        "meta": "@VAS",
        "userDefined": false
      },
      {
        "text": " the ",
        "userDefined": false
      },
      {
        "text": "data x infinity",
        "alias": "DataInfinity",
        "meta": "@DataInfinity",
        "userDefined": false
      },
      {
        "text": ". Thank you!",
        "userDefined": false
      }
    ],
    "isTemplate": false,
    "count": 0,
    "updated": 0
  },
  {
    "id": "e7489030-8b97-4d6c-a7ec-6ba0f20c3055",
    "data": [
      {
        "text": "data too little",
        "userDefined": false
      }
    ],
    "isTemplate": false,
    "count": 1,
    "updated": 0
  },
  {
    "id": "4abb5538-cbc1-4d8b-82db-f125f041f450",
    "data": [
      {
        "text": "i want extra data",
        "userDefined": false
      }
    ],
    "isTemplate": false,
    "count": 0,
    "updated": 0
  },
  {
    "id": "4ed02b37-78fc-432a-bf47-84725b2f5995",
    "data": [
      {
        "text": "i want more data",
        "userDefined": false
      }
    ],
    "isTemplate": false,
    "count": 0,
    "updated": 0
  },
  {
    "id": "aec3cbca-498c-49ce-a5e7-9b4ff2fd32d8",
    "data": [
      {
        "text": "i need extra data",
        "userDefined": false
      }
    ],
    "isTemplate": false,
    "count": 0,
    "updated": 0
  },
  {
    "id": "9f54c32e-b474-4bf5-91dd-0b2ad9af8a90",
    "data": [
      {
        "text": "i don\u0027t have enough data",
        "userDefined": false
      }
    ],
    "isTemplate": false,
    "count": 0,
    "updated": 0
  },
  {
    "id": "f2f2a393-13c3-437e-bf67-dbb27c2755bd",
    "data": [
      {
        "text": "Yes, so I want to subscribe to more data",
        "userDefined": false
      }
    ],
    "isTemplate": false,
    "count": 0,
    "updated": 0
  },
  {
    "id": "3871b007-733d-4c9e-8761-cd364f5323dd",
    "data": [
      {
        "text": "how much data can i get extra",
        "userDefined": false
      }
    ],
    "isTemplate": false,
    "count": 0,
    "updated": 0
  },
  {
    "id": "a844a79d-0902-40f9-9e42-8ac581a3d9ff",
    "data": [
      {
        "text": "how much data can i get ",
        "userDefined": false
      },
      {
        "text": "extra",
        "alias": "CIS",
        "meta": "@CIS",
        "userDefined": false
      }
    ],
    "isTemplate": false,
    "count": 0,
    "updated": 0
  },
  {
    "id": "c3b4ee3c-0f2e-4952-a759-5e2f7b7f8437",
    "data": [
      {
        "text": "how much extra data can i get",
        "userDefined": false
      }
    ],
    "isTemplate": false,
    "count": 0,
    "updated": 0
  },
  {
    "id": "faefe11f-7f8c-4932-a62e-a774a651a5c8",
    "data": [
      {
        "text": "i\u0027ve used up my data",
        "userDefined": false
      }
    ],
    "isTemplate": false,
    "count": 0,
    "updated": 0
  },
  {
    "id": "757dc0f4-3e76-4e50-94a7-26ee3b038d44",
    "data": [
      {
        "text": "can i sign up cis with more data",
        "userDefined": false
      }
    ],
    "isTemplate": false,
    "count": 0,
    "updated": 0
  },
  {
    "id": "0e5db7f6-5c3f-475f-b124-db5ddedb6d68",
    "data": [
      {
        "text": "you give too little data",
        "userDefined": false
      }
    ],
    "isTemplate": false,
    "count": 0,
    "updated": 0
  },
  {
    "id": "8420fdc8-a435-4a66-af7b-c0c456fd31b0",
    "data": [
      {
        "text": "how can i ",
        "userDefined": false
      },
      {
        "text": "sign up",
        "alias": "Sign-up",
        "meta": "@Sign-up",
        "userDefined": false
      },
      {
        "text": " for data more",
        "userDefined": false
      }
    ],
    "isTemplate": false,
    "count": 0,
    "updated": 0
  },
  {
    "id": "c3d01ade-c54e-4c89-bfe1-b53dc2e9478f",
    "data": [
      {
        "text": "Are there any plans to increase my data",
        "userDefined": false
      }
    ],
    "isTemplate": false,
    "count": 0,
    "updated": 0
  },
  {
    "id": "3d55e6d3-e44d-4fb1-a396-3e13ba6d7740",
    "data": [
      {
        "text": "my data finish how to get more data",
        "userDefined": false
      }
    ],
    "isTemplate": false,
    "count": 0,
    "updated": 0
  },
  {
    "id": "613ea7b6-c95f-49a9-b046-26f830433a10",
    "data": [
      {
        "text": "need more data",
        "userDefined": false
      }
    ],
    "isTemplate": false,
    "count": 0,
    "updated": 0
  },
  {
    "id": "9a42834c-b442-4e1c-8525-abd9ed3fc51a",
    "data": [
      {
        "text": "too little data!",
        "userDefined": false
      }
    ],
    "isTemplate": false,
    "count": 0,
    "updated": 0
  },
  {
    "id": "b553ec0c-746b-4b95-9e9b-e8f29127202f",
    "data": [
      {
        "text": "i want to ",
        "userDefined": false
      },
      {
        "text": "sign up",
        "alias": "Sign-up",
        "meta": "@Sign-up",
        "userDefined": false
      },
      {
        "text": " for datamore",
        "userDefined": false
      }
    ],
    "isTemplate": false,
    "count": 0,
    "updated": 0
  },
  {
    "id": "c04cfc96-239d-488e-ab78-075426ba3027",
    "data": [
      {
        "text": "extra data",
        "userDefined": false
      }
    ],
    "isTemplate": false,
    "count": 0,
    "updated": 0
  },
  {
    "id": "a4e7422f-0614-4e6e-8af0-a7a276dede91",
    "data": [
      {
        "text": "I would like to check on my DataMore package",
        "userDefined": false
      }
    ],
    "isTemplate": false,
    "count": 0,
    "updated": 0
  },
  {
    "id": "947ceafa-da80-4a59-ae9f-77fefe054a7b",
    "data": [
      {
        "text": "additional data",
        "userDefined": false
      }
    ],
    "isTemplate": false,
    "count": 0,
    "updated": 0
  },
  {
    "id": "d8d6eeb2-8aa8-46af-a37f-8907c7875037",
    "data": [
      {
        "text": "how do i add more data",
        "userDefined": false
      }
    ],
    "isTemplate": false,
    "count": 0,
    "updated": 0
  },
  {
    "id": "ad515141-9d6d-49e7-9c85-47fc4b39e9b5",
    "data": [
      {
        "text": " i want more data",
        "userDefined": false
      }
    ],
    "isTemplate": false,
    "count": 0,
    "updated": 0
  },
  {
    "id": "b5a1d7d1-8628-424e-9de4-71af04e348b4",
    "data": [
      {
        "text": "i want to get more data",
        "userDefined": false
      }
    ],
    "isTemplate": false,
    "count": 0,
    "updated": 0
  },
  {
    "id": "5bc984f7-2317-4f24-ba53-7ba5fe90dc6c",
    "data": [
      {
        "text": "datamore",
        "userDefined": false
      }
    ],
    "isTemplate": false,
    "count": 0,
    "updated": 0
  },
  {
    "id": "00e62d2a-960c-407d-8ac6-fae89182b0ae",
    "data": [
      {
        "text": "can i get more data",
        "userDefined": false
      }
    ],
    "isTemplate": false,
    "count": 0,
    "updated": 0
  },
  {
    "id": "3d08f4b7-1c0d-4d9a-b5c2-03b1bea45e3d",
    "data": [
      {
        "text": "i want to increase my data",
        "userDefined": false
      }
    ],
    "isTemplate": false,
    "count": 0,
    "updated": 0
  },
  {
    "id": "d9b72747-d656-4753-b111-4abfb601ac64",
    "data": [
      {
        "text": "data plans",
        "userDefined": false
      }
    ],
    "isTemplate": false,
    "count": 1,
    "updated": 0
  },
  {
    "id": "65609320-26eb-421e-bdf2-affc44f0109a",
    "data": [
      {
        "text": "cis",
        "alias": "CIS",
        "meta": "@CIS",
        "userDefined": false
      },
      {
        "text": " plan for more data",
        "userDefined": false
      }
    ],
    "isTemplate": false,
    "count": 0,
    "updated": 0
  }
]