[
  {
    "id": "5b59e423-a8b8-4212-8ab0-f7241d3d1ccd",
    "data": [
      {
        "text": "how much is the downgrade fee",
        "userDefined": false
      }
    ],
    "isTemplate": false,
    "count": 1,
    "updated": 0
  },
  {
    "id": "146cc592-1782-42b2-8bac-150221e0114c",
    "data": [
      {
        "text": "downgrade amount",
        "userDefined": false
      }
    ],
    "isTemplate": false,
    "count": 0,
    "updated": 0
  },
  {
    "id": "db1246a7-74a2-44de-aba3-c7fdee386672",
    "data": [
      {
        "text": "downgrade cost",
        "userDefined": false
      }
    ],
    "isTemplate": false,
    "count": 0,
    "updated": 0
  },
  {
    "id": "329f67a0-f72f-487e-8957-cf09274a5856",
    "data": [
      {
        "text": "how much do i have to pay if i want to downgrade",
        "userDefined": false
      }
    ],
    "isTemplate": false,
    "count": 0,
    "updated": 0
  },
  {
    "id": "ec4c07b8-2f4c-4c7c-b5ae-5900d062d332",
    "data": [
      {
        "text": "what is the penalty for downgrading",
        "userDefined": false
      }
    ],
    "isTemplate": false,
    "count": 0,
    "updated": 0
  },
  {
    "id": "6022e276-5761-47df-ae6a-b17fe2078f6b",
    "data": [
      {
        "text": "downgrade penalty cost",
        "userDefined": false
      }
    ],
    "isTemplate": false,
    "count": 0,
    "updated": 0
  },
  {
    "id": "85df38bb-19a7-4f51-b201-1e8cd15f9659",
    "data": [
      {
        "text": "how much to downgrade",
        "userDefined": false
      }
    ],
    "isTemplate": false,
    "count": 0,
    "updated": 0
  },
  {
    "id": "dac722e3-eae0-4fa0-a5cb-a6e47e4b26d6",
    "data": [
      {
        "text": "i want to downgrade, how much?",
        "userDefined": false
      }
    ],
    "isTemplate": false,
    "count": 0,
    "updated": 0
  },
  {
    "id": "d6bb014d-4c8b-4d15-bcdd-6d6d28e3ad27",
    "data": [
      {
        "text": "how much does it cost to downgrade?",
        "userDefined": false
      }
    ],
    "isTemplate": false,
    "count": 0,
    "updated": 0
  }
]