[
  {
    "id": "2c586e2a-c9e9-4051-ada6-dc87a39ae620",
    "data": [
      {
        "text": "how much can i get an ",
        "userDefined": false
      },
      {
        "text": "iphone x",
        "alias": "LatestiPhone",
        "meta": "@LatestiPhone",
        "userDefined": false
      }
    ],
    "isTemplate": false,
    "count": 0,
    "updated": 0
  },
  {
    "id": "7392a70c-bd1c-466b-838a-68ea8536f4b0",
    "data": [
      {
        "text": "Any i-phone x ",
        "userDefined": false
      },
      {
        "text": "discount",
        "alias": "Discount",
        "meta": "@Discount",
        "userDefined": false
      },
      {
        "text": " for ",
        "userDefined": false
      },
      {
        "text": "CIS",
        "alias": "CIS",
        "meta": "@CIS",
        "userDefined": false
      }
    ],
    "isTemplate": false,
    "count": 0,
    "updated": 0
  },
  {
    "id": "2d8d4604-b155-4240-8cfb-f074e2ff1f61",
    "data": [
      {
        "text": "ipone x",
        "userDefined": false
      }
    ],
    "isTemplate": false,
    "count": 0,
    "updated": 0
  },
  {
    "id": "87611a32-9ce9-4e08-bd5c-8f7b5342d7ee",
    "data": [
      {
        "text": "how to ",
        "userDefined": false
      },
      {
        "text": "register",
        "alias": "Preorder",
        "meta": "@Preorder",
        "userDefined": false
      },
      {
        "text": " interest for the ",
        "userDefined": false
      },
      {
        "text": "iphone x",
        "alias": "LatestiPhone",
        "meta": "@LatestiPhone",
        "userDefined": false
      }
    ],
    "isTemplate": false,
    "count": 0,
    "updated": 0
  },
  {
    "id": "0c8dc027-691e-4647-ad21-f1c348d3450d",
    "data": [
      {
        "text": "the ",
        "userDefined": false
      },
      {
        "text": "iphone x",
        "alias": "LatestiPhone",
        "meta": "@LatestiPhone",
        "userDefined": false
      },
      {
        "text": " is announced when can i buy it",
        "userDefined": false
      }
    ],
    "isTemplate": false,
    "count": 0,
    "updated": 0
  },
  {
    "id": "d21b03c8-d67f-48e1-9f3c-57ba66a9cbc8",
    "data": [
      {
        "text": "when can my ",
        "userDefined": false
      },
      {
        "text": "iphone 8",
        "alias": "LatestiPhone",
        "meta": "@LatestiPhone",
        "userDefined": false
      },
      {
        "text": " reach me",
        "userDefined": false
      }
    ],
    "isTemplate": false,
    "count": 0,
    "updated": 0
  },
  {
    "id": "9095bf38-4c2e-4f08-89e5-065ff119c915",
    "data": [
      {
        "text": "how to ",
        "userDefined": false
      },
      {
        "text": "register",
        "alias": "Preorder",
        "meta": "@Preorder",
        "userDefined": false
      },
      {
        "text": " interest for the ",
        "userDefined": false
      },
      {
        "text": "new iphone",
        "alias": "LatestiPhone",
        "meta": "@LatestiPhone",
        "userDefined": true
      }
    ],
    "isTemplate": false,
    "count": 0,
    "updated": 0
  },
  {
    "id": "c9aaf003-6bd7-407b-96b2-952ef4236d13",
    "data": [
      {
        "text": "how to check stock for ",
        "userDefined": false
      },
      {
        "text": "iphone 8",
        "alias": "LatestiPhone",
        "meta": "@LatestiPhone",
        "userDefined": false
      }
    ],
    "isTemplate": false,
    "count": 0,
    "updated": 0
  },
  {
    "id": "3610fbac-37e4-432c-8956-a5ffe1c3f7f1",
    "data": [
      {
        "text": "how to ",
        "userDefined": false
      },
      {
        "text": "preorder",
        "alias": "Preorder",
        "meta": "@Preorder",
        "userDefined": false
      },
      {
        "text": " the ",
        "userDefined": false
      },
      {
        "text": "iphone 8",
        "alias": "LatestiPhone",
        "meta": "@LatestiPhone",
        "userDefined": false
      }
    ],
    "isTemplate": false,
    "count": 0,
    "updated": 0
  },
  {
    "id": "3e4eb6aa-6922-47a6-9b31-9734049c2eff",
    "data": [
      {
        "text": "when is the ",
        "userDefined": false
      },
      {
        "text": "iphone x",
        "alias": "LatestiPhone",
        "meta": "@LatestiPhone",
        "userDefined": false
      },
      {
        "text": " available",
        "userDefined": false
      }
    ],
    "isTemplate": false,
    "count": 0,
    "updated": 0
  },
  {
    "id": "d6f159d4-4107-461b-8c4b-fdcb7272845c",
    "data": [
      {
        "text": "I received sms saying ",
        "userDefined": false
      },
      {
        "text": "iphonex",
        "alias": "LatestiPhone",
        "meta": "@LatestiPhone",
        "userDefined": false
      },
      {
        "text": " available for purchase. is there stock available",
        "userDefined": false
      }
    ],
    "isTemplate": false,
    "count": 0,
    "updated": 0
  },
  {
    "id": "81b73cb3-b4b1-450f-a0cd-5365196797d2",
    "data": [
      {
        "text": "when is the expected delivery for the ",
        "userDefined": false
      },
      {
        "text": "new iphone",
        "alias": "LatestiPhone",
        "meta": "@LatestiPhone",
        "userDefined": true
      }
    ],
    "isTemplate": false,
    "count": 0,
    "updated": 0
  },
  {
    "id": "e2744b65-afbd-42c9-95bf-9d88e061fcde",
    "data": [
      {
        "text": "is the ",
        "userDefined": false
      },
      {
        "text": "iphone 8",
        "alias": "LatestiPhone",
        "meta": "@LatestiPhone",
        "userDefined": false
      },
      {
        "text": " still available",
        "userDefined": false
      }
    ],
    "isTemplate": false,
    "count": 0,
    "updated": 0
  },
  {
    "id": "50d7814d-bd92-41d8-86e8-d6c9569fb00e",
    "data": [
      {
        "text": "is there stock for ",
        "userDefined": false
      },
      {
        "text": "iphone x",
        "alias": "LatestiPhone",
        "meta": "@LatestiPhone",
        "userDefined": false
      }
    ],
    "isTemplate": false,
    "count": 0,
    "updated": 0
  },
  {
    "id": "e027d2cc-6d1c-428f-b0c8-b97c0ea477ac",
    "data": [
      {
        "text": "i want to buy the ",
        "userDefined": false
      },
      {
        "text": "iphone x",
        "alias": "LatestiPhone",
        "meta": "@LatestiPhone",
        "userDefined": false
      }
    ],
    "isTemplate": false,
    "count": 0,
    "updated": 0
  },
  {
    "id": "155b8a5c-502b-4c53-a55f-b390a98d9cdd",
    "data": [
      {
        "text": "the ",
        "userDefined": false
      },
      {
        "text": "iphone 8",
        "alias": "LatestiPhone",
        "meta": "@LatestiPhone",
        "userDefined": false
      },
      {
        "text": " is launched when can i purchase it",
        "userDefined": false
      }
    ],
    "isTemplate": false,
    "count": 0,
    "updated": 0
  },
  {
    "id": "31a667b9-fa14-4990-8bf4-e2a1dc8f6d4f",
    "data": [
      {
        "text": "what is the launch date for ",
        "userDefined": false
      },
      {
        "text": "iphone 8",
        "alias": "LatestiPhone",
        "meta": "@LatestiPhone",
        "userDefined": false
      }
    ],
    "isTemplate": false,
    "count": 0,
    "updated": 0
  },
  {
    "id": "ad35f787-41be-4255-96d7-a5acf7f9fd24",
    "data": [
      {
        "text": "when is the stock coming for the ",
        "userDefined": false
      },
      {
        "text": "new iphone",
        "alias": "LatestiPhone",
        "meta": "@LatestiPhone",
        "userDefined": true
      }
    ],
    "isTemplate": false,
    "count": 0,
    "updated": 0
  },
  {
    "id": "78db5169-75f2-41be-8af5-c1c4ec21f96c",
    "data": [
      {
        "text": "When will we know ",
        "userDefined": false
      },
      {
        "text": "iPhone X",
        "alias": "LatestiPhone",
        "meta": "@LatestiPhone",
        "userDefined": false
      },
      {
        "text": " for ",
        "userDefined": false
      },
      {
        "text": "CIS",
        "alias": "CIS",
        "meta": "@CIS",
        "userDefined": false
      },
      {
        "text": " plan?",
        "userDefined": false
      }
    ],
    "isTemplate": false,
    "count": 0,
    "updated": 0
  },
  {
    "id": "23b10549-64f1-4176-bb95-5b5f81a3e9a3",
    "data": [
      {
        "text": "is there stock for the ",
        "userDefined": false
      },
      {
        "text": "iphone 8",
        "alias": "LatestiPhone",
        "meta": "@LatestiPhone",
        "userDefined": false
      }
    ],
    "isTemplate": false,
    "count": 0,
    "updated": 0
  },
  {
    "id": "5b64326e-253f-4913-8b8a-46afe4a6cfb7",
    "data": [
      {
        "text": "how to ",
        "userDefined": false
      },
      {
        "text": "register",
        "alias": "Sign-up",
        "meta": "@Sign-up",
        "userDefined": false
      },
      {
        "text": " for the ",
        "userDefined": false
      },
      {
        "text": "iphone x",
        "alias": "LatestiPhone",
        "meta": "@LatestiPhone",
        "userDefined": false
      }
    ],
    "isTemplate": false,
    "count": 0,
    "updated": 0
  },
  {
    "id": "863637f4-3c2a-42be-82be-956a3b826d79",
    "data": [
      {
        "text": "i want to get the ",
        "userDefined": false
      },
      {
        "text": "new iphone",
        "alias": "LatestiPhone",
        "meta": "@LatestiPhone",
        "userDefined": false
      },
      {
        "text": " when isit available",
        "userDefined": false
      }
    ],
    "isTemplate": false,
    "count": 0,
    "updated": 0
  },
  {
    "id": "c178c9e2-e75b-4798-9662-02fc52036d98",
    "data": [
      {
        "text": "i want to buy the ",
        "userDefined": false
      },
      {
        "text": "iphone 8",
        "alias": "LatestiPhone",
        "meta": "@LatestiPhone",
        "userDefined": false
      }
    ],
    "isTemplate": false,
    "count": 0,
    "updated": 0
  },
  {
    "id": "e6794302-68c0-4232-aee7-fb6a846a720f",
    "data": [
      {
        "text": "hi can I confirm that there is no ",
        "userDefined": false
      },
      {
        "text": "handset",
        "alias": "Handphone",
        "meta": "@Handphone",
        "userDefined": false
      },
      {
        "text": " ",
        "userDefined": false
      },
      {
        "text": "discount",
        "alias": "Discount",
        "meta": "@Discount",
        "userDefined": false
      },
      {
        "text": " for ",
        "userDefined": false
      },
      {
        "text": "iphone 8",
        "alias": "LatestiPhone",
        "meta": "@LatestiPhone",
        "userDefined": false
      },
      {
        "text": " plus it is new line?",
        "userDefined": false
      }
    ],
    "isTemplate": false,
    "count": 0,
    "updated": 0
  },
  {
    "id": "cd16a35b-3d03-4150-a9a5-460f54c8eead",
    "data": [
      {
        "text": "is the ",
        "userDefined": false
      },
      {
        "text": "iphone x",
        "alias": "LatestiPhone",
        "meta": "@LatestiPhone",
        "userDefined": false
      },
      {
        "text": " available",
        "userDefined": false
      }
    ],
    "isTemplate": false,
    "count": 0,
    "updated": 0
  },
  {
    "id": "5f1f2082-b079-4336-9f0d-8014874ef8be",
    "data": [
      {
        "text": "looking to get iphone 8 64gb with combo 6",
        "userDefined": false
      }
    ],
    "isTemplate": false,
    "count": 0,
    "updated": 0
  },
  {
    "id": "73a177c0-36c1-4a2b-a1be-c23cf5724080",
    "data": [
      {
        "text": "is there any stock for iphone 8 in black",
        "userDefined": false
      }
    ],
    "isTemplate": false,
    "count": 0,
    "updated": 0
  },
  {
    "id": "4c82ab09-df1a-4fcb-96f1-b9681c51c668",
    "data": [
      {
        "text": "can i ",
        "userDefined": false
      },
      {
        "text": "recontract",
        "alias": "Recontract",
        "meta": "@Recontract",
        "userDefined": false
      },
      {
        "text": " and buy ",
        "userDefined": false
      },
      {
        "text": "iphone 8",
        "alias": "LatestiPhone",
        "meta": "@LatestiPhone",
        "userDefined": false
      }
    ],
    "isTemplate": false,
    "count": 0,
    "updated": 0
  },
  {
    "id": "6f7e7b50-558d-4b5b-8c21-1a60f65f7889",
    "data": [
      {
        "text": "i ordered the ",
        "userDefined": false
      },
      {
        "text": "iphone 8",
        "alias": "LatestiPhone",
        "meta": "@LatestiPhone",
        "userDefined": false
      },
      {
        "text": " when will it be delivered",
        "userDefined": false
      }
    ],
    "isTemplate": false,
    "count": 0,
    "updated": 0
  },
  {
    "id": "f3aa0ce3-e921-4621-b257-a02ef8e5f709",
    "data": [
      {
        "text": "how to purchase the ",
        "userDefined": false
      },
      {
        "text": "new iphone",
        "alias": "LatestiPhone",
        "meta": "@LatestiPhone",
        "userDefined": true
      }
    ],
    "isTemplate": false,
    "count": 0,
    "updated": 0
  },
  {
    "id": "4628b80c-c61a-44b3-b075-18f1b310a809",
    "data": [
      {
        "text": "i want to check the stock for ",
        "userDefined": false
      },
      {
        "text": "iphone 8",
        "alias": "LatestiPhone",
        "meta": "@LatestiPhone",
        "userDefined": false
      }
    ],
    "isTemplate": false,
    "count": 0,
    "updated": 0
  },
  {
    "id": "20735f51-a72d-49a6-a032-878284697714",
    "data": [
      {
        "text": "what are the colours available for ",
        "userDefined": false
      },
      {
        "text": "iphone 8",
        "alias": "LatestiPhone",
        "meta": "@LatestiPhone",
        "userDefined": false
      }
    ],
    "isTemplate": false,
    "count": 0,
    "updated": 0
  },
  {
    "id": "a0253b2c-b0a5-491e-9a6c-e4854beebf96",
    "data": [
      {
        "text": "can i ",
        "userDefined": false
      },
      {
        "text": "sign up",
        "alias": "Sign-up",
        "meta": "@Sign-up",
        "userDefined": false
      },
      {
        "text": " and buy ",
        "userDefined": false
      },
      {
        "text": "iphone 8",
        "alias": "LatestiPhone",
        "meta": "@LatestiPhone",
        "userDefined": false
      }
    ],
    "isTemplate": false,
    "count": 0,
    "updated": 0
  },
  {
    "id": "bd8c6cbd-775b-46f4-9921-22e92331d777",
    "data": [
      {
        "text": "i want to ",
        "userDefined": false
      },
      {
        "text": "recontract",
        "alias": "Recontract",
        "meta": "@Recontract",
        "userDefined": false
      },
      {
        "text": " and buy the ",
        "userDefined": false
      },
      {
        "text": "iphone 8",
        "alias": "LatestiPhone",
        "meta": "@LatestiPhone",
        "userDefined": false
      }
    ],
    "isTemplate": false,
    "count": 0,
    "updated": 0
  },
  {
    "id": "aa9bccb4-bf0f-4b70-9127-6bdcb19d6e77",
    "data": [
      {
        "text": "how to ",
        "userDefined": false
      },
      {
        "text": "sign up",
        "alias": "Sign-up",
        "meta": "@Sign-up",
        "userDefined": false
      },
      {
        "text": " and buy the ",
        "userDefined": false
      },
      {
        "text": "iphone 8",
        "alias": "LatestiPhone",
        "meta": "@LatestiPhone",
        "userDefined": false
      }
    ],
    "isTemplate": false,
    "count": 0,
    "updated": 0
  },
  {
    "id": "598525dd-0771-43b9-a407-41606902025c",
    "data": [
      {
        "text": "how to ",
        "userDefined": false
      },
      {
        "text": "register",
        "alias": "Preorder",
        "meta": "@Preorder",
        "userDefined": false
      },
      {
        "text": " interest for ",
        "userDefined": false
      },
      {
        "text": "iphone 8",
        "alias": "LatestiPhone",
        "meta": "@LatestiPhone",
        "userDefined": false
      }
    ],
    "isTemplate": false,
    "count": 0,
    "updated": 0
  },
  {
    "id": "c6b2c28c-2003-4bd9-b235-e05c632f4c5a",
    "data": [
      {
        "text": "how can i check the stock for ",
        "userDefined": false
      },
      {
        "text": "iphone 8",
        "alias": "LatestiPhone",
        "meta": "@LatestiPhone",
        "userDefined": false
      }
    ],
    "isTemplate": false,
    "count": 0,
    "updated": 0
  },
  {
    "id": "c48b28c0-f8dd-4b85-b742-019c94427105",
    "data": [
      {
        "text": "when can i purchase the ",
        "userDefined": false
      },
      {
        "text": "iphone x",
        "alias": "LatestiPhone",
        "meta": "@LatestiPhone",
        "userDefined": false
      }
    ],
    "isTemplate": false,
    "count": 1,
    "updated": 0
  },
  {
    "id": "3108d116-827b-4fdc-b236-a2be412e64cc",
    "data": [
      {
        "text": "how to buy the ",
        "userDefined": false
      },
      {
        "text": "iphone 8",
        "alias": "LatestiPhone",
        "meta": "@LatestiPhone",
        "userDefined": false
      }
    ],
    "isTemplate": false,
    "count": 0,
    "updated": 0
  },
  {
    "id": "e2578792-dd38-4d83-9b04-10f5d8bef59f",
    "data": [
      {
        "text": "HI! i would like to inquire about ",
        "userDefined": false
      },
      {
        "text": "6s",
        "alias": "duration",
        "meta": "@sys.duration",
        "userDefined": false
      },
      {
        "text": " plus",
        "userDefined": false
      }
    ],
    "isTemplate": false,
    "count": 0,
    "updated": 0
  },
  {
    "id": "4bd7cc7b-cfc9-4fa0-af21-15ca7a2d2055",
    "data": [
      {
        "text": "when will ",
        "userDefined": false
      },
      {
        "text": "iphone 8",
        "alias": "LatestiPhone",
        "meta": "@LatestiPhone",
        "userDefined": false
      },
      {
        "text": " launch",
        "userDefined": false
      }
    ],
    "isTemplate": false,
    "count": 0,
    "updated": 0
  }
]