[
  {
    "id": "0f82545a-0c42-495c-b556-76300b05651a",
    "data": [
      {
        "text": "the other day i came across CMES and ",
        "userDefined": false
      },
      {
        "text": "couldn\u0027t find",
        "alias": "CIS",
        "meta": "@CIS",
        "userDefined": false
      },
      {
        "text": " the difference from CIS. Any explanation?",
        "userDefined": false
      }
    ],
    "isTemplate": false,
    "count": 0,
    "updated": 0
  },
  {
    "id": "7acdc838-989d-4c84-8ef5-639d1d40d6b4",
    "data": [
      {
        "text": "CMES",
        "userDefined": false
      }
    ],
    "isTemplate": false,
    "count": 0,
    "updated": 0
  },
  {
    "id": "4140edb9-674b-4b3e-afe9-7e0dcaf87349",
    "data": [
      {
        "text": "i want to compare CMES and ",
        "userDefined": false
      },
      {
        "text": "CIS",
        "alias": "CIS",
        "meta": "@CIS",
        "userDefined": false
      }
    ],
    "isTemplate": false,
    "count": 0,
    "updated": 0
  },
  {
    "id": "98c18809-88f0-4863-a4bf-8f57c6c027a5",
    "data": [
      {
        "text": "compare CMES and ",
        "userDefined": false
      },
      {
        "text": "CIS",
        "alias": "CIS",
        "meta": "@CIS",
        "userDefined": false
      }
    ],
    "isTemplate": false,
    "count": 0,
    "updated": 0
  },
  {
    "id": "fee4a45d-5b66-4d83-800b-a4952faf7622",
    "data": [
      {
        "text": "what is the diff between CMES and ",
        "userDefined": false
      },
      {
        "text": "CIS",
        "alias": "CIS",
        "meta": "@CIS",
        "userDefined": false
      }
    ],
    "isTemplate": false,
    "count": 0,
    "updated": 0
  },
  {
    "id": "28fab015-de3f-4999-90e7-1be7f093c7b4",
    "data": [
      {
        "text": "how is CMES diferent",
        "userDefined": false
      }
    ],
    "isTemplate": false,
    "count": 0,
    "updated": 0
  },
  {
    "id": "06cec576-7d7f-4809-b1c0-b875a4648855",
    "data": [
      {
        "text": "what is CMES and how is it different",
        "userDefined": false
      }
    ],
    "isTemplate": false,
    "count": 0,
    "updated": 0
  },
  {
    "id": "4876026d-19a7-48f5-be18-d3f359d0438e",
    "data": [
      {
        "text": "the difference between CMES and ",
        "userDefined": false
      },
      {
        "text": "CIS",
        "alias": "CIS",
        "meta": "@CIS",
        "userDefined": false
      }
    ],
    "isTemplate": false,
    "count": 0,
    "updated": 0
  },
  {
    "id": "f0af8d98-bdca-4246-935b-24e209af0b92",
    "data": [
      {
        "text": "i want to know about CMES",
        "userDefined": false
      }
    ],
    "isTemplate": false,
    "count": 0,
    "updated": 0
  },
  {
    "id": "01ea9274-3667-4fc4-99c5-935825be9f2d",
    "data": [
      {
        "text": "tell me more about CMES",
        "userDefined": false
      }
    ],
    "isTemplate": false,
    "count": 0,
    "updated": 0
  },
  {
    "id": "cb7f50a5-8e65-4036-b3c4-4fdb4772b8a7",
    "data": [
      {
        "text": "what is CMES",
        "userDefined": false
      }
    ],
    "isTemplate": false,
    "count": 0,
    "updated": 0
  },
  {
    "id": "a7ce0cbd-8e41-4975-9458-d2dc39f50204",
    "data": [
      {
        "text": "what is the difference between CMES and ",
        "userDefined": false
      },
      {
        "text": "CIS",
        "alias": "CIS",
        "meta": "@CIS",
        "userDefined": false
      }
    ],
    "isTemplate": false,
    "count": 0,
    "updated": 0
  }
]