[
  {
    "id": "c28cfc8f-6fc5-4f5a-93c0-947db9c37345",
    "data": [
      {
        "text": "Can I know more about the ",
        "userDefined": false
      },
      {
        "text": "Port-in",
        "alias": "PortIn",
        "meta": "@PortIn",
        "userDefined": false
      },
      {
        "text": " ",
        "userDefined": false
      },
      {
        "text": "Offer",
        "alias": "Promotion",
        "meta": "@Promotion",
        "userDefined": false
      }
    ],
    "isTemplate": false,
    "count": 0,
    "updated": 0
  },
  {
    "id": "0ea64ce8-ac1a-4ca1-8c2a-3f095487bc93",
    "data": [
      {
        "text": "Can I just visit the ",
        "userDefined": false
      },
      {
        "text": "SingTel shop",
        "alias": "OnlineSingtelSites",
        "meta": "@OnlineSingtelSites",
        "userDefined": false
      },
      {
        "text": " to enjoy the same ",
        "userDefined": false
      },
      {
        "text": "promotions",
        "alias": "Promotion",
        "meta": "@Promotion",
        "userDefined": false
      },
      {
        "text": "?",
        "userDefined": false
      }
    ],
    "isTemplate": false,
    "count": 0,
    "updated": 0
  },
  {
    "id": "af8c32ab-ed5e-4ad7-9e81-b7757a86f427",
    "data": [
      {
        "text": "Can I know what is the difference from ",
        "userDefined": false
      },
      {
        "text": "CIS",
        "alias": "CIS",
        "meta": "@CIS",
        "userDefined": false
      },
      {
        "text": " and normal line ",
        "userDefined": false
      },
      {
        "text": "sign up",
        "alias": "Sign-up",
        "meta": "@Sign-up",
        "userDefined": false
      },
      {
        "text": " at the shop?",
        "userDefined": false
      }
    ],
    "isTemplate": false,
    "count": 0,
    "updated": 0
  },
  {
    "id": "bda373ef-0d97-4c6f-a77f-4a5560086c8e",
    "data": [
      {
        "text": "To ",
        "userDefined": false
      },
      {
        "text": "port over",
        "alias": "PortIn",
        "meta": "@PortIn",
        "userDefined": false
      },
      {
        "text": ", will the ",
        "userDefined": false
      },
      {
        "text": "promotion",
        "alias": "Promotion",
        "meta": "@Promotion",
        "userDefined": false
      },
      {
        "text": " be the same in store?",
        "userDefined": false
      }
    ],
    "isTemplate": false,
    "count": 0,
    "updated": 0
  },
  {
    "id": "c72a5ed3-99dc-4c5b-b88d-d5e07fb57742",
    "data": [
      {
        "text": "Will the ",
        "userDefined": false
      },
      {
        "text": "promotion",
        "alias": "Promotion",
        "meta": "@Promotion",
        "userDefined": false
      },
      {
        "text": " be the same if I am to purchase it in store?",
        "userDefined": false
      }
    ],
    "isTemplate": false,
    "count": 0,
    "updated": 0
  },
  {
    "id": "e49795ed-2784-487f-8201-fb55a3a07e87",
    "data": [
      {
        "text": "wil i enjoy ",
        "userDefined": false
      },
      {
        "text": "discount",
        "alias": "Discount",
        "meta": "@Discount",
        "userDefined": false
      },
      {
        "text": " ",
        "userDefined": false
      },
      {
        "text": "online",
        "alias": "Online",
        "meta": "@Online",
        "userDefined": false
      }
    ],
    "isTemplate": false,
    "count": 0,
    "updated": 0
  },
  {
    "id": "6bfa1216-a31c-4469-be33-f316ee55ef25",
    "data": [
      {
        "text": "can i get ",
        "userDefined": false
      },
      {
        "text": "$30",
        "alias": "unit-currency",
        "meta": "@sys.unit-currency",
        "userDefined": false
      },
      {
        "text": " off ",
        "userDefined": false
      },
      {
        "text": "online",
        "alias": "Online",
        "meta": "@Online",
        "userDefined": false
      }
    ],
    "isTemplate": false,
    "count": 0,
    "updated": 0
  },
  {
    "id": "7b2efa8e-6991-4ce8-9a56-b24a33aabd61",
    "data": [
      {
        "text": "what are the benefits online",
        "userDefined": false
      }
    ],
    "isTemplate": false,
    "count": 0,
    "updated": 0
  },
  {
    "id": "17a61794-0589-4529-9628-2af98cd69275",
    "data": [
      {
        "text": "will i get ",
        "userDefined": false
      },
      {
        "text": "$30",
        "alias": "unit-currency",
        "meta": "@sys.unit-currency",
        "userDefined": false
      },
      {
        "text": " off if i go online and ",
        "userDefined": false
      },
      {
        "text": "sign up",
        "alias": "Sign-up",
        "meta": "@Sign-up",
        "userDefined": false
      }
    ],
    "isTemplate": false,
    "count": 0,
    "updated": 0
  },
  {
    "id": "3e1b1ed9-e43d-40a8-be6f-5214a3aa55e4",
    "data": [
      {
        "text": "will i enjoy ",
        "userDefined": false
      },
      {
        "text": "$30",
        "alias": "unit-currency",
        "meta": "@sys.unit-currency",
        "userDefined": false
      },
      {
        "text": " off if i go online and ",
        "userDefined": false
      },
      {
        "text": "sign up",
        "alias": "Sign-up",
        "meta": "@Sign-up",
        "userDefined": false
      }
    ],
    "isTemplate": false,
    "count": 0,
    "updated": 0
  },
  {
    "id": "378e86c6-9946-4c98-899d-f19ffe9c4dec",
    "data": [
      {
        "text": "what are the ",
        "userDefined": false
      },
      {
        "text": "perks",
        "alias": "Discount",
        "meta": "@Discount",
        "userDefined": true
      },
      {
        "text": " of ",
        "userDefined": false
      },
      {
        "text": "signing up",
        "alias": "Sign-up",
        "meta": "@Sign-up",
        "userDefined": false
      },
      {
        "text": " online",
        "userDefined": false
      }
    ],
    "isTemplate": false,
    "count": 0,
    "updated": 0
  },
  {
    "id": "61b94c2f-8bb5-427e-96d7-777dbbf337d5",
    "data": [
      {
        "text": "will i get ",
        "userDefined": false
      },
      {
        "text": "$30",
        "alias": "unit-currency",
        "meta": "@sys.unit-currency",
        "userDefined": false
      },
      {
        "text": " off ",
        "userDefined": false
      },
      {
        "text": "online",
        "alias": "Online",
        "meta": "@Online",
        "userDefined": false
      },
      {
        "text": "?",
        "userDefined": false
      }
    ],
    "isTemplate": false,
    "count": 0,
    "updated": 0
  },
  {
    "id": "79208fe3-4b6d-4944-9c61-0593e1a7f91b",
    "data": [
      {
        "text": "will i get a ",
        "userDefined": false
      },
      {
        "text": "discount",
        "alias": "Discount",
        "meta": "@Discount",
        "userDefined": true
      },
      {
        "text": " ",
        "userDefined": false
      },
      {
        "text": "online",
        "alias": "Online",
        "meta": "@Online",
        "userDefined": false
      }
    ],
    "isTemplate": false,
    "count": 0,
    "updated": 0
  },
  {
    "id": "c0886823-558f-48b7-a1d2-c8aec8421f84",
    "data": [
      {
        "text": "is there any added ",
        "userDefined": false
      },
      {
        "text": "benefits",
        "alias": "Discount",
        "meta": "@Discount",
        "userDefined": true
      },
      {
        "text": " to get ",
        "userDefined": false
      },
      {
        "text": "cis",
        "alias": "CIS",
        "meta": "@CIS",
        "userDefined": false
      },
      {
        "text": " ",
        "userDefined": false
      },
      {
        "text": "online",
        "alias": "Online",
        "meta": "@Online",
        "userDefined": false
      }
    ],
    "isTemplate": false,
    "count": 0,
    "updated": 0
  },
  {
    "id": "af80add3-b1bb-421e-8e9c-7d5d3fa4d241",
    "data": [
      {
        "text": "any ",
        "userDefined": false
      },
      {
        "text": "discount",
        "alias": "Discount",
        "meta": "@Discount",
        "userDefined": true
      },
      {
        "text": " to ",
        "userDefined": false
      },
      {
        "text": "sign up",
        "alias": "Sign-up",
        "meta": "@Sign-up",
        "userDefined": false
      },
      {
        "text": " ",
        "userDefined": false
      },
      {
        "text": "online",
        "alias": "Online",
        "meta": "@Online",
        "userDefined": false
      }
    ],
    "isTemplate": false,
    "count": 0,
    "updated": 0
  },
  {
    "id": "d258e0e1-dc21-40d1-85a9-f18efe54e97a",
    "data": [
      {
        "text": "any ",
        "userDefined": false
      },
      {
        "text": "promos",
        "alias": "Promotion",
        "meta": "@Promotion",
        "userDefined": false
      },
      {
        "text": " to ",
        "userDefined": false
      },
      {
        "text": "sign up",
        "alias": "Sign-up",
        "meta": "@Sign-up",
        "userDefined": false
      },
      {
        "text": " ",
        "userDefined": false
      },
      {
        "text": "online",
        "alias": "Online",
        "meta": "@Online",
        "userDefined": false
      }
    ],
    "isTemplate": false,
    "count": 0,
    "updated": 0
  },
  {
    "id": "d53b583d-f84d-496f-84b5-6b2e5ebd4da6",
    "data": [
      {
        "text": "is there any added ",
        "userDefined": false
      },
      {
        "text": "benefits",
        "alias": "Discount",
        "meta": "@Discount",
        "userDefined": true
      },
      {
        "text": " to ",
        "userDefined": false
      },
      {
        "text": "sign up",
        "alias": "Sign-up",
        "meta": "@Sign-up",
        "userDefined": false
      },
      {
        "text": " on ",
        "userDefined": false
      },
      {
        "text": "website",
        "alias": "Online",
        "meta": "@Online",
        "userDefined": false
      }
    ],
    "isTemplate": false,
    "count": 0,
    "updated": 0
  },
  {
    "id": "8015ca24-3553-472c-8c66-161ad8cfdd24",
    "data": [
      {
        "text": "any ",
        "userDefined": false
      },
      {
        "text": "benefits",
        "alias": "Discount",
        "meta": "@Discount",
        "userDefined": true
      },
      {
        "text": " to ",
        "userDefined": false
      },
      {
        "text": "sign up",
        "alias": "Sign-up",
        "meta": "@Sign-up",
        "userDefined": false
      },
      {
        "text": " ",
        "userDefined": false
      },
      {
        "text": "online",
        "alias": "Online",
        "meta": "@Online",
        "userDefined": false
      }
    ],
    "isTemplate": false,
    "count": 0,
    "updated": 0
  },
  {
    "id": "03fcd6c7-38f9-4178-b33b-514f86865853",
    "data": [
      {
        "text": "any ",
        "userDefined": false
      },
      {
        "text": "benefits",
        "alias": "Discount",
        "meta": "@Discount",
        "userDefined": true
      },
      {
        "text": " to ",
        "userDefined": false
      },
      {
        "text": "sign up",
        "alias": "Sign-up",
        "meta": "@Sign-up",
        "userDefined": false
      },
      {
        "text": " on ",
        "userDefined": false
      },
      {
        "text": "website",
        "alias": "Online",
        "meta": "@Online",
        "userDefined": false
      }
    ],
    "isTemplate": false,
    "count": 0,
    "updated": 0
  },
  {
    "id": "8178fff4-33b0-406b-ba8e-c15a132ccfb8",
    "data": [
      {
        "text": "do i get any ",
        "userDefined": false
      },
      {
        "text": "discount",
        "alias": "Discount",
        "meta": "@Discount",
        "userDefined": true
      },
      {
        "text": " if i ",
        "userDefined": false
      },
      {
        "text": "sign up",
        "alias": "Sign-up",
        "meta": "@Sign-up",
        "userDefined": false
      },
      {
        "text": " via ",
        "userDefined": false
      },
      {
        "text": "website",
        "alias": "Online",
        "meta": "@Online",
        "userDefined": true
      }
    ],
    "isTemplate": false,
    "count": 0,
    "updated": 0
  },
  {
    "id": "17891148-3fbd-4489-ab06-0571c11538f6",
    "data": [
      {
        "text": "will i enjoy ",
        "userDefined": false
      },
      {
        "text": "$30",
        "alias": "unit-currency",
        "meta": "@sys.unit-currency",
        "userDefined": false
      },
      {
        "text": " ",
        "userDefined": false
      },
      {
        "text": "discount",
        "alias": "Discount",
        "meta": "@Discount",
        "userDefined": true
      },
      {
        "text": " if i ",
        "userDefined": false
      },
      {
        "text": "sign up",
        "alias": "Sign-up",
        "meta": "@Sign-up",
        "userDefined": false
      },
      {
        "text": " ",
        "userDefined": false
      },
      {
        "text": "online",
        "alias": "Online",
        "meta": "@Online",
        "userDefined": true
      }
    ],
    "isTemplate": false,
    "count": 1,
    "updated": 0
  },
  {
    "id": "d656c6ee-81f2-4191-a06b-c5bc5b563985",
    "data": [
      {
        "text": "is there any ",
        "userDefined": false
      },
      {
        "text": "discount",
        "alias": "Discount",
        "meta": "@Discount",
        "userDefined": true
      },
      {
        "text": " if i ",
        "userDefined": false
      },
      {
        "text": "sign up",
        "alias": "Sign-up",
        "meta": "@Sign-up",
        "userDefined": false
      },
      {
        "text": " ",
        "userDefined": false
      },
      {
        "text": "online",
        "alias": "Online",
        "meta": "@Online",
        "userDefined": true
      }
    ],
    "isTemplate": false,
    "count": 0,
    "updated": 0
  },
  {
    "id": "649ff44f-9caa-4826-aa90-381a49f21084",
    "data": [
      {
        "text": "do i get ",
        "userDefined": false
      },
      {
        "text": "special price",
        "alias": "Discount",
        "meta": "@Discount",
        "userDefined": true
      },
      {
        "text": " if i ",
        "userDefined": false
      },
      {
        "text": "sign up",
        "alias": "Sign-up",
        "meta": "@Sign-up",
        "userDefined": false
      },
      {
        "text": " on the website",
        "userDefined": false
      }
    ],
    "isTemplate": false,
    "count": 0,
    "updated": 0
  },
  {
    "id": "88dbd9c2-9443-4c27-ab29-6a6bfcbc9d0e",
    "data": [
      {
        "text": "will i enjoy ",
        "userDefined": false
      },
      {
        "text": "discount",
        "alias": "Discount",
        "meta": "@Discount",
        "userDefined": true
      },
      {
        "text": " if i ",
        "userDefined": false
      },
      {
        "text": "sign up",
        "alias": "Sign-up",
        "meta": "@Sign-up",
        "userDefined": false
      },
      {
        "text": " on the website",
        "userDefined": false
      }
    ],
    "isTemplate": false,
    "count": 0,
    "updated": 0
  },
  {
    "id": "5384074a-31bc-4211-9546-9049dc7e7ee1",
    "data": [
      {
        "text": "do i get ",
        "userDefined": false
      },
      {
        "text": "special rate",
        "alias": "Discount",
        "meta": "@Discount",
        "userDefined": true
      },
      {
        "text": " when i ",
        "userDefined": false
      },
      {
        "text": "sign up",
        "alias": "Sign-up",
        "meta": "@Sign-up",
        "userDefined": false
      },
      {
        "text": " via the website",
        "userDefined": false
      }
    ],
    "isTemplate": false,
    "count": 0,
    "updated": 0
  },
  {
    "id": "4ab1fec3-c2cf-4790-9a70-567a0628c143",
    "data": [
      {
        "text": "is there any ",
        "userDefined": false
      },
      {
        "text": "discount",
        "alias": "Discount",
        "meta": "@Discount",
        "userDefined": true
      },
      {
        "text": " if i ",
        "userDefined": false
      },
      {
        "text": "sign up",
        "alias": "Sign-up",
        "meta": "@Sign-up",
        "userDefined": false
      },
      {
        "text": " via the website",
        "userDefined": false
      }
    ],
    "isTemplate": false,
    "count": 0,
    "updated": 0
  },
  {
    "id": "ad0d738a-6a5f-43bc-9780-27a221002078",
    "data": [
      {
        "text": "is there any ",
        "userDefined": false
      },
      {
        "text": "discount",
        "alias": "Discount",
        "meta": "@Discount",
        "userDefined": true
      },
      {
        "text": " if i ",
        "userDefined": false
      },
      {
        "text": "sign up",
        "alias": "Sign-up",
        "meta": "@Sign-up",
        "userDefined": false
      },
      {
        "text": " on website",
        "userDefined": false
      }
    ],
    "isTemplate": false,
    "count": 0,
    "updated": 0
  },
  {
    "id": "85ad4b69-a7d4-4164-bf16-092af15dfdae",
    "data": [
      {
        "text": "is there any ",
        "userDefined": false
      },
      {
        "text": "special price",
        "alias": "Discount",
        "meta": "@Discount",
        "userDefined": true
      },
      {
        "text": " if i ",
        "userDefined": false
      },
      {
        "text": "sign up",
        "alias": "Sign-up",
        "meta": "@Sign-up",
        "userDefined": false
      },
      {
        "text": " on the website",
        "userDefined": false
      }
    ],
    "isTemplate": false,
    "count": 0,
    "updated": 0
  },
  {
    "id": "af14b47f-1a5d-498c-bd9a-9b7d1c71dc83",
    "data": [
      {
        "text": "is there any ",
        "userDefined": false
      },
      {
        "text": "special price",
        "alias": "Discount",
        "meta": "@Discount",
        "userDefined": true
      },
      {
        "text": " online",
        "userDefined": false
      }
    ],
    "isTemplate": false,
    "count": 0,
    "updated": 0
  },
  {
    "id": "1d35d859-e23c-4cf6-8bbc-59addfa379b1",
    "data": [
      {
        "text": "will i get the ",
        "userDefined": false
      },
      {
        "text": "$30",
        "alias": "unit-currency",
        "meta": "@sys.unit-currency",
        "userDefined": false
      },
      {
        "text": " ",
        "userDefined": false
      },
      {
        "text": "discount",
        "alias": "Discount",
        "meta": "@Discount",
        "userDefined": true
      },
      {
        "text": " if i ",
        "userDefined": false
      },
      {
        "text": "sign up",
        "alias": "Sign-up",
        "meta": "@Sign-up",
        "userDefined": false
      },
      {
        "text": " ",
        "userDefined": false
      },
      {
        "text": "online",
        "alias": "Online",
        "meta": "@Online",
        "userDefined": true
      }
    ],
    "isTemplate": false,
    "count": 0,
    "updated": 0
  },
  {
    "id": "029e2ab6-70d9-4a08-9d9c-d680ab4a5af9",
    "data": [
      {
        "text": "is there any ",
        "userDefined": false
      },
      {
        "text": "discount",
        "alias": "Discount",
        "meta": "@Discount",
        "userDefined": true
      },
      {
        "text": " ",
        "userDefined": false
      },
      {
        "text": "online",
        "alias": "Online",
        "meta": "@Online",
        "userDefined": true
      }
    ],
    "isTemplate": false,
    "count": 0,
    "updated": 0
  },
  {
    "id": "7489b95c-c843-4125-9e01-65f1a3cd78b8",
    "data": [
      {
        "text": "will i enjoy ",
        "userDefined": false
      },
      {
        "text": "discount",
        "alias": "Discount",
        "meta": "@Discount",
        "userDefined": true
      },
      {
        "text": " ",
        "userDefined": false
      },
      {
        "text": "online",
        "alias": "Online",
        "meta": "@Online",
        "userDefined": true
      }
    ],
    "isTemplate": false,
    "count": 0,
    "updated": 0
  },
  {
    "id": "378679da-43ae-4a00-98ba-e8f77a11e7fd",
    "data": [
      {
        "text": "is the free caller ",
        "userDefined": false
      },
      {
        "text": "ID",
        "alias": "NRIC",
        "meta": "@NRIC",
        "userDefined": false
      },
      {
        "text": " only for ",
        "userDefined": false
      },
      {
        "text": "online",
        "alias": "Online",
        "meta": "@Online",
        "userDefined": true
      },
      {
        "text": " purcase",
        "userDefined": false
      }
    ],
    "isTemplate": false,
    "count": 0,
    "updated": 0
  },
  {
    "id": "9729db82-12e8-497c-926d-1cbd9c2e8d3f",
    "data": [
      {
        "text": "Why should i ",
        "userDefined": false
      },
      {
        "text": "sign up",
        "alias": "Sign-up",
        "meta": "@Sign-up",
        "userDefined": false
      },
      {
        "text": " ",
        "userDefined": false
      },
      {
        "text": "online",
        "alias": "Online",
        "meta": "@Online",
        "userDefined": true
      }
    ],
    "isTemplate": false,
    "count": 0,
    "updated": 0
  },
  {
    "id": "263ead26-be20-455a-9147-dd4b91cef138",
    "data": [
      {
        "text": "why should i go online to ",
        "userDefined": false
      },
      {
        "text": "sign up",
        "alias": "Sign-up",
        "meta": "@Sign-up",
        "userDefined": false
      }
    ],
    "isTemplate": false,
    "count": 0,
    "updated": 0
  },
  {
    "id": "be392750-32e7-4739-a8f9-c0b73faba26c",
    "data": [
      {
        "text": "what are the ",
        "userDefined": false
      },
      {
        "text": "special discounts",
        "alias": "Discount",
        "meta": "@Discount",
        "userDefined": true
      },
      {
        "text": " ",
        "userDefined": false
      },
      {
        "text": "online",
        "alias": "Online",
        "meta": "@Online",
        "userDefined": true
      }
    ],
    "isTemplate": false,
    "count": 1,
    "updated": 0
  },
  {
    "id": "81278a72-254d-4943-b6ce-ba5959bd3f12",
    "data": [
      {
        "text": "what are the ",
        "userDefined": false
      },
      {
        "text": "benefits",
        "alias": "Discount",
        "meta": "@Discount",
        "userDefined": true
      },
      {
        "text": " of signing up ",
        "userDefined": false
      },
      {
        "text": "online",
        "alias": "Online",
        "meta": "@Online",
        "userDefined": true
      }
    ],
    "isTemplate": false,
    "count": 1,
    "updated": 0
  },
  {
    "id": "54e0f021-602f-4502-8a42-3dffc10d6dcc",
    "data": [
      {
        "text": "why should i ",
        "userDefined": false
      },
      {
        "text": "sign up",
        "alias": "Sign-up",
        "meta": "@Sign-up",
        "userDefined": false
      },
      {
        "text": " ",
        "userDefined": false
      },
      {
        "text": "online",
        "alias": "Online",
        "meta": "@Online",
        "userDefined": true
      }
    ],
    "isTemplate": false,
    "count": 0,
    "updated": 0
  },
  {
    "id": "54a54615-53f9-43a9-bda0-16fc45ec9294",
    "data": [
      {
        "text": "what are the difference between signing up ",
        "userDefined": false
      },
      {
        "text": "online",
        "alias": "Online",
        "meta": "@Online",
        "userDefined": true
      },
      {
        "text": " and at stores",
        "userDefined": false
      }
    ],
    "isTemplate": false,
    "count": 1,
    "updated": 0
  },
  {
    "id": "f6cf6b7e-2946-47f6-b3ca-2fec312e5d53",
    "data": [
      {
        "text": "what\u0027s good about signing up ",
        "userDefined": false
      },
      {
        "text": "online",
        "alias": "Online",
        "meta": "@Online",
        "userDefined": true
      }
    ],
    "isTemplate": false,
    "count": 0,
    "updated": 0
  },
  {
    "id": "d25e0bb4-97f2-48e5-97c1-f1c8517de566",
    "data": [
      {
        "text": "is there any benefits when i sign up ",
        "userDefined": false
      },
      {
        "text": "online",
        "alias": "Online",
        "meta": "@Online",
        "userDefined": true
      },
      {
        "text": "?",
        "userDefined": false
      }
    ],
    "isTemplate": false,
    "count": 0,
    "updated": 0
  },
  {
    "id": "bfc29f4d-9d21-46f2-9bc7-de7763905d91",
    "data": [
      {
        "text": "what do i get for signing up ",
        "userDefined": false
      },
      {
        "text": "online",
        "alias": "Online",
        "meta": "@Online",
        "userDefined": true
      }
    ],
    "isTemplate": false,
    "count": 0,
    "updated": 0
  },
  {
    "id": "7ea3f4fe-3b71-4500-96f0-cfea007e135f",
    "data": [
      {
        "text": "is there any promotion for signing up ",
        "userDefined": false
      },
      {
        "text": "online",
        "alias": "Online",
        "meta": "@Online",
        "userDefined": true
      }
    ],
    "isTemplate": false,
    "count": 0,
    "updated": 0
  },
  {
    "id": "d6703b23-2481-430f-8416-c5c89950b82c",
    "data": [
      {
        "text": "what added benefits do i get for signing up ",
        "userDefined": false
      },
      {
        "text": "online",
        "alias": "Online",
        "meta": "@Online",
        "userDefined": true
      }
    ],
    "isTemplate": false,
    "count": 0,
    "updated": 0
  },
  {
    "id": "933d7801-7c57-438f-a71a-c9a38176c925",
    "data": [
      {
        "text": "is there any benefits for signing up ",
        "userDefined": false
      },
      {
        "text": "online",
        "alias": "Online",
        "meta": "@Online",
        "userDefined": true
      }
    ],
    "isTemplate": false,
    "count": 0,
    "updated": 0
  }
]