[
  {
    "id": "52b76991-52ca-4176-8bd3-31c1a12b76a2",
    "data": [
      {
        "text": "I have requested for ",
        "userDefined": false
      },
      {
        "text": "online",
        "alias": "Online",
        "meta": "@Online",
        "userDefined": false
      },
      {
        "text": " activation",
        "userDefined": false
      }
    ],
    "isTemplate": false,
    "count": 0,
    "updated": 0
  },
  {
    "id": "de7c6ab7-f887-4127-8912-39a34f6e491f",
    "data": [
      {
        "text": "hi how do i proceed with ",
        "userDefined": false
      },
      {
        "text": "online",
        "alias": "Online",
        "meta": "@Online",
        "userDefined": false
      },
      {
        "text": " registration for ",
        "userDefined": false
      },
      {
        "text": "port in",
        "alias": "PortIn",
        "meta": "@PortIn",
        "userDefined": false
      }
    ],
    "isTemplate": false,
    "count": 0,
    "updated": 0
  },
  {
    "id": "4d9bf3c6-b8a9-4df1-8e70-2ed57cd0e9d9",
    "data": [
      {
        "text": "what option i shall select to ",
        "userDefined": false
      },
      {
        "text": "port in",
        "alias": "PortIn",
        "meta": "@PortIn",
        "userDefined": false
      },
      {
        "text": " my existing number while doing ",
        "userDefined": false
      },
      {
        "text": "online",
        "alias": "Online",
        "meta": "@Online",
        "userDefined": false
      },
      {
        "text": " subscription",
        "userDefined": false
      }
    ],
    "isTemplate": false,
    "count": 0,
    "updated": 0
  },
  {
    "id": "9b1bf81f-371c-4c3c-b414-43a87a74edec",
    "data": [
      {
        "text": "what option to ",
        "userDefined": false
      },
      {
        "text": "subscribe",
        "alias": "Sign-up",
        "meta": "@Sign-up",
        "userDefined": false
      },
      {
        "text": " ",
        "userDefined": false
      },
      {
        "text": "online",
        "alias": "Online",
        "meta": "@Online",
        "userDefined": false
      }
    ],
    "isTemplate": false,
    "count": 0,
    "updated": 0
  },
  {
    "id": "cabb78ed-b079-48aa-bad5-92f0ebb71572",
    "data": [
      {
        "text": "Hi. I would like to get a ",
        "userDefined": false
      },
      {
        "text": "CIS",
        "alias": "CIS",
        "meta": "@CIS",
        "userDefined": false
      },
      {
        "text": " plan ",
        "userDefined": false
      },
      {
        "text": "online",
        "alias": "Online",
        "meta": "@Online",
        "userDefined": false
      }
    ],
    "isTemplate": false,
    "count": 0,
    "updated": 0
  },
  {
    "id": "0eb1eeb6-f647-48c9-b435-0523518f4305",
    "data": [
      {
        "text": "i want to know the ",
        "userDefined": false
      },
      {
        "text": "online cis shop",
        "alias": "OnlineSingtelSites",
        "meta": "@OnlineSingtelSites",
        "userDefined": false
      }
    ],
    "isTemplate": false,
    "count": 0,
    "updated": 0
  },
  {
    "id": "1b93ccd7-91f9-4c44-958a-a5706e257a3f",
    "data": [
      {
        "text": "Hi. I am currently under a ",
        "userDefined": false
      },
      {
        "text": "cis",
        "alias": "CIS",
        "meta": "@CIS",
        "userDefined": false
      },
      {
        "text": " combo ",
        "userDefined": false
      },
      {
        "text": "2",
        "alias": "number",
        "meta": "@sys.number",
        "userDefined": false
      },
      {
        "text": " plan due for ",
        "userDefined": false
      },
      {
        "text": "recontract",
        "alias": "Recontract",
        "meta": "@Recontract",
        "userDefined": false
      },
      {
        "text": ". However I am unable to access my ",
        "userDefined": false
      },
      {
        "text": "company",
        "alias": "Company",
        "meta": "@Company",
        "userDefined": false
      },
      {
        "text": " email outside of the ",
        "userDefined": false
      },
      {
        "text": "company",
        "alias": "Company1",
        "meta": "@Company",
        "userDefined": false
      },
      {
        "text": " premise. How can I sign up for it online?",
        "userDefined": false
      }
    ],
    "isTemplate": false,
    "count": 0,
    "updated": 0
  },
  {
    "id": "46851f7e-869c-453f-8f91-ccb25576856b",
    "data": [
      {
        "text": "signing up for ",
        "userDefined": false
      },
      {
        "text": "cis",
        "alias": "CIS",
        "meta": "@CIS",
        "userDefined": false
      },
      {
        "text": " online",
        "userDefined": false
      }
    ],
    "isTemplate": false,
    "count": 0,
    "updated": 0
  },
  {
    "id": "195936b6-f77d-4f5b-828a-0da34d96b512",
    "data": [
      {
        "text": "how do i ",
        "userDefined": false
      },
      {
        "text": "sign up",
        "alias": "Sign-up",
        "meta": "@Sign-up",
        "userDefined": false
      },
      {
        "text": " for a ",
        "userDefined": false
      },
      {
        "text": "CIS",
        "alias": "CIS",
        "meta": "@CIS",
        "userDefined": false
      },
      {
        "text": " plan online",
        "userDefined": false
      }
    ],
    "isTemplate": false,
    "count": 0,
    "updated": 0
  },
  {
    "id": "983796e3-d210-4d4f-99a1-4292173c79e6",
    "data": [
      {
        "text": "i want to ",
        "userDefined": false
      },
      {
        "text": "sign up",
        "alias": "Sign-up",
        "meta": "@Sign-up",
        "userDefined": false
      },
      {
        "text": " for ",
        "userDefined": false
      },
      {
        "text": "cis",
        "alias": "CIS",
        "meta": "@CIS",
        "userDefined": false
      },
      {
        "text": " online",
        "userDefined": false
      }
    ],
    "isTemplate": false,
    "count": 0,
    "updated": 0
  },
  {
    "id": "413d8aad-af38-493d-bc9d-e3da1fc91c1b",
    "data": [
      {
        "text": "can i ",
        "userDefined": false
      },
      {
        "text": "sign up",
        "alias": "Sign-up",
        "meta": "@Sign-up",
        "userDefined": false
      },
      {
        "text": " online",
        "userDefined": false
      }
    ],
    "isTemplate": false,
    "count": 0,
    "updated": 0
  },
  {
    "id": "106d0e9f-9fbc-4746-86e7-ec51aab79893",
    "data": [
      {
        "text": "sign up",
        "alias": "Sign-up",
        "meta": "@Sign-up",
        "userDefined": false
      },
      {
        "text": " online",
        "userDefined": false
      }
    ],
    "isTemplate": false,
    "count": 0,
    "updated": 0
  },
  {
    "id": "d5f28990-4fa1-4977-b83c-f915170959ea",
    "data": [
      {
        "text": "online ",
        "userDefined": false
      },
      {
        "text": "sign up",
        "alias": "Sign-up",
        "meta": "@Sign-up",
        "userDefined": false
      }
    ],
    "isTemplate": false,
    "count": 0,
    "updated": 0
  },
  {
    "id": "d3420e73-0b10-4d38-8aa2-3c471f3eee78",
    "data": [
      {
        "text": "where is the ",
        "userDefined": false
      },
      {
        "text": "online cis shop",
        "alias": "OnlineSingtelSites",
        "meta": "@OnlineSingtelSites",
        "userDefined": false
      }
    ],
    "isTemplate": false,
    "count": 0,
    "updated": 0
  },
  {
    "id": "192ac85f-2e50-43c7-b6fe-76147bec9c27",
    "data": [
      {
        "text": "how do i ",
        "userDefined": false
      },
      {
        "text": "sign up",
        "alias": "Sign-up",
        "meta": "@Sign-up",
        "userDefined": false
      },
      {
        "text": " online",
        "userDefined": false
      }
    ],
    "isTemplate": false,
    "count": 0,
    "updated": 0
  },
  {
    "id": "b03936a6-4980-4809-ab70-c95c6493cf45",
    "data": [
      {
        "text": "how do i ",
        "userDefined": false
      },
      {
        "text": "sign up",
        "alias": "Sign-up",
        "meta": "@Sign-up",
        "userDefined": false
      },
      {
        "text": " for ",
        "userDefined": false
      },
      {
        "text": "cis",
        "alias": "CIS",
        "meta": "@CIS",
        "userDefined": false
      },
      {
        "text": " online",
        "userDefined": false
      }
    ],
    "isTemplate": false,
    "count": 0,
    "updated": 0
  },
  {
    "id": "77f505a1-ffad-426d-9794-6d42707d5d45",
    "data": [
      {
        "text": "how to ",
        "userDefined": false
      },
      {
        "text": "sign up",
        "alias": "Sign-up",
        "meta": "@Sign-up",
        "userDefined": false
      },
      {
        "text": " online",
        "userDefined": false
      }
    ],
    "isTemplate": false,
    "count": 0,
    "updated": 0
  },
  {
    "id": "526ec191-bc3c-4890-b87f-00efb2535105",
    "data": [
      {
        "text": "I\u0027m interested to sign ",
        "userDefined": false
      },
      {
        "text": "online",
        "alias": "Online",
        "meta": "@Online",
        "userDefined": false
      },
      {
        "text": " ",
        "userDefined": false
      },
      {
        "text": "CIS",
        "alias": "CIS",
        "meta": "@CIS",
        "userDefined": false
      },
      {
        "text": " plan, will the plan \u0026 subscription rate be the same as current one?",
        "userDefined": false
      }
    ],
    "isTemplate": false,
    "count": 0,
    "updated": 0
  },
  {
    "id": "8636fb56-b756-4090-9897-8a7d77fbe1a4",
    "data": [
      {
        "text": "online cis shop",
        "alias": "OnlineSingtelSites",
        "meta": "@OnlineSingtelSites",
        "userDefined": false
      }
    ],
    "isTemplate": false,
    "count": 0,
    "updated": 0
  }
]