[
  {
    "id": "1e994b2f-21eb-493a-b8c7-c1614f13d71b",
    "data": [
      {
        "text": "and now I\u0027m already a ",
        "userDefined": false
      },
      {
        "text": "CIS",
        "alias": "CIS",
        "meta": "@CIS",
        "userDefined": false
      },
      {
        "text": " customer. But how come when I want to ",
        "userDefined": false
      },
      {
        "text": "recontract",
        "alias": "Recontract",
        "meta": "@Recontract",
        "userDefined": false
      },
      {
        "text": " I still got to pay for conversion ",
        "userDefined": false
      },
      {
        "text": "fees",
        "alias": "Fees",
        "meta": "@Fees",
        "userDefined": false
      },
      {
        "text": "?",
        "userDefined": false
      }
    ],
    "isTemplate": false,
    "count": 0,
    "updated": 0
  },
  {
    "id": "37ca81d8-1210-4db9-a6d0-788a547d8baf",
    "data": [
      {
        "text": "Hi, is there a ",
        "userDefined": false
      },
      {
        "text": "charge",
        "alias": "Fees",
        "meta": "@Fees",
        "userDefined": false
      },
      {
        "text": " to move into ",
        "userDefined": false
      },
      {
        "text": "CIS",
        "alias": "CIS",
        "meta": "@CIS",
        "userDefined": false
      },
      {
        "text": " if my contract expired",
        "userDefined": false
      }
    ],
    "isTemplate": false,
    "count": 0,
    "updated": 0
  },
  {
    "id": "2357ba71-ea3e-4c6f-b9f0-4b96dad6ea98",
    "data": [
      {
        "text": "re-contract",
        "alias": "Recontract",
        "meta": "@Recontract",
        "userDefined": false
      },
      {
        "text": " offline",
        "userDefined": false
      }
    ],
    "isTemplate": false,
    "count": 0,
    "updated": 0
  },
  {
    "id": "57cbcf85-2191-4427-928e-8d41a9ce214e",
    "data": [
      {
        "text": "does early ",
        "userDefined": false
      },
      {
        "text": "recontract",
        "alias": "Recontract",
        "meta": "@Recontract",
        "userDefined": false
      },
      {
        "text": " ",
        "userDefined": false
      },
      {
        "text": "grant",
        "alias": "given-name",
        "meta": "@sys.given-name",
        "userDefined": false
      },
      {
        "text": " cheaper price?",
        "userDefined": false
      }
    ],
    "isTemplate": false,
    "count": 0,
    "updated": 0
  },
  {
    "id": "fac7f09d-c226-4dd7-8a3a-9bd86afc9c8f",
    "data": [
      {
        "text": "how much do i need to pay if i want to ",
        "userDefined": false
      },
      {
        "text": "recontract",
        "alias": "Recontract",
        "meta": "@Recontract",
        "userDefined": false
      },
      {
        "text": " early",
        "userDefined": false
      }
    ],
    "isTemplate": false,
    "count": 0,
    "updated": 0
  },
  {
    "id": "a2088121-7329-4777-a5ee-7cb42b5024ef",
    "data": [
      {
        "text": "I would like to ",
        "userDefined": false
      },
      {
        "text": "re-contract",
        "alias": "Recontract",
        "meta": "@Recontract",
        "userDefined": false
      },
      {
        "text": " early, how much will I need to pay?",
        "userDefined": false
      }
    ],
    "isTemplate": false,
    "count": 0,
    "updated": 0
  },
  {
    "id": "6b41f90a-5b3b-415a-84ea-d65c23f15df1",
    "data": [
      {
        "text": "i am not sure about the cost of ",
        "userDefined": false
      },
      {
        "text": "recontract",
        "alias": "Recontract",
        "meta": "@Recontract",
        "userDefined": false
      },
      {
        "text": " to ",
        "userDefined": false
      },
      {
        "text": "cis",
        "alias": "CIS",
        "meta": "@CIS",
        "userDefined": false
      },
      {
        "text": " can you help explain",
        "userDefined": false
      }
    ],
    "isTemplate": false,
    "count": 0,
    "updated": 0
  },
  {
    "id": "7d16407b-26a4-48c5-9668-541ca4a6e791",
    "data": [
      {
        "text": "i am not sure about the cost of ",
        "userDefined": false
      },
      {
        "text": "recontract",
        "alias": "Recontract",
        "meta": "@Recontract",
        "userDefined": false
      },
      {
        "text": " can you tell me more",
        "userDefined": false
      }
    ],
    "isTemplate": false,
    "count": 0,
    "updated": 0
  },
  {
    "id": "8adcfbc8-ce08-418e-b3b8-56b382505359",
    "data": [
      {
        "text": "my contract is ending is there any ",
        "userDefined": false
      },
      {
        "text": "recontract",
        "alias": "Recontract",
        "meta": "@Recontract",
        "userDefined": false
      },
      {
        "text": " ",
        "userDefined": false
      },
      {
        "text": "fees",
        "alias": "Fees",
        "meta": "@Fees",
        "userDefined": false
      }
    ],
    "isTemplate": false,
    "count": 0,
    "updated": 0
  },
  {
    "id": "188f769b-f8ec-4c03-9380-9119e9edf218",
    "data": [
      {
        "text": "my contract has ended what are the ",
        "userDefined": false
      },
      {
        "text": "recontract",
        "alias": "Recontract",
        "meta": "@Recontract",
        "userDefined": false
      },
      {
        "text": " ",
        "userDefined": false
      },
      {
        "text": "fees",
        "alias": "Fees",
        "meta": "@Fees",
        "userDefined": false
      }
    ],
    "isTemplate": false,
    "count": 0,
    "updated": 0
  },
  {
    "id": "6e263ea1-b3c4-4c3a-8b12-bcf66a99b063",
    "data": [
      {
        "text": "my contract just ended i want to know the ",
        "userDefined": false
      },
      {
        "text": "fee",
        "alias": "Fees",
        "meta": "@Fees",
        "userDefined": false
      },
      {
        "text": " for ",
        "userDefined": false
      },
      {
        "text": "recontract",
        "alias": "Recontract",
        "meta": "@Recontract",
        "userDefined": false
      }
    ],
    "isTemplate": false,
    "count": 0,
    "updated": 0
  },
  {
    "id": "57ce3901-2f04-4c10-8a98-8c5ad8880e5b",
    "data": [
      {
        "text": "my contract have not ended is there any ",
        "userDefined": false
      },
      {
        "text": "recontract",
        "alias": "Recontract",
        "meta": "@Recontract",
        "userDefined": true
      },
      {
        "text": " ",
        "userDefined": false
      },
      {
        "text": "fees",
        "alias": "Fees",
        "meta": "@Fees",
        "userDefined": true
      }
    ],
    "isTemplate": false,
    "count": 0,
    "updated": 0
  },
  {
    "id": "6e5f7379-5e62-4e6c-9ace-473080833f12",
    "data": [
      {
        "text": "is there any ",
        "userDefined": false
      },
      {
        "text": "charges",
        "alias": "Fees",
        "meta": "@Fees",
        "userDefined": true
      },
      {
        "text": " to ",
        "userDefined": false
      },
      {
        "text": "recontract",
        "alias": "Recontract",
        "meta": "@Recontract",
        "userDefined": false
      },
      {
        "text": " early",
        "userDefined": false
      }
    ],
    "isTemplate": false,
    "count": 0,
    "updated": 0
  },
  {
    "id": "94c49c42-4d9e-4cc6-abcf-a07726ea18dc",
    "data": [
      {
        "text": "is there any ",
        "userDefined": false
      },
      {
        "text": "fee",
        "alias": "Fees",
        "meta": "@Fees",
        "userDefined": true
      },
      {
        "text": " if i want to ",
        "userDefined": false
      },
      {
        "text": "recontract",
        "alias": "Recontract",
        "meta": "@Recontract",
        "userDefined": false
      },
      {
        "text": " early",
        "userDefined": false
      }
    ],
    "isTemplate": false,
    "count": 0,
    "updated": 0
  },
  {
    "id": "d60225a9-ddd9-42de-ac79-0a90e07560b1",
    "data": [
      {
        "text": "how much do i need to pay to ",
        "userDefined": false
      },
      {
        "text": "recontract early",
        "meta": "@sys.ignore",
        "userDefined": false
      }
    ],
    "isTemplate": false,
    "count": 0,
    "updated": 0
  },
  {
    "id": "99e8bc65-654d-4bbb-a922-8d27f5f62981",
    "data": [
      {
        "text": "how much must i pay if i want to ",
        "userDefined": false
      },
      {
        "text": "recontract",
        "alias": "Recontract",
        "meta": "@Recontract",
        "userDefined": false
      }
    ],
    "isTemplate": false,
    "count": 0,
    "updated": 0
  },
  {
    "id": "47105ecf-5c2e-4a25-b602-0414760e4d48",
    "data": [
      {
        "text": "how ",
        "userDefined": false
      },
      {
        "text": "much must i",
        "alias": "Recontract",
        "meta": "@Recontract",
        "userDefined": true
      },
      {
        "text": " pay if i ",
        "userDefined": false
      },
      {
        "text": "recontract",
        "alias": "Recontract",
        "meta": "@Recontract",
        "userDefined": false
      },
      {
        "text": " ",
        "userDefined": false
      },
      {
        "text": "before 1 year",
        "meta": "@sys.ignore",
        "userDefined": false
      }
    ],
    "isTemplate": false,
    "count": 0,
    "updated": 0
  },
  {
    "id": "939d63c1-fd7c-4498-8b6c-d6adfc8364a1",
    "data": [
      {
        "text": "how much do i need to pay ",
        "userDefined": false
      },
      {
        "text": "recontract",
        "alias": "Recontract",
        "meta": "@Recontract",
        "userDefined": false
      }
    ],
    "isTemplate": false,
    "count": 0,
    "updated": 0
  },
  {
    "id": "1ccba751-5792-477d-86bf-bd892ac630fe",
    "data": [
      {
        "text": "any admin fees?",
        "userDefined": false
      }
    ],
    "isTemplate": false,
    "count": 0,
    "updated": 0
  },
  {
    "id": "3f92a229-7687-4155-b274-5ad9f352b6cf",
    "data": [
      {
        "text": "will i be charged any ",
        "userDefined": false
      },
      {
        "text": "fees",
        "alias": "Fees",
        "meta": "@Fees",
        "userDefined": true
      },
      {
        "text": " for ",
        "userDefined": false
      },
      {
        "text": "recontracting",
        "alias": "Recontract",
        "meta": "@Recontract",
        "userDefined": false
      },
      {
        "text": "?",
        "userDefined": false
      }
    ],
    "isTemplate": false,
    "count": 0,
    "updated": 0
  },
  {
    "id": "db7182ff-33b8-4127-90d6-8486edabcdf1",
    "data": [
      {
        "text": "is there a ",
        "userDefined": false
      },
      {
        "text": "penalty",
        "alias": "Fees",
        "meta": "@Fees",
        "userDefined": true
      },
      {
        "text": " if i ",
        "userDefined": false
      },
      {
        "text": "recontract",
        "alias": "Recontract",
        "meta": "@Recontract",
        "userDefined": false
      },
      {
        "text": " now",
        "userDefined": false
      }
    ],
    "isTemplate": false,
    "count": 0,
    "updated": 0
  },
  {
    "id": "cdf45d68-7b86-4011-a401-d00798835070",
    "data": [
      {
        "text": "do i have to pay anything if i want to ",
        "userDefined": false
      },
      {
        "text": "recontract",
        "alias": "Recontract",
        "meta": "@Recontract",
        "userDefined": false
      },
      {
        "text": " early",
        "userDefined": false
      }
    ],
    "isTemplate": false,
    "count": 1,
    "updated": 0
  },
  {
    "id": "5ff33a48-a5f4-422c-8a0e-37f19c0a780d",
    "data": [
      {
        "text": "how much do i have to pay if i ",
        "userDefined": false
      },
      {
        "text": "recontract",
        "alias": "Recontract",
        "meta": "@Recontract",
        "userDefined": false
      },
      {
        "text": " early",
        "userDefined": false
      }
    ],
    "isTemplate": false,
    "count": 0,
    "updated": 0
  },
  {
    "id": "7e43feb2-1357-4f54-933a-9aaed7091f55",
    "data": [
      {
        "text": "do i have to pay to ",
        "userDefined": false
      },
      {
        "text": "recontract",
        "alias": "Recontract",
        "meta": "@Recontract",
        "userDefined": false
      }
    ],
    "isTemplate": false,
    "count": 0,
    "updated": 0
  },
  {
    "id": "0a2e0bf8-e605-4fac-8405-7bb05994367a",
    "data": [
      {
        "text": "are there any ",
        "userDefined": false
      },
      {
        "text": "charges",
        "alias": "Fees",
        "meta": "@Fees",
        "userDefined": true
      },
      {
        "text": " to ",
        "userDefined": false
      },
      {
        "text": "recontract",
        "alias": "Recontract",
        "meta": "@Recontract",
        "userDefined": false
      },
      {
        "text": "?",
        "userDefined": false
      }
    ],
    "isTemplate": false,
    "count": 0,
    "updated": 0
  },
  {
    "id": "ac1dee00-1ea8-47dd-bdc8-e2fa3a096318",
    "data": [
      {
        "text": "is there any ",
        "userDefined": false
      },
      {
        "text": "recontract",
        "alias": "Recontract",
        "meta": "@Recontract",
        "userDefined": false
      },
      {
        "text": " ",
        "userDefined": false
      },
      {
        "text": "charge",
        "alias": "Fees",
        "meta": "@Fees",
        "userDefined": true
      }
    ],
    "isTemplate": false,
    "count": 0,
    "updated": 0
  },
  {
    "id": "7c982fba-cf72-413b-9eec-969915d63de2",
    "data": [
      {
        "text": "price of ",
        "userDefined": false
      },
      {
        "text": "recontract",
        "alias": "Recontract",
        "meta": "@Recontract",
        "userDefined": false
      }
    ],
    "isTemplate": false,
    "count": 0,
    "updated": 0
  },
  {
    "id": "4b8490eb-e61b-4e0a-96b8-215259b938ae",
    "data": [
      {
        "text": "can you tell me the amount of money i should pay for ",
        "userDefined": false
      },
      {
        "text": "recontract",
        "alias": "Recontract",
        "meta": "@Recontract",
        "userDefined": false
      }
    ],
    "isTemplate": false,
    "count": 0,
    "updated": 0
  },
  {
    "id": "0ad96f10-e7c7-4347-b775-3f67aefd071f",
    "data": [
      {
        "text": "how much does ",
        "userDefined": false
      },
      {
        "text": "recontract",
        "alias": "Recontract",
        "meta": "@Recontract",
        "userDefined": false
      },
      {
        "text": " admin cost",
        "userDefined": false
      }
    ],
    "isTemplate": false,
    "count": 0,
    "updated": 0
  },
  {
    "id": "cade9cd6-7546-4d46-920d-1c0acfe5194b",
    "data": [
      {
        "text": "recontract",
        "alias": "Recontract",
        "meta": "@Recontract",
        "userDefined": false
      },
      {
        "text": " cost",
        "userDefined": false
      }
    ],
    "isTemplate": false,
    "count": 0,
    "updated": 0
  },
  {
    "id": "dcdcc1bb-25c4-416d-a9b8-2a80e26c293a",
    "data": [
      {
        "text": "how much should i pay for admin ",
        "userDefined": false
      },
      {
        "text": "charges",
        "alias": "Fees",
        "meta": "@Fees",
        "userDefined": true
      }
    ],
    "isTemplate": false,
    "count": 0,
    "updated": 0
  },
  {
    "id": "04349d1b-d785-4683-aeaa-ae5c9bc11b7b",
    "data": [
      {
        "text": "how much is the ",
        "userDefined": false
      },
      {
        "text": "recontract",
        "alias": "Recontract",
        "meta": "@Recontract",
        "userDefined": false
      },
      {
        "text": " admin ",
        "userDefined": false
      },
      {
        "text": "charge",
        "alias": "Fees",
        "meta": "@Fees",
        "userDefined": true
      }
    ],
    "isTemplate": false,
    "count": 0,
    "updated": 0
  },
  {
    "id": "9c82476a-7994-4fd3-a977-9263a0aef3aa",
    "data": [
      {
        "text": "i want to ",
        "userDefined": false
      },
      {
        "text": "recontract",
        "alias": "Recontract",
        "meta": "@Recontract",
        "userDefined": false
      },
      {
        "text": ", any ",
        "userDefined": false
      },
      {
        "text": "fee",
        "alias": "Fees",
        "meta": "@Fees",
        "userDefined": true
      },
      {
        "text": " incurred?",
        "userDefined": false
      }
    ],
    "isTemplate": false,
    "count": 0,
    "updated": 0
  },
  {
    "id": "bd4aee9d-d816-4d11-8162-b05d364bd4b0",
    "data": [
      {
        "text": "any ",
        "userDefined": false
      },
      {
        "text": "recontract",
        "alias": "Recontract",
        "meta": "@Recontract",
        "userDefined": false
      },
      {
        "text": " fee?",
        "userDefined": false
      }
    ],
    "isTemplate": false,
    "count": 0,
    "updated": 0
  },
  {
    "id": "8b969179-3e17-4dc0-83aa-8a9e09ed1b92",
    "data": [
      {
        "text": "is there any fee incurred for ",
        "userDefined": false
      },
      {
        "text": "recontract",
        "alias": "Recontract",
        "meta": "@Recontract",
        "userDefined": false
      },
      {
        "text": "?",
        "userDefined": false
      }
    ],
    "isTemplate": false,
    "count": 0,
    "updated": 0
  },
  {
    "id": "9dc836b0-8ff4-412f-a85b-77bf85878557",
    "data": [
      {
        "text": "what are the ",
        "userDefined": false
      },
      {
        "text": "recontract",
        "alias": "Recontract",
        "meta": "@Recontract",
        "userDefined": false
      },
      {
        "text": " fees",
        "userDefined": false
      }
    ],
    "isTemplate": false,
    "count": 0,
    "updated": 0
  },
  {
    "id": "2f73f13a-ac16-4fb3-a89e-b30c7c1a4225",
    "data": [
      {
        "text": "i want to know the ",
        "userDefined": false
      },
      {
        "text": "recontract",
        "alias": "Recontract",
        "meta": "@Recontract",
        "userDefined": true
      },
      {
        "text": " admin charges",
        "userDefined": false
      }
    ],
    "isTemplate": false,
    "count": 0,
    "updated": 0
  },
  {
    "id": "f4bd9c0d-aedf-485c-9508-6681ececbdd4",
    "data": [
      {
        "text": "what is the administrative charge for ",
        "userDefined": false
      },
      {
        "text": "recontract",
        "alias": "Recontract",
        "meta": "@Recontract",
        "userDefined": true
      },
      {
        "text": " prices",
        "userDefined": false
      }
    ],
    "isTemplate": false,
    "count": 0,
    "updated": 0
  },
  {
    "id": "cb231e04-ee9a-4bc7-9ee9-9f1b4a52c141",
    "data": [
      {
        "text": "i want to know the ",
        "userDefined": false
      },
      {
        "text": "recontract",
        "alias": "Recontract",
        "meta": "@Recontract",
        "userDefined": true
      },
      {
        "text": " charges",
        "userDefined": false
      }
    ],
    "isTemplate": false,
    "count": 0,
    "updated": 0
  },
  {
    "id": "5fd29a78-edab-43d9-98bb-0f75d3f904bb",
    "data": [
      {
        "text": "what are the ",
        "userDefined": false
      },
      {
        "text": "recontract",
        "alias": "Recontract",
        "meta": "@Recontract",
        "userDefined": true
      },
      {
        "text": " charges",
        "userDefined": false
      }
    ],
    "isTemplate": false,
    "count": 0,
    "updated": 0
  },
  {
    "id": "b719baa4-4e00-4e3e-ade7-768e39f2d990",
    "data": [
      {
        "text": "is there any ",
        "userDefined": false
      },
      {
        "text": "re-contract",
        "alias": "Recontract",
        "meta": "@Recontract",
        "userDefined": true
      },
      {
        "text": " ",
        "userDefined": false
      },
      {
        "text": "charges",
        "meta": "@sys.ignore",
        "userDefined": true
      }
    ],
    "isTemplate": false,
    "count": 0,
    "updated": 0
  },
  {
    "id": "90b10c5f-e236-43bf-9324-c71d28f20310",
    "data": [
      {
        "text": "is there any admin charges for ",
        "userDefined": false
      },
      {
        "text": "re-contract",
        "alias": "Recontract",
        "meta": "@Recontract",
        "userDefined": true
      },
      {
        "text": "?",
        "userDefined": false
      }
    ],
    "isTemplate": false,
    "count": 0,
    "updated": 0
  },
  {
    "id": "8c4fccfd-61be-45f6-b71a-825ae1d951b7",
    "data": [
      {
        "text": "what are the ",
        "userDefined": false
      },
      {
        "text": "re-contract",
        "alias": "Recontract",
        "meta": "@Recontract",
        "userDefined": true
      },
      {
        "text": " charges?",
        "userDefined": false
      }
    ],
    "isTemplate": false,
    "count": 0,
    "updated": 0
  },
  {
    "id": "3c052bb1-d002-4f4c-bc91-45d76e586be8",
    "data": [
      {
        "text": "recontract",
        "alias": "Recontract",
        "meta": "@Recontract",
        "userDefined": false
      },
      {
        "text": " payment",
        "userDefined": false
      }
    ],
    "isTemplate": false,
    "count": 0,
    "updated": 0
  },
  {
    "id": "3acd9be3-ccbd-4afe-8028-8525c5b2383f",
    "data": [
      {
        "text": "fees to recontract",
        "userDefined": false
      }
    ],
    "isTemplate": false,
    "count": 0,
    "updated": 0
  },
  {
    "id": "6eb462e4-2f28-469d-a3e6-184f3f4ee48f",
    "data": [
      {
        "text": "what are the fees to ",
        "userDefined": false
      },
      {
        "text": "recontract",
        "alias": "Recontract",
        "meta": "@Recontract",
        "userDefined": false
      }
    ],
    "isTemplate": false,
    "count": 0,
    "updated": 0
  },
  {
    "id": "2b50dc01-dab0-4f3e-ae80-c966b5d6416b",
    "data": [
      {
        "text": "What are the administrative charge for customers who ",
        "userDefined": false
      },
      {
        "text": "re-contract",
        "alias": "Recontract",
        "meta": "@Recontract",
        "userDefined": true
      },
      {
        "text": "?",
        "userDefined": false
      }
    ],
    "isTemplate": false,
    "count": 0,
    "updated": 0
  }
]