[
  {
    "id": "4ec0a834-e90c-488d-82a1-25e6f5c3c373",
    "data": [
      {
        "text": "what is aneka plus",
        "userDefined": false
      }
    ],
    "isTemplate": false,
    "count": 0,
    "updated": 0
  },
  {
    "id": "6a6370ab-8fc2-4d05-8ad0-2d640c99d86d",
    "data": [
      {
        "text": "what is aneka",
        "userDefined": false
      }
    ],
    "isTemplate": false,
    "count": 0,
    "updated": 0
  },
  {
    "id": "73b7cfbb-077a-4870-b65d-adcc78a6c82f",
    "data": [
      {
        "text": "how can i watch aneka",
        "userDefined": false
      }
    ],
    "isTemplate": false,
    "count": 0,
    "updated": 0
  },
  {
    "id": "f40dc334-e520-48e7-9201-76bda89ba4b1",
    "data": [
      {
        "text": "i want to watch aneka on my ",
        "userDefined": false
      },
      {
        "text": "phone",
        "alias": "Handphone",
        "meta": "@Handphone",
        "userDefined": false
      }
    ],
    "isTemplate": false,
    "count": 0,
    "updated": 0
  },
  {
    "id": "bac94279-1ec9-4847-8b53-21d76e427548",
    "data": [
      {
        "text": "how to watch aneka plus",
        "userDefined": false
      }
    ],
    "isTemplate": false,
    "count": 0,
    "updated": 0
  },
  {
    "id": "de3014e4-3797-41eb-a0cd-4e672fcd843a",
    "data": [
      {
        "text": "aneka",
        "userDefined": false
      }
    ],
    "isTemplate": false,
    "count": 0,
    "updated": 0
  },
  {
    "id": "d7928b19-ad0e-46c5-ba70-5313fb53f6ee",
    "data": [
      {
        "text": "aneka plus",
        "userDefined": false
      }
    ],
    "isTemplate": false,
    "count": 0,
    "updated": 0
  }
]