[
  {
    "id": "d8aa835c-31af-4818-9071-4379753d2fe5",
    "data": [
      {
        "text": "Between 1st to 5th Month",
        "meta": "@sys.ignore",
        "userDefined": false
      }
    ],
    "isTemplate": false,
    "count": 0,
    "updated": 0
  },
  {
    "id": "4a6761d6-6c10-408b-9a88-eec877daa93f",
    "data": [
      {
        "text": "1st",
        "alias": "ordinal",
        "meta": "@sys.ordinal",
        "userDefined": false
      }
    ],
    "isTemplate": false,
    "count": 0,
    "updated": 0
  }
]