[
  {
    "id": "3cae03b7-5578-4c14-931a-ab972e963bc7",
    "data": [
      {
        "text": "difference between ",
        "userDefined": false
      },
      {
        "text": "CIS",
        "alias": "CIS",
        "meta": "@CIS",
        "userDefined": false
      },
      {
        "text": " and ",
        "userDefined": false
      },
      {
        "text": "CES",
        "alias": "CMES",
        "meta": "@CMES",
        "userDefined": false
      }
    ],
    "isTemplate": false,
    "count": 0,
    "updated": 0
  },
  {
    "id": "71ca69d3-4cb9-4b4c-8455-9a21f29a4cfb",
    "data": [
      {
        "text": "would like to find out more about ",
        "userDefined": false
      },
      {
        "text": "corporate",
        "alias": "CorporateLine",
        "meta": "@CorporateLine",
        "userDefined": false
      },
      {
        "text": " plan",
        "userDefined": false
      }
    ],
    "isTemplate": false,
    "count": 0,
    "updated": 0
  },
  {
    "id": "da078d2a-3fb7-44c9-9a41-deed054324da",
    "data": [
      {
        "text": "What\u0027s CES",
        "userDefined": false
      }
    ],
    "isTemplate": false,
    "count": 0,
    "updated": 0
  },
  {
    "id": "8dfea7d7-6e09-4f19-8e0f-3ae66651f5b4",
    "data": [
      {
        "text": "will i get discounts off for my ",
        "userDefined": false
      },
      {
        "text": "mobile",
        "alias": "Handphone",
        "meta": "@Handphone",
        "userDefined": false
      },
      {
        "text": " subscription if i\u0027m on CES",
        "userDefined": false
      }
    ],
    "isTemplate": false,
    "count": 0,
    "updated": 0
  },
  {
    "id": "c80934c7-a064-4c91-abc9-a6c11abe8c36",
    "data": [
      {
        "text": "how much does corporate executive ",
        "userDefined": false
      },
      {
        "text": "scheme",
        "alias": "CIS",
        "meta": "@CIS",
        "userDefined": false
      },
      {
        "text": " cost",
        "userDefined": false
      }
    ],
    "isTemplate": false,
    "count": 0,
    "updated": 0
  },
  {
    "id": "d0a513ea-0acf-4f9c-b5ce-ac522101c853",
    "data": [
      {
        "text": "how much does CES cost",
        "userDefined": false
      }
    ],
    "isTemplate": false,
    "count": 0,
    "updated": 0
  },
  {
    "id": "2bc6e2cd-85d0-4c93-bac5-92b0c4a908a2",
    "data": [
      {
        "text": "i am interested in corporate executive ",
        "userDefined": false
      },
      {
        "text": "scheme",
        "alias": "CIS",
        "meta": "@CIS",
        "userDefined": false
      }
    ],
    "isTemplate": false,
    "count": 0,
    "updated": 0
  },
  {
    "id": "6f698b06-214f-47cc-bd2f-ef01961637e3",
    "data": [
      {
        "text": "i am interested in CES",
        "userDefined": false
      }
    ],
    "isTemplate": false,
    "count": 0,
    "updated": 0
  },
  {
    "id": "83caae04-300e-4fcb-8416-172d535b34c0",
    "data": [
      {
        "text": "am i able to ",
        "userDefined": false
      },
      {
        "text": "sign up",
        "alias": "Sign-up",
        "meta": "@Sign-up",
        "userDefined": false
      },
      {
        "text": " corporate executive ",
        "userDefined": false
      },
      {
        "text": "scheme",
        "alias": "CIS",
        "meta": "@CIS",
        "userDefined": false
      }
    ],
    "isTemplate": false,
    "count": 0,
    "updated": 0
  },
  {
    "id": "2dcda25f-3dda-4531-9c28-6a18bbfdfe84",
    "data": [
      {
        "text": "am i able to ",
        "userDefined": false
      },
      {
        "text": "sign up",
        "alias": "Sign-up",
        "meta": "@Sign-up",
        "userDefined": false
      },
      {
        "text": " for CES",
        "userDefined": false
      }
    ],
    "isTemplate": false,
    "count": 0,
    "updated": 0
  },
  {
    "id": "ea762488-bee7-4aae-8e00-b0a98bbed341",
    "data": [
      {
        "text": "i want to get corporate executive ",
        "userDefined": false
      },
      {
        "text": "scheme",
        "alias": "CIS",
        "meta": "@CIS",
        "userDefined": false
      }
    ],
    "isTemplate": false,
    "count": 0,
    "updated": 0
  },
  {
    "id": "eedfc9ab-2bd9-4968-a4c4-8bb4eae3949c",
    "data": [
      {
        "text": "i want to get CES",
        "userDefined": false
      }
    ],
    "isTemplate": false,
    "count": 0,
    "updated": 0
  },
  {
    "id": "64ee4e6e-20d3-409b-a55e-19a42edcd9c3",
    "data": [
      {
        "text": "how do i going about signing up for corporate executive ",
        "userDefined": false
      },
      {
        "text": "scheme",
        "alias": "CIS",
        "meta": "@CIS",
        "userDefined": false
      }
    ],
    "isTemplate": false,
    "count": 0,
    "updated": 0
  },
  {
    "id": "9e161695-0c81-4e2d-9dc6-718ac1d55002",
    "data": [
      {
        "text": "if i\u0027m on ces, can i choose my own ",
        "userDefined": false
      },
      {
        "text": "device",
        "alias": "Handphone",
        "meta": "@Handphone",
        "userDefined": false
      },
      {
        "text": " and ",
        "userDefined": false
      },
      {
        "text": "mobile",
        "alias": "Handphone1",
        "meta": "@Handphone",
        "userDefined": false
      },
      {
        "text": " plan",
        "userDefined": false
      }
    ],
    "isTemplate": false,
    "count": 0,
    "updated": 0
  },
  {
    "id": "56447947-127d-4a8c-8b25-8dd6d13cade1",
    "data": [
      {
        "text": "how do i going about signing up for CES",
        "userDefined": false
      }
    ],
    "isTemplate": false,
    "count": 0,
    "updated": 0
  },
  {
    "id": "8598a06d-2b75-4e74-b911-0c61c73063a8",
    "data": [
      {
        "text": "how can i get ",
        "userDefined": false
      },
      {
        "text": "company",
        "alias": "Company",
        "meta": "@Company",
        "userDefined": false
      },
      {
        "text": " negotiated rates with my ",
        "userDefined": false
      },
      {
        "text": "mobile",
        "alias": "Handphone",
        "meta": "@Handphone",
        "userDefined": false
      },
      {
        "text": " line",
        "userDefined": false
      }
    ],
    "isTemplate": false,
    "count": 0,
    "updated": 0
  },
  {
    "id": "a92e7eb1-c6d6-4665-beaa-f2e2c8cf052c",
    "data": [
      {
        "text": "what are the benefits of signing up corporate executive ",
        "userDefined": false
      },
      {
        "text": "scheme",
        "alias": "CIS",
        "meta": "@CIS",
        "userDefined": false
      }
    ],
    "isTemplate": false,
    "count": 0,
    "updated": 0
  },
  {
    "id": "b46a7760-4f9f-4253-970c-894364e6f2d1",
    "data": [
      {
        "text": "what are the benefits of signing up CES",
        "userDefined": false
      }
    ],
    "isTemplate": false,
    "count": 0,
    "updated": 0
  },
  {
    "id": "5031962a-7359-4bfb-aaaf-78102c28deb5",
    "data": [
      {
        "text": "what is corporate executive ",
        "userDefined": false
      },
      {
        "text": "scheme",
        "alias": "CIS",
        "meta": "@CIS",
        "userDefined": false
      }
    ],
    "isTemplate": false,
    "count": 0,
    "updated": 0
  },
  {
    "id": "6de0a36a-34fb-4145-b0d9-578ff11dbe6d",
    "data": [
      {
        "text": "what is CES",
        "userDefined": false
      }
    ],
    "isTemplate": false,
    "count": 0,
    "updated": 0
  }
]