[
  {
    "id": "eb98b220-520e-45d2-b95d-d0c0aa8fab0b",
    "data": [
      {
        "text": "Can the mio tv subscription be included in the ",
        "userDefined": false
      },
      {
        "text": "CIS",
        "alias": "CIS1",
        "meta": "@CIS",
        "userDefined": false
      },
      {
        "text": " ",
        "userDefined": false
      },
      {
        "text": "scheme",
        "alias": "CIS",
        "meta": "@CIS",
        "userDefined": false
      },
      {
        "text": "?",
        "userDefined": false
      }
    ],
    "isTemplate": false,
    "count": 0,
    "updated": 0
  },
  {
    "id": "00e8e0a4-7db6-42c0-8069-00d086b6df0c",
    "data": [
      {
        "text": "how much is the monthly subscription fee for singtel tv",
        "userDefined": false
      }
    ],
    "isTemplate": false,
    "count": 0,
    "updated": 0
  },
  {
    "id": "9c2a4f79-ca8f-4d2d-a521-f0957f5a27d4",
    "data": [
      {
        "text": "is there a ",
        "userDefined": false
      },
      {
        "text": "CIS",
        "alias": "CIS",
        "meta": "@CIS",
        "userDefined": false
      },
      {
        "text": " discount for TV",
        "userDefined": false
      }
    ],
    "isTemplate": false,
    "count": 0,
    "updated": 0
  },
  {
    "id": "b8ed81c8-44de-4d2a-87a6-eff64784ff41",
    "data": [
      {
        "text": "how much is the monthly subscription for Fox+",
        "userDefined": false
      }
    ],
    "isTemplate": false,
    "count": 0,
    "updated": 0
  },
  {
    "id": "9fd3b6e3-cae7-4f94-9670-c2a9267d1355",
    "data": [
      {
        "text": "Can the home ",
        "userDefined": false
      },
      {
        "text": "phone",
        "alias": "Handphone",
        "meta": "@Handphone",
        "userDefined": false
      },
      {
        "text": " line and mio tv subscription be ",
        "userDefined": false
      },
      {
        "text": "bundled",
        "alias": "FibreEntertainmentBundle",
        "meta": "@FibreEntertainmentBundle",
        "userDefined": false
      },
      {
        "text": " under ",
        "userDefined": false
      },
      {
        "text": "CIS",
        "alias": "CIS",
        "meta": "@CIS",
        "userDefined": false
      },
      {
        "text": "?",
        "userDefined": false
      }
    ],
    "isTemplate": false,
    "count": 0,
    "updated": 0
  },
  {
    "id": "2096702a-3842-4f03-937d-02f77ed61698",
    "data": [
      {
        "text": "singtel tv how much",
        "userDefined": false
      }
    ],
    "isTemplate": false,
    "count": 0,
    "updated": 0
  },
  {
    "id": "17430591-83a2-4d83-beac-7fe6fcd21117",
    "data": [
      {
        "text": "how much will singtel tv cost me",
        "userDefined": false
      }
    ],
    "isTemplate": false,
    "count": 0,
    "updated": 0
  },
  {
    "id": "ecb74957-aa80-4dd8-845d-ad7790a861c5",
    "data": [
      {
        "text": "any ",
        "userDefined": false
      },
      {
        "text": "cis",
        "alias": "CIS",
        "meta": "@CIS",
        "userDefined": false
      },
      {
        "text": " rates for tv",
        "userDefined": false
      }
    ],
    "isTemplate": false,
    "count": 0,
    "updated": 0
  },
  {
    "id": "b54dce87-2cfa-45df-bc87-381ac0f6a64f",
    "data": [
      {
        "text": "singtel tv",
        "userDefined": false
      }
    ],
    "isTemplate": false,
    "count": 0,
    "updated": 0
  },
  {
    "id": "7815ecfa-4034-4ece-a6b3-20bd3624273b",
    "data": [
      {
        "text": "how many free months do i get for fibre broadband if i sign up to singtel tv",
        "userDefined": false
      }
    ],
    "isTemplate": false,
    "count": 0,
    "updated": 0
  },
  {
    "id": "d673a2dd-20ae-4815-a195-e418391ef914",
    "data": [
      {
        "text": "how much is the ",
        "userDefined": false
      },
      {
        "text": "mobile",
        "alias": "Handphone",
        "meta": "@Handphone",
        "userDefined": false
      },
      {
        "text": " plan discount for singtel tv",
        "userDefined": false
      }
    ],
    "isTemplate": false,
    "count": 0,
    "updated": 0
  },
  {
    "id": "f52ccec7-d7bc-4352-9534-80c688352a48",
    "data": [
      {
        "text": "when does the promotion of singtel tv end",
        "userDefined": false
      }
    ],
    "isTemplate": false,
    "count": 0,
    "updated": 0
  },
  {
    "id": "7678fc69-848f-41c5-afec-d231df3dacb7",
    "data": [
      {
        "text": "if i ",
        "userDefined": false
      },
      {
        "text": "sign up",
        "alias": "Sign-up",
        "meta": "@Sign-up",
        "userDefined": false
      },
      {
        "text": " to singtel tv, ",
        "userDefined": false
      },
      {
        "text": "will",
        "alias": "given-name",
        "meta": "@sys.given-name",
        "userDefined": false
      },
      {
        "text": " i get free ",
        "userDefined": false
      },
      {
        "text": "10 months",
        "alias": "duration",
        "meta": "@sys.duration",
        "userDefined": false
      },
      {
        "text": " fibre",
        "userDefined": false
      }
    ],
    "isTemplate": false,
    "count": 0,
    "updated": 0
  },
  {
    "id": "a0ea58b2-595b-427c-8ff0-02412ef882e9",
    "data": [
      {
        "text": "how can i subscribe to singtel tv",
        "userDefined": false
      }
    ],
    "isTemplate": false,
    "count": 0,
    "updated": 0
  },
  {
    "id": "5c751b2b-7729-4a21-8857-557df4987e26",
    "data": [
      {
        "text": "how can i find out more about singtel tv",
        "userDefined": false
      }
    ],
    "isTemplate": false,
    "count": 0,
    "updated": 0
  },
  {
    "id": "b97851cc-5b20-4efc-9f33-680033055f9f",
    "data": [
      {
        "text": "is there any exclusive pack for singtel tv",
        "userDefined": false
      }
    ],
    "isTemplate": false,
    "count": 0,
    "updated": 0
  },
  {
    "id": "3fe9bc50-9fe3-4587-859d-6287dd8334c7",
    "data": [
      {
        "text": "what can singtel tv do",
        "userDefined": false
      }
    ],
    "isTemplate": false,
    "count": 0,
    "updated": 0
  },
  {
    "id": "c49bf97b-d5ba-404e-bf55-7804643f4884",
    "data": [
      {
        "text": "is the tv installation fee for singtel tv free",
        "userDefined": false
      }
    ],
    "isTemplate": false,
    "count": 0,
    "updated": 0
  },
  {
    "id": "1a10903a-915c-4205-b34e-5681d0d01b87",
    "data": [
      {
        "text": "what is singtel tv",
        "userDefined": false
      }
    ],
    "isTemplate": false,
    "count": 0,
    "updated": 0
  },
  {
    "id": "b621f1e2-d6d0-4d67-8614-aba8abac3627",
    "data": [
      {
        "text": "the ",
        "userDefined": false
      },
      {
        "text": "family",
        "alias": "Family",
        "meta": "@Family",
        "userDefined": false
      },
      {
        "text": " starter promotion for singtel tv is how much",
        "userDefined": false
      }
    ],
    "isTemplate": false,
    "count": 0,
    "updated": 0
  },
  {
    "id": "88c0d661-e0d8-4110-b054-75c5a565afa5",
    "data": [
      {
        "text": "how many tv packs are available for singtel tv new customer",
        "userDefined": false
      }
    ],
    "isTemplate": false,
    "count": 0,
    "updated": 0
  },
  {
    "id": "de4a1538-6b8a-45f8-8d56-b5092fcc330d",
    "data": [
      {
        "text": "i want to be a customer of singtel tv",
        "userDefined": false
      }
    ],
    "isTemplate": false,
    "count": 1,
    "updated": 0
  },
  {
    "id": "e2f65b47-f158-4138-9145-2d3dfedb9fe6",
    "data": [
      {
        "text": "can i ",
        "userDefined": false
      },
      {
        "text": "sign up",
        "alias": "Sign-up",
        "meta": "@Sign-up",
        "userDefined": false
      },
      {
        "text": " for ",
        "userDefined": false
      },
      {
        "text": "family",
        "alias": "Family",
        "meta": "@Family",
        "userDefined": false
      },
      {
        "text": " entertainment only on singtel tv",
        "userDefined": false
      }
    ],
    "isTemplate": false,
    "count": 0,
    "updated": 0
  },
  {
    "id": "4cb68ab3-aa59-4c13-ae68-0b97c7fcfb82",
    "data": [
      {
        "text": "what ",
        "userDefined": false
      },
      {
        "text": "family",
        "alias": "Family",
        "meta": "@Family",
        "userDefined": false
      },
      {
        "text": " packs are available in singtel tv",
        "userDefined": false
      }
    ],
    "isTemplate": false,
    "count": 0,
    "updated": 0
  }
]