[
  {
    "id": "3c79b807-a1ee-4e44-a2d4-0446eb058ff3",
    "data": [
      {
        "text": "can i watch annyeonghaseyo shows",
        "userDefined": false
      }
    ],
    "isTemplate": false,
    "count": 0,
    "updated": 0
  },
  {
    "id": "649bf140-473a-4d37-9e81-650baccae436",
    "data": [
      {
        "text": "how much does viu cost",
        "userDefined": false
      }
    ],
    "isTemplate": false,
    "count": 0,
    "updated": 0
  },
  {
    "id": "05fe1d04-3453-4547-a6f9-8c3e00aa5245",
    "data": [
      {
        "text": "how much does viu premium cost",
        "userDefined": false
      }
    ],
    "isTemplate": false,
    "count": 0,
    "updated": 0
  },
  {
    "id": "0c8f1f6e-8efc-4e31-8a45-497ebb2daead",
    "data": [
      {
        "text": "what is viu premium",
        "userDefined": false
      }
    ],
    "isTemplate": false,
    "count": 0,
    "updated": 0
  },
  {
    "id": "c1e15c7e-2237-476e-b463-58261688de07",
    "data": [
      {
        "text": "what is viu",
        "userDefined": false
      }
    ],
    "isTemplate": false,
    "count": 0,
    "updated": 0
  },
  {
    "id": "73cb2a71-423b-4177-bdfe-95002fe078d0",
    "data": [
      {
        "text": "korean tv shows",
        "userDefined": false
      }
    ],
    "isTemplate": false,
    "count": 0,
    "updated": 0
  },
  {
    "id": "bd8a7c80-185c-4987-9196-25befe393a87",
    "data": [
      {
        "text": "korean pack",
        "userDefined": false
      }
    ],
    "isTemplate": false,
    "count": 0,
    "updated": 0
  },
  {
    "id": "4dec24f5-6a16-4d89-9339-619e93cf4851",
    "data": [
      {
        "text": "running man",
        "userDefined": false
      }
    ],
    "isTemplate": false,
    "count": 0,
    "updated": 0
  },
  {
    "id": "32875139-4fb7-4ddc-9855-fd0f2333390e",
    "data": [
      {
        "text": "infinity challenge",
        "userDefined": false
      }
    ],
    "isTemplate": false,
    "count": 0,
    "updated": 0
  },
  {
    "id": "ee7e82a7-1909-46b8-aa32-cd529f5949ae",
    "data": [
      {
        "text": "the heirs",
        "userDefined": false
      }
    ],
    "isTemplate": false,
    "count": 0,
    "updated": 0
  },
  {
    "id": "87c16f85-258c-4e70-8c3c-49d3476b2a1c",
    "data": [
      {
        "text": "how much to watch korean shows",
        "userDefined": false
      }
    ],
    "isTemplate": false,
    "count": 0,
    "updated": 0
  },
  {
    "id": "63730055-8445-4509-9c38-0c1c631f0b4a",
    "data": [
      {
        "text": "how much is viu",
        "userDefined": false
      }
    ],
    "isTemplate": false,
    "count": 0,
    "updated": 0
  },
  {
    "id": "e5062db2-dc4a-4dab-b7e3-dfb01c9f313a",
    "data": [
      {
        "text": "can watch korean shows?",
        "userDefined": false
      }
    ],
    "isTemplate": false,
    "count": 1,
    "updated": 0
  },
  {
    "id": "1cda47d8-1c27-46b2-98ed-2b89650984f0",
    "data": [
      {
        "text": "how do i ",
        "userDefined": false
      },
      {
        "text": "sign up",
        "alias": "Sign-up",
        "meta": "@Sign-up",
        "userDefined": false
      },
      {
        "text": " for viu premium",
        "userDefined": false
      }
    ],
    "isTemplate": false,
    "count": 0,
    "updated": 0
  },
  {
    "id": "c02e398b-47a2-4886-a26b-de12b99e251b",
    "data": [
      {
        "text": "can i watch viu on ",
        "userDefined": false
      },
      {
        "text": "mobile",
        "alias": "Handphone",
        "meta": "@Handphone",
        "userDefined": false
      }
    ],
    "isTemplate": false,
    "count": 0,
    "updated": 0
  },
  {
    "id": "53a3afbd-89ad-44d4-abeb-7a7e8f75055f",
    "data": [
      {
        "text": "viu",
        "userDefined": false
      }
    ],
    "isTemplate": false,
    "count": 0,
    "updated": 0
  },
  {
    "id": "16d47b65-1f45-4d10-97c6-ac31d6c4dfa9",
    "data": [
      {
        "text": "how to watch viu",
        "userDefined": false
      }
    ],
    "isTemplate": false,
    "count": 0,
    "updated": 0
  },
  {
    "id": "7daf87ae-60a5-45b4-8da1-c9002b75a574",
    "data": [
      {
        "text": "viu premium",
        "userDefined": false
      }
    ],
    "isTemplate": false,
    "count": 0,
    "updated": 0
  }
]