[
  {
    "id": "567ec1ba-cc07-44f5-847c-6ef82ac88d80",
    "data": [
      {
        "text": "port out",
        "userDefined": false
      }
    ],
    "isTemplate": false,
    "count": 0,
    "updated": 0
  },
  {
    "id": "986f828a-88e6-45ed-8ecd-4f6a57dc7e3b",
    "data": [
      {
        "text": "how do i port over to ",
        "userDefined": false
      },
      {
        "text": "m1",
        "alias": "Competitors",
        "meta": "@Competitors",
        "userDefined": false
      }
    ],
    "isTemplate": false,
    "count": 0,
    "updated": 0
  },
  {
    "id": "9b6029a0-7966-4d97-b581-0e68f1a7f23d",
    "data": [
      {
        "text": "i want to port out to ",
        "userDefined": false
      },
      {
        "text": "m1",
        "alias": "Competitors",
        "meta": "@Competitors",
        "userDefined": false
      }
    ],
    "isTemplate": false,
    "count": 0,
    "updated": 0
  },
  {
    "id": "37d8605a-36bb-431e-b95f-1aa9134f3f88",
    "data": [
      {
        "text": "I want to port out of Singtel",
        "userDefined": false
      }
    ],
    "isTemplate": false,
    "count": 0,
    "updated": 0
  },
  {
    "id": "217d9eca-b42b-4ffc-8510-ec09f9e1bf6f",
    "data": [
      {
        "text": "How to port to ",
        "userDefined": false
      },
      {
        "text": "m1",
        "alias": "Competitors",
        "meta": "@Competitors",
        "userDefined": false
      }
    ],
    "isTemplate": false,
    "count": 0,
    "updated": 0
  },
  {
    "id": "37a2a7af-d34b-4825-9969-6c2c28d66df3",
    "data": [
      {
        "text": "I want to port out",
        "userDefined": false
      }
    ],
    "isTemplate": false,
    "count": 0,
    "updated": 0
  },
  {
    "id": "f23d1cb6-1120-4f86-8afc-09cdc1fcc41e",
    "data": [
      {
        "text": "can i switch from singtel to ",
        "userDefined": false
      },
      {
        "text": "m1",
        "alias": "Competitors",
        "meta": "@Competitors",
        "userDefined": false
      }
    ],
    "isTemplate": false,
    "count": 0,
    "updated": 0
  },
  {
    "id": "a059a380-38e9-4c90-91bc-08f9bf320b82",
    "data": [
      {
        "text": "i want to cancel ",
        "userDefined": false
      },
      {
        "text": "my singtel",
        "alias": "MySingtelApp",
        "meta": "@MySingtelApp",
        "userDefined": false
      },
      {
        "text": " plan",
        "userDefined": false
      }
    ],
    "isTemplate": false,
    "count": 0,
    "updated": 0
  },
  {
    "id": "897d89f6-5969-49c9-81d1-f472a78a0d87",
    "data": [
      {
        "text": "let me port out from singtel",
        "userDefined": false
      }
    ],
    "isTemplate": false,
    "count": 0,
    "updated": 0
  },
  {
    "id": "01010bf9-6a7a-46d6-89d5-d6e65d6aa21a",
    "data": [
      {
        "text": "how to port out from singtel",
        "userDefined": false
      }
    ],
    "isTemplate": false,
    "count": 0,
    "updated": 0
  },
  {
    "id": "23349392-1915-4bd5-848a-0e9ef00cdbae",
    "data": [
      {
        "text": "i am going to port to ",
        "userDefined": false
      },
      {
        "text": "starhub",
        "alias": "Competitors",
        "meta": "@Competitors",
        "userDefined": false
      }
    ],
    "isTemplate": false,
    "count": 2,
    "updated": 0
  },
  {
    "id": "150bbd28-73f3-489c-807f-71f9b711b591",
    "data": [
      {
        "text": "i\u0027m going to port to ",
        "userDefined": false
      },
      {
        "text": "starhub",
        "alias": "Competitors",
        "meta": "@Competitors",
        "userDefined": false
      }
    ],
    "isTemplate": false,
    "count": 0,
    "updated": 0
  },
  {
    "id": "f327fb00-76ef-4f71-ac90-c955c46d4242",
    "data": [
      {
        "text": "port to ",
        "userDefined": false
      },
      {
        "text": "starhub",
        "alias": "Competitors",
        "meta": "@Competitors",
        "userDefined": false
      }
    ],
    "isTemplate": false,
    "count": 0,
    "updated": 0
  },
  {
    "id": "43d86733-e5b9-470a-8639-a7783ec29e05",
    "data": [
      {
        "text": "starhub",
        "alias": "Competitors",
        "meta": "@Competitors",
        "userDefined": false
      },
      {
        "text": " is better",
        "userDefined": false
      }
    ],
    "isTemplate": false,
    "count": 0,
    "updated": 0
  },
  {
    "id": "1e2be47f-1f88-4c4d-a6d3-56edbbbefff7",
    "data": [
      {
        "text": "i am going to port to ",
        "userDefined": false
      },
      {
        "text": "m1",
        "alias": "Competitors",
        "meta": "@Competitors",
        "userDefined": false
      }
    ],
    "isTemplate": false,
    "count": 0,
    "updated": 0
  },
  {
    "id": "b2a1c708-87da-4020-8408-4adea799f660",
    "data": [
      {
        "text": "i want to transfer out my number",
        "userDefined": false
      }
    ],
    "isTemplate": false,
    "count": 0,
    "updated": 0
  },
  {
    "id": "02a3b9f8-7881-4ee8-8cdb-c2cdd32fa920",
    "data": [
      {
        "text": "can i port to ",
        "userDefined": false
      },
      {
        "text": "M1",
        "alias": "Competitors",
        "meta": "@Competitors",
        "userDefined": false
      }
    ],
    "isTemplate": false,
    "count": 0,
    "updated": 0
  },
  {
    "id": "091bca4a-7113-40a9-a8ff-9ab39dbe5865",
    "data": [
      {
        "text": "i want to port out",
        "userDefined": false
      }
    ],
    "isTemplate": false,
    "count": 0,
    "updated": 0
  }
]