[
  {
    "id": "e1fd57a5-7408-4dbb-9522-487a5c19cd40",
    "data": [
      {
        "text": "Caller ID isit free",
        "userDefined": false
      }
    ],
    "isTemplate": false,
    "count": 0,
    "updated": 0
  },
  {
    "id": "5a326bdd-a85f-4a71-8a3e-e79d655a263d",
    "data": [
      {
        "text": "missed call alerts",
        "userDefined": false
      }
    ],
    "isTemplate": false,
    "count": 0,
    "updated": 0
  },
  {
    "id": "2560d9d7-9c38-426e-bb3b-d76e9ecde1da",
    "data": [
      {
        "text": "caller alert",
        "userDefined": false
      }
    ],
    "isTemplate": false,
    "count": 0,
    "updated": 0
  },
  {
    "id": "f88d24ab-39cc-4530-ab4d-7b7a9571fe3a",
    "data": [
      {
        "text": "missed calls",
        "userDefined": false
      }
    ],
    "isTemplate": false,
    "count": 0,
    "updated": 0
  },
  {
    "id": "0bdfc51e-5983-45a4-bcbf-6e5b276a635a",
    "data": [
      {
        "text": "how to know when I have missed calls",
        "userDefined": false
      }
    ],
    "isTemplate": false,
    "count": 0,
    "updated": 0
  },
  {
    "id": "1e120fb5-8bf5-4303-9cd4-d5a584ce3311",
    "data": [
      {
        "text": "alert for missed calls",
        "userDefined": false
      }
    ],
    "isTemplate": false,
    "count": 0,
    "updated": 0
  },
  {
    "id": "e704ea1f-ea02-4bad-86ad-25b34a5d4778",
    "data": [
      {
        "text": "sms alert for missed calls",
        "userDefined": false
      }
    ],
    "isTemplate": false,
    "count": 0,
    "updated": 0
  }
]