[
  {
    "id": "7b6d91f4-b014-443f-b455-0095b9aeca9c",
    "data": [
      {
        "text": "cast\u003esportsplus",
        "userDefined": false
      }
    ],
    "isTemplate": false,
    "count": 1,
    "updated": 0
  },
  {
    "id": "de662b4c-f40b-4d83-9fa1-59f2c9a023a6",
    "data": [
      {
        "text": "cast \u003e sports plus",
        "userDefined": false
      }
    ],
    "isTemplate": false,
    "count": 1,
    "updated": 0
  },
  {
    "id": "cfda558b-3f1e-40a1-aaf2-862fdd194fa7",
    "data": [
      {
        "text": "cast\u003esports plus",
        "userDefined": false
      }
    ],
    "isTemplate": false,
    "count": 0,
    "updated": 0
  },
  {
    "id": "279f726b-fb75-496c-b1dd-2f6b0e81d7ee",
    "data": [
      {
        "text": "cast",
        "userDefined": false
      }
    ],
    "isTemplate": false,
    "count": 0,
    "updated": 0
  },
  {
    "id": "97f5c90c-e5ab-419b-a9af-e4f66f67a346",
    "data": [
      {
        "text": "how much does cast cost",
        "userDefined": false
      }
    ],
    "isTemplate": false,
    "count": 0,
    "updated": 0
  },
  {
    "id": "4ab8bd6d-d2d4-40cb-8af0-aab99fafb676",
    "data": [
      {
        "text": "how much is cast",
        "userDefined": false
      }
    ],
    "isTemplate": false,
    "count": 0,
    "updated": 0
  },
  {
    "id": "4c69352e-0763-425a-9b4d-f01bbf1d5771",
    "data": [
      {
        "text": "can i sign up for tv bundle with cis?",
        "userDefined": false
      }
    ],
    "isTemplate": false,
    "count": 1,
    "updated": 0
  },
  {
    "id": "b665710f-28df-4476-96a4-28c71618475a",
    "data": [
      {
        "text": "what can i do with cast",
        "userDefined": false
      }
    ],
    "isTemplate": false,
    "count": 1,
    "updated": 0
  },
  {
    "id": "4cef8daa-199e-44d9-bc88-e8f90502430a",
    "data": [
      {
        "text": "how to sign up for cast",
        "userDefined": false
      }
    ],
    "isTemplate": false,
    "count": 1,
    "updated": 0
  },
  {
    "id": "950c5e53-2ebe-462b-aa35-f6297f8538e8",
    "data": [
      {
        "text": "is there some tv packs",
        "userDefined": false
      }
    ],
    "isTemplate": false,
    "count": 1,
    "updated": 0
  },
  {
    "id": "926c3418-1de2-4687-ae5d-16e3db596b4b",
    "data": [
      {
        "text": "how does cast work?",
        "userDefined": false
      }
    ],
    "isTemplate": false,
    "count": 1,
    "updated": 0
  },
  {
    "id": "55c1bebd-91f7-41da-b8dc-45fef9dc983a",
    "data": [
      {
        "text": "how is cast better than scv",
        "userDefined": false
      }
    ],
    "isTemplate": false,
    "count": 1,
    "updated": 0
  },
  {
    "id": "caa9e393-6b40-45fc-b6d7-1bf71ca9d1dc",
    "data": [
      {
        "text": "how can i stream tv shows on my ",
        "userDefined": false
      },
      {
        "text": "mobile",
        "alias": "Handphone",
        "meta": "@Handphone",
        "userDefined": false
      }
    ],
    "isTemplate": false,
    "count": 0,
    "updated": 0
  },
  {
    "id": "97435582-06f6-407c-8e0a-bced81f76f5d",
    "data": [
      {
        "text": "watch tv on ",
        "userDefined": false
      },
      {
        "text": "mobile",
        "alias": "Handphone",
        "meta": "@Handphone",
        "userDefined": false
      }
    ],
    "isTemplate": false,
    "count": 1,
    "updated": 0
  },
  {
    "id": "56871ea5-4c0a-48a0-a5e3-c95b0b8b11d3",
    "data": [
      {
        "text": "what shows can i watch on cast?",
        "userDefined": false
      }
    ],
    "isTemplate": false,
    "count": 0,
    "updated": 0
  },
  {
    "id": "027ce5c5-0d71-4987-babe-de1a087d8a6e",
    "data": [
      {
        "text": "tell me more about cast",
        "userDefined": false
      }
    ],
    "isTemplate": false,
    "count": 0,
    "updated": 0
  },
  {
    "id": "5e00294b-b3bc-4b45-b4dd-37d35435b18e",
    "data": [
      {
        "text": "can i know more about cast",
        "userDefined": false
      }
    ],
    "isTemplate": false,
    "count": 0,
    "updated": 0
  },
  {
    "id": "c4a4c079-0033-4ef9-a81d-bbffd65e9561",
    "data": [
      {
        "text": "How do i find out more on cast",
        "userDefined": false
      }
    ],
    "isTemplate": false,
    "count": 0,
    "updated": 0
  },
  {
    "id": "b2650631-fd87-4b6d-824b-7b11de0d1d5e",
    "data": [
      {
        "text": "download shows",
        "userDefined": false
      }
    ],
    "isTemplate": false,
    "count": 0,
    "updated": 0
  },
  {
    "id": "b86b05ae-f35c-41a2-ac1e-7e9a20466751",
    "data": [
      {
        "text": "stream shows",
        "userDefined": false
      }
    ],
    "isTemplate": false,
    "count": 0,
    "updated": 0
  },
  {
    "id": "9220eeef-bad0-4f59-bea6-11be7906ae78",
    "data": [
      {
        "text": "download chinese variety shows",
        "userDefined": false
      }
    ],
    "isTemplate": false,
    "count": 0,
    "updated": 0
  },
  {
    "id": "b6e9a370-4c4b-4d32-bbb1-58f626a43129",
    "data": [
      {
        "text": "download japanese variety shows",
        "userDefined": false
      }
    ],
    "isTemplate": false,
    "count": 0,
    "updated": 0
  },
  {
    "id": "d56c7c56-7402-4f57-b3c5-7a6eac5eff39",
    "data": [
      {
        "text": "watch tv shows",
        "userDefined": false
      }
    ],
    "isTemplate": false,
    "count": 0,
    "updated": 0
  },
  {
    "id": "6beb474c-342b-4109-8171-2d82e58c0b26",
    "data": [
      {
        "text": "download korean variety shows",
        "userDefined": false
      }
    ],
    "isTemplate": false,
    "count": 0,
    "updated": 0
  },
  {
    "id": "dbaf4e3e-5e46-4e75-a786-25e1b8ba2be5",
    "data": [
      {
        "text": "how to watch variety shows on ",
        "userDefined": false
      },
      {
        "text": "mobile",
        "alias": "Handphone",
        "meta": "@Handphone",
        "userDefined": false
      }
    ],
    "isTemplate": false,
    "count": 0,
    "updated": 0
  },
  {
    "id": "712e6223-f938-4e61-8eee-30f4933b98bc",
    "data": [
      {
        "text": "how to watch drama on singtel",
        "userDefined": false
      }
    ],
    "isTemplate": false,
    "count": 0,
    "updated": 0
  },
  {
    "id": "82dd8979-2ca6-4083-bc4c-3b514e936e08",
    "data": [
      {
        "text": "i want to stream chinese drama",
        "userDefined": false
      }
    ],
    "isTemplate": false,
    "count": 0,
    "updated": 0
  },
  {
    "id": "4b76b2f9-8bf7-4b88-b680-d8fd8ce7aa57",
    "data": [
      {
        "text": "i want to stream japanese drama",
        "userDefined": false
      }
    ],
    "isTemplate": false,
    "count": 0,
    "updated": 0
  },
  {
    "id": "31f1fb3d-376c-4462-acfb-9b946caad286",
    "data": [
      {
        "text": "i want to stream korean drama",
        "userDefined": false
      }
    ],
    "isTemplate": false,
    "count": 0,
    "updated": 0
  }
]