[
  {
    "id": "a79a33b7-ab93-4bbe-8439-85147530d965",
    "data": [
      {
        "text": "How to get the connecting tones",
        "userDefined": false
      }
    ],
    "isTemplate": false,
    "count": 0,
    "updated": 0
  },
  {
    "id": "ad01c3af-cd08-4b2b-8b92-a027acb0fbb2",
    "data": [
      {
        "text": "I want connecting tones with my cis contract",
        "userDefined": false
      }
    ],
    "isTemplate": false,
    "count": 0,
    "updated": 0
  },
  {
    "id": "063ef860-266e-4cfb-ab18-3f18367d0067",
    "data": [
      {
        "text": "how can i change my ringtone",
        "userDefined": false
      }
    ],
    "isTemplate": false,
    "count": 0,
    "updated": 0
  },
  {
    "id": "58bcbc74-5522-438d-bde5-6887d951560f",
    "data": [
      {
        "text": "my ringtone is boring",
        "userDefined": false
      }
    ],
    "isTemplate": false,
    "count": 0,
    "updated": 0
  },
  {
    "id": "5cea444e-38fe-4ff4-9f2c-d0ea5416312a",
    "data": [
      {
        "text": "how can i ",
        "userDefined": false
      },
      {
        "text": "sign up",
        "alias": "Sign-up",
        "meta": "@Sign-up",
        "userDefined": false
      },
      {
        "text": " for connecting tones",
        "userDefined": false
      }
    ],
    "isTemplate": false,
    "count": 0,
    "updated": 0
  },
  {
    "id": "44da9130-1833-4795-89c4-0edc912b133e",
    "data": [
      {
        "text": "what is connecting tones",
        "userDefined": false
      }
    ],
    "isTemplate": false,
    "count": 0,
    "updated": 0
  },
  {
    "id": "bbe3afd7-1a7e-4ab0-b2b4-a22ddf1edb8a",
    "data": [
      {
        "text": "i want to change my ringtone",
        "userDefined": false
      }
    ],
    "isTemplate": false,
    "count": 0,
    "updated": 0
  },
  {
    "id": "fbfd45d8-1059-4038-b926-6d50246de6da",
    "data": [
      {
        "text": "connecting tones",
        "userDefined": false
      }
    ],
    "isTemplate": false,
    "count": 0,
    "updated": 0
  }
]