[
  {
    "id": "60fbeb32-1b9a-430c-9acc-96805291eaff",
    "data": [
      {
        "text": "what is ",
        "userDefined": false
      },
      {
        "text": "data infinity",
        "alias": "DataInfinity",
        "meta": "@DataInfinity",
        "userDefined": false
      }
    ],
    "isTemplate": false,
    "count": 0,
    "updated": 0
  },
  {
    "id": "4cea8b40-17e7-42e7-b763-764c857b1038",
    "data": [
      {
        "text": "give me more info on the ",
        "userDefined": false
      },
      {
        "text": "data infinity",
        "alias": "DataInfinity",
        "meta": "@DataInfinity",
        "userDefined": false
      }
    ],
    "isTemplate": false,
    "count": 0,
    "updated": 0
  },
  {
    "id": "f0cc3230-25c5-456f-9ae2-5867f390227e",
    "data": [
      {
        "text": "i have ",
        "userDefined": false
      },
      {
        "text": "cis",
        "alias": "CIS",
        "meta": "@CIS",
        "userDefined": false
      },
      {
        "text": " can i get the ",
        "userDefined": false
      },
      {
        "text": "data infinity",
        "alias": "DataInfinity",
        "meta": "@DataInfinity",
        "userDefined": false
      }
    ],
    "isTemplate": false,
    "count": 0,
    "updated": 0
  },
  {
    "id": "de4a941a-d98d-4f18-aaaa-583ade8f9f67",
    "data": [
      {
        "text": "tell me more about ",
        "userDefined": false
      },
      {
        "text": "unlimited data",
        "alias": "DataInfinity",
        "meta": "@DataInfinity",
        "userDefined": false
      }
    ],
    "isTemplate": false,
    "count": 0,
    "updated": 0
  },
  {
    "id": "cb364982-a39d-4d55-b0d9-2a739dc16f58",
    "data": [
      {
        "text": "how to convert to ",
        "userDefined": false
      },
      {
        "text": "unlimited data",
        "alias": "DataInfinity",
        "meta": "@DataInfinity",
        "userDefined": false
      }
    ],
    "isTemplate": false,
    "count": 0,
    "updated": 0
  },
  {
    "id": "3e2529d6-93a2-477c-864b-195222f3331f",
    "data": [
      {
        "text": "can i get ",
        "userDefined": false
      },
      {
        "text": "data unlimited",
        "alias": "DataInfinity",
        "meta": "@DataInfinity",
        "userDefined": true
      },
      {
        "text": "?",
        "userDefined": false
      }
    ],
    "isTemplate": false,
    "count": 0,
    "updated": 0
  },
  {
    "id": "354cd0ad-4400-4fc9-8c77-07f56aaf82ff",
    "data": [
      {
        "text": "how to get the ",
        "userDefined": false
      },
      {
        "text": "unlimited data",
        "alias": "DataInfinity",
        "meta": "@DataInfinity",
        "userDefined": false
      }
    ],
    "isTemplate": false,
    "count": 0,
    "updated": 0
  },
  {
    "id": "846c6670-af8e-4607-a011-8adc72593fc2",
    "data": [
      {
        "text": "what is this new ",
        "userDefined": false
      },
      {
        "text": "data unlimited",
        "alias": "DataInfinity",
        "meta": "@DataInfinity",
        "userDefined": true
      }
    ],
    "isTemplate": false,
    "count": 0,
    "updated": 0
  },
  {
    "id": "3fb14a3d-a61b-4527-ac18-4285f6aec837",
    "data": [
      {
        "text": "i want to know more about ",
        "userDefined": false
      },
      {
        "text": "data infinity",
        "alias": "DataInfinity",
        "meta": "@DataInfinity",
        "userDefined": false
      }
    ],
    "isTemplate": false,
    "count": 0,
    "updated": 0
  },
  {
    "id": "bc77d942-a481-4925-a50c-bb46b69a5945",
    "data": [
      {
        "text": "singtel",
        "alias": "Competitors",
        "meta": "@Competitors",
        "userDefined": false
      },
      {
        "text": " recently launched ",
        "userDefined": false
      },
      {
        "text": "data infinity",
        "alias": "DataInfinity",
        "meta": "@DataInfinity",
        "userDefined": false
      },
      {
        "text": " where are the info",
        "userDefined": false
      }
    ],
    "isTemplate": false,
    "count": 0,
    "updated": 0
  },
  {
    "id": "d5a1de55-4ac8-466a-9419-f13a231a0242",
    "data": [
      {
        "text": "Data infinity",
        "alias": "DataInfinity",
        "meta": "@DataInfinity",
        "userDefined": false
      },
      {
        "text": " applicable for ",
        "userDefined": false
      },
      {
        "text": "CIS",
        "alias": "CIS",
        "meta": "@CIS",
        "userDefined": false
      }
    ],
    "isTemplate": false,
    "count": 0,
    "updated": 0
  },
  {
    "id": "30bf6a69-a360-4bce-a823-222b99be4901",
    "data": [
      {
        "text": "i want the data unlimited",
        "userDefined": false
      }
    ],
    "isTemplate": false,
    "count": 0,
    "updated": 0
  },
  {
    "id": "9dd27866-5d09-42d3-8470-7ba7d20cfa56",
    "data": [
      {
        "text": "i want details on ",
        "userDefined": false
      },
      {
        "text": "unlimited data",
        "alias": "DataInfinity",
        "meta": "@DataInfinity",
        "userDefined": false
      }
    ],
    "isTemplate": false,
    "count": 0,
    "updated": 0
  },
  {
    "id": "2cc8a33d-e90f-4dee-be1f-9f6c71cbded2",
    "data": [
      {
        "text": "can i get the ",
        "userDefined": false
      },
      {
        "text": "unlimited data",
        "alias": "DataInfinity",
        "meta": "@DataInfinity",
        "userDefined": false
      }
    ],
    "isTemplate": false,
    "count": 0,
    "updated": 0
  },
  {
    "id": "30574736-5448-4f3f-a29e-42359761692b",
    "data": [
      {
        "text": "what is eligible for ",
        "userDefined": false
      },
      {
        "text": "unlimited data",
        "alias": "DataInfinity",
        "meta": "@DataInfinity",
        "userDefined": false
      }
    ],
    "isTemplate": false,
    "count": 0,
    "updated": 0
  },
  {
    "id": "8f7e49c0-996d-42eb-830b-b96de883cc57",
    "data": [
      {
        "text": "where to find info on the ",
        "userDefined": false
      },
      {
        "text": "data infinity",
        "alias": "DataInfinity",
        "meta": "@DataInfinity",
        "userDefined": false
      }
    ],
    "isTemplate": false,
    "count": 0,
    "updated": 0
  },
  {
    "id": "f50c9ac8-d3d1-42ed-b3ca-b3c81e24b6b9",
    "data": [
      {
        "text": "i want the ",
        "userDefined": false
      },
      {
        "text": "unlimited data",
        "alias": "DataInfinity",
        "meta": "@DataInfinity",
        "userDefined": false
      }
    ],
    "isTemplate": false,
    "count": 0,
    "updated": 0
  },
  {
    "id": "f425feee-b86c-4b19-b021-0f7b3ca43d0c",
    "data": [
      {
        "text": "i want to know more on ",
        "userDefined": false
      },
      {
        "text": "unlimited data",
        "alias": "DataInfinity",
        "meta": "@DataInfinity",
        "userDefined": false
      }
    ],
    "isTemplate": false,
    "count": 0,
    "updated": 0
  },
  {
    "id": "38275faf-7d97-4609-9ec5-27b2b9b13380",
    "data": [
      {
        "text": "i want ",
        "userDefined": false
      },
      {
        "text": "unlimited data",
        "alias": "DataInfinity",
        "meta": "@DataInfinity",
        "userDefined": false
      }
    ],
    "isTemplate": false,
    "count": 0,
    "updated": 0
  },
  {
    "id": "13a29c2a-e5e0-42f3-a3db-5335f44cc72b",
    "data": [
      {
        "text": "i want to know more about the ",
        "userDefined": false
      },
      {
        "text": "data infinity",
        "alias": "DataInfinity",
        "meta": "@DataInfinity",
        "userDefined": false
      }
    ],
    "isTemplate": false,
    "count": 0,
    "updated": 0
  },
  {
    "id": "52fc75a7-4874-4d3e-baea-0297b6a8b4aa",
    "data": [
      {
        "text": "how much is the ",
        "userDefined": false
      },
      {
        "text": "data infinity",
        "alias": "DataInfinity",
        "meta": "@DataInfinity",
        "userDefined": false
      }
    ],
    "isTemplate": false,
    "count": 0,
    "updated": 0
  },
  {
    "id": "17687057-9581-4b02-b797-4520a9894129",
    "data": [
      {
        "text": "how to ",
        "userDefined": false
      },
      {
        "text": "sign up",
        "alias": "Sign-up",
        "meta": "@Sign-up",
        "userDefined": false
      },
      {
        "text": " for ",
        "userDefined": false
      },
      {
        "text": "unlimited data",
        "alias": "DataInfinity",
        "meta": "@DataInfinity",
        "userDefined": false
      }
    ],
    "isTemplate": false,
    "count": 0,
    "updated": 0
  }
]