[
  {
    "id": "7525c085-83a9-4987-9f10-293361c762ab",
    "data": [
      {
        "text": "is the ",
        "userDefined": false
      },
      {
        "text": "50%",
        "alias": "percentage",
        "meta": "@sys.percentage",
        "userDefined": false
      },
      {
        "text": " off new mobileshare plan only available through online purchase",
        "userDefined": false
      }
    ],
    "isTemplate": false,
    "count": 0,
    "updated": 0
  },
  {
    "id": "a8a04100-6816-4597-89df-a017546e431c",
    "data": [
      {
        "text": "will we get the ",
        "userDefined": false
      },
      {
        "text": "50%",
        "alias": "percentage",
        "meta": "@sys.percentage",
        "userDefined": false
      },
      {
        "text": " off new mobileshare plan if we go to your singtel retail store and ",
        "userDefined": false
      },
      {
        "text": "sign up",
        "alias": "Sign-up",
        "meta": "@Sign-up",
        "userDefined": false
      },
      {
        "text": " the new ",
        "userDefined": false
      },
      {
        "text": "phone",
        "alias": "Handphone",
        "meta": "@Handphone",
        "userDefined": false
      },
      {
        "text": " package",
        "userDefined": false
      }
    ],
    "isTemplate": false,
    "count": 0,
    "updated": 0
  }
]