[
  {
    "id": "47705299-7362-4ee0-899d-87453649dd72",
    "data": [
      {
        "text": "when my contract ended, can i ",
        "userDefined": false
      },
      {
        "text": "subscribe",
        "alias": "Sign-up",
        "meta": "@Sign-up",
        "userDefined": false
      },
      {
        "text": " to mobileshare?",
        "userDefined": false
      }
    ],
    "isTemplate": false,
    "count": 0,
    "updated": 0
  },
  {
    "id": "f5c35a35-3b53-41ab-b215-5d5fe3c98339",
    "data": [
      {
        "text": "Mobileshare ",
        "userDefined": false
      },
      {
        "text": "charges",
        "alias": "Fees",
        "meta": "@Fees",
        "userDefined": false
      },
      {
        "text": " on ",
        "userDefined": false
      },
      {
        "text": "online",
        "alias": "Online",
        "meta": "@Online",
        "userDefined": false
      },
      {
        "text": " ",
        "userDefined": false
      },
      {
        "text": "cis",
        "alias": "CIS",
        "meta": "@CIS",
        "userDefined": false
      }
    ],
    "isTemplate": false,
    "count": 0,
    "updated": 0
  },
  {
    "id": "4654745b-b2dd-4c03-978c-5617fa3effa1",
    "data": [
      {
        "text": "how can i ",
        "userDefined": false
      },
      {
        "text": "sign up",
        "alias": "Sign-up",
        "meta": "@Sign-up",
        "userDefined": false
      },
      {
        "text": " the ",
        "userDefined": false
      },
      {
        "text": "mobile",
        "alias": "Handphone",
        "meta": "@Handphone",
        "userDefined": false
      },
      {
        "text": " share at the same time?",
        "userDefined": false
      }
    ],
    "isTemplate": false,
    "count": 0,
    "updated": 0
  },
  {
    "id": "ca15c676-3142-45e4-b218-3bce4b0e9091",
    "data": [
      {
        "text": "How to sign ",
        "userDefined": false
      },
      {
        "text": "mobile",
        "alias": "Handphone",
        "meta": "@Handphone",
        "userDefined": false
      },
      {
        "text": " share ",
        "userDefined": false
      },
      {
        "text": "online",
        "alias": "Online",
        "meta": "@Online",
        "userDefined": false
      },
      {
        "text": " in ",
        "userDefined": false
      },
      {
        "text": "cis",
        "alias": "CIS",
        "meta": "@CIS",
        "userDefined": false
      }
    ],
    "isTemplate": false,
    "count": 0,
    "updated": 0
  },
  {
    "id": "a49e7512-ac57-4275-9a69-0554807473f6",
    "data": [
      {
        "text": "What is mobileshare",
        "userDefined": false
      }
    ],
    "isTemplate": false,
    "count": 1,
    "updated": 0
  },
  {
    "id": "7a565776-a2d0-47ac-aa64-4e74a39acafd",
    "data": [
      {
        "text": "can i share my ",
        "userDefined": false
      },
      {
        "text": "phone",
        "alias": "Handphone",
        "meta": "@Handphone",
        "userDefined": false
      },
      {
        "text": " plan",
        "userDefined": false
      }
    ],
    "isTemplate": false,
    "count": 0,
    "updated": 0
  },
  {
    "id": "b25eb121-d47b-44d4-aef5-2c36d477d6af",
    "data": [
      {
        "text": "hello there, I would like to enquire about the Mobileshare plan. Is it possible to add an existing ",
        "userDefined": false
      },
      {
        "text": "Singtel",
        "alias": "Competitors",
        "meta": "@Competitors",
        "userDefined": false
      },
      {
        "text": " prepaid card number into my main line instead of choosing a new number?",
        "userDefined": false
      }
    ],
    "isTemplate": false,
    "count": 0,
    "updated": 0
  },
  {
    "id": "ffabf70f-cb53-4b31-bdb7-bd64f0625d5b",
    "data": [
      {
        "text": "how to share data",
        "userDefined": false
      }
    ],
    "isTemplate": false,
    "count": 0,
    "updated": 0
  },
  {
    "id": "8dae2c48-a754-4b16-8e47-28cba4343c9d",
    "data": [
      {
        "text": "Add ",
        "userDefined": false
      },
      {
        "text": "Mobile",
        "alias": "Handphone",
        "meta": "@Handphone",
        "userDefined": false
      },
      {
        "text": " Share",
        "userDefined": false
      }
    ],
    "isTemplate": false,
    "count": 0,
    "updated": 0
  },
  {
    "id": "89ace979-32f8-46dc-bb62-c060cbadfec2",
    "data": [
      {
        "text": "how do i find out more about mobileshare",
        "userDefined": false
      }
    ],
    "isTemplate": false,
    "count": 0,
    "updated": 0
  },
  {
    "id": "e042adb2-4d93-43b2-b7cf-a757be77a1c5",
    "data": [
      {
        "text": "how to share messages quota",
        "userDefined": false
      }
    ],
    "isTemplate": false,
    "count": 0,
    "updated": 0
  },
  {
    "id": "4ef0c3d0-6f0d-4be1-ac8d-05231eeee318",
    "data": [
      {
        "text": "how to share plan",
        "userDefined": false
      }
    ],
    "isTemplate": false,
    "count": 0,
    "updated": 0
  },
  {
    "id": "a19f7441-1c87-4418-8966-de4b1021b50c",
    "data": [
      {
        "text": "i wish to ",
        "userDefined": false
      },
      {
        "text": "sign up",
        "alias": "Sign-up",
        "meta": "@Sign-up",
        "userDefined": false
      },
      {
        "text": " to mobileshare",
        "userDefined": false
      }
    ],
    "isTemplate": false,
    "count": 0,
    "updated": 0
  },
  {
    "id": "28058642-8981-4c79-96c0-cd11993c3566",
    "data": [
      {
        "text": "how to share talktime",
        "userDefined": false
      }
    ],
    "isTemplate": false,
    "count": 0,
    "updated": 0
  },
  {
    "id": "5005e017-69ee-4b01-b87a-32183d07f622",
    "data": [
      {
        "text": "mobile",
        "alias": "Handphone",
        "meta": "@Handphone",
        "userDefined": false
      },
      {
        "text": " share ",
        "userDefined": false
      },
      {
        "text": "port in",
        "alias": "PortIn",
        "meta": "@PortIn",
        "userDefined": false
      }
    ],
    "isTemplate": false,
    "count": 0,
    "updated": 0
  },
  {
    "id": "2c61cf0e-9da9-4e24-a343-fe939fb58371",
    "data": [
      {
        "text": "I would like to enquire about the Singtel-UOB Credit Card Mobileshare plan",
        "userDefined": false
      }
    ],
    "isTemplate": false,
    "count": 0,
    "updated": 0
  },
  {
    "id": "df8659e3-ecd3-4a73-90da-fb957c3bfe4b",
    "data": [
      {
        "text": "how much is mobileshare",
        "userDefined": false
      }
    ],
    "isTemplate": false,
    "count": 0,
    "updated": 0
  },
  {
    "id": "6d62c443-b855-473b-8480-f6d66bf5b1f3",
    "data": [
      {
        "text": "i want to share",
        "userDefined": false
      }
    ],
    "isTemplate": false,
    "count": 1,
    "updated": 0
  },
  {
    "id": "c505f886-bf2a-4c23-a323-29a44da3a2b2",
    "data": [
      {
        "text": "how to share talk time",
        "userDefined": false
      }
    ],
    "isTemplate": false,
    "count": 0,
    "updated": 0
  }
]