[
  {
    "id": "dd507d83-cf59-4e3e-b39d-099f0bd13fe8",
    "data": [
      {
        "text": "For ",
        "userDefined": false
      },
      {
        "text": "CIS",
        "alias": "CIS",
        "meta": "@CIS",
        "userDefined": false
      },
      {
        "text": " customer, can I ",
        "userDefined": false
      },
      {
        "text": "sign up",
        "alias": "Sign-up",
        "meta": "@Sign-up",
        "userDefined": false
      },
      {
        "text": " a Youth Combo ",
        "userDefined": false
      },
      {
        "text": "2",
        "alias": "number",
        "meta": "@sys.number",
        "userDefined": false
      },
      {
        "text": " plan?",
        "userDefined": false
      }
    ],
    "isTemplate": false,
    "count": 0,
    "updated": 0
  },
  {
    "id": "b21b443c-bf92-4500-90ff-3ef635d534ff",
    "data": [
      {
        "text": "tell me youth plan",
        "userDefined": false
      }
    ],
    "isTemplate": false,
    "count": 0,
    "updated": 0
  },
  {
    "id": "e8306b46-8af3-419c-b142-771c5d7c3c9d",
    "data": [
      {
        "text": "youth",
        "userDefined": false
      }
    ],
    "isTemplate": false,
    "count": 0,
    "updated": 0
  },
  {
    "id": "a45343f3-a7dd-4489-b12e-d8f40f60035f",
    "data": [
      {
        "text": "plan youth",
        "userDefined": false
      }
    ],
    "isTemplate": false,
    "count": 0,
    "updated": 0
  },
  {
    "id": "22d3348f-6f4d-463b-97c6-2afa6c1b0fc8",
    "data": [
      {
        "text": "youth plan",
        "userDefined": false
      }
    ],
    "isTemplate": false,
    "count": 1,
    "updated": 0
  }
]