[
  {
    "id": "5345e5c4-c8c7-4210-893d-7f364147906c",
    "data": [
      {
        "text": "what happens to the ",
        "userDefined": false
      },
      {
        "text": "CIS",
        "alias": "CIS",
        "meta": "@CIS",
        "userDefined": false
      },
      {
        "text": " subscription rate if an eligible employee leaves the ",
        "userDefined": false
      },
      {
        "text": "company",
        "alias": "Company",
        "meta": "@Company",
        "userDefined": false
      },
      {
        "text": " in the middle of contract?",
        "userDefined": false
      }
    ],
    "isTemplate": false,
    "count": 0,
    "updated": 0
  },
  {
    "id": "6c6e0fc6-727e-44a8-b3f4-37cebb1c0482",
    "data": [
      {
        "text": "after ",
        "userDefined": false
      },
      {
        "text": "CIS",
        "alias": "CIS",
        "meta": "@CIS",
        "userDefined": false
      },
      {
        "text": " contract expires, what would be the rate I need to pay",
        "userDefined": false
      }
    ],
    "isTemplate": false,
    "count": 0,
    "updated": 0
  },
  {
    "id": "1e952d28-6d56-4d97-8293-bb45bbff90e4",
    "data": [
      {
        "text": "after my ",
        "userDefined": false
      },
      {
        "text": "CIS",
        "alias": "CIS",
        "meta": "@CIS",
        "userDefined": false
      },
      {
        "text": " contract ends, will I be able to continue to enjoy the ",
        "userDefined": false
      },
      {
        "text": "CIS",
        "alias": "CIS1",
        "meta": "@CIS",
        "userDefined": false
      },
      {
        "text": " subscription rate",
        "userDefined": false
      }
    ],
    "isTemplate": false,
    "count": 0,
    "updated": 0
  }
]