[
  {
    "id": "077ba4ed-f4b2-46f9-9456-df086ab19b60",
    "data": [
      {
        "text": "how can i find out more about singtel clear voice",
        "userDefined": false
      }
    ],
    "isTemplate": false,
    "count": 0,
    "updated": 0
  },
  {
    "id": "2ea07494-e54a-4a62-a2a7-b7ffb7dcc946",
    "data": [
      {
        "text": "how to ",
        "userDefined": false
      },
      {
        "text": "sign up",
        "alias": "Sign-up",
        "meta": "@Sign-up",
        "userDefined": false
      },
      {
        "text": " for clear voice",
        "userDefined": false
      }
    ],
    "isTemplate": false,
    "count": 0,
    "updated": 0
  },
  {
    "id": "19e54321-cbbb-4a40-86cb-23ec515f2374",
    "data": [
      {
        "text": "what is clear voice",
        "userDefined": false
      }
    ],
    "isTemplate": false,
    "count": 0,
    "updated": 0
  },
  {
    "id": "3b448b46-68bf-46d1-bd34-3967b3e42c49",
    "data": [
      {
        "text": "voice calls",
        "userDefined": false
      }
    ],
    "isTemplate": false,
    "count": 0,
    "updated": 0
  },
  {
    "id": "fff2b218-91d5-46fe-8395-460ea14a87ef",
    "data": [
      {
        "text": "bad quality voice calls",
        "userDefined": false
      }
    ],
    "isTemplate": false,
    "count": 0,
    "updated": 0
  },
  {
    "id": "68d81643-be6b-43ca-8582-f3cf305b732b",
    "data": [
      {
        "text": "clear voice",
        "userDefined": false
      }
    ],
    "isTemplate": false,
    "count": 0,
    "updated": 0
  },
  {
    "id": "19c559a9-19c5-446b-bf71-789f77899707",
    "data": [
      {
        "text": "poor voice quality",
        "userDefined": false
      }
    ],
    "isTemplate": false,
    "count": 0,
    "updated": 0
  }
]