[
  {
    "id": "c061815c-f3bc-4ae1-b1d4-ba2cd1886102",
    "data": [
      {
        "text": "i want to contract please",
        "userDefined": false
      }
    ],
    "isTemplate": false,
    "count": 0,
    "updated": 0
  },
  {
    "id": "3b9482c0-8258-40e7-a836-b307f1d0a732",
    "data": [
      {
        "text": "Can i ",
        "userDefined": false
      },
      {
        "text": "sign up",
        "alias": "Sign-up",
        "meta": "@Sign-up",
        "userDefined": false
      },
      {
        "text": " a new line ",
        "userDefined": false
      },
      {
        "text": "first",
        "alias": "ordinal",
        "meta": "@sys.ordinal",
        "userDefined": false
      },
      {
        "text": " then ",
        "userDefined": false
      },
      {
        "text": "port over",
        "alias": "PortIn",
        "meta": "@PortIn",
        "userDefined": false
      },
      {
        "text": " on the day my ",
        "userDefined": false
      },
      {
        "text": "starhub",
        "alias": "Competitors",
        "meta": "@Competitors",
        "userDefined": false
      },
      {
        "text": " line expires?",
        "userDefined": false
      }
    ],
    "isTemplate": false,
    "count": 0,
    "updated": 0
  },
  {
    "id": "da77b71e-835a-4d7b-9fd4-f31319b80743",
    "data": [
      {
        "text": "I will like to ",
        "userDefined": false
      },
      {
        "text": "port in",
        "alias": "PortIn",
        "meta": "@PortIn",
        "userDefined": false
      },
      {
        "text": ". What ",
        "userDefined": false
      },
      {
        "text": "charges",
        "alias": "Fees",
        "meta": "@Fees",
        "userDefined": false
      },
      {
        "text": " will be applicable",
        "userDefined": false
      }
    ],
    "isTemplate": false,
    "count": 0,
    "updated": 0
  },
  {
    "id": "3ca3c24f-d5af-4541-bd8f-cedbcca5dcd9",
    "data": [
      {
        "text": "Currently I\u0027m under contract with ",
        "userDefined": false
      },
      {
        "text": "M1",
        "alias": "Competitors",
        "meta": "@Competitors",
        "userDefined": false
      },
      {
        "text": ", I would like to switch to ",
        "userDefined": false
      },
      {
        "text": "Singtel",
        "alias": "Competitors1",
        "meta": "@Competitors",
        "userDefined": false
      },
      {
        "text": " but ",
        "userDefined": false
      },
      {
        "text": "retain",
        "alias": "Retain",
        "meta": "@Retain",
        "userDefined": false
      },
      {
        "text": " my number. Can I do it ",
        "userDefined": false
      },
      {
        "text": "online",
        "alias": "Online",
        "meta": "@Online",
        "userDefined": false
      },
      {
        "text": "?",
        "userDefined": false
      }
    ],
    "isTemplate": false,
    "count": 0,
    "updated": 0
  },
  {
    "id": "4ca19ffc-23aa-4668-82fb-518be0592120",
    "data": [
      {
        "text": "Can I ",
        "userDefined": false
      },
      {
        "text": "port over",
        "alias": "PortIn",
        "meta": "@PortIn",
        "userDefined": false
      },
      {
        "text": " when I\u0027m still on contract?",
        "userDefined": false
      }
    ],
    "isTemplate": false,
    "count": 0,
    "updated": 0
  },
  {
    "id": "a1038c7f-c83b-4ab2-89f8-f1054029bfc2",
    "data": [
      {
        "text": "Hi, I plan to port over to singtel is have any charges if my existing contract haven\u0027t end?",
        "userDefined": false
      }
    ],
    "isTemplate": false,
    "count": 0,
    "updated": 0
  },
  {
    "id": "a5fbd7a1-b7b7-4bef-8abf-c0bdee8f8ea0",
    "data": [
      {
        "text": "what happen to my old sim card when i do ",
        "userDefined": false
      },
      {
        "text": "online",
        "alias": "Online",
        "meta": "@Online",
        "userDefined": false
      },
      {
        "text": " ",
        "userDefined": false
      },
      {
        "text": "port over",
        "alias": "PortIn",
        "meta": "@PortIn",
        "userDefined": false
      }
    ],
    "isTemplate": false,
    "count": 0,
    "updated": 0
  },
  {
    "id": "5479e8fe-53c6-4daf-98dd-4e4c88aaf1a9",
    "data": [
      {
        "text": "i want to port my number from another telco",
        "userDefined": false
      }
    ],
    "isTemplate": false,
    "count": 0,
    "updated": 0
  },
  {
    "id": "162d7cbf-c5d0-4996-98b4-c9df9e89719f",
    "data": [
      {
        "text": "If I am sign new contract via Online CIS shop. Is it possible that I can still keep my old mobile no which I had with starhub?",
        "userDefined": false
      }
    ],
    "isTemplate": false,
    "count": 0,
    "updated": 0
  },
  {
    "id": "10b6e333-3f1f-4edd-8f34-b1a5a336c2b4",
    "data": [
      {
        "text": "If I am sign new contract via ",
        "userDefined": false
      },
      {
        "text": "Online CIS shop",
        "alias": "OnlineSingtelSites",
        "meta": "@OnlineSingtelSites",
        "userDefined": false
      },
      {
        "text": ". Is it possible that I can still ",
        "userDefined": false
      },
      {
        "text": "keep",
        "alias": "Retain",
        "meta": "@Retain",
        "userDefined": false
      },
      {
        "text": " my old ",
        "userDefined": false
      },
      {
        "text": "mobile",
        "alias": "Handphone",
        "meta": "@Handphone",
        "userDefined": false
      },
      {
        "text": " no,?",
        "userDefined": false
      }
    ],
    "isTemplate": false,
    "count": 0,
    "updated": 0
  },
  {
    "id": "0d814ebf-99eb-41bd-896e-5de039f3b605",
    "data": [
      {
        "text": "i want to ",
        "userDefined": false
      },
      {
        "text": "port in",
        "alias": "PortIn",
        "meta": "@PortIn",
        "userDefined": false
      },
      {
        "text": " from ",
        "userDefined": false
      },
      {
        "text": "starhub",
        "alias": "Competitors",
        "meta": "@Competitors",
        "userDefined": false
      },
      {
        "text": " to ",
        "userDefined": false
      },
      {
        "text": "singtel",
        "alias": "Competitors1",
        "meta": "@Competitors",
        "userDefined": false
      },
      {
        "text": " ",
        "userDefined": false
      },
      {
        "text": "cis",
        "alias": "CIS",
        "meta": "@CIS",
        "userDefined": false
      }
    ],
    "isTemplate": false,
    "count": 0,
    "updated": 0
  },
  {
    "id": "f12c29f4-d1b9-46e9-948f-afd4a6ba13c8",
    "data": [
      {
        "text": "i am ",
        "userDefined": false
      },
      {
        "text": "porting over",
        "alias": "PortIn",
        "meta": "@PortIn",
        "userDefined": false
      },
      {
        "text": " from ",
        "userDefined": false
      },
      {
        "text": "M1",
        "alias": "Competitors",
        "meta": "@Competitors",
        "userDefined": false
      }
    ],
    "isTemplate": false,
    "count": 0,
    "updated": 0
  },
  {
    "id": "e2a2f0d4-3c8a-47af-8a84-8bb4be682816",
    "data": [
      {
        "text": "how can i ",
        "userDefined": false
      },
      {
        "text": "port over",
        "alias": "PortIn",
        "meta": "@PortIn",
        "userDefined": true
      },
      {
        "text": " from ",
        "userDefined": false
      },
      {
        "text": "starhub",
        "alias": "Competitors",
        "meta": "@Competitors",
        "userDefined": false
      }
    ],
    "isTemplate": false,
    "count": 1,
    "updated": 0
  },
  {
    "id": "9998a513-cb0c-4128-ad00-3f47c83ffe58",
    "data": [
      {
        "text": "i have a plan with ",
        "userDefined": false
      },
      {
        "text": "starhub",
        "alias": "Competitors",
        "meta": "@Competitors",
        "userDefined": false
      },
      {
        "text": " can i ",
        "userDefined": false
      },
      {
        "text": "port in",
        "alias": "PortIn",
        "meta": "@PortIn",
        "userDefined": false
      }
    ],
    "isTemplate": false,
    "count": 0,
    "updated": 0
  },
  {
    "id": "4f35cbf3-b965-4672-96c7-9c34bdcd6e34",
    "data": [
      {
        "text": "hi, i\u0027m planning to port ",
        "userDefined": false
      },
      {
        "text": "company",
        "alias": "Company",
        "meta": "@Company",
        "userDefined": false
      },
      {
        "text": " ",
        "userDefined": false
      },
      {
        "text": "mobile",
        "alias": "Handphone",
        "meta": "@Handphone",
        "userDefined": false
      },
      {
        "text": " line from ",
        "userDefined": false
      },
      {
        "text": "M1",
        "alias": "Competitors",
        "meta": "@Competitors",
        "userDefined": false
      },
      {
        "text": " to ",
        "userDefined": false
      },
      {
        "text": "Singtel",
        "alias": "Competitors1",
        "meta": "@Competitors",
        "userDefined": false
      }
    ],
    "isTemplate": false,
    "count": 0,
    "updated": 0
  },
  {
    "id": "91728b71-4331-436e-96e8-8acea3e0543c",
    "data": [
      {
        "text": "im ",
        "userDefined": false
      },
      {
        "text": "porting over",
        "alias": "PortIn",
        "meta": "@PortIn",
        "userDefined": true
      },
      {
        "text": " from ",
        "userDefined": false
      },
      {
        "text": "starhub",
        "alias": "Competitors",
        "meta": "@Competitors",
        "userDefined": false
      }
    ],
    "isTemplate": false,
    "count": 0,
    "updated": 0
  },
  {
    "id": "04f82f6c-d08f-4644-8863-bb6b6890171f",
    "data": [
      {
        "text": "how to swtich from ",
        "userDefined": false
      },
      {
        "text": "circles",
        "alias": "Competitors",
        "meta": "@Competitors",
        "userDefined": false
      },
      {
        "text": " to singtel?",
        "userDefined": false
      }
    ],
    "isTemplate": false,
    "count": 0,
    "updated": 0
  },
  {
    "id": "30fc02eb-46fa-401c-a9a3-4462f54004df",
    "data": [
      {
        "text": "how can i switch from ",
        "userDefined": false
      },
      {
        "text": "starhub",
        "alias": "Competitors",
        "meta": "@Competitors",
        "userDefined": false
      },
      {
        "text": " to ",
        "userDefined": false
      },
      {
        "text": "cis",
        "alias": "CIS",
        "meta": "@CIS",
        "userDefined": false
      }
    ],
    "isTemplate": false,
    "count": 1,
    "updated": 0
  },
  {
    "id": "08de7ef5-f22a-4033-911f-27c0503840e7",
    "data": [
      {
        "text": "hi i want to ",
        "userDefined": false
      },
      {
        "text": "port over",
        "alias": "PortIn",
        "meta": "@PortIn",
        "userDefined": true
      },
      {
        "text": " from ",
        "userDefined": false
      },
      {
        "text": "starhub",
        "alias": "Competitors",
        "meta": "@Competitors",
        "userDefined": false
      }
    ],
    "isTemplate": false,
    "count": 1,
    "updated": 0
  },
  {
    "id": "c1ffd9d0-a22d-49bd-b4cd-afd4fe37dc3f",
    "data": [
      {
        "text": "can i switch my plan over to ",
        "userDefined": false
      },
      {
        "text": "singtel",
        "alias": "Competitors",
        "meta": "@Competitors",
        "userDefined": true
      }
    ],
    "isTemplate": false,
    "count": 0,
    "updated": 0
  },
  {
    "id": "a4c8f8db-448b-4454-af72-afb83825f530",
    "data": [
      {
        "text": "i want to ",
        "userDefined": false
      },
      {
        "text": "port in",
        "alias": "PortIn",
        "meta": "@PortIn",
        "userDefined": true
      }
    ],
    "isTemplate": false,
    "count": 1,
    "updated": 0
  },
  {
    "id": "d8d78831-8c03-4aa9-aa17-c613ba11f396",
    "data": [
      {
        "text": "i have remaing payment in ",
        "userDefined": false
      },
      {
        "text": "starhub",
        "alias": "Competitors",
        "meta": "@Competitors",
        "userDefined": false
      },
      {
        "text": " after i pay all due only im eligible to ",
        "userDefined": false
      },
      {
        "text": "port in",
        "alias": "PortIn",
        "meta": "@PortIn",
        "userDefined": false
      },
      {
        "text": " ?",
        "userDefined": false
      }
    ],
    "isTemplate": false,
    "count": 0,
    "updated": 0
  },
  {
    "id": "134bc7a4-f29b-43f7-81f4-228fbd02e31b",
    "data": [
      {
        "text": "how can i switch into ",
        "userDefined": false
      },
      {
        "text": "singtel",
        "alias": "Competitors",
        "meta": "@Competitors",
        "userDefined": false
      }
    ],
    "isTemplate": false,
    "count": 0,
    "updated": 0
  },
  {
    "id": "446c2aac-652d-413e-823c-2915f8a31227",
    "data": [
      {
        "text": "i am ",
        "userDefined": false
      },
      {
        "text": "porting over",
        "alias": "PortIn",
        "meta": "@PortIn",
        "userDefined": true
      },
      {
        "text": " rom ",
        "userDefined": false
      },
      {
        "text": "m1",
        "alias": "Competitors",
        "meta": "@Competitors",
        "userDefined": false
      }
    ],
    "isTemplate": false,
    "count": 0,
    "updated": 0
  },
  {
    "id": "7198da10-9d20-49da-849c-64156d01fc99",
    "data": [
      {
        "text": "is there a ",
        "userDefined": false
      },
      {
        "text": "port in",
        "alias": "PortIn",
        "meta": "@PortIn",
        "userDefined": true
      },
      {
        "text": " charges?",
        "userDefined": false
      }
    ],
    "isTemplate": false,
    "count": 1,
    "updated": 0
  },
  {
    "id": "05140be3-ba2d-4505-b1cc-25ba0daff7e4",
    "data": [
      {
        "text": "port in",
        "alias": "PortIn",
        "meta": "@PortIn",
        "userDefined": true
      },
      {
        "text": " charges",
        "userDefined": false
      }
    ],
    "isTemplate": false,
    "count": 0,
    "updated": 0
  },
  {
    "id": "a451a51c-da38-4a78-a8bf-903fb7f37812",
    "data": [
      {
        "text": "port in",
        "alias": "PortIn",
        "meta": "@PortIn",
        "userDefined": true
      }
    ],
    "isTemplate": false,
    "count": 1,
    "updated": 0
  },
  {
    "id": "dfc471f4-94e3-47a6-bd5f-5eb1b407739d",
    "data": [
      {
        "text": "how to do a ",
        "userDefined": false
      },
      {
        "text": "port over",
        "alias": "PortIn",
        "meta": "@PortIn",
        "userDefined": true
      }
    ],
    "isTemplate": false,
    "count": 1,
    "updated": 0
  },
  {
    "id": "81ea2807-ff62-4b28-a90b-14829bf7ac38",
    "data": [
      {
        "text": "would there be a problem if i am with ",
        "userDefined": false
      },
      {
        "text": "competitors",
        "alias": "Competitors",
        "meta": "@Competitors",
        "userDefined": true
      }
    ],
    "isTemplate": false,
    "count": 1,
    "updated": 0
  },
  {
    "id": "4ad0ed58-d273-4338-86dc-43808c195557",
    "data": [
      {
        "text": "for ",
        "userDefined": false
      },
      {
        "text": "port in",
        "alias": "PortIn",
        "meta": "@PortIn",
        "userDefined": false
      },
      {
        "text": ", how can we go about",
        "userDefined": false
      }
    ],
    "isTemplate": false,
    "count": 0,
    "updated": 0
  },
  {
    "id": "6afb6788-87b1-40b2-abec-56c002bf9a86",
    "data": [
      {
        "text": "how do i ",
        "userDefined": false
      },
      {
        "text": "port in",
        "alias": "PortIn",
        "meta": "@PortIn",
        "userDefined": true
      },
      {
        "text": " to ",
        "userDefined": false
      },
      {
        "text": "singtel",
        "alias": "CIS",
        "meta": "@CIS",
        "userDefined": false
      }
    ],
    "isTemplate": false,
    "count": 1,
    "updated": 0
  },
  {
    "id": "ef8270b7-3b45-498b-ad68-56e7c4ff1e21",
    "data": [
      {
        "text": "how can i switch to ",
        "userDefined": false
      },
      {
        "text": "singtel",
        "alias": "Competitors",
        "meta": "@Competitors",
        "userDefined": false
      },
      {
        "text": " plan",
        "userDefined": false
      }
    ],
    "isTemplate": false,
    "count": 0,
    "updated": 0
  },
  {
    "id": "1f921042-8140-4d41-8668-820e9d41808e",
    "data": [
      {
        "text": "can i ",
        "userDefined": false
      },
      {
        "text": "sign up",
        "alias": "Sign-up",
        "meta": "@Sign-up",
        "userDefined": false
      },
      {
        "text": " if i am already with ",
        "userDefined": false
      },
      {
        "text": "m1",
        "alias": "Competitors",
        "meta": "@Competitors",
        "userDefined": false
      }
    ],
    "isTemplate": false,
    "count": 0,
    "updated": 0
  },
  {
    "id": "b8db5d92-827c-44dd-9077-458f72eabc08",
    "data": [
      {
        "text": "would there be a problem if i am with ",
        "userDefined": false
      },
      {
        "text": "M1",
        "alias": "Competitors",
        "meta": "@Competitors",
        "userDefined": false
      }
    ],
    "isTemplate": false,
    "count": 2,
    "updated": 0
  },
  {
    "id": "4b9a028e-038f-4c98-bdf9-0c850918df71",
    "data": [
      {
        "text": "i want to switch over from ",
        "userDefined": false
      },
      {
        "text": "starhub",
        "alias": "Competitors",
        "meta": "@Competitors",
        "userDefined": false
      }
    ],
    "isTemplate": false,
    "count": 0,
    "updated": 0
  },
  {
    "id": "108d24d8-17b2-4af6-bd4c-7c047bf26ccb",
    "data": [
      {
        "text": "i am using ",
        "userDefined": false
      },
      {
        "text": "m1",
        "alias": "Competitors",
        "meta": "@Competitors",
        "userDefined": false
      },
      {
        "text": " now, how do i ",
        "userDefined": false
      },
      {
        "text": "sign up",
        "alias": "Sign-up",
        "meta": "@Sign-up",
        "userDefined": false
      },
      {
        "text": " for ",
        "userDefined": false
      },
      {
        "text": "cis",
        "alias": "CIS",
        "meta": "@CIS",
        "userDefined": false
      }
    ],
    "isTemplate": false,
    "count": 0,
    "updated": 0
  },
  {
    "id": "45eeabb5-559c-4149-8371-a349fce6d9d1",
    "data": [
      {
        "text": "I want to ",
        "userDefined": false
      },
      {
        "text": "port in",
        "alias": "PortIn",
        "meta": "@PortIn",
        "userDefined": true
      }
    ],
    "isTemplate": false,
    "count": 0,
    "updated": 0
  },
  {
    "id": "f8548ce1-13e1-454b-9b80-dbf480646d1a",
    "data": [
      {
        "text": "would there be a problem if i am with ",
        "userDefined": false
      },
      {
        "text": "Starhub",
        "alias": "Competitors",
        "meta": "@Competitors",
        "userDefined": false
      }
    ],
    "isTemplate": false,
    "count": 0,
    "updated": 0
  },
  {
    "id": "5bb95d7c-ed1a-4ac1-aa74-77598db89dd7",
    "data": [
      {
        "text": "how can i ",
        "userDefined": false
      },
      {
        "text": "port in",
        "alias": "PortIn",
        "meta": "@PortIn",
        "userDefined": true
      }
    ],
    "isTemplate": false,
    "count": 0,
    "updated": 0
  },
  {
    "id": "237bd987-9aaf-4917-b505-8687c86b327a",
    "data": [
      {
        "text": "can i ",
        "userDefined": false
      },
      {
        "text": "port in",
        "alias": "PortIn",
        "meta": "@PortIn",
        "userDefined": true
      },
      {
        "text": " from ",
        "userDefined": false
      },
      {
        "text": "m1",
        "alias": "Competitors",
        "meta": "@Competitors",
        "userDefined": false
      }
    ],
    "isTemplate": false,
    "count": 0,
    "updated": 0
  },
  {
    "id": "d9a93341-ed41-493f-9f33-a023fcd1d337",
    "data": [
      {
        "text": "i am using ",
        "userDefined": false
      },
      {
        "text": "m1",
        "alias": "Competitors",
        "meta": "@Competitors",
        "userDefined": false
      },
      {
        "text": " now can i switch to ",
        "userDefined": false
      },
      {
        "text": "cis",
        "alias": "CIS",
        "meta": "@CIS",
        "userDefined": false
      }
    ],
    "isTemplate": false,
    "count": 0,
    "updated": 0
  },
  {
    "id": "e502e855-2713-4c35-abc8-4ea804cfac16",
    "data": [
      {
        "text": "how to ",
        "userDefined": false
      },
      {
        "text": "port in",
        "alias": "PortIn",
        "meta": "@PortIn",
        "userDefined": true
      }
    ],
    "isTemplate": false,
    "count": 1,
    "updated": 0
  },
  {
    "id": "52ceabfb-8bd0-4feb-8226-358ed35ab82a",
    "data": [
      {
        "text": "can i ",
        "userDefined": false
      },
      {
        "text": "sign up",
        "alias": "Sign-up",
        "meta": "@Sign-up",
        "userDefined": false
      },
      {
        "text": " if i am with ",
        "userDefined": false
      },
      {
        "text": "m1",
        "alias": "Competitors",
        "meta": "@Competitors",
        "userDefined": false
      }
    ],
    "isTemplate": false,
    "count": 0,
    "updated": 0
  },
  {
    "id": "4d6bf85f-81f8-40ac-8dba-da2cd763bbab",
    "data": [
      {
        "text": "Hi, currently i am using a ",
        "userDefined": false
      },
      {
        "text": "corporate",
        "alias": "CorporateLine",
        "meta": "@CorporateLine",
        "userDefined": false
      },
      {
        "text": " ",
        "userDefined": false
      },
      {
        "text": "mobile",
        "alias": "Handphone",
        "meta": "@Handphone",
        "userDefined": false
      },
      {
        "text": " plan. can I switch to personal plan?",
        "userDefined": false
      }
    ],
    "isTemplate": false,
    "count": 0,
    "updated": 0
  },
  {
    "id": "896edd85-e077-4b40-b447-d03aee3e7729",
    "data": [
      {
        "text": "can i switch from ",
        "userDefined": false
      },
      {
        "text": "m1",
        "alias": "Competitors",
        "meta": "@Competitors",
        "userDefined": false
      },
      {
        "text": " to singtel",
        "userDefined": false
      }
    ],
    "isTemplate": false,
    "count": 0,
    "updated": 0
  },
  {
    "id": "46003a2c-fad3-4164-aefa-0be9a8567d79",
    "data": [
      {
        "text": "how do i ",
        "userDefined": false
      },
      {
        "text": "port-in",
        "alias": "PortIn",
        "meta": "@PortIn",
        "userDefined": true
      }
    ],
    "isTemplate": false,
    "count": 1,
    "updated": 0
  },
  {
    "id": "51a4c7f1-b284-4b13-980b-3dc8b2f4221f",
    "data": [
      {
        "text": "would there be a problem if i am with ",
        "userDefined": false
      },
      {
        "text": "circle",
        "alias": "Competitors",
        "meta": "@Competitors",
        "userDefined": false
      },
      {
        "text": ".life",
        "userDefined": false
      }
    ],
    "isTemplate": false,
    "count": 0,
    "updated": 0
  },
  {
    "id": "f89b03e0-cd47-467a-91a3-37fbf322d75f",
    "data": [
      {
        "text": "would there be a problem if i am with ",
        "userDefined": false
      },
      {
        "text": "m1",
        "alias": "Competitors",
        "meta": "@Competitors",
        "userDefined": false
      }
    ],
    "isTemplate": false,
    "count": 5,
    "updated": 0
  },
  {
    "id": "854be631-1296-43e5-9da3-d0b47673f688",
    "data": [
      {
        "text": "i would like to ",
        "userDefined": false
      },
      {
        "text": "Port in",
        "alias": "PortIn",
        "meta": "@PortIn",
        "userDefined": false
      },
      {
        "text": " my number with ",
        "userDefined": false
      },
      {
        "text": "24 months",
        "alias": "age",
        "meta": "@sys.age",
        "userDefined": false
      },
      {
        "text": " plan ",
        "userDefined": false
      },
      {
        "text": "online",
        "alias": "Online",
        "meta": "@Online",
        "userDefined": false
      }
    ],
    "isTemplate": false,
    "count": 0,
    "updated": 0
  },
  {
    "id": "e2ea5ce6-e45a-42f6-a0f4-3439f026fe61",
    "data": [
      {
        "text": "what do i need to do for ",
        "userDefined": false
      },
      {
        "text": "port-in",
        "alias": "PortIn",
        "meta": "@PortIn",
        "userDefined": false
      }
    ],
    "isTemplate": false,
    "count": 0,
    "updated": 0
  },
  {
    "id": "50ffde30-687b-44db-80b1-bcd5908a9676",
    "data": [
      {
        "text": "i want to ",
        "userDefined": false
      },
      {
        "text": "port over",
        "alias": "PortIn",
        "meta": "@PortIn",
        "userDefined": true
      },
      {
        "text": " from ",
        "userDefined": false
      },
      {
        "text": "starhub",
        "alias": "Competitors",
        "meta": "@Competitors",
        "userDefined": false
      }
    ],
    "isTemplate": false,
    "count": 0,
    "updated": 0
  },
  {
    "id": "6f5213e5-1104-4a37-997e-26194e4d4e6d",
    "data": [
      {
        "text": "would there be a problem if i am with ",
        "userDefined": false
      },
      {
        "text": "starhub",
        "alias": "Competitors",
        "meta": "@Competitors",
        "userDefined": false
      }
    ],
    "isTemplate": false,
    "count": 1,
    "updated": 0
  },
  {
    "id": "70644205-e2e2-464c-b449-c3437e894b0e",
    "data": [
      {
        "text": "my current plan is with ",
        "userDefined": false
      },
      {
        "text": "M1",
        "alias": "Competitors",
        "meta": "@Competitors",
        "userDefined": false
      },
      {
        "text": " can i still get ",
        "userDefined": false
      },
      {
        "text": "cis",
        "alias": "CIS",
        "meta": "@CIS",
        "userDefined": false
      },
      {
        "text": " benefits",
        "userDefined": false
      }
    ],
    "isTemplate": false,
    "count": 0,
    "updated": 0
  },
  {
    "id": "1d4fb6a2-75d0-422b-9211-521afb7db0fe",
    "data": [
      {
        "text": "i want to switch my plan over to singtel",
        "userDefined": false
      }
    ],
    "isTemplate": false,
    "count": 0,
    "updated": 0
  },
  {
    "id": "ba2be38a-6ad2-4281-99ec-00d345704e40",
    "data": [
      {
        "text": "how to ",
        "userDefined": false
      },
      {
        "text": "port over",
        "alias": "PortIn",
        "meta": "@PortIn",
        "userDefined": true
      },
      {
        "text": " from ",
        "userDefined": false
      },
      {
        "text": "starhub",
        "alias": "Competitors",
        "meta": "@Competitors",
        "userDefined": false
      }
    ],
    "isTemplate": false,
    "count": 0,
    "updated": 0
  },
  {
    "id": "6d162273-6d24-4a7f-a5d6-0baa245c57d4",
    "data": [
      {
        "text": "can i switch to ",
        "userDefined": false
      },
      {
        "text": "cis",
        "alias": "CIS",
        "meta": "@CIS",
        "userDefined": false
      },
      {
        "text": " from ",
        "userDefined": false
      },
      {
        "text": "m1",
        "alias": "Competitors",
        "meta": "@Competitors",
        "userDefined": false
      }
    ],
    "isTemplate": false,
    "count": 0,
    "updated": 0
  },
  {
    "id": "68bfdf21-0f3a-4f6b-ad71-91a458ef6e93",
    "data": [
      {
        "text": "would there be a problem if i am with ",
        "userDefined": false
      },
      {
        "text": "Circles",
        "alias": "Competitors",
        "meta": "@Competitors",
        "userDefined": false
      }
    ],
    "isTemplate": false,
    "count": 0,
    "updated": 0
  },
  {
    "id": "95cfd2dc-8160-43bf-b451-778baa83b0fa",
    "data": [
      {
        "text": "How do i transfer my number from ",
        "userDefined": false
      },
      {
        "text": "M1",
        "alias": "Competitors",
        "meta": "@Competitors",
        "userDefined": false
      }
    ],
    "isTemplate": false,
    "count": 0,
    "updated": 0
  },
  {
    "id": "f4826dd0-a3be-430a-9803-f921f43ae189",
    "data": [
      {
        "text": "i have a plan with ",
        "userDefined": false
      },
      {
        "text": "starhub",
        "alias": "Competitors",
        "meta": "@Competitors",
        "userDefined": false
      },
      {
        "text": " how ",
        "userDefined": false
      },
      {
        "text": "port in",
        "alias": "PortIn",
        "meta": "@PortIn",
        "userDefined": false
      }
    ],
    "isTemplate": false,
    "count": 0,
    "updated": 0
  },
  {
    "id": "7c8a09b9-3450-4399-9395-81fdc16427ea",
    "data": [
      {
        "text": "can i sign up when im already with ",
        "userDefined": false
      },
      {
        "text": "m1",
        "alias": "Competitors",
        "meta": "@Competitors",
        "userDefined": false
      }
    ],
    "isTemplate": false,
    "count": 0,
    "updated": 0
  },
  {
    "id": "3918e26d-8f97-4ad4-bdae-b77f22df7575",
    "data": [
      {
        "text": "would there be a problem if i am with ",
        "userDefined": false
      },
      {
        "text": "circles",
        "alias": "Competitors",
        "meta": "@Competitors",
        "userDefined": false
      }
    ],
    "isTemplate": false,
    "count": 1,
    "updated": 0
  },
  {
    "id": "f36b6131-3798-4c1c-83d5-cbfab2ffbd24",
    "data": [
      {
        "text": "how do i switch over my plan to singtel",
        "userDefined": false
      }
    ],
    "isTemplate": false,
    "count": 0,
    "updated": 0
  },
  {
    "id": "c6cda1a3-9b56-42c9-b270-2edc4d4ca18b",
    "data": [
      {
        "text": "i want to sign a new line",
        "userDefined": false
      }
    ],
    "isTemplate": false,
    "count": 0,
    "updated": 0
  },
  {
    "id": "05a000c0-e106-4b35-86b0-1c896e734afa",
    "data": [
      {
        "text": "hello my contract with ",
        "userDefined": false
      },
      {
        "text": "starhub",
        "alias": "Competitors",
        "meta": "@Competitors",
        "userDefined": false
      },
      {
        "text": " ends at ",
        "userDefined": false
      },
      {
        "text": "11th october",
        "alias": "date",
        "meta": "@sys.date",
        "userDefined": false
      },
      {
        "text": ". Can I ",
        "userDefined": false
      },
      {
        "text": "recontract",
        "alias": "Recontract",
        "meta": "@Recontract",
        "userDefined": false
      },
      {
        "text": " to ",
        "userDefined": false
      },
      {
        "text": "Singtel",
        "alias": "Competitors1",
        "meta": "@Competitors",
        "userDefined": false
      },
      {
        "text": " already?",
        "userDefined": false
      }
    ],
    "isTemplate": false,
    "count": 0,
    "updated": 0
  },
  {
    "id": "64b10c8d-299c-4af9-a77f-620672e0b4f6",
    "data": [
      {
        "text": "can i ",
        "userDefined": false
      },
      {
        "text": "port over",
        "alias": "PortIn",
        "meta": "@PortIn",
        "userDefined": true
      }
    ],
    "isTemplate": false,
    "count": 0,
    "updated": 0
  },
  {
    "id": "e1099db4-3ddf-4bdc-802c-cd773eef85f6",
    "data": [
      {
        "text": "I would like to change to ",
        "userDefined": false
      },
      {
        "text": "cis",
        "alias": "CIS",
        "meta": "@CIS",
        "userDefined": false
      },
      {
        "text": " plan",
        "userDefined": false
      }
    ],
    "isTemplate": false,
    "count": 0,
    "updated": 0
  },
  {
    "id": "9ac3bb9e-aa4b-4252-bd71-30c1a1cf2324",
    "data": [
      {
        "text": "can i ",
        "userDefined": false
      },
      {
        "text": "sign up",
        "alias": "Sign-up",
        "meta": "@Sign-up",
        "userDefined": false
      },
      {
        "text": " for ",
        "userDefined": false
      },
      {
        "text": "cis",
        "alias": "CIS",
        "meta": "@CIS",
        "userDefined": false
      },
      {
        "text": " if i am now with ",
        "userDefined": false
      },
      {
        "text": "m1",
        "alias": "Competitors",
        "meta": "@Competitors",
        "userDefined": false
      }
    ],
    "isTemplate": false,
    "count": 0,
    "updated": 0
  },
  {
    "id": "1d6d35fb-ea46-4ad8-8cb3-a287f3fc4459",
    "data": [
      {
        "text": "i want to ",
        "userDefined": false
      },
      {
        "text": "sign up",
        "alias": "Sign-up",
        "meta": "@Sign-up",
        "userDefined": false
      },
      {
        "text": " but i am not with ",
        "userDefined": false
      },
      {
        "text": "m1",
        "alias": "Competitors",
        "meta": "@Competitors",
        "userDefined": false
      }
    ],
    "isTemplate": false,
    "count": 0,
    "updated": 0
  },
  {
    "id": "a1b4d14a-cfb6-452c-9d6b-8ddc646d6836",
    "data": [
      {
        "text": "how do i switch to ",
        "userDefined": false
      },
      {
        "text": "cis",
        "alias": "CIS",
        "meta": "@CIS",
        "userDefined": false
      },
      {
        "text": " from other telcos",
        "userDefined": false
      }
    ],
    "isTemplate": false,
    "count": 0,
    "updated": 0
  },
  {
    "id": "1e078e05-5065-4e18-8422-fbb1c5f9b637",
    "data": [
      {
        "text": "can i ",
        "userDefined": false
      },
      {
        "text": "sign up",
        "alias": "Sign-up",
        "meta": "@Sign-up",
        "userDefined": false
      },
      {
        "text": " when im already with ",
        "userDefined": false
      },
      {
        "text": "m1",
        "alias": "Competitors",
        "meta": "@Competitors",
        "userDefined": false
      }
    ],
    "isTemplate": false,
    "count": 0,
    "updated": 0
  },
  {
    "id": "a62f7e79-22c1-4a68-8bef-7ecabeb26531",
    "data": [
      {
        "text": "port-in",
        "alias": "PortIn",
        "meta": "@PortIn",
        "userDefined": true
      }
    ],
    "isTemplate": false,
    "count": 0,
    "updated": 0
  },
  {
    "id": "d4c972fd-519d-4bea-8383-e9a5d287d656",
    "data": [
      {
        "text": "would there be a problem if i am with ",
        "userDefined": false
      },
      {
        "text": "circles",
        "alias": "Competitors",
        "meta": "@Competitors",
        "userDefined": false
      },
      {
        "text": ".life",
        "userDefined": false
      }
    ],
    "isTemplate": false,
    "count": 0,
    "updated": 0
  },
  {
    "id": "87ff7db0-a083-4290-a9a2-b785f73cdc31",
    "data": [
      {
        "text": "how do i change my line to ",
        "userDefined": false
      },
      {
        "text": "cis",
        "alias": "CIS",
        "meta": "@CIS",
        "userDefined": false
      }
    ],
    "isTemplate": false,
    "count": 0,
    "updated": 0
  },
  {
    "id": "de8e4be7-a96a-4798-905d-812bc2299afb",
    "data": [
      {
        "text": "can i switch over from ",
        "userDefined": false
      },
      {
        "text": "m1",
        "alias": "Competitors",
        "meta": "@Competitors",
        "userDefined": false
      },
      {
        "text": "?",
        "userDefined": false
      }
    ],
    "isTemplate": false,
    "count": 0,
    "updated": 0
  },
  {
    "id": "f364f476-0226-4f63-9d39-713a481558e2",
    "data": [
      {
        "text": "can i switch over my plan to singtel",
        "userDefined": false
      }
    ],
    "isTemplate": false,
    "count": 0,
    "updated": 0
  },
  {
    "id": "f3486ba5-fccf-4139-9a5b-095fc320fb55",
    "data": [
      {
        "text": "how do i go about signing up then",
        "userDefined": false
      }
    ],
    "isTemplate": false,
    "count": 0,
    "updated": 0
  },
  {
    "id": "a2bd8d4b-ccd7-4af5-b8e4-2c669897d562",
    "data": [
      {
        "text": "how do i ",
        "userDefined": false
      },
      {
        "text": "port in",
        "alias": "PortIn",
        "meta": "@PortIn",
        "userDefined": true
      },
      {
        "text": " my line",
        "userDefined": false
      }
    ],
    "isTemplate": false,
    "count": 0,
    "updated": 0
  },
  {
    "id": "a5cbb664-97b6-436b-9c9d-53249bf5778a",
    "data": [
      {
        "text": "can i switch from ",
        "userDefined": false
      },
      {
        "text": "m1",
        "alias": "Competitors",
        "meta": "@Competitors",
        "userDefined": false
      },
      {
        "text": " to singtel ",
        "userDefined": false
      },
      {
        "text": "cis",
        "alias": "CIS",
        "meta": "@CIS",
        "userDefined": false
      },
      {
        "text": " and keep my number?",
        "userDefined": false
      }
    ],
    "isTemplate": false,
    "count": 0,
    "updated": 0
  },
  {
    "id": "c38c5dca-dacb-4e6d-af0b-6cafe5eb310a",
    "data": [
      {
        "text": "can i switch from ",
        "userDefined": false
      },
      {
        "text": "M1",
        "alias": "Competitors",
        "meta": "@Competitors",
        "userDefined": false
      },
      {
        "text": " to singtel ",
        "userDefined": false
      },
      {
        "text": "cis",
        "alias": "CIS",
        "meta": "@CIS",
        "userDefined": false
      },
      {
        "text": "?",
        "userDefined": false
      }
    ],
    "isTemplate": false,
    "count": 0,
    "updated": 0
  },
  {
    "id": "8c805408-8062-4c35-9ee0-d7b48e784de3",
    "data": [
      {
        "text": "i am changing from ",
        "userDefined": false
      },
      {
        "text": "m1",
        "alias": "Competitors",
        "meta": "@Competitors",
        "userDefined": false
      },
      {
        "text": " to singtel",
        "userDefined": false
      }
    ],
    "isTemplate": false,
    "count": 1,
    "updated": 0
  },
  {
    "id": "4225d48d-afd1-4d11-aaff-5471d3abce0c",
    "data": [
      {
        "text": "how to change from ",
        "userDefined": false
      },
      {
        "text": "starhub",
        "alias": "Competitors",
        "meta": "@Competitors",
        "userDefined": false
      },
      {
        "text": " to singtel ",
        "userDefined": false
      },
      {
        "text": "cis",
        "alias": "CIS",
        "meta": "@CIS",
        "userDefined": false
      }
    ],
    "isTemplate": false,
    "count": 0,
    "updated": 0
  },
  {
    "id": "372cc467-9f32-4775-9062-df7cb4d579a7",
    "data": [
      {
        "text": "can I ",
        "userDefined": false
      },
      {
        "text": "port in",
        "alias": "PortIn",
        "meta": "@PortIn",
        "userDefined": true
      },
      {
        "text": " from ",
        "userDefined": false
      },
      {
        "text": "starhub",
        "alias": "Competitors",
        "meta": "@Competitors",
        "userDefined": false
      }
    ],
    "isTemplate": false,
    "count": 1,
    "updated": 0
  },
  {
    "id": "9482a60f-b96f-4bfe-91d1-b605eb451f93",
    "data": [
      {
        "text": "i want to ",
        "userDefined": false
      },
      {
        "text": "port in",
        "alias": "PortIn",
        "meta": "@PortIn",
        "userDefined": true
      },
      {
        "text": " from ",
        "userDefined": false
      },
      {
        "text": "m1",
        "alias": "Competitors",
        "meta": "@Competitors",
        "userDefined": false
      }
    ],
    "isTemplate": false,
    "count": 0,
    "updated": 0
  },
  {
    "id": "b8abbbda-1b53-4965-ad65-9753ac80318e",
    "data": [
      {
        "text": "how to port in from other providers to Singtel ",
        "userDefined": false
      },
      {
        "text": "CIS",
        "alias": "CIS",
        "meta": "@CIS",
        "userDefined": false
      }
    ],
    "isTemplate": false,
    "count": 0,
    "updated": 0
  },
  {
    "id": "2da60e1d-da97-4e67-8288-cacfd9125273",
    "data": [
      {
        "text": "will my number be retained if i change my provider to ",
        "userDefined": false
      },
      {
        "text": "cis",
        "alias": "CIS",
        "meta": "@CIS",
        "userDefined": false
      }
    ],
    "isTemplate": false,
    "count": 0,
    "updated": 0
  },
  {
    "id": "3f011d1f-6865-4dfd-989f-9d801a9bf293",
    "data": [
      {
        "text": "is it possible to switch provider to ",
        "userDefined": false
      },
      {
        "text": "cis",
        "alias": "CIS",
        "meta": "@CIS",
        "userDefined": false
      },
      {
        "text": " without losing my number",
        "userDefined": false
      }
    ],
    "isTemplate": false,
    "count": 0,
    "updated": 0
  },
  {
    "id": "e5238d26-9bfe-484e-877e-ad422c3c4141",
    "data": [
      {
        "text": "can i retain my old number if i switch to ",
        "userDefined": false
      },
      {
        "text": "cis",
        "alias": "CIS",
        "meta": "@CIS",
        "userDefined": false
      }
    ],
    "isTemplate": false,
    "count": 0,
    "updated": 0
  },
  {
    "id": "bbd00306-f116-4929-b371-28a9cf2393d9",
    "data": [
      {
        "text": "how possible is it to switch provider to ",
        "userDefined": false
      },
      {
        "text": "cis",
        "alias": "CIS",
        "meta": "@CIS",
        "userDefined": false
      },
      {
        "text": " without losing my number",
        "userDefined": false
      }
    ],
    "isTemplate": false,
    "count": 0,
    "updated": 0
  },
  {
    "id": "1ceffd73-a683-4512-808b-8edf4937a4b8",
    "data": [
      {
        "text": "can i change provider",
        "userDefined": false
      }
    ],
    "isTemplate": false,
    "count": 0,
    "updated": 0
  },
  {
    "id": "63db1fc6-0342-4758-b467-1f20eb9d3607",
    "data": [
      {
        "text": "can i ",
        "userDefined": false
      },
      {
        "text": "port in",
        "alias": "PortIn",
        "meta": "@PortIn",
        "userDefined": true
      },
      {
        "text": " from ",
        "userDefined": false
      },
      {
        "text": "starhub",
        "alias": "Competitors",
        "meta": "@Competitors",
        "userDefined": true
      }
    ],
    "isTemplate": false,
    "count": 0,
    "updated": 0
  },
  {
    "id": "80e7c854-bb57-48bc-9ad1-1fad8861d10a",
    "data": [
      {
        "text": "how do i switch from other provider to singtel ",
        "userDefined": false
      },
      {
        "text": "cis",
        "alias": "CIS",
        "meta": "@CIS",
        "userDefined": false
      }
    ],
    "isTemplate": false,
    "count": 0,
    "updated": 0
  },
  {
    "id": "c927fbc0-7029-4639-957d-215bec0d1d27",
    "data": [
      {
        "text": "how do i ",
        "userDefined": false
      },
      {
        "text": "port in",
        "alias": "PortIn",
        "meta": "@PortIn",
        "userDefined": true
      },
      {
        "text": " my line from ",
        "userDefined": false
      },
      {
        "text": "M1",
        "alias": "Competitors",
        "meta": "@Competitors",
        "userDefined": true
      },
      {
        "text": " to Singtel ",
        "userDefined": false
      },
      {
        "text": "CIS",
        "alias": "CIS",
        "meta": "@CIS",
        "userDefined": false
      }
    ],
    "isTemplate": false,
    "count": 0,
    "updated": 0
  },
  {
    "id": "71d0d1a9-764c-4e72-88f6-8d477fced92c",
    "data": [
      {
        "text": "how do i ",
        "userDefined": false
      },
      {
        "text": "port-in",
        "alias": "PortIn",
        "meta": "@PortIn",
        "userDefined": true
      },
      {
        "text": " my line to ",
        "userDefined": false
      },
      {
        "text": "CIS",
        "alias": "CIS",
        "meta": "@CIS",
        "userDefined": false
      }
    ],
    "isTemplate": false,
    "count": 0,
    "updated": 0
  },
  {
    "id": "8f87ea59-960e-4e28-b574-2e1419d11207",
    "data": [
      {
        "text": "Is there any charges if I change from ",
        "userDefined": false
      },
      {
        "text": "Starhub",
        "alias": "Competitors",
        "meta": "@Competitors",
        "userDefined": false
      },
      {
        "text": " to cis",
        "userDefined": false
      }
    ],
    "isTemplate": false,
    "count": 0,
    "updated": 0
  },
  {
    "id": "e13018e3-e768-43e9-80e1-807d29f94273",
    "data": [
      {
        "text": "can i still retain my number if i switch my provider to ",
        "userDefined": false
      },
      {
        "text": "cis",
        "alias": "CIS",
        "meta": "@CIS",
        "userDefined": false
      }
    ],
    "isTemplate": false,
    "count": 0,
    "updated": 0
  },
  {
    "id": "347dedbd-283d-49db-bb07-1717f1278f74",
    "data": [
      {
        "text": "can i retain my old number if i change to ",
        "userDefined": false
      },
      {
        "text": "cis",
        "alias": "CIS",
        "meta": "@CIS",
        "userDefined": false
      }
    ],
    "isTemplate": false,
    "count": 0,
    "updated": 0
  },
  {
    "id": "b7f860dd-50d6-4fd1-a7d2-da6811436c11",
    "data": [
      {
        "text": "how to switch from ",
        "userDefined": false
      },
      {
        "text": "circles",
        "alias": "Competitors",
        "meta": "@Competitors",
        "userDefined": false
      },
      {
        "text": " to singtel?",
        "userDefined": false
      }
    ],
    "isTemplate": false,
    "count": 0,
    "updated": 0
  },
  {
    "id": "6a9b5b72-41fd-4869-ac08-9eafc9240ba8",
    "data": [
      {
        "text": "how to switch from ",
        "userDefined": false
      },
      {
        "text": "MyRepublic",
        "alias": "Competitors",
        "meta": "@Competitors",
        "userDefined": false
      }
    ],
    "isTemplate": false,
    "count": 0,
    "updated": 0
  },
  {
    "id": "c0e7e695-9e32-4b9d-8a2a-3323e230ff7b",
    "data": [
      {
        "text": "i am a ",
        "userDefined": false
      },
      {
        "text": "M1",
        "alias": "Competitors",
        "meta": "@Competitors",
        "userDefined": false
      },
      {
        "text": " subscriber can i sign up",
        "userDefined": false
      }
    ],
    "isTemplate": false,
    "count": 0,
    "updated": 0
  },
  {
    "id": "a89e1501-19a4-4e17-b9d8-578435f358b3",
    "data": [
      {
        "text": "i am currently with stupid ",
        "userDefined": false
      },
      {
        "text": "circles",
        "alias": "Competitors",
        "meta": "@Competitors",
        "userDefined": false
      },
      {
        "text": ".life i want to use singtel, how to do it?",
        "userDefined": false
      }
    ],
    "isTemplate": false,
    "count": 0,
    "updated": 0
  },
  {
    "id": "9ba0a8b0-d779-45a4-b5e7-f79d1ea60bbd",
    "data": [
      {
        "text": "would there be a problem if i am with ",
        "userDefined": false
      },
      {
        "text": "myrepublic",
        "alias": "Competitors",
        "meta": "@Competitors",
        "userDefined": false
      }
    ],
    "isTemplate": false,
    "count": 0,
    "updated": 0
  },
  {
    "id": "cd685b3a-3df9-4f90-bf9d-d1916069950a",
    "data": [
      {
        "text": "changing provider without losing current number",
        "userDefined": false
      }
    ],
    "isTemplate": false,
    "count": 0,
    "updated": 0
  },
  {
    "id": "1745a08e-d30e-4253-870d-df02dc18ed24",
    "data": [
      {
        "text": "is it possible to keep my current number after switching to ",
        "userDefined": false
      },
      {
        "text": "cis",
        "alias": "CIS",
        "meta": "@CIS",
        "userDefined": false
      }
    ],
    "isTemplate": false,
    "count": 0,
    "updated": 0
  },
  {
    "id": "5f66c4b1-f4c7-4ec3-8a81-16c8d18aa90f",
    "data": [
      {
        "text": "can i switch to singtel and retain the same number?",
        "userDefined": false
      }
    ],
    "isTemplate": false,
    "count": 0,
    "updated": 0
  },
  {
    "id": "e8af1845-cd9d-4f8f-ab88-652c6b982a02",
    "data": [
      {
        "text": "i\u0027ve got to change provider, but can i keep my number now",
        "userDefined": false
      }
    ],
    "isTemplate": false,
    "count": 0,
    "updated": 0
  },
  {
    "id": "d2176227-44c9-4daa-aaf9-6f927d167f72",
    "data": [
      {
        "text": "can I transfer my ",
        "userDefined": false
      },
      {
        "text": "starhub",
        "alias": "Competitors",
        "meta": "@Competitors",
        "userDefined": false
      },
      {
        "text": " number over?",
        "userDefined": false
      }
    ],
    "isTemplate": false,
    "count": 1,
    "updated": 0
  },
  {
    "id": "28623c11-ce2c-47c8-b045-8d9d4addefb2",
    "data": [
      {
        "text": "if i use ",
        "userDefined": false
      },
      {
        "text": "M1",
        "alias": "Competitors",
        "meta": "@Competitors",
        "userDefined": false
      },
      {
        "text": " and want to transfer to ",
        "userDefined": false
      },
      {
        "text": "CIS",
        "alias": "CIS",
        "meta": "@CIS",
        "userDefined": false
      }
    ],
    "isTemplate": false,
    "count": 1,
    "updated": 0
  }
]