[
  {
    "id": "dc1e6519-4c9c-4644-95ef-606f7654dbf5",
    "data": [
      {
        "text": "Hi, i would like to have an early upgrade ",
        "userDefined": false
      },
      {
        "text": "in Dec",
        "alias": "date-period",
        "meta": "@sys.date-period",
        "userDefined": false
      },
      {
        "text": " instead of Jan. Is that possible",
        "userDefined": false
      }
    ],
    "isTemplate": false,
    "count": 0,
    "updated": 0
  },
  {
    "id": "d14c3432-e94a-4bb7-8583-9cebcb12bc77",
    "data": [
      {
        "text": "I have a up coming ",
        "userDefined": false
      },
      {
        "text": "CIS",
        "alias": "CIS",
        "meta": "@CIS",
        "userDefined": false
      },
      {
        "text": " promote can i get earlier release in my contract?",
        "userDefined": false
      }
    ],
    "isTemplate": false,
    "count": 0,
    "updated": 0
  },
  {
    "id": "d86af854-7d91-4d3d-b8cb-62a02268ecce",
    "data": [
      {
        "text": "Can i ",
        "userDefined": false
      },
      {
        "text": "sign up",
        "alias": "Sign-up",
        "meta": "@Sign-up",
        "userDefined": false
      },
      {
        "text": " a new line ",
        "userDefined": false
      },
      {
        "text": "first",
        "alias": "ordinal",
        "meta": "@sys.ordinal",
        "userDefined": false
      },
      {
        "text": " then ",
        "userDefined": false
      },
      {
        "text": "port over",
        "alias": "PortIn",
        "meta": "@PortIn",
        "userDefined": false
      },
      {
        "text": " on the day my ",
        "userDefined": false
      },
      {
        "text": "starhub",
        "alias": "Competitors",
        "meta": "@Competitors",
        "userDefined": false
      },
      {
        "text": " line expires?",
        "userDefined": false
      }
    ],
    "isTemplate": false,
    "count": 0,
    "updated": 0
  },
  {
    "id": "5298b7aa-00fc-48ca-aa87-3dbce5159cd4",
    "data": [
      {
        "text": "hi there. my ",
        "userDefined": false
      },
      {
        "text": "mobile",
        "alias": "Handphone",
        "meta": "@Handphone",
        "userDefined": false
      },
      {
        "text": " contract ends ",
        "userDefined": false
      },
      {
        "text": "30 Nov.",
        "alias": "date",
        "meta": "@sys.date",
        "userDefined": false
      },
      {
        "text": " can i get a line now and ",
        "userDefined": false
      },
      {
        "text": "port in",
        "alias": "PortIn",
        "meta": "@PortIn",
        "userDefined": false
      },
      {
        "text": " number ",
        "userDefined": false
      },
      {
        "text": "after 30 Nov",
        "alias": "date1",
        "meta": "@sys.date",
        "userDefined": false
      },
      {
        "text": "?",
        "userDefined": false
      }
    ],
    "isTemplate": false,
    "count": 0,
    "updated": 0
  },
  {
    "id": "8657b034-7f40-41dc-bce5-0dcf3fd18e9b",
    "data": [
      {
        "text": "can i ",
        "userDefined": false
      },
      {
        "text": "recontract",
        "alias": "Recontract",
        "meta": "@Recontract",
        "userDefined": false
      },
      {
        "text": " earlier?",
        "userDefined": false
      }
    ],
    "isTemplate": false,
    "count": 1,
    "updated": 0
  },
  {
    "id": "1963e2f7-49b7-4b3d-b110-c9f81eb106c6",
    "data": [
      {
        "text": "is it possible for early ",
        "userDefined": false
      },
      {
        "text": "recontract",
        "alias": "Recontract",
        "meta": "@Recontract",
        "userDefined": false
      }
    ],
    "isTemplate": false,
    "count": 0,
    "updated": 0
  },
  {
    "id": "93cd82fa-ffb8-4fa2-93b8-447edea8cfaf",
    "data": [
      {
        "text": "i want to do an early ",
        "userDefined": false
      },
      {
        "text": "recontract",
        "alias": "Recontract",
        "meta": "@Recontract",
        "userDefined": false
      }
    ],
    "isTemplate": false,
    "count": 0,
    "updated": 0
  },
  {
    "id": "026b857f-78c9-4ab7-b654-c35dbd71cc7a",
    "data": [
      {
        "text": "i want to ",
        "userDefined": false
      },
      {
        "text": "recontract",
        "alias": "Recontract",
        "meta": "@Recontract",
        "userDefined": false
      },
      {
        "text": " early",
        "userDefined": false
      }
    ],
    "isTemplate": false,
    "count": 0,
    "updated": 0
  },
  {
    "id": "ebeeaa53-8767-4b86-966a-6a214bef6630",
    "data": [
      {
        "text": "can i ",
        "userDefined": false
      },
      {
        "text": "recontract",
        "alias": "Recontract",
        "meta": "@Recontract",
        "userDefined": false
      },
      {
        "text": " early",
        "userDefined": false
      }
    ],
    "isTemplate": false,
    "count": 0,
    "updated": 0
  },
  {
    "id": "664d114f-3711-4c74-8f89-243f038be1d7",
    "data": [
      {
        "text": "can i ",
        "userDefined": false
      },
      {
        "text": "recontract",
        "alias": "Recontract",
        "meta": "@Recontract",
        "userDefined": false
      },
      {
        "text": " early and buy the new ",
        "userDefined": false
      },
      {
        "text": "iphone",
        "alias": "HandsetBrands",
        "meta": "@HandsetBrands",
        "userDefined": false
      }
    ],
    "isTemplate": false,
    "count": 1,
    "updated": 0
  },
  {
    "id": "442151d2-c8a8-4da2-82b8-e8991a92235f",
    "data": [
      {
        "text": "is there any early ",
        "userDefined": false
      },
      {
        "text": "recontract",
        "alias": "Recontract",
        "meta": "@Recontract",
        "userDefined": false
      },
      {
        "text": " fee",
        "userDefined": false
      }
    ],
    "isTemplate": false,
    "count": 0,
    "updated": 0
  },
  {
    "id": "767da799-a1bd-4b5b-be1c-f1a940df4b81",
    "data": [
      {
        "text": "what is the early ",
        "userDefined": false
      },
      {
        "text": "recontract",
        "alias": "Recontract",
        "meta": "@Recontract",
        "userDefined": false
      },
      {
        "text": " fee",
        "userDefined": false
      }
    ],
    "isTemplate": false,
    "count": 0,
    "updated": 0
  },
  {
    "id": "110dc008-37ea-420f-be71-e03ef0d5d345",
    "data": [
      {
        "text": "my plan began ",
        "userDefined": false
      },
      {
        "text": "on 10",
        "alias": "date",
        "meta": "@sys.date",
        "userDefined": false
      },
      {
        "text": " ",
        "userDefined": false
      },
      {
        "text": "sep last year",
        "alias": "date-period",
        "meta": "@sys.date-period",
        "userDefined": false
      },
      {
        "text": ". can i ",
        "userDefined": false
      },
      {
        "text": "sign up",
        "alias": "Sign-up",
        "meta": "@Sign-up",
        "userDefined": false
      },
      {
        "text": " for a ",
        "userDefined": false
      },
      {
        "text": "recontract",
        "alias": "Recontract",
        "meta": "@Recontract",
        "userDefined": false
      },
      {
        "text": " plan?",
        "userDefined": false
      }
    ],
    "isTemplate": false,
    "count": 0,
    "updated": 0
  },
  {
    "id": "5cc1298e-761d-48ac-b908-8d613822480e",
    "data": [
      {
        "text": "my plan started ",
        "userDefined": false
      },
      {
        "text": "on 8 june 2017",
        "alias": "date",
        "meta": "@sys.date",
        "userDefined": false
      },
      {
        "text": ", can i ",
        "userDefined": false
      },
      {
        "text": "recontract",
        "alias": "Recontract",
        "meta": "@Recontract",
        "userDefined": false
      },
      {
        "text": "?",
        "userDefined": false
      }
    ],
    "isTemplate": false,
    "count": 0,
    "updated": 0
  },
  {
    "id": "c418efed-df11-4d72-845d-04a93328dc1e",
    "data": [
      {
        "text": "i started my plan ",
        "userDefined": false
      },
      {
        "text": "last year",
        "alias": "date-period",
        "meta": "@sys.date-period",
        "userDefined": false
      },
      {
        "text": ", can i ",
        "userDefined": false
      },
      {
        "text": "recontract",
        "alias": "Recontract",
        "meta": "@Recontract",
        "userDefined": false
      },
      {
        "text": " already?",
        "userDefined": false
      }
    ],
    "isTemplate": false,
    "count": 0,
    "updated": 0
  },
  {
    "id": "ec28065d-7d14-40ee-8c5b-816e2ab8e5e1",
    "data": [
      {
        "text": "i am in my ",
        "userDefined": false
      },
      {
        "text": "1st year",
        "alias": "date-period",
        "meta": "@sys.date-period",
        "userDefined": false
      },
      {
        "text": " of my plan, can i ",
        "userDefined": false
      },
      {
        "text": "recontracT",
        "alias": "Recontract",
        "meta": "@Recontract",
        "userDefined": false
      },
      {
        "text": "?",
        "userDefined": false
      }
    ],
    "isTemplate": false,
    "count": 0,
    "updated": 0
  },
  {
    "id": "77c2fa29-53a4-4c64-8943-cff5e9b94a0e",
    "data": [
      {
        "text": "i still got ",
        "userDefined": false
      },
      {
        "text": "4 months",
        "alias": "duration",
        "meta": "@sys.duration",
        "userDefined": false
      },
      {
        "text": " ",
        "userDefined": false
      },
      {
        "text": "left",
        "alias": "Resign",
        "meta": "@Resign",
        "userDefined": false
      },
      {
        "text": " in my plan can i ",
        "userDefined": false
      },
      {
        "text": "recontract",
        "alias": "Recontract",
        "meta": "@Recontract",
        "userDefined": false
      },
      {
        "text": "?",
        "userDefined": false
      }
    ],
    "isTemplate": false,
    "count": 0,
    "updated": 0
  },
  {
    "id": "da4dc533-a96e-4ab1-8699-58d461544545",
    "data": [
      {
        "text": "Can I ",
        "userDefined": false
      },
      {
        "text": "re-contract",
        "alias": "Recontract",
        "meta": "@Recontract",
        "userDefined": false
      },
      {
        "text": " my line before the end of my contract?",
        "userDefined": false
      }
    ],
    "isTemplate": false,
    "count": 0,
    "updated": 0
  },
  {
    "id": "87bfd45a-9cc9-421a-9b52-76f7919a54ed",
    "data": [
      {
        "text": "my ",
        "userDefined": false
      },
      {
        "text": "mobile",
        "alias": "Handphone",
        "meta": "@Handphone",
        "userDefined": false
      },
      {
        "text": " number is ",
        "userDefined": false
      },
      {
        "text": "12345678",
        "alias": "number",
        "meta": "@sys.number",
        "userDefined": false
      },
      {
        "text": ", am i eligible to ",
        "userDefined": false
      },
      {
        "text": "recontract",
        "alias": "Recontract",
        "meta": "@Recontract",
        "userDefined": false
      }
    ],
    "isTemplate": false,
    "count": 1,
    "updated": 0
  },
  {
    "id": "3dd96ce9-9a48-4cb2-bf50-055329653882",
    "data": [
      {
        "text": "is it possible to ",
        "userDefined": false
      },
      {
        "text": "recontract",
        "alias": "Recontract",
        "meta": "@Recontract",
        "userDefined": false
      },
      {
        "text": " earlier",
        "userDefined": false
      }
    ],
    "isTemplate": false,
    "count": 0,
    "updated": 0
  },
  {
    "id": "2a8d1740-833b-49da-a82a-9e1e865c836c",
    "data": [
      {
        "text": "can i ",
        "userDefined": false
      },
      {
        "text": "recontract",
        "alias": "Recontract",
        "meta": "@Recontract",
        "userDefined": false
      },
      {
        "text": " earlier",
        "userDefined": false
      }
    ],
    "isTemplate": false,
    "count": 0,
    "updated": 0
  },
  {
    "id": "a99a57a6-7e62-4431-b0cd-1aabae98f6cf",
    "data": [
      {
        "text": "if i am ",
        "userDefined": false
      },
      {
        "text": "6 months",
        "alias": "duration",
        "meta": "@sys.duration",
        "userDefined": false
      },
      {
        "text": " into my contract can i ",
        "userDefined": false
      },
      {
        "text": "recontract",
        "alias": "Recontract",
        "meta": "@Recontract",
        "userDefined": false
      },
      {
        "text": "?",
        "userDefined": false
      }
    ],
    "isTemplate": false,
    "count": 0,
    "updated": 0
  },
  {
    "id": "0ae090c6-2a45-4195-bc02-2d65a2e905ed",
    "data": [
      {
        "text": "can i ",
        "userDefined": false
      },
      {
        "text": "re-contract",
        "alias": "Recontract",
        "meta": "@Recontract",
        "userDefined": true
      },
      {
        "text": " my line after ",
        "userDefined": false
      },
      {
        "text": "1 year",
        "alias": "age",
        "meta": "@sys.age",
        "userDefined": false
      }
    ],
    "isTemplate": false,
    "count": 0,
    "updated": 0
  },
  {
    "id": "ba9d53b9-fad1-490d-8acd-13229aad54bf",
    "data": [
      {
        "text": "can i ",
        "userDefined": false
      },
      {
        "text": "re-contract",
        "alias": "Recontract",
        "meta": "@Recontract",
        "userDefined": true
      },
      {
        "text": " my line earlier?",
        "userDefined": false
      }
    ],
    "isTemplate": false,
    "count": 0,
    "updated": 0
  }
]