[
  {
    "id": "fcb620a2-4d6e-4e22-acc0-d8eff4664aa3",
    "data": [
      {
        "text": "What is Francis about",
        "userDefined": false
      }
    ],
    "isTemplate": false,
    "count": 0,
    "updated": 0
  },
  {
    "id": "97b12fad-0b62-4194-b50c-ea45bd250b53",
    "data": [
      {
        "text": "okay. so, how do i start?",
        "userDefined": false
      }
    ],
    "isTemplate": false,
    "count": 0,
    "updated": 0
  },
  {
    "id": "a4c0f70b-af4d-4dd5-94cc-8acb6b117066",
    "data": [
      {
        "text": "restart",
        "userDefined": false
      }
    ],
    "isTemplate": false,
    "count": 0,
    "updated": 0
  },
  {
    "id": "7376430f-c918-4117-bbe6-fa60d6bb8a65",
    "data": [
      {
        "text": "let me get to know you cis",
        "userDefined": false
      }
    ],
    "isTemplate": false,
    "count": 0,
    "updated": 0
  },
  {
    "id": "4344345a-e8a5-4768-9c9f-3855b4596e7b",
    "data": [
      {
        "text": "is enrolling to cis necessary",
        "userDefined": false
      }
    ],
    "isTemplate": false,
    "count": 0,
    "updated": 0
  },
  {
    "id": "c0e1cce2-4d08-4b14-977f-0459ad245d9d",
    "data": [
      {
        "text": "start this please",
        "userDefined": false
      }
    ],
    "isTemplate": false,
    "count": 0,
    "updated": 0
  },
  {
    "id": "6ba540de-2229-4dbc-b15f-977a41bcefe3",
    "data": [
      {
        "text": "i want to start",
        "userDefined": false
      }
    ],
    "isTemplate": false,
    "count": 0,
    "updated": 0
  },
  {
    "id": "3c5b08e3-3002-401e-98ec-9f989069ea27",
    "data": [
      {
        "text": "start again",
        "userDefined": false
      }
    ],
    "isTemplate": false,
    "count": 0,
    "updated": 0
  },
  {
    "id": "3dd56a92-c333-42c4-a30e-a14b4470abe1",
    "data": [
      {
        "text": "what do you offer",
        "userDefined": false
      }
    ],
    "isTemplate": false,
    "count": 0,
    "updated": 0
  },
  {
    "id": "f4d09e2e-0d76-478a-af11-fa60411331d3",
    "data": [
      {
        "text": "is there anything you can help me with",
        "userDefined": false
      }
    ],
    "isTemplate": false,
    "count": 0,
    "updated": 0
  },
  {
    "id": "86b9e870-e151-4c7a-8cca-310292c67a55",
    "data": [
      {
        "text": "can you help me",
        "userDefined": false
      }
    ],
    "isTemplate": false,
    "count": 0,
    "updated": 0
  },
  {
    "id": "b4d6baab-47d1-4aa6-9172-5233820c599f",
    "data": [
      {
        "text": "i need some help here",
        "userDefined": false
      }
    ],
    "isTemplate": false,
    "count": 0,
    "updated": 0
  },
  {
    "id": "48709a3c-7923-47e2-84c6-98a69a5c241b",
    "data": [
      {
        "text": "what are the menus?",
        "userDefined": false
      }
    ],
    "isTemplate": false,
    "count": 0,
    "updated": 0
  },
  {
    "id": "43d124eb-e93f-4678-a8f5-c960e9786547",
    "data": [
      {
        "text": "i want the menu",
        "userDefined": false
      }
    ],
    "isTemplate": false,
    "count": 0,
    "updated": 0
  },
  {
    "id": "27a59aa8-83eb-49db-b031-feea2e3b1d05",
    "data": [
      {
        "text": "where is the menu",
        "userDefined": false
      }
    ],
    "isTemplate": false,
    "count": 0,
    "updated": 0
  },
  {
    "id": "ed9c6c77-64ce-4c95-86bc-725305981232",
    "data": [
      {
        "text": "show me the menu",
        "userDefined": false
      }
    ],
    "isTemplate": false,
    "count": 0,
    "updated": 0
  },
  {
    "id": "d1e3da6d-04ae-45a9-a24c-bab20b48377a",
    "data": [
      {
        "text": "give me the menu",
        "userDefined": false
      }
    ],
    "isTemplate": false,
    "count": 0,
    "updated": 0
  },
  {
    "id": "414101ea-6d1f-4314-891a-6f7678b53641",
    "data": [
      {
        "text": "i want to see the menu",
        "userDefined": false
      }
    ],
    "isTemplate": false,
    "count": 0,
    "updated": 0
  },
  {
    "id": "54f5ea45-0f3f-41d7-917f-c9d622e1e204",
    "data": [
      {
        "text": "can i see the menu",
        "userDefined": false
      }
    ],
    "isTemplate": false,
    "count": 0,
    "updated": 0
  },
  {
    "id": "333523e1-b00d-492e-be90-5f6e52c796ae",
    "data": [
      {
        "text": "main menu",
        "userDefined": false
      }
    ],
    "isTemplate": false,
    "count": 0,
    "updated": 0
  },
  {
    "id": "4c75dbe5-5966-40bf-926b-8265ba421b12",
    "data": [
      {
        "text": "menu please",
        "userDefined": false
      }
    ],
    "isTemplate": false,
    "count": 0,
    "updated": 0
  },
  {
    "id": "fadbf198-ba1c-40d1-8186-585e6db9813b",
    "data": [
      {
        "text": "what do you know",
        "userDefined": false
      }
    ],
    "isTemplate": false,
    "count": 0,
    "updated": 0
  },
  {
    "id": "dc7d5d64-87b3-401f-9ec3-561e1ce86018",
    "data": [
      {
        "text": "what can i ask u",
        "userDefined": false
      }
    ],
    "isTemplate": false,
    "count": 0,
    "updated": 0
  },
  {
    "id": "3b85fe01-0937-4837-99a5-3c7af272192f",
    "data": [
      {
        "text": "what can you do",
        "userDefined": false
      }
    ],
    "isTemplate": false,
    "count": 0,
    "updated": 0
  },
  {
    "id": "98ddc253-74eb-414c-804a-44ffa5b335d1",
    "data": [
      {
        "text": "help",
        "userDefined": false
      }
    ],
    "isTemplate": false,
    "count": 0,
    "updated": 0
  },
  {
    "id": "c0165f59-e910-4bb2-a19c-a188cd8b4221",
    "data": [
      {
        "text": "refresh",
        "userDefined": false
      }
    ],
    "isTemplate": false,
    "count": 0,
    "updated": 0
  },
  {
    "id": "208a7e40-6550-48c2-a419-c1384120ba1e",
    "data": [
      {
        "text": "start over",
        "userDefined": false
      }
    ],
    "isTemplate": false,
    "count": 0,
    "updated": 0
  },
  {
    "id": "e28bcd51-25c8-43b5-8dd7-776565a70abc",
    "data": [
      {
        "text": "menu",
        "userDefined": false
      }
    ],
    "isTemplate": false,
    "count": 0,
    "updated": 0
  }
]