[
  {
    "id": "ee393bdf-638f-4def-8ee6-aa4f4973b733",
    "data": [
      {
        "text": "office 365",
        "userDefined": false
      }
    ],
    "isTemplate": false,
    "count": 0,
    "updated": 0
  },
  {
    "id": "a380e25c-a595-48cd-a691-4ebf46103e87",
    "data": [
      {
        "text": "can i ",
        "userDefined": false
      },
      {
        "text": "sign up",
        "alias": "Sign-up",
        "meta": "@Sign-up",
        "userDefined": false
      },
      {
        "text": " for ",
        "userDefined": false
      },
      {
        "text": "microsoft",
        "alias": "HandsetBrands",
        "meta": "@HandsetBrands",
        "userDefined": false
      },
      {
        "text": " office",
        "userDefined": false
      }
    ],
    "isTemplate": false,
    "count": 0,
    "updated": 0
  },
  {
    "id": "bee1395b-2311-4d1e-b38b-62e03b11ef7f",
    "data": [
      {
        "text": "i want to ",
        "userDefined": false
      },
      {
        "text": "sign up",
        "alias": "Sign-up",
        "meta": "@Sign-up",
        "userDefined": false
      },
      {
        "text": " for office",
        "userDefined": false
      }
    ],
    "isTemplate": false,
    "count": 0,
    "updated": 0
  },
  {
    "id": "1cd9b058-e8c0-4e6c-aed8-bc2a74d01444",
    "data": [
      {
        "text": "how to ",
        "userDefined": false
      },
      {
        "text": "sign up",
        "alias": "Sign-up",
        "meta": "@Sign-up",
        "userDefined": false
      },
      {
        "text": " for office",
        "userDefined": false
      }
    ],
    "isTemplate": false,
    "count": 0,
    "updated": 0
  },
  {
    "id": "28ba3bf8-a9f3-4bea-a65b-73ebe2633c0c",
    "data": [
      {
        "text": "how to ",
        "userDefined": false
      },
      {
        "text": "sign up",
        "alias": "Sign-up",
        "meta": "@Sign-up",
        "userDefined": false
      },
      {
        "text": " for microsoft office",
        "userDefined": false
      }
    ],
    "isTemplate": false,
    "count": 0,
    "updated": 0
  },
  {
    "id": "db346e58-11b8-468b-b643-e88377aa8f15",
    "data": [
      {
        "text": "office365",
        "userDefined": false
      }
    ],
    "isTemplate": false,
    "count": 0,
    "updated": 0
  },
  {
    "id": "4b74039d-f4e3-44ed-a059-0cd3b92093dd",
    "data": [
      {
        "text": "subscribe office365",
        "userDefined": false
      }
    ],
    "isTemplate": false,
    "count": 0,
    "updated": 0
  }
]