[
  {
    "id": "dec3928c-b258-4d46-bd8a-e541350ada28",
    "data": [
      {
        "text": "documentatries",
        "userDefined": false
      }
    ],
    "isTemplate": false,
    "count": 0,
    "updated": 0
  },
  {
    "id": "bc4e2a1b-0eb0-426b-b0b6-8d05d35e3986",
    "data": [
      {
        "text": "national geographic",
        "userDefined": false
      }
    ],
    "isTemplate": false,
    "count": 0,
    "updated": 0
  },
  {
    "id": "b6f82d03-640e-4a3d-9c09-872a03122676",
    "data": [
      {
        "text": "for children shows",
        "userDefined": false
      }
    ],
    "isTemplate": false,
    "count": 0,
    "updated": 0
  },
  {
    "id": "bb7de06c-d364-44da-b86c-ad7c90efc4c0",
    "data": [
      {
        "text": "i want to watch cartoon",
        "userDefined": false
      }
    ],
    "isTemplate": false,
    "count": 0,
    "updated": 0
  },
  {
    "id": "08446307-897c-4deb-a700-b67f1c6552ad",
    "data": [
      {
        "text": "how can i watch cartoon",
        "userDefined": false
      }
    ],
    "isTemplate": false,
    "count": 0,
    "updated": 0
  },
  {
    "id": "5752854c-a0ab-498d-90c1-45cbacf46083",
    "data": [
      {
        "text": "how can i watch lifestyle shows on cast",
        "userDefined": false
      }
    ],
    "isTemplate": false,
    "count": 0,
    "updated": 0
  },
  {
    "id": "656178dd-feb6-4d6a-b05f-daf3a0621ed7",
    "data": [
      {
        "text": "how much is variety shows",
        "userDefined": false
      }
    ],
    "isTemplate": false,
    "count": 0,
    "updated": 0
  },
  {
    "id": "725f92c1-06f1-47fe-8d2e-f45abeb353ef",
    "data": [
      {
        "text": "how much is varierty shows",
        "userDefined": false
      }
    ],
    "isTemplate": false,
    "count": 0,
    "updated": 0
  },
  {
    "id": "4bb8498c-ae76-403c-86ba-f1d52aaaf017",
    "data": [
      {
        "text": "variety shows on cast",
        "userDefined": false
      }
    ],
    "isTemplate": false,
    "count": 0,
    "updated": 0
  },
  {
    "id": "b80bba92-3069-40a4-a6b4-6cb15b652306",
    "data": [
      {
        "text": "i want to watch variety shows",
        "userDefined": false
      }
    ],
    "isTemplate": false,
    "count": 0,
    "updated": 0
  },
  {
    "id": "ead87451-4a31-434c-b87f-5f403506d2e0",
    "data": [
      {
        "text": "what is variety plus",
        "userDefined": false
      }
    ],
    "isTemplate": false,
    "count": 0,
    "updated": 0
  },
  {
    "id": "00e1b240-fb1c-4145-bba9-ad3b84876ff6",
    "data": [
      {
        "text": "lifestyle shows",
        "userDefined": false
      }
    ],
    "isTemplate": false,
    "count": 0,
    "updated": 0
  },
  {
    "id": "fe8f8f1f-ed13-40be-a6eb-fd0bfa43137c",
    "data": [
      {
        "text": "children shows",
        "userDefined": false
      }
    ],
    "isTemplate": false,
    "count": 0,
    "updated": 0
  },
  {
    "id": "101ec1cf-9881-4ee2-b9a0-bc8174c97e65",
    "data": [
      {
        "text": "shows for kids",
        "userDefined": false
      }
    ],
    "isTemplate": false,
    "count": 0,
    "updated": 0
  },
  {
    "id": "9df3deb9-d967-48bb-9360-9b56873080eb",
    "data": [
      {
        "text": "watch ",
        "userDefined": false
      },
      {
        "text": "english",
        "alias": "language",
        "meta": "@sys.language",
        "userDefined": false
      },
      {
        "text": " drama",
        "userDefined": false
      }
    ],
    "isTemplate": false,
    "count": 0,
    "updated": 0
  },
  {
    "id": "41e5478c-7c93-46b6-b576-ed71f7f59764",
    "data": [
      {
        "text": "variety plus",
        "userDefined": false
      }
    ],
    "isTemplate": false,
    "count": 0,
    "updated": 0
  }
]