[
  {
    "id": "d1b0602d-fd12-4c44-a032-ac81e7db3894",
    "data": [
      {
        "text": "12 month",
        "alias": "duration",
        "meta": "@sys.duration",
        "userDefined": false
      }
    ],
    "isTemplate": false,
    "count": 0,
    "updated": 0
  },
  {
    "id": "548f8042-36ab-435b-912e-970a8efcc6f3",
    "data": [
      {
        "text": "12",
        "alias": "number",
        "meta": "@sys.number",
        "userDefined": false
      }
    ],
    "isTemplate": false,
    "count": 0,
    "updated": 0
  },
  {
    "id": "7159731e-4431-4ddd-9cce-833a58df04f8",
    "data": [
      {
        "text": "12",
        "alias": "number",
        "meta": "@sys.number",
        "userDefined": false
      },
      {
        "text": "-",
        "userDefined": false
      },
      {
        "text": "17",
        "alias": "number1",
        "meta": "@sys.number",
        "userDefined": false
      }
    ],
    "isTemplate": false,
    "count": 0,
    "updated": 0
  },
  {
    "id": "f660ca56-111a-4a37-9cae-ff2c104ac739",
    "data": [
      {
        "text": "Between 12 to 17th Month",
        "alias": "date-period",
        "meta": "@sys.date-period",
        "userDefined": false
      }
    ],
    "isTemplate": false,
    "count": 0,
    "updated": 0
  },
  {
    "id": "06398ff0-be4e-46b1-a73c-27b73e4d9180",
    "data": [
      {
        "text": "12th",
        "alias": "ordinal",
        "meta": "@sys.ordinal",
        "userDefined": false
      }
    ],
    "isTemplate": false,
    "count": 0,
    "updated": 0
  }
]