[
  {
    "id": "01f71b77-7bf1-43c4-8da1-ce0f49fdceed",
    "data": [
      {
        "text": "21st",
        "alias": "ordinal",
        "meta": "@sys.ordinal",
        "userDefined": false
      },
      {
        "text": " month convert",
        "userDefined": false
      }
    ],
    "isTemplate": false,
    "count": 0,
    "updated": 0
  },
  {
    "id": "2654458a-78d2-4299-bada-80c3a5d78b0d",
    "data": [
      {
        "text": "Between ",
        "userDefined": false
      },
      {
        "text": "21st and 23rd Month",
        "alias": "date-period",
        "meta": "@sys.date-period",
        "userDefined": false
      }
    ],
    "isTemplate": false,
    "count": 0,
    "updated": 0
  }
]