[
  {
    "id": "d6ccfb41-0c58-4667-9f51-2d21fd66ca01",
    "data": [
      {
        "text": "what are the ",
        "userDefined": false
      },
      {
        "text": "extra service",
        "alias": "VAS",
        "meta": "@VAS",
        "userDefined": false
      },
      {
        "text": " i can sign up for",
        "userDefined": false
      }
    ],
    "isTemplate": false,
    "count": 0,
    "updated": 0
  },
  {
    "id": "aa35e35a-21df-4ccc-97fc-e1b08e2a160b",
    "data": [
      {
        "text": "is there any ",
        "userDefined": false
      },
      {
        "text": "vas",
        "alias": "VAS",
        "meta": "@VAS",
        "userDefined": true
      },
      {
        "text": " that i can have",
        "userDefined": false
      }
    ],
    "isTemplate": false,
    "count": 0,
    "updated": 0
  },
  {
    "id": "02ff196b-7d11-4833-8f2f-8bc87f0cffcb",
    "data": [
      {
        "text": "any ",
        "userDefined": false
      },
      {
        "text": "vas",
        "alias": "VAS",
        "meta": "@VAS",
        "userDefined": true
      }
    ],
    "isTemplate": false,
    "count": 0,
    "updated": 0
  },
  {
    "id": "28ff5ec5-ae1a-40f3-982f-97f810e44141",
    "data": [
      {
        "text": "what are the ",
        "userDefined": false
      },
      {
        "text": "vas",
        "alias": "VAS",
        "meta": "@VAS",
        "userDefined": true
      },
      {
        "text": " that u have",
        "userDefined": false
      }
    ],
    "isTemplate": false,
    "count": 0,
    "updated": 0
  },
  {
    "id": "da5298e6-b37b-48f2-af7d-db6e25d56f79",
    "data": [
      {
        "text": "add-ons",
        "alias": "VAS",
        "meta": "@VAS",
        "userDefined": true
      }
    ],
    "isTemplate": false,
    "count": 0,
    "updated": 0
  },
  {
    "id": "e868c77c-680c-4579-9816-cba38ba95102",
    "data": [
      {
        "text": "is there any ",
        "userDefined": false
      },
      {
        "text": "add-ons service",
        "alias": "VAS",
        "meta": "@VAS",
        "userDefined": true
      },
      {
        "text": "??",
        "userDefined": false
      }
    ],
    "isTemplate": false,
    "count": 0,
    "updated": 0
  },
  {
    "id": "1594717e-506b-4759-b686-928e1795d89b",
    "data": [
      {
        "text": "what ",
        "userDefined": false
      },
      {
        "text": "value added service",
        "alias": "VAS",
        "meta": "@VAS",
        "userDefined": true
      },
      {
        "text": " does cis have",
        "userDefined": false
      }
    ],
    "isTemplate": false,
    "count": 1,
    "updated": 0
  },
  {
    "id": "d1c3af88-00f1-4b47-9a4b-2b30b4abf73b",
    "data": [
      {
        "text": "what ",
        "userDefined": false
      },
      {
        "text": "vas",
        "alias": "VAS",
        "meta": "@VAS",
        "userDefined": true
      },
      {
        "text": " can i ",
        "userDefined": false
      },
      {
        "text": "sign up",
        "alias": "Sign-up",
        "meta": "@Sign-up",
        "userDefined": false
      },
      {
        "text": " with cis",
        "userDefined": false
      }
    ],
    "isTemplate": false,
    "count": 1,
    "updated": 0
  },
  {
    "id": "c2f45c5f-cb1b-4720-9022-0a654fc17f3d",
    "data": [
      {
        "text": "i want to ",
        "userDefined": false
      },
      {
        "text": "sign up",
        "alias": "Sign-up",
        "meta": "@Sign-up",
        "userDefined": false
      },
      {
        "text": " other ",
        "userDefined": false
      },
      {
        "text": "add ons",
        "alias": "VAS",
        "meta": "@VAS",
        "userDefined": true
      }
    ],
    "isTemplate": false,
    "count": 1,
    "updated": 0
  },
  {
    "id": "67e20089-b8c8-4736-a952-0398c077e812",
    "data": [
      {
        "text": "what other ",
        "userDefined": false
      },
      {
        "text": "vas",
        "alias": "VAS",
        "meta": "@VAS",
        "userDefined": true
      },
      {
        "text": " can i have",
        "userDefined": false
      }
    ],
    "isTemplate": false,
    "count": 0,
    "updated": 0
  },
  {
    "id": "851923a0-c050-43b9-9e11-eb2f6c997851",
    "data": [
      {
        "text": "what ",
        "userDefined": false
      },
      {
        "text": "vas",
        "alias": "VAS",
        "meta": "@VAS",
        "userDefined": false
      },
      {
        "text": " does ",
        "userDefined": false
      },
      {
        "text": "cis",
        "alias": "CIS",
        "meta": "@CIS",
        "userDefined": false
      },
      {
        "text": " comes free with",
        "userDefined": false
      }
    ],
    "isTemplate": false,
    "count": 0,
    "updated": 0
  },
  {
    "id": "d2cc0f31-66cb-439e-a4f9-4c68c1f906d0",
    "data": [
      {
        "text": "what kind of ",
        "userDefined": false
      },
      {
        "text": "vas",
        "alias": "VAS",
        "meta": "@VAS",
        "userDefined": false
      },
      {
        "text": " am i entitled to",
        "userDefined": false
      }
    ],
    "isTemplate": false,
    "count": 0,
    "updated": 0
  },
  {
    "id": "93c46bdd-36d8-415c-9a36-894a7fc82736",
    "data": [
      {
        "text": "any ",
        "userDefined": false
      },
      {
        "text": "vas",
        "alias": "VAS",
        "meta": "@VAS",
        "userDefined": false
      },
      {
        "text": " that ",
        "userDefined": false
      },
      {
        "text": "cis",
        "alias": "CIS",
        "meta": "@CIS",
        "userDefined": false
      },
      {
        "text": " comes with",
        "userDefined": false
      }
    ],
    "isTemplate": false,
    "count": 0,
    "updated": 0
  },
  {
    "id": "944d70b2-ed06-41e6-8f2a-2303404c6695",
    "data": [
      {
        "text": "what ",
        "userDefined": false
      },
      {
        "text": "vas",
        "alias": "VAS",
        "meta": "@VAS",
        "userDefined": true
      },
      {
        "text": " does cis comes with",
        "userDefined": false
      }
    ],
    "isTemplate": false,
    "count": 0,
    "updated": 0
  },
  {
    "id": "29dd92af-4511-4a63-b99a-84c8f5d1ff72",
    "data": [
      {
        "text": "what ",
        "userDefined": false
      },
      {
        "text": "vas",
        "alias": "VAS",
        "meta": "@VAS",
        "userDefined": false
      },
      {
        "text": " is free",
        "userDefined": false
      }
    ],
    "isTemplate": false,
    "count": 0,
    "updated": 0
  },
  {
    "id": "54422251-37a1-424d-a23d-c9442751f577",
    "data": [
      {
        "text": "what ",
        "userDefined": false
      },
      {
        "text": "vas",
        "alias": "VAS",
        "meta": "@VAS",
        "userDefined": false
      },
      {
        "text": " does ",
        "userDefined": false
      },
      {
        "text": "cis",
        "alias": "CIS",
        "meta": "@CIS",
        "userDefined": false
      },
      {
        "text": " line have",
        "userDefined": false
      }
    ],
    "isTemplate": false,
    "count": 0,
    "updated": 0
  },
  {
    "id": "a1386b20-3b5a-45f1-87ea-1c3c44580aa0",
    "data": [
      {
        "text": "what ",
        "userDefined": false
      },
      {
        "text": "vas",
        "alias": "VAS",
        "meta": "@VAS",
        "userDefined": false
      },
      {
        "text": " do u offer",
        "userDefined": false
      }
    ],
    "isTemplate": false,
    "count": 0,
    "updated": 0
  },
  {
    "id": "1d3267e2-ed6a-473a-b842-e85afe60c8d7",
    "data": [
      {
        "text": "what ",
        "userDefined": false
      },
      {
        "text": "vas",
        "alias": "VAS",
        "meta": "@VAS",
        "userDefined": false
      },
      {
        "text": " can i ",
        "userDefined": false
      },
      {
        "text": "sign up",
        "alias": "Sign-up",
        "meta": "@Sign-up",
        "userDefined": false
      },
      {
        "text": " for",
        "userDefined": false
      }
    ],
    "isTemplate": false,
    "count": 0,
    "updated": 0
  },
  {
    "id": "94e083bd-2351-4596-80a5-4f06887ff0b6",
    "data": [
      {
        "text": "what kind of ",
        "userDefined": false
      },
      {
        "text": "vas",
        "alias": "VAS",
        "meta": "@VAS",
        "userDefined": false
      },
      {
        "text": " can i get",
        "userDefined": false
      }
    ],
    "isTemplate": false,
    "count": 0,
    "updated": 0
  },
  {
    "id": "78401173-d6f7-4b51-a3ee-a643fcc01b1c",
    "data": [
      {
        "text": "is there any ",
        "userDefined": false
      },
      {
        "text": "vas",
        "alias": "VAS",
        "meta": "@VAS",
        "userDefined": false
      },
      {
        "text": " to ",
        "userDefined": false
      },
      {
        "text": "subscribe",
        "alias": "Sign-up",
        "meta": "@Sign-up",
        "userDefined": false
      },
      {
        "text": " to",
        "userDefined": false
      }
    ],
    "isTemplate": false,
    "count": 0,
    "updated": 0
  },
  {
    "id": "8e2039dc-0677-4171-8404-af7c401d72fa",
    "data": [
      {
        "text": "is there any ",
        "userDefined": false
      },
      {
        "text": "vas",
        "alias": "VAS",
        "meta": "@VAS",
        "userDefined": false
      },
      {
        "text": " that i can ",
        "userDefined": false
      },
      {
        "text": "sign up",
        "alias": "Sign-up",
        "meta": "@Sign-up",
        "userDefined": false
      },
      {
        "text": " for",
        "userDefined": false
      }
    ],
    "isTemplate": false,
    "count": 0,
    "updated": 0
  },
  {
    "id": "9388dbdf-fdef-41ff-9e80-38933fa3ae5c",
    "data": [
      {
        "text": "any ",
        "userDefined": false
      },
      {
        "text": "vas",
        "alias": "VAS",
        "meta": "@VAS",
        "userDefined": false
      },
      {
        "text": " that i can expect",
        "userDefined": false
      }
    ],
    "isTemplate": false,
    "count": 0,
    "updated": 0
  },
  {
    "id": "29bb3c42-c712-43da-950a-816eef50bd95",
    "data": [
      {
        "text": "is there any ",
        "userDefined": false
      },
      {
        "text": "vas",
        "alias": "VAS",
        "meta": "@VAS",
        "userDefined": false
      },
      {
        "text": " that i can get",
        "userDefined": false
      }
    ],
    "isTemplate": false,
    "count": 1,
    "updated": 0
  },
  {
    "id": "7077f953-63dc-41bf-9d02-6911fdb7e492",
    "data": [
      {
        "text": "any ",
        "userDefined": false
      },
      {
        "text": "vas",
        "alias": "VAS",
        "meta": "@VAS",
        "userDefined": false
      },
      {
        "text": " ",
        "userDefined": false
      },
      {
        "text": "cis",
        "alias": "CIS",
        "meta": "@CIS",
        "userDefined": false
      },
      {
        "text": " line is entitled to",
        "userDefined": false
      }
    ],
    "isTemplate": false,
    "count": 0,
    "updated": 0
  },
  {
    "id": "39a45205-13ae-4946-9675-9a91aad77f94",
    "data": [
      {
        "text": "what kind of ",
        "userDefined": false
      },
      {
        "text": "extra service",
        "alias": "VAS",
        "meta": "@VAS",
        "userDefined": true
      },
      {
        "text": " can i ",
        "userDefined": false
      },
      {
        "text": "sign up",
        "alias": "Sign-up",
        "meta": "@Sign-up",
        "userDefined": false
      },
      {
        "text": " for",
        "userDefined": false
      }
    ],
    "isTemplate": false,
    "count": 1,
    "updated": 0
  },
  {
    "id": "e95a1e59-4dd3-411d-a52e-2b2dd9a820db",
    "data": [
      {
        "text": "what services can i subscribe to",
        "userDefined": false
      }
    ],
    "isTemplate": false,
    "count": 0,
    "updated": 0
  },
  {
    "id": "2daef391-1ae0-4bf6-94c7-6887f00e4572",
    "data": [
      {
        "text": "singtel other services",
        "userDefined": false
      }
    ],
    "isTemplate": false,
    "count": 0,
    "updated": 0
  },
  {
    "id": "5bbbba02-d8d9-4547-b395-95030eaeb0db",
    "data": [
      {
        "text": "singtel ",
        "userDefined": false
      },
      {
        "text": "add ons",
        "alias": "VAS",
        "meta": "@VAS",
        "userDefined": true
      }
    ],
    "isTemplate": false,
    "count": 0,
    "updated": 0
  },
  {
    "id": "ce4778bd-ffb2-4af8-b844-7f6881227ca3",
    "data": [
      {
        "text": "what ",
        "userDefined": false
      },
      {
        "text": "vas",
        "alias": "VAS",
        "meta": "@VAS",
        "userDefined": true
      },
      {
        "text": " do you have",
        "userDefined": false
      }
    ],
    "isTemplate": false,
    "count": 0,
    "updated": 0
  },
  {
    "id": "7d021dbe-acf3-4692-ab53-376f3c76852e",
    "data": [
      {
        "text": "vas",
        "alias": "VAS",
        "meta": "@VAS",
        "userDefined": true
      }
    ],
    "isTemplate": false,
    "count": 0,
    "updated": 0
  },
  {
    "id": "49df4910-a63c-4ba9-ab35-5570f23488f3",
    "data": [
      {
        "text": "add ons",
        "alias": "VAS",
        "meta": "@VAS",
        "userDefined": true
      }
    ],
    "isTemplate": false,
    "count": 0,
    "updated": 0
  },
  {
    "id": "63bacf1a-620e-4113-98c6-ba1ba51cd29e",
    "data": [
      {
        "text": "what are the ",
        "userDefined": false
      },
      {
        "text": "add ons",
        "alias": "VAS",
        "meta": "@VAS",
        "userDefined": true
      },
      {
        "text": " available?",
        "userDefined": false
      }
    ],
    "isTemplate": false,
    "count": 0,
    "updated": 0
  }
]