[
  {
    "id": "cca27724-d40b-4ab6-9127-bc6432275f99",
    "data": [
      {
        "text": "Can i retain my old singtel number for the sim only plan?",
        "userDefined": false
      }
    ],
    "isTemplate": false,
    "count": 0,
    "updated": 0
  },
  {
    "id": "3195db85-d01d-4b42-8363-9a6ffd860b12",
    "data": [
      {
        "text": "Can I port my number to a ",
        "userDefined": false
      },
      {
        "text": "sim only",
        "alias": "SimOnly",
        "meta": "@SimOnly",
        "userDefined": false
      },
      {
        "text": " plan?",
        "userDefined": false
      }
    ],
    "isTemplate": false,
    "count": 0,
    "updated": 0
  },
  {
    "id": "fcc5adf7-49af-4d60-920c-f5c2000ccaee",
    "data": [
      {
        "text": "port my number to ",
        "userDefined": false
      },
      {
        "text": "sim only",
        "alias": "SimOnly",
        "meta": "@SimOnly",
        "userDefined": false
      },
      {
        "text": " plan?",
        "userDefined": false
      }
    ],
    "isTemplate": false,
    "count": 0,
    "updated": 0
  },
  {
    "id": "90a29ee2-daea-4f85-aa13-4ffc27cd7eda",
    "data": [
      {
        "text": "can i convert my combo ",
        "userDefined": false
      },
      {
        "text": "3",
        "alias": "number",
        "meta": "@sys.number",
        "userDefined": false
      },
      {
        "text": " to ",
        "userDefined": false
      },
      {
        "text": "sim only",
        "alias": "SimOnly",
        "meta": "@SimOnly",
        "userDefined": false
      },
      {
        "text": " plan?",
        "userDefined": false
      }
    ],
    "isTemplate": false,
    "count": 0,
    "updated": 0
  },
  {
    "id": "d7e5eae8-0072-4e8d-a065-af172a39b9b4",
    "data": [
      {
        "text": "may i ask if ",
        "userDefined": false
      },
      {
        "text": "cis",
        "alias": "CIS",
        "meta": "@CIS",
        "userDefined": false
      },
      {
        "text": " ",
        "userDefined": false
      },
      {
        "text": "apply",
        "alias": "Sign-up",
        "meta": "@Sign-up",
        "userDefined": false
      },
      {
        "text": " to ",
        "userDefined": false
      },
      {
        "text": "sim only",
        "alias": "SimOnly",
        "meta": "@SimOnly",
        "userDefined": false
      },
      {
        "text": " plan",
        "userDefined": false
      }
    ],
    "isTemplate": false,
    "count": 0,
    "updated": 0
  },
  {
    "id": "17ed0303-db2d-4eea-9bc8-a9ac5b604404",
    "data": [
      {
        "text": "are there any sim only plans",
        "userDefined": false
      }
    ],
    "isTemplate": false,
    "count": 0,
    "updated": 0
  },
  {
    "id": "607fa29c-9b5b-4eb6-a2cb-a027b420e234",
    "data": [
      {
        "text": "what is the ",
        "userDefined": false
      },
      {
        "text": "cis",
        "alias": "CIS",
        "meta": "@CIS",
        "userDefined": false
      },
      {
        "text": " discount for sim only",
        "userDefined": false
      }
    ],
    "isTemplate": false,
    "count": 0,
    "updated": 0
  },
  {
    "id": "c3b88386-4369-4492-9d0f-602246041ada",
    "data": [
      {
        "text": "Sim only",
        "userDefined": false
      }
    ],
    "isTemplate": false,
    "count": 0,
    "updated": 0
  },
  {
    "id": "3da1f7a2-771a-48e2-bbe2-8239ac83818a",
    "data": [
      {
        "text": "Sim only plan",
        "userDefined": false
      }
    ],
    "isTemplate": false,
    "count": 0,
    "updated": 0
  },
  {
    "id": "424269c3-946b-4e59-8dc4-f6a25c97e11f",
    "data": [
      {
        "text": "How do i ",
        "userDefined": false
      },
      {
        "text": "sign up",
        "alias": "Sign-up",
        "meta": "@Sign-up",
        "userDefined": false
      },
      {
        "text": " for sim only",
        "userDefined": false
      }
    ],
    "isTemplate": false,
    "count": 0,
    "updated": 0
  },
  {
    "id": "915ef926-a461-498d-bee4-bae64aeb59e2",
    "data": [
      {
        "text": "how do i ",
        "userDefined": false
      },
      {
        "text": "sign up",
        "alias": "Sign-up",
        "meta": "@Sign-up",
        "userDefined": false
      },
      {
        "text": " for sim only",
        "userDefined": false
      }
    ],
    "isTemplate": false,
    "count": 0,
    "updated": 0
  },
  {
    "id": "a0302d17-3502-4624-a3dd-99ac51d216e8",
    "data": [
      {
        "text": "i want to know the ",
        "userDefined": false
      },
      {
        "text": "CIS",
        "alias": "CIS",
        "meta": "@CIS",
        "userDefined": false
      },
      {
        "text": " rates for Sim only plan",
        "userDefined": false
      }
    ],
    "isTemplate": false,
    "count": 0,
    "updated": 0
  },
  {
    "id": "d31168ef-05c0-406c-b794-8b806d02af35",
    "data": [
      {
        "text": "what are the SIM only plan rates for ",
        "userDefined": false
      },
      {
        "text": "CIS",
        "alias": "CIS",
        "meta": "@CIS",
        "userDefined": false
      }
    ],
    "isTemplate": false,
    "count": 0,
    "updated": 0
  },
  {
    "id": "0e573318-54b3-4bbd-9430-d51e1d56b199",
    "data": [
      {
        "text": "are there SIM only plan for ",
        "userDefined": false
      },
      {
        "text": "CIS",
        "alias": "CIS",
        "meta": "@CIS",
        "userDefined": false
      },
      {
        "text": "?",
        "userDefined": false
      }
    ],
    "isTemplate": false,
    "count": 0,
    "updated": 0
  },
  {
    "id": "38aec077-9cad-4a0b-9604-cf739d41a822",
    "data": [
      {
        "text": "what are the ",
        "userDefined": false
      },
      {
        "text": "CIS",
        "alias": "CIS",
        "meta": "@CIS",
        "userDefined": false
      },
      {
        "text": " rates for Sim only plan",
        "userDefined": false
      }
    ],
    "isTemplate": false,
    "count": 0,
    "updated": 0
  },
  {
    "id": "5939e29d-5b7b-4904-8658-1618e503a0f7",
    "data": [
      {
        "text": "what are the Sim only rates for ",
        "userDefined": false
      },
      {
        "text": "CIS",
        "alias": "CIS",
        "meta": "@CIS",
        "userDefined": false
      }
    ],
    "isTemplate": false,
    "count": 0,
    "updated": 0
  }
]