[
  {
    "id": "597401ab-670f-47c0-a3f0-1ce13170965b",
    "data": [
      {
        "text": "where is your website",
        "userDefined": false
      }
    ],
    "isTemplate": false,
    "count": 0,
    "updated": 0
  },
  {
    "id": "c53219c4-804a-4039-9f64-9416f2f339b3",
    "data": [
      {
        "text": "what is the url for ",
        "userDefined": false
      },
      {
        "text": "cis",
        "alias": "CIS",
        "meta": "@CIS",
        "userDefined": false
      },
      {
        "text": " website",
        "userDefined": false
      }
    ],
    "isTemplate": false,
    "count": 0,
    "updated": 0
  },
  {
    "id": "59038b24-1b58-413c-b3b0-3cc896725043",
    "data": [
      {
        "text": "what is the website",
        "userDefined": false
      }
    ],
    "isTemplate": false,
    "count": 0,
    "updated": 0
  },
  {
    "id": "a63ad03a-8f25-4dba-9753-d473d4d6bae8",
    "data": [
      {
        "text": "what is ",
        "userDefined": false
      },
      {
        "text": "cis",
        "alias": "CIS",
        "meta": "@CIS",
        "userDefined": false
      },
      {
        "text": " website",
        "userDefined": false
      }
    ],
    "isTemplate": false,
    "count": 0,
    "updated": 0
  }
]