[
  {
    "id": "5ee02345-e012-4009-ab23-cc8d527d901a",
    "data": [
      {
        "text": "what kind of maintenance care will i get if I\u0027m on EMB",
        "userDefined": false
      }
    ],
    "isTemplate": false,
    "count": 0,
    "updated": 0
  },
  {
    "id": "ce485aa2-4423-4002-a7e9-0eb4152014c4",
    "data": [
      {
        "text": "how much is the data roamsaver in EMB",
        "userDefined": false
      }
    ],
    "isTemplate": false,
    "count": 0,
    "updated": 0
  },
  {
    "id": "eaf63284-c496-49f3-a01e-eeef354ad23b",
    "data": [
      {
        "text": "is EMB good for storing sensitive files",
        "userDefined": false
      }
    ],
    "isTemplate": false,
    "count": 0,
    "updated": 0
  },
  {
    "id": "872838fa-5bd8-4e11-b372-73da63dbc2f6",
    "data": [
      {
        "text": "i want to know about the ",
        "userDefined": false
      },
      {
        "text": "roam",
        "alias": "Roaming",
        "meta": "@Roaming",
        "userDefined": false
      },
      {
        "text": " safe features",
        "userDefined": false
      }
    ],
    "isTemplate": false,
    "count": 0,
    "updated": 0
  },
  {
    "id": "7cd52bee-0ba3-4b73-b882-eb90d8d3471a",
    "data": [
      {
        "text": "will there be any extra charge for the ",
        "userDefined": false
      },
      {
        "text": "1st",
        "alias": "ordinal",
        "meta": "@sys.ordinal",
        "userDefined": false
      },
      {
        "text": " swop of EMB",
        "userDefined": false
      }
    ],
    "isTemplate": false,
    "count": 0,
    "updated": 0
  },
  {
    "id": "22d1f32e-f968-4423-a7ef-cb298c670d2c",
    "data": [
      {
        "text": "how many months will the contract be",
        "userDefined": false
      }
    ],
    "isTemplate": false,
    "count": 0,
    "updated": 0
  },
  {
    "id": "3b47cde5-6c31-4763-871c-0356f9e789d8",
    "data": [
      {
        "text": "what is the hotline number for enterprise mobile bundle enquiries",
        "userDefined": false
      }
    ],
    "isTemplate": false,
    "count": 0,
    "updated": 0
  },
  {
    "id": "a2b4620c-aaba-4616-a8ca-cb01bcd17968",
    "data": [
      {
        "text": "is EMB good for business travellers",
        "userDefined": false
      }
    ],
    "isTemplate": false,
    "count": 0,
    "updated": 0
  },
  {
    "id": "16e28345-54ac-4ddd-9206-8bfdc71dd9c1",
    "data": [
      {
        "text": "how to ",
        "userDefined": false
      },
      {
        "text": "enroll",
        "alias": "Sign-up",
        "meta": "@Sign-up",
        "userDefined": false
      },
      {
        "text": " to EMB",
        "userDefined": false
      }
    ],
    "isTemplate": false,
    "count": 0,
    "updated": 0
  },
  {
    "id": "d9222898-0f79-4974-89f1-3d2f98b3baef",
    "data": [
      {
        "text": "i want to register to EMB. How is it?",
        "userDefined": false
      }
    ],
    "isTemplate": false,
    "count": 0,
    "updated": 0
  },
  {
    "id": "4c0eaea1-f3ae-4b55-981c-374fc89daeec",
    "data": [
      {
        "text": "what are the fee to purchase EMB",
        "userDefined": false
      }
    ],
    "isTemplate": false,
    "count": 0,
    "updated": 0
  },
  {
    "id": "08aa4e12-36d3-47c5-a99a-6523039d8f61",
    "data": [
      {
        "text": "can i see the latest promo for EMB",
        "userDefined": false
      }
    ],
    "isTemplate": false,
    "count": 0,
    "updated": 0
  },
  {
    "id": "86840945-66f7-4737-9f95-458300250406",
    "data": [
      {
        "text": "how many gigabytes are available when i register to emb",
        "userDefined": false
      }
    ],
    "isTemplate": false,
    "count": 0,
    "updated": 0
  },
  {
    "id": "12b3ce9b-ecfe-4849-b654-f9642fb57b1b",
    "data": [
      {
        "text": "will i get free incoming calls if i register to ",
        "userDefined": false
      },
      {
        "text": "enterprise",
        "alias": "geo-city",
        "meta": "@sys.geo-city",
        "userDefined": false
      },
      {
        "text": " ",
        "userDefined": false
      },
      {
        "text": "mobile",
        "alias": "Handphone",
        "meta": "@Handphone",
        "userDefined": false
      },
      {
        "text": " bundle",
        "userDefined": false
      }
    ],
    "isTemplate": false,
    "count": 0,
    "updated": 0
  },
  {
    "id": "76d19faa-c645-4621-9eb1-0f071a04d7d7",
    "data": [
      {
        "text": "features of enterprise ",
        "userDefined": false
      },
      {
        "text": "mobile",
        "alias": "Handphone",
        "meta": "@Handphone",
        "userDefined": false
      },
      {
        "text": " bundle",
        "userDefined": false
      }
    ],
    "isTemplate": false,
    "count": 0,
    "updated": 0
  },
  {
    "id": "1a54bca0-dbf2-47f1-bee4-4ab4436df6dd",
    "data": [
      {
        "text": "what benefits do i get from enterprise ",
        "userDefined": false
      },
      {
        "text": "mobile",
        "alias": "Handphone",
        "meta": "@Handphone",
        "userDefined": false
      },
      {
        "text": " bundle",
        "userDefined": false
      }
    ],
    "isTemplate": false,
    "count": 0,
    "updated": 0
  },
  {
    "id": "c6952ea1-19ab-4be3-9075-dbe91baf448e",
    "data": [
      {
        "text": "what is enterprise ",
        "userDefined": false
      },
      {
        "text": "mobile",
        "alias": "Handphone",
        "meta": "@Handphone",
        "userDefined": false
      },
      {
        "text": " bundle",
        "userDefined": false
      }
    ],
    "isTemplate": false,
    "count": 0,
    "updated": 0
  },
  {
    "id": "87d5dd5f-600d-4fdc-bf47-4dec04243dfe",
    "data": [
      {
        "text": "how can i get enterprise security level for my ",
        "userDefined": false
      },
      {
        "text": "mobile",
        "alias": "Handphone",
        "meta": "@Handphone",
        "userDefined": false
      },
      {
        "text": " plan",
        "userDefined": false
      }
    ],
    "isTemplate": false,
    "count": 0,
    "updated": 0
  },
  {
    "id": "67c979b3-ae54-46ea-93cb-b62ace436f0a",
    "data": [
      {
        "text": "how do i go about signing up for EMB",
        "userDefined": false
      }
    ],
    "isTemplate": false,
    "count": 0,
    "updated": 0
  },
  {
    "id": "4fc2b076-4d6f-41c2-b152-3fea6cfa52a2",
    "data": [
      {
        "text": "how do i go about signing up for enterprise ",
        "userDefined": false
      },
      {
        "text": "mobile",
        "alias": "Handphone",
        "meta": "@Handphone",
        "userDefined": false
      },
      {
        "text": " plan",
        "userDefined": false
      }
    ],
    "isTemplate": false,
    "count": 0,
    "updated": 0
  },
  {
    "id": "41630ff5-17dd-4c46-88c9-62bc16352847",
    "data": [
      {
        "text": "so can i ",
        "userDefined": false
      },
      {
        "text": "sign up",
        "alias": "Sign-up",
        "meta": "@Sign-up",
        "userDefined": false
      },
      {
        "text": " for ",
        "userDefined": false
      },
      {
        "text": "enterprise",
        "alias": "geo-city",
        "meta": "@sys.geo-city",
        "userDefined": false
      },
      {
        "text": " ",
        "userDefined": false
      },
      {
        "text": "mobile",
        "alias": "Handphone",
        "meta": "@Handphone",
        "userDefined": false
      },
      {
        "text": " plan",
        "userDefined": false
      }
    ],
    "isTemplate": false,
    "count": 0,
    "updated": 0
  },
  {
    "id": "7bd44605-4f40-4301-ba49-4d1cbc850fa6",
    "data": [
      {
        "text": "how can i get emb",
        "userDefined": false
      }
    ],
    "isTemplate": false,
    "count": 0,
    "updated": 0
  },
  {
    "id": "587c6190-7f57-4c59-b95e-34ff1d70cee2",
    "data": [
      {
        "text": "i want to sign enterprise ",
        "userDefined": false
      },
      {
        "text": "mobile",
        "alias": "Handphone",
        "meta": "@Handphone",
        "userDefined": false
      },
      {
        "text": " plan",
        "userDefined": false
      }
    ],
    "isTemplate": false,
    "count": 0,
    "updated": 0
  },
  {
    "id": "92d2ec45-3b78-42d1-bb80-10c098010a8c",
    "data": [
      {
        "text": "can i buy enterprise ",
        "userDefined": false
      },
      {
        "text": "mobile",
        "alias": "Handphone",
        "meta": "@Handphone",
        "userDefined": false
      },
      {
        "text": " plan",
        "userDefined": false
      }
    ],
    "isTemplate": false,
    "count": 0,
    "updated": 0
  },
  {
    "id": "28376be4-10be-45ea-954c-7619fd168bf6",
    "data": [
      {
        "text": "how can i purchase EMB",
        "userDefined": false
      }
    ],
    "isTemplate": false,
    "count": 0,
    "updated": 0
  },
  {
    "id": "65dbad23-2106-4bc9-8880-4ba95f1f3771",
    "data": [
      {
        "text": "enterprise ",
        "userDefined": false
      },
      {
        "text": "mobile",
        "alias": "Handphone",
        "meta": "@Handphone",
        "userDefined": false
      },
      {
        "text": " plans",
        "userDefined": false
      }
    ],
    "isTemplate": false,
    "count": 0,
    "updated": 0
  },
  {
    "id": "d61ad03a-2b29-4945-bcf0-360685abf68d",
    "data": [
      {
        "text": "what is EMB",
        "userDefined": false
      }
    ],
    "isTemplate": false,
    "count": 0,
    "updated": 0
  }
]