[
  {
    "id": "4d858ca9-cad7-448f-a1e7-db0538d0b2bd",
    "data": [
      {
        "text": "hide ",
        "userDefined": false
      },
      {
        "text": "phone",
        "alias": "Handphone",
        "meta": "@Handphone",
        "userDefined": false
      },
      {
        "text": " number",
        "userDefined": false
      }
    ],
    "isTemplate": false,
    "count": 0,
    "updated": 0
  },
  {
    "id": "16a212a6-810d-4bf3-9592-9958be946087",
    "data": [
      {
        "text": "hide number",
        "userDefined": false
      }
    ],
    "isTemplate": false,
    "count": 0,
    "updated": 0
  },
  {
    "id": "b093f7c4-3a71-42a2-a3d4-8b9e5d4a541a",
    "data": [
      {
        "text": "don\u0027t display my number",
        "userDefined": false
      }
    ],
    "isTemplate": false,
    "count": 0,
    "updated": 0
  },
  {
    "id": "cd01c77c-6fa9-455a-8dfc-8dcd9093062a",
    "data": [
      {
        "text": "keep number confidential",
        "userDefined": false
      }
    ],
    "isTemplate": false,
    "count": 0,
    "updated": 0
  },
  {
    "id": "4752885a-266c-4b43-9c7a-48de78d3a915",
    "data": [
      {
        "text": "private my number",
        "userDefined": false
      }
    ],
    "isTemplate": false,
    "count": 0,
    "updated": 0
  },
  {
    "id": "501ffd63-91ed-4732-83d5-8c9ab7df135d",
    "data": [
      {
        "text": "how to private my ",
        "userDefined": false
      },
      {
        "text": "phone",
        "alias": "Handphone",
        "meta": "@Handphone",
        "userDefined": false
      },
      {
        "text": " number",
        "userDefined": false
      }
    ],
    "isTemplate": false,
    "count": 0,
    "updated": 0
  },
  {
    "id": "1fc8d374-f6c4-45e7-b634-cf52640fb8e6",
    "data": [
      {
        "text": "how to hide my ",
        "userDefined": false
      },
      {
        "text": "phone",
        "alias": "Handphone",
        "meta": "@Handphone",
        "userDefined": false
      },
      {
        "text": " number",
        "userDefined": false
      }
    ],
    "isTemplate": false,
    "count": 0,
    "updated": 0
  }
]