[
  {
    "id": "0cd112b1-75c0-4b85-94f6-e886de8cb9b8",
    "data": [
      {
        "text": "any fee to convert if i am ",
        "userDefined": false
      },
      {
        "text": "1 month",
        "alias": "duration",
        "meta": "@sys.duration",
        "userDefined": false
      },
      {
        "text": " in my contract?",
        "userDefined": false
      }
    ],
    "isTemplate": false,
    "count": 0,
    "updated": 0
  },
  {
    "id": "06cfabb7-7306-4cb5-b89c-e9536ecd528d",
    "data": [
      {
        "text": "i am ",
        "userDefined": false
      },
      {
        "text": "1 month",
        "alias": "duration",
        "meta": "@sys.duration",
        "userDefined": false
      },
      {
        "text": " into my contract, i want to convert to ",
        "userDefined": false
      },
      {
        "text": "cis",
        "alias": "CIS",
        "meta": "@CIS",
        "userDefined": false
      },
      {
        "text": ", any fee?",
        "userDefined": false
      }
    ],
    "isTemplate": false,
    "count": 0,
    "updated": 0
  },
  {
    "id": "f1f1a5e6-8101-4329-ab11-1b39c17d55b7",
    "data": [
      {
        "text": "i just started my contract ",
        "userDefined": false
      },
      {
        "text": "last month",
        "alias": "date-period",
        "meta": "@sys.date-period",
        "userDefined": false
      },
      {
        "text": ", is there any conversion fee?",
        "userDefined": false
      }
    ],
    "isTemplate": false,
    "count": 0,
    "updated": 0
  },
  {
    "id": "fdc8c04c-84c8-4b05-b0fa-1fb6cd8f5ef2",
    "data": [
      {
        "text": "how much is the conversion fee if i am in my ",
        "userDefined": false
      },
      {
        "text": "1st month",
        "alias": "date-period",
        "meta": "@sys.date-period",
        "userDefined": false
      },
      {
        "text": " of contract",
        "userDefined": false
      }
    ],
    "isTemplate": false,
    "count": 0,
    "updated": 0
  },
  {
    "id": "616d4c2f-67d7-4c8f-bd9e-183eae01d1a8",
    "data": [
      {
        "text": "i am in my ",
        "userDefined": false
      },
      {
        "text": "1st month",
        "alias": "date-period",
        "meta": "@sys.date-period",
        "userDefined": false
      },
      {
        "text": " of my contract, how much is the converion fee",
        "userDefined": false
      }
    ],
    "isTemplate": false,
    "count": 0,
    "updated": 0
  }
]