[
  {
    "id": "e6371ba9-3969-410f-bee8-838620e5e880",
    "data": [
      {
        "text": "on the ",
        "userDefined": false
      },
      {
        "text": "6th",
        "alias": "time",
        "meta": "@sys.time",
        "userDefined": false
      },
      {
        "text": " ",
        "userDefined": false
      },
      {
        "text": "month",
        "alias": "date-period",
        "meta": "@sys.date-period",
        "userDefined": false
      }
    ],
    "isTemplate": false,
    "count": 0,
    "updated": 0
  },
  {
    "id": "30e9686b-8fe2-4014-89b1-12368c8c22d4",
    "data": [
      {
        "text": "6",
        "alias": "time",
        "meta": "@sys.time",
        "userDefined": false
      }
    ],
    "isTemplate": false,
    "count": 0,
    "updated": 0
  },
  {
    "id": "09e646ae-f8a8-40d5-a5f4-b39b4291c20c",
    "data": [
      {
        "text": "Between 6th to 11th Month",
        "meta": "@sys.ignore",
        "userDefined": false
      }
    ],
    "isTemplate": false,
    "count": 0,
    "updated": 0
  },
  {
    "id": "a657205e-be6d-4ee2-9bb1-94b0a5973a88",
    "data": [
      {
        "text": "between 6th to 11th",
        "meta": "@sys.ignore",
        "userDefined": false
      }
    ],
    "isTemplate": false,
    "count": 0,
    "updated": 0
  },
  {
    "id": "b78ee4e4-37ec-4bfd-abdb-799683edfe43",
    "data": [
      {
        "text": "6th",
        "alias": "ordinal",
        "meta": "@sys.ordinal",
        "userDefined": false
      }
    ],
    "isTemplate": false,
    "count": 0,
    "updated": 0
  }
]