[
  {
    "id": "341a263c-564d-4557-8d97-8a9a475f8688",
    "data": [
      {
        "text": "increase sms",
        "userDefined": false
      }
    ],
    "isTemplate": false,
    "count": 0,
    "updated": 0
  },
  {
    "id": "c9f18fe9-3d2b-460a-bcaa-fb64b88bb2c2",
    "data": [
      {
        "text": "how to send more sms",
        "userDefined": false
      }
    ],
    "isTemplate": false,
    "count": 0,
    "updated": 0
  },
  {
    "id": "563b2066-f132-4ec4-b90c-a76e1e73e9a3",
    "data": [
      {
        "text": "i want to send more sms",
        "userDefined": false
      }
    ],
    "isTemplate": false,
    "count": 0,
    "updated": 0
  },
  {
    "id": "55a1d710-52ae-460f-87dd-0e43f9154cf6",
    "data": [
      {
        "text": "what is sms more",
        "userDefined": false
      }
    ],
    "isTemplate": false,
    "count": 0,
    "updated": 0
  },
  {
    "id": "68b8e65d-5cf6-4925-b90b-7cfe46b59d46",
    "data": [
      {
        "text": "what is smsmore",
        "userDefined": false
      }
    ],
    "isTemplate": false,
    "count": 0,
    "updated": 0
  },
  {
    "id": "fa03b578-8d4e-444e-a6c8-9e62ebfc95a0",
    "data": [
      {
        "text": "how to get more sms",
        "userDefined": false
      }
    ],
    "isTemplate": false,
    "count": 0,
    "updated": 0
  }
]