[
  {
    "id": "65e615bd-7908-4571-a5ed-854894026f90",
    "data": [
      {
        "text": "I don\u0027t have access to my ",
        "userDefined": false
      },
      {
        "text": "company",
        "alias": "Company",
        "meta": "@Company",
        "userDefined": false
      },
      {
        "text": " account now but will like to renew my line",
        "userDefined": false
      }
    ],
    "isTemplate": false,
    "count": 0,
    "updated": 0
  },
  {
    "id": "20a1e0eb-3c11-4f47-a62f-5f12be32ef0b",
    "data": [
      {
        "text": "Unable to visit ",
        "userDefined": false
      },
      {
        "text": "online cis shop",
        "alias": "OnlineSingtelSites",
        "meta": "@OnlineSingtelSites",
        "userDefined": false
      },
      {
        "text": " as",
        "userDefined": false
      }
    ],
    "isTemplate": false,
    "count": 0,
    "updated": 0
  },
  {
    "id": "25791bc2-7af3-416e-8509-f349c3c32260",
    "data": [
      {
        "text": "My ",
        "userDefined": false
      },
      {
        "text": "phone",
        "alias": "Handphone",
        "meta": "@Handphone",
        "userDefined": false
      },
      {
        "text": " is old model and not able to search",
        "userDefined": false
      }
    ],
    "isTemplate": false,
    "count": 0,
    "updated": 0
  },
  {
    "id": "b16f80f9-2cae-4be0-9531-9fcf634ef48d",
    "data": [
      {
        "text": "Wanna ",
        "userDefined": false
      },
      {
        "text": "sign up",
        "alias": "Sign-up",
        "meta": "@Sign-up",
        "userDefined": false
      },
      {
        "text": " ",
        "userDefined": false
      },
      {
        "text": "cis",
        "alias": "CIS",
        "meta": "@CIS",
        "userDefined": false
      },
      {
        "text": " but ",
        "userDefined": false
      },
      {
        "text": "company",
        "alias": "Company",
        "meta": "@Company",
        "userDefined": false
      },
      {
        "text": " pc blocked the we",
        "userDefined": false
      }
    ],
    "isTemplate": false,
    "count": 0,
    "updated": 0
  },
  {
    "id": "9e9bc4e5-aec2-4ad5-a82d-c905af2c3173",
    "data": [
      {
        "text": " I was chatting with ",
        "userDefined": false
      },
      {
        "text": "Sabrina",
        "alias": "given-name",
        "meta": "@sys.given-name",
        "userDefined": false
      },
      {
        "text": " and lost the chat half way when doing verification.",
        "userDefined": false
      }
    ],
    "isTemplate": false,
    "count": 0,
    "updated": 0
  },
  {
    "id": "ad04439c-b787-49d5-b6a3-4c8bdd9104df",
    "data": [
      {
        "text": "i want to inqure on my order",
        "userDefined": false
      }
    ],
    "isTemplate": false,
    "count": 0,
    "updated": 0
  },
  {
    "id": "6f628d81-e843-454a-87b0-d45df9091046",
    "data": [
      {
        "text": "what is sales hotline number",
        "userDefined": false
      }
    ],
    "isTemplate": false,
    "count": 0,
    "updated": 0
  },
  {
    "id": "e8a41db4-0a9f-452d-bbff-d886b3d6c1ae",
    "data": [
      {
        "text": "i need to ",
        "userDefined": false
      },
      {
        "text": "phone",
        "alias": "Handphone",
        "meta": "@Handphone",
        "userDefined": false
      },
      {
        "text": " the hotline number sales",
        "userDefined": false
      }
    ],
    "isTemplate": false,
    "count": 0,
    "updated": 0
  },
  {
    "id": "0580e14f-50ee-4ecb-9f1b-94ce64f1d3d9",
    "data": [
      {
        "text": "any sales hotline number i can contact",
        "userDefined": false
      }
    ],
    "isTemplate": false,
    "count": 0,
    "updated": 0
  },
  {
    "id": "3c651fb5-a051-4a8c-a7a4-9f48d43c7579",
    "data": [
      {
        "text": "cis",
        "alias": "CIS",
        "meta": "@CIS",
        "userDefined": false
      },
      {
        "text": " sales hotline number",
        "userDefined": false
      }
    ],
    "isTemplate": false,
    "count": 0,
    "updated": 0
  },
  {
    "id": "9b42a0d8-3cc5-49ff-ba06-f20b89048ac0",
    "data": [
      {
        "text": "what is the hotline number for singtel sales",
        "userDefined": false
      }
    ],
    "isTemplate": false,
    "count": 0,
    "updated": 0
  },
  {
    "id": "00eb4292-c9f0-48d3-b9d8-a59c18b13a4a",
    "data": [
      {
        "text": "hotline number for sales please",
        "userDefined": false
      }
    ],
    "isTemplate": false,
    "count": 0,
    "updated": 0
  },
  {
    "id": "d657b4d7-3c3f-4cb8-8168-1e7c1b7f998c",
    "data": [
      {
        "text": "sales hotline number",
        "userDefined": false
      }
    ],
    "isTemplate": false,
    "count": 0,
    "updated": 0
  },
  {
    "id": "9a5f66b3-abf3-4443-befa-e1f47c83c831",
    "data": [
      {
        "text": "what is your singtel sales hotline number",
        "userDefined": false
      }
    ],
    "isTemplate": false,
    "count": 0,
    "updated": 0
  }
]