[
  {
    "id": "7cfbb1fd-11fd-46ad-886e-d7cf90289936",
    "data": [
      {
        "text": "i want to arrange my bills to be paid by giro",
        "userDefined": false
      }
    ],
    "isTemplate": false,
    "count": 0,
    "updated": 0
  },
  {
    "id": "eb77acc9-e34d-4e20-8fdd-02ebb81b4700",
    "data": [
      {
        "text": "how to make giro arrangements",
        "userDefined": false
      }
    ],
    "isTemplate": false,
    "count": 1,
    "updated": 0
  },
  {
    "id": "797ea5a9-a95b-4040-bb04-50afb847a6a5",
    "data": [
      {
        "text": "how can i pay using giro",
        "userDefined": false
      }
    ],
    "isTemplate": false,
    "count": 0,
    "updated": 0
  },
  {
    "id": "f963443f-c4f5-4942-b5c7-68016157e25c",
    "data": [
      {
        "text": "is there any giro arrangements",
        "userDefined": false
      }
    ],
    "isTemplate": false,
    "count": 0,
    "updated": 0
  },
  {
    "id": "2bbe84f0-4068-486f-8778-17784116347e",
    "data": [
      {
        "text": "how can i pay by giro",
        "userDefined": false
      }
    ],
    "isTemplate": false,
    "count": 0,
    "updated": 0
  },
  {
    "id": "784798b7-1823-4306-a03c-eda054140a67",
    "data": [
      {
        "text": "can i arrange for giro payments",
        "userDefined": false
      }
    ],
    "isTemplate": false,
    "count": 0,
    "updated": 0
  },
  {
    "id": "fad59701-8a21-48d7-938a-2f00e2a9392c",
    "data": [
      {
        "text": "i want to arrange giro payments",
        "userDefined": false
      }
    ],
    "isTemplate": false,
    "count": 0,
    "updated": 0
  },
  {
    "id": "7dd0cf20-8b0a-4de3-9e16-82c0d11587d4",
    "data": [
      {
        "text": "how can i arrange giro",
        "userDefined": false
      }
    ],
    "isTemplate": false,
    "count": 0,
    "updated": 0
  },
  {
    "id": "853a8eb0-547d-4902-8094-7bc31977af83",
    "data": [
      {
        "text": "paying ",
        "userDefined": false
      },
      {
        "text": "mobile",
        "alias": "Handphone",
        "meta": "@Handphone",
        "userDefined": false
      },
      {
        "text": " plan using giro",
        "userDefined": false
      }
    ],
    "isTemplate": false,
    "count": 0,
    "updated": 0
  },
  {
    "id": "b6a39beb-d025-4938-9718-b38f44a72fe0",
    "data": [
      {
        "text": "paying with giro",
        "userDefined": false
      }
    ],
    "isTemplate": false,
    "count": 0,
    "updated": 0
  },
  {
    "id": "3f6b701d-7cb4-4fa2-9943-48eadb9f510e",
    "data": [
      {
        "text": "i want to pay with giro",
        "userDefined": false
      }
    ],
    "isTemplate": false,
    "count": 0,
    "updated": 0
  },
  {
    "id": "05d24648-a06f-45ed-a23a-7d411a999ea4",
    "data": [
      {
        "text": "how to pay with giro",
        "userDefined": false
      }
    ],
    "isTemplate": false,
    "count": 0,
    "updated": 0
  },
  {
    "id": "8a9b7c45-4f1d-4a88-9c0e-3f378ca1d79b",
    "data": [
      {
        "text": "giro payment how",
        "userDefined": false
      }
    ],
    "isTemplate": false,
    "count": 0,
    "updated": 0
  },
  {
    "id": "9a14915a-e72b-4419-ac74-dfe03dcd52a7",
    "data": [
      {
        "text": "payment using giro",
        "userDefined": false
      }
    ],
    "isTemplate": false,
    "count": 0,
    "updated": 0
  },
  {
    "id": "c19c4956-601c-408e-b530-b89de7029b54",
    "data": [
      {
        "text": "how to pay using giro",
        "userDefined": false
      }
    ],
    "isTemplate": false,
    "count": 0,
    "updated": 0
  },
  {
    "id": "16906c27-7106-4241-85e7-1b8c5233cf6b",
    "data": [
      {
        "text": "how do i set up giro payment",
        "userDefined": false
      }
    ],
    "isTemplate": false,
    "count": 0,
    "updated": 0
  }
]