[
  {
    "id": "492a912a-e654-4a19-94f9-46a50238358b",
    "data": [
      {
        "text": "how is tv go different from cable tv",
        "userDefined": false
      }
    ],
    "isTemplate": false,
    "count": 0,
    "updated": 0
  },
  {
    "id": "7cefc8fd-4d1d-4e17-9257-df32c26d3b2a",
    "data": [
      {
        "text": "what is tv go",
        "userDefined": false
      }
    ],
    "isTemplate": false,
    "count": 0,
    "updated": 0
  },
  {
    "id": "801600ed-df49-4847-bfd3-a946a23fb8bf",
    "data": [
      {
        "text": "what is the tv go for",
        "userDefined": false
      }
    ],
    "isTemplate": false,
    "count": 0,
    "updated": 0
  },
  {
    "id": "a551ff26-5531-4973-9dfc-d757f1ad7c22",
    "data": [
      {
        "text": "i want to know more about singtel tv go",
        "userDefined": false
      }
    ],
    "isTemplate": false,
    "count": 0,
    "updated": 0
  },
  {
    "id": "f40f03f7-249a-4122-94a2-0d09a1ebef53",
    "data": [
      {
        "text": "i heard singtel has a tv go i want to know more",
        "userDefined": false
      }
    ],
    "isTemplate": false,
    "count": 0,
    "updated": 0
  },
  {
    "id": "19d54c90-5900-42eb-9cab-e6f246cfaa8a",
    "data": [
      {
        "text": "i used to have cable tv back at my home and the service was amazing. i heard ",
        "userDefined": false
      },
      {
        "text": "cis",
        "alias": "CIS",
        "meta": "@CIS",
        "userDefined": false
      },
      {
        "text": " has a singtel tv go programme can you tell me more",
        "userDefined": false
      }
    ],
    "isTemplate": false,
    "count": 0,
    "updated": 0
  },
  {
    "id": "e9bf339e-85fd-4614-9bbd-8ebe8793692c",
    "data": [
      {
        "text": "How to sign up for tv go",
        "userDefined": false
      }
    ],
    "isTemplate": false,
    "count": 0,
    "updated": 0
  },
  {
    "id": "fac48467-c01d-488a-9fe2-ed9a42866c2b",
    "data": [
      {
        "text": "prices for singtel tv go",
        "userDefined": false
      }
    ],
    "isTemplate": false,
    "count": 0,
    "updated": 0
  },
  {
    "id": "16b4699f-25d3-48a6-9028-956d472c25eb",
    "data": [
      {
        "text": "promotions for singtel tv go",
        "userDefined": false
      }
    ],
    "isTemplate": false,
    "count": 0,
    "updated": 0
  },
  {
    "id": "a16ab889-4127-4031-bf03-7db68539d4ce",
    "data": [
      {
        "text": "what is the price for singtel tv go",
        "userDefined": false
      }
    ],
    "isTemplate": false,
    "count": 0,
    "updated": 0
  },
  {
    "id": "75ab79af-358b-4019-88d4-6347f2ee7a9d",
    "data": [
      {
        "text": "how much will singtel tv go cost me",
        "userDefined": false
      }
    ],
    "isTemplate": false,
    "count": 0,
    "updated": 0
  },
  {
    "id": "a9ca8d38-ff30-4b49-9072-00478ed7f363",
    "data": [
      {
        "text": "how do i set up singtel tv go on android tv",
        "userDefined": false
      }
    ],
    "isTemplate": false,
    "count": 0,
    "updated": 0
  },
  {
    "id": "fc49088e-2fab-41ef-a9fe-fb75a6487358",
    "data": [
      {
        "text": "how do i set up singtel tv go on ",
        "userDefined": false
      },
      {
        "text": "apple",
        "alias": "HandsetBrands",
        "meta": "@HandsetBrands",
        "userDefined": false
      },
      {
        "text": " tv",
        "userDefined": false
      }
    ],
    "isTemplate": false,
    "count": 0,
    "updated": 0
  },
  {
    "id": "410b82d2-d0ef-41c7-ae28-8f5eda230d66",
    "data": [
      {
        "text": "how to set up home view",
        "userDefined": false
      }
    ],
    "isTemplate": false,
    "count": 0,
    "updated": 0
  },
  {
    "id": "2e46fc8b-a139-4bd6-9d58-c9cc8cd84257",
    "data": [
      {
        "text": "how do i subscribe to singtel tv go",
        "userDefined": false
      }
    ],
    "isTemplate": false,
    "count": 0,
    "updated": 0
  },
  {
    "id": "ecb7739f-8bfa-4b17-8942-f200049e25a3",
    "data": [
      {
        "text": "how do i go about subscribing to singtel tv go",
        "userDefined": false
      }
    ],
    "isTemplate": false,
    "count": 0,
    "updated": 0
  },
  {
    "id": "7a327e74-8057-44cb-a996-0e756781a93a",
    "data": [
      {
        "text": "how do i set up singtel tv go",
        "userDefined": false
      }
    ],
    "isTemplate": false,
    "count": 0,
    "updated": 0
  },
  {
    "id": "b2674bbc-162b-417c-9f9b-efb53f254a5c",
    "data": [
      {
        "text": "how many channels are available on singtel tv go",
        "userDefined": false
      }
    ],
    "isTemplate": false,
    "count": 0,
    "updated": 0
  },
  {
    "id": "655347c3-fedc-406c-b306-31f5cc02e6d1",
    "data": [
      {
        "text": "how many tv shows can i watch on singtel tv go",
        "userDefined": false
      }
    ],
    "isTemplate": false,
    "count": 1,
    "updated": 0
  },
  {
    "id": "799c4ffd-e081-49cb-b549-d6170a8fe6da",
    "data": [
      {
        "text": "what is singtel tv go",
        "userDefined": false
      }
    ],
    "isTemplate": false,
    "count": 0,
    "updated": 0
  },
  {
    "id": "7d019b40-2cea-491f-9b0b-1acbe45d62be",
    "data": [
      {
        "text": "how can i watch mio on my ",
        "userDefined": false
      },
      {
        "text": "phone",
        "alias": "Handphone",
        "meta": "@Handphone",
        "userDefined": false
      }
    ],
    "isTemplate": false,
    "count": 0,
    "updated": 0
  },
  {
    "id": "178ba755-5440-499f-9897-2348fecb1d4a",
    "data": [
      {
        "text": "how can i watch singtel tv shows on my ",
        "userDefined": false
      },
      {
        "text": "mobile",
        "alias": "Handphone",
        "meta": "@Handphone",
        "userDefined": false
      }
    ],
    "isTemplate": false,
    "count": 0,
    "updated": 0
  },
  {
    "id": "fb0866f3-6c23-444b-a032-6f329ba0c1eb",
    "data": [
      {
        "text": "singtel tv go",
        "userDefined": false
      }
    ],
    "isTemplate": false,
    "count": 0,
    "updated": 0
  }
]