[
  {
    "id": "0e79d228-b438-46b7-8836-3cdeaa7d66bf",
    "data": [
      {
        "text": "tell me more about sms plus",
        "userDefined": false
      }
    ],
    "isTemplate": false,
    "count": 0,
    "updated": 0
  },
  {
    "id": "d2b52e73-1e78-4538-a957-1c8309f9a78a",
    "data": [
      {
        "text": "what is smsplus",
        "userDefined": false
      }
    ],
    "isTemplate": false,
    "count": 0,
    "updated": 0
  },
  {
    "id": "cfab109d-cac1-4acf-9bf0-12fd8e2fc574",
    "data": [
      {
        "text": "what is sms plus",
        "userDefined": false
      }
    ],
    "isTemplate": false,
    "count": 0,
    "updated": 0
  },
  {
    "id": "e084e959-003d-4b5e-b381-c04d291de41a",
    "data": [
      {
        "text": "redirect sms",
        "userDefined": false
      }
    ],
    "isTemplate": false,
    "count": 0,
    "updated": 0
  },
  {
    "id": "362b3718-18bd-4f12-b1ca-f301844e6a8d",
    "data": [
      {
        "text": "out of office reply",
        "userDefined": false
      }
    ],
    "isTemplate": false,
    "count": 0,
    "updated": 0
  }
]