[
  {
    "id": "c1c11877-42e4-4760-bf86-33c47a868da5",
    "data": [
      {
        "text": "Hi. I am on ",
        "userDefined": false
      },
      {
        "text": "CIS",
        "alias": "CIS",
        "meta": "@CIS",
        "userDefined": false
      },
      {
        "text": " plan and would like to be included into your sms promotional update pertaining to ",
        "userDefined": false
      },
      {
        "text": "CIS",
        "alias": "CIS1",
        "meta": "@CIS",
        "userDefined": false
      },
      {
        "text": " plans",
        "userDefined": false
      }
    ],
    "isTemplate": false,
    "count": 0,
    "updated": 0
  },
  {
    "id": "d756e503-9acb-4924-9305-a598f6714276",
    "data": [
      {
        "text": "i want to know when is the next ",
        "userDefined": false
      },
      {
        "text": "flash sales",
        "alias": "Promotion",
        "meta": "@Promotion",
        "userDefined": false
      }
    ],
    "isTemplate": false,
    "count": 1,
    "updated": 0
  },
  {
    "id": "7fac5aca-035d-4f0d-8e3f-e577da672d0a",
    "data": [
      {
        "text": "how to get ",
        "userDefined": false
      },
      {
        "text": "flash sales",
        "alias": "Promotion",
        "meta": "@Promotion",
        "userDefined": false
      },
      {
        "text": " news",
        "userDefined": false
      }
    ],
    "isTemplate": false,
    "count": 0,
    "updated": 0
  },
  {
    "id": "54aa005a-8a24-42af-9f49-3025008cf89c",
    "data": [
      {
        "text": "how much ",
        "userDefined": false
      },
      {
        "text": "flash sales",
        "alias": "Promotion",
        "meta": "@Promotion",
        "userDefined": false
      },
      {
        "text": " news will i get",
        "userDefined": false
      }
    ],
    "isTemplate": false,
    "count": 0,
    "updated": 0
  },
  {
    "id": "758fafb8-8717-47f7-beba-6609695ef631",
    "data": [
      {
        "text": "when is the ",
        "userDefined": false
      },
      {
        "text": "flash sales",
        "alias": "Promotion",
        "meta": "@Promotion",
        "userDefined": false
      },
      {
        "text": " announced",
        "userDefined": false
      }
    ],
    "isTemplate": false,
    "count": 0,
    "updated": 0
  },
  {
    "id": "936c584f-4508-466f-83d8-6c85e8193b8c",
    "data": [
      {
        "text": "when should i expect the next ",
        "userDefined": false
      },
      {
        "text": "flash sales",
        "alias": "Promotion",
        "meta": "@Promotion",
        "userDefined": false
      }
    ],
    "isTemplate": false,
    "count": 0,
    "updated": 0
  },
  {
    "id": "6f2f338a-e158-4a73-b12d-85bace5783dc",
    "data": [
      {
        "text": "how often should i receive the ",
        "userDefined": false
      },
      {
        "text": "flash sales",
        "alias": "Promotion",
        "meta": "@Promotion",
        "userDefined": false
      }
    ],
    "isTemplate": false,
    "count": 0,
    "updated": 0
  },
  {
    "id": "0503892c-4b87-47fa-8154-839cc4ae16b6",
    "data": [
      {
        "text": "when got flash sale?",
        "userDefined": false
      }
    ],
    "isTemplate": false,
    "count": 0,
    "updated": 0
  },
  {
    "id": "3b06a29f-f245-4f58-af6a-be3ab46d71a7",
    "data": [
      {
        "text": "how can i know when is the next flash sale",
        "userDefined": false
      }
    ],
    "isTemplate": false,
    "count": 0,
    "updated": 0
  },
  {
    "id": "918303f0-788d-4660-9d44-0846512f2a3a",
    "data": [
      {
        "text": "where can i know the next flash sale?",
        "userDefined": false
      }
    ],
    "isTemplate": false,
    "count": 0,
    "updated": 0
  },
  {
    "id": "4bc12b30-8d1b-40c6-811a-e896bd3c2072",
    "data": [
      {
        "text": "i want to know when is the next flash sale",
        "userDefined": false
      }
    ],
    "isTemplate": false,
    "count": 0,
    "updated": 0
  },
  {
    "id": "828ea35e-b33b-4746-a706-bcfc5098f54d",
    "data": [
      {
        "text": "tell me about the flash sale",
        "userDefined": false
      }
    ],
    "isTemplate": false,
    "count": 0,
    "updated": 0
  },
  {
    "id": "5ee476a9-1899-4202-8ea2-47c5e2d83ba4",
    "data": [
      {
        "text": "is there going to be a flash sale",
        "userDefined": false
      }
    ],
    "isTemplate": false,
    "count": 0,
    "updated": 0
  },
  {
    "id": "c332de83-8ef6-4a00-810a-4aeece990f0e",
    "data": [
      {
        "text": "is there an upcoming flash sale",
        "userDefined": false
      }
    ],
    "isTemplate": false,
    "count": 0,
    "updated": 0
  },
  {
    "id": "3a87d328-a196-442d-9bec-c055c0ce523e",
    "data": [
      {
        "text": "when is the next flash sale",
        "userDefined": false
      }
    ],
    "isTemplate": false,
    "count": 0,
    "updated": 0
  },
  {
    "id": "c4de9251-d83c-4661-8d06-ad334229d7b3",
    "data": [
      {
        "text": "how to subscribe to be on your mailing list",
        "userDefined": false
      }
    ],
    "isTemplate": false,
    "count": 1,
    "updated": 0
  },
  {
    "id": "7d3dae8a-6d7e-4bad-a00f-a1c265adb5ab",
    "data": [
      {
        "text": "i want to be on your mailing list",
        "userDefined": false
      }
    ],
    "isTemplate": false,
    "count": 0,
    "updated": 0
  },
  {
    "id": "ac422b09-30d2-4101-afb5-e2b0a9e8b2b1",
    "data": [
      {
        "text": "i want to be on ",
        "userDefined": false
      },
      {
        "text": "cis",
        "alias": "CIS",
        "meta": "@CIS",
        "userDefined": false
      },
      {
        "text": " mailing list",
        "userDefined": false
      }
    ],
    "isTemplate": false,
    "count": 0,
    "updated": 0
  },
  {
    "id": "287d1438-a869-4896-a3e9-c9549210ccb0",
    "data": [
      {
        "text": "is there a ",
        "userDefined": false
      },
      {
        "text": "cis",
        "alias": "CIS",
        "meta": "@CIS",
        "userDefined": false
      },
      {
        "text": " mailing list?",
        "userDefined": false
      }
    ],
    "isTemplate": false,
    "count": 0,
    "updated": 0
  },
  {
    "id": "1d52930c-b60a-4f17-b3ed-d21111fbca75",
    "data": [
      {
        "text": "how do i ",
        "userDefined": false
      },
      {
        "text": "sign up",
        "alias": "Sign-up",
        "meta": "@Sign-up",
        "userDefined": false
      },
      {
        "text": " for the latest promotions",
        "userDefined": false
      }
    ],
    "isTemplate": false,
    "count": 0,
    "updated": 0
  },
  {
    "id": "aaafee3d-5f38-4d84-bc49-f3e1bfa4da4b",
    "data": [
      {
        "text": "how do i ",
        "userDefined": false
      },
      {
        "text": "sign up",
        "alias": "Sign-up",
        "meta": "@Sign-up",
        "userDefined": false
      },
      {
        "text": " for ",
        "userDefined": false
      },
      {
        "text": "cis",
        "alias": "CIS",
        "meta": "@CIS",
        "userDefined": false
      },
      {
        "text": " newsletter",
        "userDefined": false
      }
    ],
    "isTemplate": false,
    "count": 0,
    "updated": 0
  },
  {
    "id": "88e48552-778d-4e15-ae6d-93cd6a32d3ed",
    "data": [
      {
        "text": "how to ",
        "userDefined": false
      },
      {
        "text": "sign up",
        "alias": "Sign-up",
        "meta": "@Sign-up",
        "userDefined": false
      },
      {
        "text": " to your mailing list",
        "userDefined": false
      }
    ],
    "isTemplate": false,
    "count": 0,
    "updated": 0
  },
  {
    "id": "11b0d544-19d3-4871-b3bc-fade8b3bb489",
    "data": [
      {
        "text": "i want to subscribe to your mailing list",
        "userDefined": false
      }
    ],
    "isTemplate": false,
    "count": 0,
    "updated": 0
  },
  {
    "id": "4990f24c-0973-4623-a7c7-65b96bc19c00",
    "data": [
      {
        "text": "i want to join your mailing list",
        "userDefined": false
      }
    ],
    "isTemplate": false,
    "count": 0,
    "updated": 0
  },
  {
    "id": "32ed77e0-86a4-4546-943c-acac40e7c00b",
    "data": [
      {
        "text": "mailing list",
        "userDefined": false
      }
    ],
    "isTemplate": false,
    "count": 0,
    "updated": 0
  },
  {
    "id": "551a1449-679a-4f74-a457-0288638110fa",
    "data": [
      {
        "text": "newsletter",
        "userDefined": false
      }
    ],
    "isTemplate": false,
    "count": 0,
    "updated": 0
  },
  {
    "id": "80cd1865-8a41-4327-8938-f83182424c9a",
    "data": [
      {
        "text": "can i join your mailing list",
        "userDefined": false
      }
    ],
    "isTemplate": false,
    "count": 0,
    "updated": 0
  },
  {
    "id": "11a30880-c522-4339-99ad-1c482dac6b4c",
    "data": [
      {
        "text": "can i subscribe to your newsletter",
        "userDefined": false
      }
    ],
    "isTemplate": false,
    "count": 0,
    "updated": 0
  },
  {
    "id": "4ab04492-29dd-4dd5-9e51-1c8f3c443a48",
    "data": [
      {
        "text": "can i join your newsletter",
        "userDefined": false
      }
    ],
    "isTemplate": false,
    "count": 0,
    "updated": 0
  },
  {
    "id": "56dc7985-af9c-480f-961a-7ee7d0a1b746",
    "data": [
      {
        "text": "how can i be notified of the latest ",
        "userDefined": false
      },
      {
        "text": "cis",
        "alias": "CIS",
        "meta": "@CIS",
        "userDefined": false
      },
      {
        "text": " promotions",
        "userDefined": false
      }
    ],
    "isTemplate": false,
    "count": 0,
    "updated": 0
  },
  {
    "id": "a088df67-26e0-48d7-a8fe-854dcede7c5b",
    "data": [
      {
        "text": "how do i receive latest ",
        "userDefined": false
      },
      {
        "text": "cis",
        "alias": "CIS",
        "meta": "@CIS",
        "userDefined": false
      },
      {
        "text": " promotions",
        "userDefined": false
      }
    ],
    "isTemplate": false,
    "count": 0,
    "updated": 0
  },
  {
    "id": "a71c4116-cb4f-40f8-8fb5-a340408750eb",
    "data": [
      {
        "text": "i would like to ",
        "userDefined": false
      },
      {
        "text": "sign up",
        "alias": "Sign-up",
        "meta": "@Sign-up",
        "userDefined": false
      },
      {
        "text": " for your newsletter",
        "userDefined": false
      }
    ],
    "isTemplate": false,
    "count": 0,
    "updated": 0
  },
  {
    "id": "86104bd5-92f0-4266-b1bf-e40eb09c829b",
    "data": [
      {
        "text": "i would like to ",
        "userDefined": false
      },
      {
        "text": "sign up",
        "alias": "Sign-up",
        "meta": "@Sign-up",
        "userDefined": false
      },
      {
        "text": " for your email blast",
        "userDefined": false
      }
    ],
    "isTemplate": false,
    "count": 0,
    "updated": 0
  },
  {
    "id": "639e8f38-33b3-45b4-b39a-39276241af8f",
    "data": [
      {
        "text": "i would like to ",
        "userDefined": false
      },
      {
        "text": "sign up",
        "alias": "Sign-up",
        "meta": "@Sign-up",
        "userDefined": false
      },
      {
        "text": " for your mailing list",
        "userDefined": false
      }
    ],
    "isTemplate": false,
    "count": 0,
    "updated": 0
  }
]