[
  {
    "id": "26f62e84-1db2-4dda-895f-d52c0794f355",
    "data": [
      {
        "text": "how long does port take",
        "userDefined": false
      }
    ],
    "isTemplate": false,
    "count": 0,
    "updated": 0
  },
  {
    "id": "0e8b098e-6183-4c05-91b3-e9fc34f6d65a",
    "data": [
      {
        "text": "how long it take to ",
        "userDefined": false
      },
      {
        "text": "portover",
        "alias": "PortIn",
        "meta": "@PortIn",
        "userDefined": true
      }
    ],
    "isTemplate": false,
    "count": 0,
    "updated": 0
  },
  {
    "id": "cef791bb-6cd0-4fa0-96a8-228117ae00a4",
    "data": [
      {
        "text": "how long is the ",
        "userDefined": false
      },
      {
        "text": "port in",
        "alias": "PortIn",
        "meta": "@PortIn",
        "userDefined": false
      }
    ],
    "isTemplate": false,
    "count": 0,
    "updated": 0
  },
  {
    "id": "b99e1dce-cb14-4c4a-9fd1-033380e5b5e6",
    "data": [
      {
        "text": "i am currently a ",
        "userDefined": false
      },
      {
        "text": "starhub",
        "alias": "Competitors",
        "meta": "@Competitors",
        "userDefined": false
      },
      {
        "text": " subscriber and i just signed up for ",
        "userDefined": false
      },
      {
        "text": "cis",
        "alias": "CIS",
        "meta": "@CIS",
        "userDefined": false
      },
      {
        "text": ". how long is the ",
        "userDefined": false
      },
      {
        "text": "port over",
        "alias": "PortIn",
        "meta": "@PortIn",
        "userDefined": false
      },
      {
        "text": "?",
        "userDefined": false
      }
    ],
    "isTemplate": false,
    "count": 0,
    "updated": 0
  },
  {
    "id": "4b181fdd-a840-4030-9e90-207e507b8b97",
    "data": [
      {
        "text": "i am currently a ",
        "userDefined": false
      },
      {
        "text": "starhub",
        "alias": "Competitors",
        "meta": "@Competitors",
        "userDefined": false
      },
      {
        "text": " subscriber and i just signed up for ",
        "userDefined": false
      },
      {
        "text": "cis",
        "alias": "CIS",
        "meta": "@CIS",
        "userDefined": false
      },
      {
        "text": ". how long is the transfer over?",
        "userDefined": false
      }
    ],
    "isTemplate": false,
    "count": 0,
    "updated": 0
  },
  {
    "id": "772dcaab-f7b0-409a-98e4-9e0f54b44552",
    "data": [
      {
        "text": "If I port do the transaction ",
        "userDefined": false
      },
      {
        "text": "online",
        "alias": "Online",
        "meta": "@Online",
        "userDefined": false
      },
      {
        "text": " now, my line will be deactivated ",
        "userDefined": false
      },
      {
        "text": "until tomorrow",
        "alias": "date-period",
        "meta": "@sys.date-period",
        "userDefined": false
      },
      {
        "text": "?",
        "userDefined": false
      }
    ],
    "isTemplate": false,
    "count": 0,
    "updated": 0
  },
  {
    "id": "b2de9a65-de77-42eb-b0ad-1278573eec56",
    "data": [
      {
        "text": "how many days required to switch from ",
        "userDefined": false
      },
      {
        "text": "m1",
        "alias": "Competitors",
        "meta": "@Competitors",
        "userDefined": false
      },
      {
        "text": " to ",
        "userDefined": false
      },
      {
        "text": "cis",
        "alias": "CIS",
        "meta": "@CIS",
        "userDefined": false
      }
    ],
    "isTemplate": false,
    "count": 1,
    "updated": 0
  },
  {
    "id": "3f8ddf59-133b-4832-b087-205211224126",
    "data": [
      {
        "text": "how many days required to port in",
        "userDefined": false
      }
    ],
    "isTemplate": false,
    "count": 0,
    "updated": 0
  },
  {
    "id": "d76ddb6a-9eb6-466c-be3f-4bb346477e6f",
    "data": [
      {
        "text": "how long will switching from ",
        "userDefined": false
      },
      {
        "text": "starhub",
        "alias": "Competitors",
        "meta": "@Competitors",
        "userDefined": false
      },
      {
        "text": " to ",
        "userDefined": false
      },
      {
        "text": "cis",
        "alias": "CIS",
        "meta": "@CIS",
        "userDefined": false
      },
      {
        "text": " take",
        "userDefined": false
      }
    ],
    "isTemplate": false,
    "count": 1,
    "updated": 0
  },
  {
    "id": "d39a7b43-a0cd-4433-8122-167e4eca7ce1",
    "data": [
      {
        "text": "i just requested to change from ",
        "userDefined": false
      },
      {
        "text": "m1",
        "alias": "Competitors",
        "meta": "@Competitors",
        "userDefined": false
      },
      {
        "text": " to ",
        "userDefined": false
      },
      {
        "text": "cis",
        "alias": "CIS",
        "meta": "@CIS",
        "userDefined": false
      },
      {
        "text": " how long will it take",
        "userDefined": false
      }
    ],
    "isTemplate": false,
    "count": 1,
    "updated": 0
  },
  {
    "id": "8d4eda69-cb78-4244-bb96-9ff0a65c4e43",
    "data": [
      {
        "text": "how long will the transfer from ",
        "userDefined": false
      },
      {
        "text": "m1",
        "alias": "Competitors",
        "meta": "@Competitors",
        "userDefined": false
      },
      {
        "text": " take",
        "userDefined": false
      }
    ],
    "isTemplate": false,
    "count": 0,
    "updated": 0
  },
  {
    "id": "1fc84843-fc91-41be-9c4c-2fde365ee6c9",
    "data": [
      {
        "text": "how long will the switch from ",
        "userDefined": false
      },
      {
        "text": "m1",
        "alias": "Competitors",
        "meta": "@Competitors",
        "userDefined": false
      },
      {
        "text": " take",
        "userDefined": false
      }
    ],
    "isTemplate": false,
    "count": 0,
    "updated": 0
  },
  {
    "id": "d1d92a7a-1c6f-4995-a5c9-26fe7deeb9df",
    "data": [
      {
        "text": "how long will the port in take",
        "userDefined": false
      }
    ],
    "isTemplate": false,
    "count": 0,
    "updated": 0
  },
  {
    "id": "b886735f-0da2-4c90-8dea-7c811a40c534",
    "data": [
      {
        "text": "how long will it take to switch from ",
        "userDefined": false
      },
      {
        "text": "m1",
        "alias": "Competitors",
        "meta": "@Competitors",
        "userDefined": false
      }
    ],
    "isTemplate": false,
    "count": 0,
    "updated": 0
  },
  {
    "id": "474f5f94-7f8d-45cb-a23f-dafa432cf8b6",
    "data": [
      {
        "text": "i am switching over from ",
        "userDefined": false
      },
      {
        "text": "m1",
        "alias": "Competitors",
        "meta": "@Competitors",
        "userDefined": false
      },
      {
        "text": " how long will it take",
        "userDefined": false
      }
    ],
    "isTemplate": false,
    "count": 0,
    "updated": 0
  },
  {
    "id": "bc92034d-2093-40ec-923c-250bcc2b9b52",
    "data": [
      {
        "text": "i am transferring in from ",
        "userDefined": false
      },
      {
        "text": "starhub",
        "alias": "Competitors",
        "meta": "@Competitors",
        "userDefined": false
      },
      {
        "text": ", how long will it take",
        "userDefined": false
      }
    ],
    "isTemplate": false,
    "count": 0,
    "updated": 0
  },
  {
    "id": "0e063e63-e5fc-4021-99ad-1473a595f05a",
    "data": [
      {
        "text": "how long will the transfer from ",
        "userDefined": false
      },
      {
        "text": "starhub",
        "alias": "Competitors",
        "meta": "@Competitors",
        "userDefined": false
      },
      {
        "text": " take",
        "userDefined": false
      }
    ],
    "isTemplate": false,
    "count": 0,
    "updated": 0
  },
  {
    "id": "f2d19102-3d42-439d-aefe-fd5e0f5dea37",
    "data": [
      {
        "text": "how long to activate port-in?",
        "userDefined": false
      }
    ],
    "isTemplate": false,
    "count": 0,
    "updated": 0
  },
  {
    "id": "b67ae8e7-553b-4755-bc07-c0e3ce9a4637",
    "data": [
      {
        "text": "how long to activate ported in number",
        "userDefined": false
      }
    ],
    "isTemplate": false,
    "count": 0,
    "updated": 0
  },
  {
    "id": "91ad4181-bf1b-425a-8e25-4bf30f1ec111",
    "data": [
      {
        "text": "what is the time period to wait for port in",
        "userDefined": false
      }
    ],
    "isTemplate": false,
    "count": 0,
    "updated": 0
  },
  {
    "id": "82eb4ad3-6f78-44ed-8eb9-9017948e317f",
    "data": [
      {
        "text": "how long does it take to port in from ",
        "userDefined": false
      },
      {
        "text": "m1",
        "alias": "Competitors",
        "meta": "@Competitors",
        "userDefined": false
      }
    ],
    "isTemplate": false,
    "count": 0,
    "updated": 0
  },
  {
    "id": "b5ee6386-645e-47eb-ae81-e8852c452615",
    "data": [
      {
        "text": "how long to wait for port in",
        "userDefined": false
      }
    ],
    "isTemplate": false,
    "count": 0,
    "updated": 0
  },
  {
    "id": "b5727ec5-22f2-41fe-957f-5ab1c28cfcff",
    "data": [
      {
        "text": "how long will port in take",
        "userDefined": false
      }
    ],
    "isTemplate": false,
    "count": 0,
    "updated": 0
  },
  {
    "id": "151fbfa8-41df-4cbc-baec-90fa09b11310",
    "data": [
      {
        "text": "how long does it take to port in",
        "userDefined": false
      }
    ],
    "isTemplate": false,
    "count": 0,
    "updated": 0
  },
  {
    "id": "bc07aade-1968-498b-9dc7-b5a7c26eee3f",
    "data": [
      {
        "text": "how long does porting in usually take",
        "userDefined": false
      }
    ],
    "isTemplate": false,
    "count": 0,
    "updated": 0
  }
]