[
  {
    "id": "083d5b2f-385a-4cff-af36-a79e4e3f9f81",
    "data": [
      {
        "text": "conversion for ",
        "userDefined": false
      },
      {
        "text": "month 18",
        "alias": "date-period",
        "meta": "@sys.date-period",
        "userDefined": false
      }
    ],
    "isTemplate": false,
    "count": 0,
    "updated": 0
  },
  {
    "id": "1e51167a-749f-4397-a5b9-dfa7c9372f38",
    "data": [
      {
        "text": "Convert Month ",
        "userDefined": false
      },
      {
        "text": "18",
        "alias": "number",
        "meta": "@sys.number",
        "userDefined": false
      }
    ],
    "isTemplate": false,
    "count": 0,
    "updated": 0
  }
]