[
  {
    "id": "1cfd1278-3845-481d-8d4c-231dcbcb1975",
    "data": [
      {
        "text": "hi, is there any ",
        "userDefined": false
      },
      {
        "text": "CIS",
        "alias": "CIS",
        "meta": "@CIS",
        "userDefined": false
      },
      {
        "text": " for home ",
        "userDefined": false
      },
      {
        "text": "broadband",
        "alias": "FibreBroadband",
        "meta": "@FibreBroadband",
        "userDefined": false
      },
      {
        "text": " or ",
        "userDefined": false
      },
      {
        "text": "fibre",
        "alias": "FibreBroadband",
        "meta": "@FibreBroadband",
        "userDefined": false
      },
      {
        "text": "?",
        "userDefined": false
      }
    ],
    "isTemplate": false,
    "count": 0,
    "updated": 0
  },
  {
    "id": "76c06f87-6493-4eee-b43d-54685335acc4",
    "data": [
      {
        "text": "is ",
        "userDefined": false
      },
      {
        "text": "cis",
        "alias": "CIS",
        "meta": "@CIS",
        "userDefined": false
      },
      {
        "text": " applicable to ",
        "userDefined": false
      },
      {
        "text": "broadband",
        "alias": "FibreBroadband",
        "meta": "@FibreBroadband",
        "userDefined": false
      }
    ],
    "isTemplate": false,
    "count": 0,
    "updated": 0
  },
  {
    "id": "1c8f40a5-b1de-42aa-93a5-8c99437f6154",
    "data": [
      {
        "text": "does ",
        "userDefined": false
      },
      {
        "text": "cis",
        "alias": "CIS",
        "meta": "@CIS",
        "userDefined": false
      },
      {
        "text": " ",
        "userDefined": false
      },
      {
        "text": "apply",
        "alias": "Sign-up",
        "meta": "@Sign-up",
        "userDefined": false
      },
      {
        "text": " to ",
        "userDefined": false
      },
      {
        "text": "broadband",
        "alias": "FibreBroadband",
        "meta": "@FibreBroadband",
        "userDefined": false
      }
    ],
    "isTemplate": false,
    "count": 0,
    "updated": 0
  },
  {
    "id": "7550a4e8-7471-4483-b82c-c1be504f314a",
    "data": [
      {
        "text": "i\u0027m interested to know about home ",
        "userDefined": false
      },
      {
        "text": "broadband",
        "alias": "FibreBroadband",
        "meta": "@FibreBroadband",
        "userDefined": true
      },
      {
        "text": " plans for ",
        "userDefined": false
      },
      {
        "text": "CIS",
        "alias": "CIS",
        "meta": "@CIS",
        "userDefined": false
      },
      {
        "text": " customers",
        "userDefined": false
      }
    ],
    "isTemplate": false,
    "count": 0,
    "updated": 0
  },
  {
    "id": "cafd1a64-59c4-43b1-ac45-e26eb2f2ccd3",
    "data": [
      {
        "text": "how many different ",
        "userDefined": false
      },
      {
        "text": "broadband",
        "alias": "FibreBroadband",
        "meta": "@FibreBroadband",
        "userDefined": true
      },
      {
        "text": " plans are there",
        "userDefined": false
      }
    ],
    "isTemplate": false,
    "count": 0,
    "updated": 0
  },
  {
    "id": "e14976b9-acad-4a4b-bb17-3a0e8c0ce793",
    "data": [
      {
        "text": "combo ",
        "userDefined": false
      },
      {
        "text": "mobile",
        "alias": "Handphone",
        "meta": "@Handphone",
        "userDefined": false
      },
      {
        "text": " plan ",
        "userDefined": false
      },
      {
        "text": "10",
        "alias": "number",
        "meta": "@sys.number",
        "userDefined": false
      }
    ],
    "isTemplate": false,
    "count": 0,
    "updated": 0
  },
  {
    "id": "df1fde3f-366b-4f11-8b83-aeace5cf3be7",
    "data": [
      {
        "text": "cis",
        "alias": "CIS",
        "meta": "@CIS",
        "userDefined": false
      },
      {
        "text": " rates for ",
        "userDefined": false
      },
      {
        "text": "broadband",
        "alias": "FibreBroadband",
        "meta": "@FibreBroadband",
        "userDefined": true
      },
      {
        "text": "/",
        "userDefined": false
      },
      {
        "text": "fibre",
        "alias": "FibreBroadband",
        "meta": "@FibreBroadband",
        "userDefined": true
      },
      {
        "text": "/internet",
        "userDefined": false
      }
    ],
    "isTemplate": false,
    "count": 0,
    "updated": 0
  },
  {
    "id": "d0f24cb8-6b63-4703-b9dc-4efef036aace",
    "data": [
      {
        "text": "how can i ",
        "userDefined": false
      },
      {
        "text": "sign up",
        "alias": "Sign-up",
        "meta": "@Sign-up",
        "userDefined": false
      },
      {
        "text": " for ",
        "userDefined": false
      },
      {
        "text": "mobile",
        "alias": "Handphone",
        "meta": "@Handphone",
        "userDefined": false
      },
      {
        "text": " ",
        "userDefined": false
      },
      {
        "text": "broadband",
        "alias": "FibreBroadband",
        "meta": "@FibreBroadband",
        "userDefined": true
      },
      {
        "text": " plans",
        "userDefined": false
      }
    ],
    "isTemplate": false,
    "count": 0,
    "updated": 0
  },
  {
    "id": "5b21289e-ba33-4377-8f26-e72731cde064",
    "data": [
      {
        "text": "i want to know more about ",
        "userDefined": false
      },
      {
        "text": "broadband",
        "alias": "FibreBroadband",
        "meta": "@FibreBroadband",
        "userDefined": true
      }
    ],
    "isTemplate": false,
    "count": 0,
    "updated": 0
  },
  {
    "id": "81e993d8-e490-4a43-a4dc-f92d8db96dcd",
    "data": [
      {
        "text": "mobile",
        "alias": "Handphone",
        "meta": "@Handphone",
        "userDefined": false
      },
      {
        "text": " ",
        "userDefined": false
      },
      {
        "text": "broadband",
        "alias": "FibreBroadband",
        "meta": "@FibreBroadband",
        "userDefined": true
      }
    ],
    "isTemplate": false,
    "count": 2,
    "updated": 0
  },
  {
    "id": "3b1de322-7a3b-44d8-846f-ff2171be5da0",
    "data": [
      {
        "text": "is there any ",
        "userDefined": false
      },
      {
        "text": "cis",
        "alias": "CIS",
        "meta": "@CIS",
        "userDefined": false
      },
      {
        "text": " discount for ",
        "userDefined": false
      },
      {
        "text": "broadband",
        "alias": "FibreBroadband",
        "meta": "@FibreBroadband",
        "userDefined": true
      }
    ],
    "isTemplate": false,
    "count": 0,
    "updated": 0
  },
  {
    "id": "7540a42a-9509-4447-942f-1503062baa6c",
    "data": [
      {
        "text": "i want to ",
        "userDefined": false
      },
      {
        "text": "sign up",
        "alias": "Sign-up",
        "meta": "@Sign-up",
        "userDefined": false
      },
      {
        "text": " for ",
        "userDefined": false
      },
      {
        "text": "broadband",
        "alias": "FibreBroadband",
        "meta": "@FibreBroadband",
        "userDefined": true
      }
    ],
    "isTemplate": false,
    "count": 0,
    "updated": 0
  },
  {
    "id": "ad651ff6-9c5b-4065-86a2-83ed6683451e",
    "data": [
      {
        "text": "combo ",
        "userDefined": false
      },
      {
        "text": "mobile",
        "alias": "Handphone",
        "meta": "@Handphone",
        "userDefined": false
      },
      {
        "text": " plan ",
        "userDefined": false
      },
      {
        "text": "5",
        "alias": "number",
        "meta": "@sys.number",
        "userDefined": false
      }
    ],
    "isTemplate": false,
    "count": 0,
    "updated": 0
  },
  {
    "id": "6469d024-551d-4ac6-8316-feb04f1c154b",
    "data": [
      {
        "text": "what are the ",
        "userDefined": false
      },
      {
        "text": "mobile",
        "alias": "Handphone",
        "meta": "@Handphone",
        "userDefined": false
      },
      {
        "text": " ",
        "userDefined": false
      },
      {
        "text": "broadband",
        "alias": "FibreBroadband",
        "meta": "@FibreBroadband",
        "userDefined": true
      },
      {
        "text": " plan prices",
        "userDefined": false
      }
    ],
    "isTemplate": false,
    "count": 0,
    "updated": 0
  },
  {
    "id": "847d9cfa-b71f-42ee-915c-164bd737a78c",
    "data": [
      {
        "text": "MBP",
        "userDefined": false
      }
    ],
    "isTemplate": false,
    "count": 0,
    "updated": 0
  },
  {
    "id": "1dd91982-64c9-4adb-8984-92b686f09ab7",
    "data": [
      {
        "text": "will i be able to check with you regard my recent my ",
        "userDefined": false
      },
      {
        "text": "broadband",
        "alias": "FibreBroadband",
        "meta": "@FibreBroadband",
        "userDefined": false
      },
      {
        "text": " ",
        "userDefined": false
      },
      {
        "text": "recontract",
        "alias": "Recontract",
        "meta": "@Recontract",
        "userDefined": false
      },
      {
        "text": " matters?",
        "userDefined": false
      }
    ],
    "isTemplate": false,
    "count": 0,
    "updated": 0
  },
  {
    "id": "7e76c83d-6115-4213-84ef-7db4e15e940e",
    "data": [
      {
        "text": "combo ",
        "userDefined": false
      },
      {
        "text": "mobile",
        "alias": "Handphone",
        "meta": "@Handphone",
        "userDefined": false
      },
      {
        "text": " ",
        "userDefined": false
      },
      {
        "text": "broadband",
        "alias": "FibreBroadband",
        "meta": "@FibreBroadband",
        "userDefined": true
      },
      {
        "text": " ",
        "userDefined": false
      },
      {
        "text": "5",
        "alias": "number",
        "meta": "@sys.number",
        "userDefined": false
      }
    ],
    "isTemplate": false,
    "count": 0,
    "updated": 0
  },
  {
    "id": "b9251e0c-0442-4753-9549-feab364dda8a",
    "data": [
      {
        "text": "what are the different types of ",
        "userDefined": false
      },
      {
        "text": "mobile",
        "alias": "Handphone",
        "meta": "@Handphone",
        "userDefined": false
      },
      {
        "text": " ",
        "userDefined": false
      },
      {
        "text": "broadband",
        "alias": "FibreBroadband",
        "meta": "@FibreBroadband",
        "userDefined": true
      },
      {
        "text": " plans",
        "userDefined": false
      }
    ],
    "isTemplate": false,
    "count": 0,
    "updated": 0
  },
  {
    "id": "1046c67f-652c-4d58-aba2-f0a28d65173a",
    "data": [
      {
        "text": "prices for ",
        "userDefined": false
      },
      {
        "text": "mobile",
        "alias": "Handphone",
        "meta": "@Handphone",
        "userDefined": false
      },
      {
        "text": " ",
        "userDefined": false
      },
      {
        "text": "broadband",
        "alias": "FibreBroadband",
        "meta": "@FibreBroadband",
        "userDefined": true
      },
      {
        "text": " plans",
        "userDefined": false
      }
    ],
    "isTemplate": false,
    "count": 0,
    "updated": 0
  },
  {
    "id": "38ffa885-5a94-4bfa-8ca7-453188d33b22",
    "data": [
      {
        "text": "are there any perks to signing up to ",
        "userDefined": false
      },
      {
        "text": "mobile",
        "alias": "Handphone",
        "meta": "@Handphone",
        "userDefined": false
      },
      {
        "text": " ",
        "userDefined": false
      },
      {
        "text": "broadband",
        "alias": "FibreBroadband",
        "meta": "@FibreBroadband",
        "userDefined": true
      },
      {
        "text": " plan",
        "userDefined": false
      }
    ],
    "isTemplate": false,
    "count": 0,
    "updated": 0
  },
  {
    "id": "16bf9d8b-9206-44b2-8d25-98bcb7a729d2",
    "data": [
      {
        "text": "can you tell me a little bit about ",
        "userDefined": false
      },
      {
        "text": "mobile",
        "alias": "Handphone",
        "meta": "@Handphone",
        "userDefined": false
      },
      {
        "text": " ",
        "userDefined": false
      },
      {
        "text": "broadband",
        "alias": "FibreBroadband",
        "meta": "@FibreBroadband",
        "userDefined": true
      }
    ],
    "isTemplate": false,
    "count": 0,
    "updated": 0
  },
  {
    "id": "e7c617e2-b96b-404f-aa2c-bf6b64e031c2",
    "data": [
      {
        "text": "combo ",
        "userDefined": false
      },
      {
        "text": "mobile",
        "alias": "Handphone",
        "meta": "@Handphone",
        "userDefined": false
      },
      {
        "text": " ",
        "userDefined": false
      },
      {
        "text": "broadband",
        "alias": "FibreBroadband",
        "meta": "@FibreBroadband",
        "userDefined": true
      },
      {
        "text": " ",
        "userDefined": false
      },
      {
        "text": "10",
        "alias": "number",
        "meta": "@sys.number",
        "userDefined": false
      }
    ],
    "isTemplate": false,
    "count": 0,
    "updated": 0
  },
  {
    "id": "0510ecf9-6d75-4a5a-8d51-6b7d714b1824",
    "data": [
      {
        "text": "mobile",
        "alias": "Handphone",
        "meta": "@Handphone",
        "userDefined": false
      },
      {
        "text": " ",
        "userDefined": false
      },
      {
        "text": "broadband",
        "alias": "FibreBroadband",
        "meta": "@FibreBroadband",
        "userDefined": true
      },
      {
        "text": " plans",
        "userDefined": false
      }
    ],
    "isTemplate": false,
    "count": 0,
    "updated": 0
  },
  {
    "id": "cdf1f9e6-4b95-4dce-a10f-b02b83ec0c72",
    "data": [
      {
        "text": "singtel 4g",
        "userDefined": false
      }
    ],
    "isTemplate": false,
    "count": 0,
    "updated": 0
  },
  {
    "id": "45e10f03-a306-4122-9848-3258cb668b25",
    "data": [
      {
        "text": "what are the ",
        "userDefined": false
      },
      {
        "text": "broadband",
        "alias": "FibreBroadband",
        "meta": "@FibreBroadband",
        "userDefined": true
      },
      {
        "text": " plans",
        "userDefined": false
      }
    ],
    "isTemplate": false,
    "count": 0,
    "updated": 0
  },
  {
    "id": "0f9b7ec9-098d-42e6-a171-8b472e004ddf",
    "data": [
      {
        "text": "combo ",
        "userDefined": false
      },
      {
        "text": "mobile",
        "alias": "Handphone",
        "meta": "@Handphone",
        "userDefined": false
      },
      {
        "text": " plan ",
        "userDefined": false
      },
      {
        "text": "2",
        "alias": "number",
        "meta": "@sys.number",
        "userDefined": false
      }
    ],
    "isTemplate": false,
    "count": 0,
    "updated": 0
  },
  {
    "id": "1bf9a443-9dad-4ccb-add5-61f2753c3989",
    "data": [
      {
        "text": "combo ",
        "userDefined": false
      },
      {
        "text": "mobile",
        "alias": "Handphone",
        "meta": "@Handphone",
        "userDefined": false
      },
      {
        "text": " ",
        "userDefined": false
      },
      {
        "text": "broadband",
        "alias": "FibreBroadband",
        "meta": "@FibreBroadband",
        "userDefined": true
      },
      {
        "text": " ",
        "userDefined": false
      },
      {
        "text": "2",
        "alias": "number",
        "meta": "@sys.number",
        "userDefined": false
      }
    ],
    "isTemplate": false,
    "count": 0,
    "updated": 0
  },
  {
    "id": "4ea8e160-e18f-4aef-bae6-ceeadbe61e06",
    "data": [
      {
        "text": "what are the benefits of signing a ",
        "userDefined": false
      },
      {
        "text": "mobile",
        "alias": "Handphone",
        "meta": "@Handphone",
        "userDefined": false
      },
      {
        "text": " ",
        "userDefined": false
      },
      {
        "text": "broadband",
        "alias": "FibreBroadband",
        "meta": "@FibreBroadband",
        "userDefined": true
      },
      {
        "text": " plan",
        "userDefined": false
      }
    ],
    "isTemplate": false,
    "count": 0,
    "updated": 0
  },
  {
    "id": "511ff2f4-7c95-4dda-863f-2e2ca43892b1",
    "data": [
      {
        "text": "i am a ",
        "userDefined": false
      },
      {
        "text": "cis",
        "alias": "CIS",
        "meta": "@CIS",
        "userDefined": false
      },
      {
        "text": " customers and i also want ",
        "userDefined": false
      },
      {
        "text": "broadband",
        "alias": "FibreBroadband",
        "meta": "@FibreBroadband",
        "userDefined": true
      }
    ],
    "isTemplate": false,
    "count": 0,
    "updated": 0
  },
  {
    "id": "dd9af1cb-0aba-4698-9bba-8d5895af699a",
    "data": [
      {
        "text": "is there any ",
        "userDefined": false
      },
      {
        "text": "cis",
        "alias": "CIS",
        "meta": "@CIS",
        "userDefined": false
      },
      {
        "text": " rates for ",
        "userDefined": false
      },
      {
        "text": "broadband",
        "alias": "FibreBroadband",
        "meta": "@FibreBroadband",
        "userDefined": true
      },
      {
        "text": "?",
        "userDefined": false
      }
    ],
    "isTemplate": false,
    "count": 0,
    "updated": 0
  },
  {
    "id": "993441fe-0f39-44c9-80ba-7ec0f73cc9f8",
    "data": [
      {
        "text": "what is ",
        "userDefined": false
      },
      {
        "text": "mobile",
        "alias": "Handphone",
        "meta": "@Handphone",
        "userDefined": false
      },
      {
        "text": " ",
        "userDefined": false
      },
      {
        "text": "broadband",
        "alias": "FibreBroadband",
        "meta": "@FibreBroadband",
        "userDefined": true
      }
    ],
    "isTemplate": false,
    "count": 0,
    "updated": 0
  }
]