[
  {
    "id": "4ed4e16e-7d68-45d3-9ce1-3defb0351063",
    "data": [
      {
        "text": "what\u0027s your electronic mail",
        "userDefined": false
      }
    ],
    "isTemplate": false,
    "count": 1,
    "updated": 0
  },
  {
    "id": "2635041e-8b7c-4dc5-bb1f-eec8f9ec5d1b",
    "data": [
      {
        "text": "what\u0027s your email",
        "userDefined": false
      }
    ],
    "isTemplate": false,
    "count": 1,
    "updated": 0
  },
  {
    "id": "98203898-9ea4-4139-9e5a-31f50b402da4",
    "data": [
      {
        "text": "i think an email address would help me find out more about ",
        "userDefined": false
      },
      {
        "text": "cis",
        "alias": "CIS",
        "meta": "@CIS",
        "userDefined": false
      },
      {
        "text": " better",
        "userDefined": false
      }
    ],
    "isTemplate": false,
    "count": 0,
    "updated": 0
  },
  {
    "id": "1ab65523-bdea-4031-ae23-68a79d0ca425",
    "data": [
      {
        "text": "can i talk to you through email",
        "userDefined": false
      }
    ],
    "isTemplate": false,
    "count": 0,
    "updated": 0
  },
  {
    "id": "6396e6e9-ca10-431e-acda-c032f38e4e3c",
    "data": [
      {
        "text": "i can\u0027t find your email address anywhere",
        "userDefined": false
      }
    ],
    "isTemplate": false,
    "count": 0,
    "updated": 0
  },
  {
    "id": "efcacc09-52be-4a16-b2fc-1df163b1602c",
    "data": [
      {
        "text": "where is your email address",
        "userDefined": false
      }
    ],
    "isTemplate": false,
    "count": 0,
    "updated": 0
  },
  {
    "id": "87e9d15b-f8e6-48c1-bee9-3c71b1bb62df",
    "data": [
      {
        "text": "i want to know more about ",
        "userDefined": false
      },
      {
        "text": "cis",
        "alias": "CIS",
        "meta": "@CIS",
        "userDefined": false
      },
      {
        "text": ". do you have an email address or something",
        "userDefined": false
      }
    ],
    "isTemplate": false,
    "count": 0,
    "updated": 0
  },
  {
    "id": "51ec15d6-c552-48a5-876b-972eac6962ee",
    "data": [
      {
        "text": "where can i contact for further information",
        "userDefined": false
      }
    ],
    "isTemplate": false,
    "count": 0,
    "updated": 0
  },
  {
    "id": "e0778d0f-75e1-4cdb-93c2-0f32f6ada2fc",
    "data": [
      {
        "text": "is your electronic mail available",
        "userDefined": false
      }
    ],
    "isTemplate": false,
    "count": 0,
    "updated": 0
  },
  {
    "id": "6b8dbe57-b8f2-4224-a91d-d4f5b9cbe074",
    "data": [
      {
        "text": "do you have any email address",
        "userDefined": false
      }
    ],
    "isTemplate": false,
    "count": 0,
    "updated": 0
  },
  {
    "id": "a9bd3324-4833-44c5-b698-28f4be865b0c",
    "data": [
      {
        "text": "i need any email address for contact",
        "userDefined": false
      }
    ],
    "isTemplate": false,
    "count": 0,
    "updated": 0
  },
  {
    "id": "5c068c56-3aae-4782-ad05-020dc24c3061",
    "data": [
      {
        "text": "can i have your email address please",
        "userDefined": false
      }
    ],
    "isTemplate": false,
    "count": 0,
    "updated": 0
  },
  {
    "id": "33c8c118-c2e0-4645-a4f6-4e104ee7a0a6",
    "data": [
      {
        "text": "do you have an email address to find out more about this",
        "userDefined": false
      }
    ],
    "isTemplate": false,
    "count": 0,
    "updated": 0
  },
  {
    "id": "36ddb3e6-9941-45a6-a294-134a9d82e485",
    "data": [
      {
        "text": "email address for further information",
        "userDefined": false
      }
    ],
    "isTemplate": false,
    "count": 0,
    "updated": 0
  },
  {
    "id": "511f8fd9-c45c-435c-b636-c10d2b7e981f",
    "data": [
      {
        "text": "i want an email address to find out more about this",
        "userDefined": false
      }
    ],
    "isTemplate": false,
    "count": 0,
    "updated": 0
  },
  {
    "id": "612ec5d9-708a-4aab-a1ff-cb8d894dc440",
    "data": [
      {
        "text": "any email address i can possibly write to",
        "userDefined": false
      }
    ],
    "isTemplate": false,
    "count": 0,
    "updated": 0
  },
  {
    "id": "a4589c02-bb41-4206-97f8-a8c6b42465db",
    "data": [
      {
        "text": "is there an email address i can write in to find out more?",
        "userDefined": false
      }
    ],
    "isTemplate": false,
    "count": 0,
    "updated": 0
  }
]