[
  {
    "id": "fe559228-542f-4107-b196-35611da86d5e",
    "data": [
      {
        "text": "can my ",
        "userDefined": false
      },
      {
        "text": "cis",
        "alias": "CIS",
        "meta": "@CIS",
        "userDefined": false
      },
      {
        "text": " discount be ",
        "userDefined": false
      },
      {
        "text": "applied",
        "alias": "Sign-up",
        "meta": "@Sign-up",
        "userDefined": false
      },
      {
        "text": " for home digital line",
        "userDefined": false
      }
    ],
    "isTemplate": false,
    "count": 0,
    "updated": 0
  },
  {
    "id": "49d05e7f-8f25-4817-9148-b1f82062b74f",
    "data": [
      {
        "text": "can i ",
        "userDefined": false
      },
      {
        "text": "sign up",
        "alias": "Sign-up",
        "meta": "@Sign-up",
        "userDefined": false
      },
      {
        "text": " home digital line with ",
        "userDefined": false
      },
      {
        "text": "CIS",
        "alias": "CIS",
        "meta": "@CIS",
        "userDefined": false
      }
    ],
    "isTemplate": false,
    "count": 0,
    "updated": 0
  },
  {
    "id": "b2e014e9-699a-436e-8b18-8edce06293e9",
    "data": [
      {
        "text": "unlimited local calls",
        "userDefined": false
      }
    ],
    "isTemplate": false,
    "count": 0,
    "updated": 0
  },
  {
    "id": "259b2eb6-2019-4951-9130-7ab69f217408",
    "data": [
      {
        "text": "are there any installation charges for home digital line",
        "userDefined": false
      }
    ],
    "isTemplate": false,
    "count": 0,
    "updated": 0
  },
  {
    "id": "cffdd31c-2176-4d86-b9a0-b39dd8f286e2",
    "data": [
      {
        "text": "what is the subscription cost for home digital line",
        "userDefined": false
      }
    ],
    "isTemplate": false,
    "count": 0,
    "updated": 0
  },
  {
    "id": "4cc83efe-425e-4fc2-8f92-c95acb5fe39e",
    "data": [
      {
        "text": "what is the monthly cost for home digital line",
        "userDefined": false
      }
    ],
    "isTemplate": false,
    "count": 0,
    "updated": 0
  },
  {
    "id": "a59d5959-e02c-4755-84c1-81fc77033c3e",
    "data": [
      {
        "text": "how much will the home digital line cost ",
        "userDefined": false
      },
      {
        "text": "a month",
        "alias": "date-period",
        "meta": "@sys.date-period",
        "userDefined": false
      }
    ],
    "isTemplate": false,
    "count": 0,
    "updated": 0
  },
  {
    "id": "727dc258-cf29-41c9-9790-07cae470634b",
    "data": [
      {
        "text": "how much does the home digital line cost",
        "userDefined": false
      }
    ],
    "isTemplate": false,
    "count": 0,
    "updated": 0
  },
  {
    "id": "9b130fc6-d0b0-4905-90c9-2f88e6d5f976",
    "data": [
      {
        "text": "what is the home digital line",
        "userDefined": false
      }
    ],
    "isTemplate": false,
    "count": 0,
    "updated": 0
  },
  {
    "id": "d0f06cc9-db96-4995-8e5d-c06d52665d52",
    "data": [
      {
        "text": "how do i ",
        "userDefined": false
      },
      {
        "text": "sign up",
        "alias": "Sign-up",
        "meta": "@Sign-up",
        "userDefined": false
      },
      {
        "text": " for the home digital line",
        "userDefined": false
      }
    ],
    "isTemplate": false,
    "count": 0,
    "updated": 0
  },
  {
    "id": "91ebd8c7-a1d5-4929-b5f0-6964098b8ac2",
    "data": [
      {
        "text": "digital telephone service",
        "userDefined": false
      }
    ],
    "isTemplate": false,
    "count": 0,
    "updated": 0
  },
  {
    "id": "3e640f22-18e6-4f02-a233-57dd00aad672",
    "data": [
      {
        "text": "i want to make unlimited ",
        "userDefined": false
      },
      {
        "text": "phone",
        "alias": "Handphone",
        "meta": "@Handphone",
        "userDefined": false
      },
      {
        "text": " calls with my home line",
        "userDefined": false
      }
    ],
    "isTemplate": false,
    "count": 0,
    "updated": 0
  },
  {
    "id": "ad5d87a7-1a8d-4226-a5a1-1aecba3d967a",
    "data": [
      {
        "text": "home digital line",
        "userDefined": false
      }
    ],
    "isTemplate": false,
    "count": 0,
    "updated": 0
  }
]