[
  {
    "id": "0fbe2e20-2b2e-4dcf-8f3d-713239962803",
    "data": [
      {
        "text": "How Long for collection",
        "userDefined": false
      }
    ],
    "isTemplate": false,
    "count": 0,
    "updated": 0
  },
  {
    "id": "dd5a9721-8089-4cbc-a839-607bff6d3366",
    "data": [
      {
        "text": "Hi, question: why can\u0027t I select to collect the ",
        "userDefined": false
      },
      {
        "text": "handset",
        "alias": "Handphone",
        "meta": "@Handphone",
        "userDefined": false
      },
      {
        "text": " from store for ",
        "userDefined": false
      },
      {
        "text": "online",
        "alias": "Online",
        "meta": "@Online",
        "userDefined": false
      },
      {
        "text": " purchase",
        "userDefined": false
      }
    ],
    "isTemplate": false,
    "count": 0,
    "updated": 0
  },
  {
    "id": "565ea650-3721-4e81-be71-85235c035309",
    "data": [
      {
        "text": "i cannot choose self pick up?",
        "userDefined": false
      }
    ],
    "isTemplate": false,
    "count": 0,
    "updated": 0
  },
  {
    "id": "3af84f50-1ff5-4c5a-8b2e-23772fb86f85",
    "data": [
      {
        "text": "i can\u0027t choose the self collection option",
        "userDefined": false
      }
    ],
    "isTemplate": false,
    "count": 1,
    "updated": 0
  },
  {
    "id": "453a395a-c0dc-4b27-b3f2-b74091fc42f1",
    "data": [
      {
        "text": "why is the self collection option not available?",
        "userDefined": false
      }
    ],
    "isTemplate": false,
    "count": 0,
    "updated": 0
  },
  {
    "id": "daee0603-a2e8-4a62-9ed7-e31f46346758",
    "data": [
      {
        "text": "i cannot click the self collection option for my online purchase",
        "userDefined": false
      }
    ],
    "isTemplate": false,
    "count": 0,
    "updated": 0
  },
  {
    "id": "a8e74ca9-db03-4f3f-9ea9-7048c8d1a24d",
    "data": [
      {
        "text": "i do not see the self collection option",
        "userDefined": false
      }
    ],
    "isTemplate": false,
    "count": 0,
    "updated": 0
  },
  {
    "id": "6e8e250a-470c-4882-81c1-8433f6dd6b18",
    "data": [
      {
        "text": "i cannot select self collection",
        "userDefined": false
      }
    ],
    "isTemplate": false,
    "count": 0,
    "updated": 0
  },
  {
    "id": "b1efa739-d1bf-4325-813a-f54569ce5904",
    "data": [
      {
        "text": "why am i unable to select self-collection for my online purchase",
        "userDefined": false
      }
    ],
    "isTemplate": false,
    "count": 0,
    "updated": 0
  },
  {
    "id": "91da82df-d417-4049-b35b-5a49bf849a3d",
    "data": [
      {
        "text": "why cannot select self collection",
        "userDefined": false
      }
    ],
    "isTemplate": false,
    "count": 0,
    "updated": 0
  },
  {
    "id": "38b7de10-536e-40fc-bc8f-5e2a4d603062",
    "data": [
      {
        "text": "why no self collection",
        "userDefined": false
      }
    ],
    "isTemplate": false,
    "count": 0,
    "updated": 0
  },
  {
    "id": "ab783e39-99ea-4f96-96db-8df66a347892",
    "data": [
      {
        "text": "why is the self collection option not available to me",
        "userDefined": false
      }
    ],
    "isTemplate": false,
    "count": 0,
    "updated": 0
  },
  {
    "id": "4f65071b-2b0d-4ce6-9704-9f137f4b6f6c",
    "data": [
      {
        "text": "why i cannot choose self collection for my online purchase",
        "userDefined": false
      }
    ],
    "isTemplate": false,
    "count": 0,
    "updated": 0
  },
  {
    "id": "3a060d18-50ae-40c5-8cc4-bbfdab317e9b",
    "data": [
      {
        "text": "Why am I unable to select self-collection option for online purchase?",
        "userDefined": false
      }
    ],
    "isTemplate": false,
    "count": 0,
    "updated": 0
  },
  {
    "id": "628d50db-eb5f-407f-869f-0f3dff12a04c",
    "data": [
      {
        "text": "why cant i choose self collection?",
        "userDefined": false
      }
    ],
    "isTemplate": false,
    "count": 0,
    "updated": 0
  }
]