[
  {
    "id": "afbdf107-da3c-4bc3-ab27-f67307627492",
    "data": [
      {
        "text": "hey wassup",
        "userDefined": false
      }
    ],
    "isTemplate": false,
    "count": 0,
    "updated": 0
  },
  {
    "id": "9f198c92-bf1a-4226-bee2-4cdf69ca991d",
    "data": [
      {
        "text": "wassup",
        "userDefined": false
      }
    ],
    "isTemplate": false,
    "count": 0,
    "updated": 0
  },
  {
    "id": "397c5dde-283b-48a6-852e-ba26fec7dab8",
    "data": [
      {
        "text": "sup",
        "userDefined": false
      }
    ],
    "isTemplate": false,
    "count": 0,
    "updated": 0
  },
  {
    "id": "5dfecff7-ff72-410d-b375-16cec534e918",
    "data": [
      {
        "text": "Hey",
        "userDefined": false
      }
    ],
    "isTemplate": false,
    "count": 0,
    "updated": 0
  },
  {
    "id": "0d7bbc6b-73cb-468a-aa5f-3d644f58e94b",
    "data": [
      {
        "text": "hey ",
        "userDefined": false
      },
      {
        "text": "guys",
        "alias": "given-name",
        "meta": "@sys.given-name",
        "userDefined": false
      }
    ],
    "isTemplate": false,
    "count": 0,
    "updated": 0
  },
  {
    "id": "df8fd73f-c454-47da-b4c1-0ce8dc157da7",
    "data": [
      {
        "text": "Hello",
        "userDefined": false
      }
    ],
    "isTemplate": false,
    "count": 1,
    "updated": 0
  },
  {
    "id": "6a8af740-7f02-42bb-91d6-3fc31aac1c4c",
    "data": [
      {
        "text": "HELLOO",
        "userDefined": false
      }
    ],
    "isTemplate": false,
    "count": 1,
    "updated": 0
  },
  {
    "id": "df472444-fc63-4107-8398-3bae1a829ed7",
    "data": [
      {
        "text": "hi",
        "userDefined": false
      }
    ],
    "isTemplate": false,
    "count": 2,
    "updated": 0
  },
  {
    "id": "b3128ab7-34f0-49ee-ae5b-5c6a7731974f",
    "data": [
      {
        "text": "Start",
        "userDefined": false
      }
    ],
    "isTemplate": false,
    "count": 0,
    "updated": 0
  },
  {
    "id": "9e9fccdc-8ff1-4f8c-b8e8-4a969e07c9c9",
    "data": [
      {
        "text": "what can u do",
        "userDefined": false
      }
    ],
    "isTemplate": false,
    "count": 0,
    "updated": 0
  },
  {
    "id": "02f5fdb5-ecdc-4e4d-bb0d-2b9305f294fc",
    "data": [
      {
        "text": "What is your name",
        "userDefined": false
      }
    ],
    "isTemplate": false,
    "count": 0,
    "updated": 0
  },
  {
    "id": "c6825a31-8911-4f68-bed5-b1d0d4cf5fcf",
    "data": [
      {
        "text": "yooo",
        "userDefined": false
      }
    ],
    "isTemplate": false,
    "count": 0,
    "updated": 0
  },
  {
    "id": "4c42d14f-f00a-461f-b131-7e70353b896f",
    "data": [
      {
        "text": "hello",
        "userDefined": false
      }
    ],
    "isTemplate": false,
    "count": 1,
    "updated": 0
  },
  {
    "id": "6e1a071a-d6be-4c92-857d-12a01a2da7de",
    "data": [
      {
        "text": "hiiiiiiiiiiiiiiiiii",
        "userDefined": false
      }
    ],
    "isTemplate": false,
    "count": 0,
    "updated": 0
  },
  {
    "id": "a54d4941-ad6c-46e5-83cb-8024928d197e",
    "data": [
      {
        "text": "what is your name",
        "userDefined": false
      }
    ],
    "isTemplate": false,
    "count": 0,
    "updated": 0
  },
  {
    "id": "b6587ca6-e833-421d-b2be-01ab74f0f12e",
    "data": [
      {
        "text": "get started",
        "userDefined": false
      }
    ],
    "isTemplate": false,
    "count": 0,
    "updated": 0
  },
  {
    "id": "66223dc8-8512-45bd-9e85-5a6909340488",
    "data": [
      {
        "text": "how are you doing",
        "userDefined": false
      }
    ],
    "isTemplate": false,
    "count": 0,
    "updated": 0
  },
  {
    "id": "377df098-6b31-4d80-9b61-f1ef4ac37473",
    "data": [
      {
        "text": "greetings!",
        "userDefined": false
      }
    ],
    "isTemplate": false,
    "count": 0,
    "updated": 0
  },
  {
    "id": "399cfe15-4b2b-46d0-b16b-ad0508e30e6a",
    "data": [
      {
        "text": "heyho",
        "userDefined": false
      }
    ],
    "isTemplate": false,
    "count": 0,
    "updated": 0
  },
  {
    "id": "c7ee01bf-a654-4b8e-a4a5-fc793dd1f57c",
    "data": [
      {
        "text": "hey ",
        "userDefined": false
      },
      {
        "text": "bot",
        "alias": "given-name",
        "meta": "@sys.given-name",
        "userDefined": false
      }
    ],
    "isTemplate": false,
    "count": 0,
    "updated": 0
  },
  {
    "id": "4677677f-c9f9-442c-b4d7-0f5baba49043",
    "data": [
      {
        "text": "hi there",
        "userDefined": false
      }
    ],
    "isTemplate": false,
    "count": 0,
    "updated": 0
  },
  {
    "id": "e872e656-c760-42e2-91b9-9be771c3ea15",
    "data": [
      {
        "text": "howdy",
        "userDefined": false
      }
    ],
    "isTemplate": false,
    "count": 1,
    "updated": 0
  },
  {
    "id": "88f14fae-6cb9-47c6-998d-dc78bedc288a",
    "data": [
      {
        "text": "evening",
        "alias": "time",
        "meta": "@sys.time",
        "userDefined": false
      }
    ],
    "isTemplate": false,
    "count": 0,
    "updated": 0
  },
  {
    "id": "3f214b30-6aa6-48c2-b9cc-db77b573a393",
    "data": [
      {
        "text": "afternoon",
        "alias": "time-period",
        "meta": "@sys.time-period",
        "userDefined": false
      }
    ],
    "isTemplate": false,
    "count": 0,
    "updated": 0
  },
  {
    "id": "1e287a61-3106-4540-8211-a4364534da36",
    "data": [
      {
        "text": "morning",
        "alias": "time-period",
        "meta": "@sys.time-period",
        "userDefined": false
      }
    ],
    "isTemplate": false,
    "count": 0,
    "updated": 0
  },
  {
    "id": "3b37f3fd-ab3f-4efd-b6bf-8418ffc6fb30",
    "data": [
      {
        "text": "good afternoon",
        "userDefined": false
      }
    ],
    "isTemplate": false,
    "count": 0,
    "updated": 0
  },
  {
    "id": "fc135bc9-c9a2-4185-9e5c-639ae44f30b0",
    "data": [
      {
        "text": "good evening",
        "userDefined": false
      }
    ],
    "isTemplate": false,
    "count": 0,
    "updated": 0
  },
  {
    "id": "66df9d06-e828-4278-8c4a-cb19959167ac",
    "data": [
      {
        "text": "good morning",
        "userDefined": false
      }
    ],
    "isTemplate": false,
    "count": 0,
    "updated": 0
  },
  {
    "id": "a5ddfdd0-c173-41e3-a819-0f89f7033218",
    "data": [
      {
        "text": "can we start",
        "userDefined": false
      }
    ],
    "isTemplate": false,
    "count": 0,
    "updated": 0
  },
  {
    "id": "b99f8129-c731-41d2-9c38-d71fabb560eb",
    "data": [
      {
        "text": "hey",
        "userDefined": false
      }
    ],
    "isTemplate": false,
    "count": 0,
    "updated": 0
  },
  {
    "id": "d4d052fe-763d-4776-9348-4aec46a533fa",
    "data": [
      {
        "text": "what are you",
        "userDefined": false
      }
    ],
    "isTemplate": false,
    "count": 0,
    "updated": 0
  },
  {
    "id": "4bbcaf83-3380-4c3c-adfc-6d527608b8b2",
    "data": [
      {
        "text": "what is this",
        "userDefined": false
      }
    ],
    "isTemplate": false,
    "count": 0,
    "updated": 0
  },
  {
    "id": "ad5edc90-931e-4b87-8ea8-4839fb85b03f",
    "data": [
      {
        "text": "who are you",
        "userDefined": false
      }
    ],
    "isTemplate": false,
    "count": 0,
    "updated": 0
  },
  {
    "id": "c7808f74-ea8d-4829-b2b6-dcc05a8aae85",
    "data": [
      {
        "text": "what\u0027s up",
        "userDefined": false
      }
    ],
    "isTemplate": false,
    "count": 0,
    "updated": 0
  },
  {
    "id": "02eea076-a550-4cbc-a5b2-90dcdb780dc8",
    "data": [
      {
        "text": "Hi Francis!",
        "userDefined": false
      }
    ],
    "isTemplate": false,
    "count": 0,
    "updated": 0
  },
  {
    "id": "07bbaee2-02c8-4a03-9130-8ed05014fbe6",
    "data": [
      {
        "text": "hihi",
        "userDefined": false
      }
    ],
    "isTemplate": false,
    "count": 2,
    "updated": 0
  },
  {
    "id": "4486c865-559e-4e9b-9ff1-8d71abcfe0de",
    "data": [
      {
        "text": "yo",
        "userDefined": false
      }
    ],
    "isTemplate": false,
    "count": 0,
    "updated": 0
  }
]