[
  {
    "id": "3b7b1919-a81f-43bb-bf73-7bb6c9ad039a",
    "data": [
      {
        "text": "i am unable to select collect at popstation",
        "userDefined": false
      }
    ],
    "isTemplate": false,
    "count": 0,
    "updated": 0
  },
  {
    "id": "0c5d91bf-882e-4ecc-984e-4615753e00ad",
    "data": [
      {
        "text": "why is popstation not available",
        "userDefined": false
      }
    ],
    "isTemplate": false,
    "count": 0,
    "updated": 0
  },
  {
    "id": "65ff09ae-41f5-4ab1-a55d-4164b5a47484",
    "data": [
      {
        "text": "why can\u0027t i select popstation",
        "userDefined": false
      }
    ],
    "isTemplate": false,
    "count": 0,
    "updated": 0
  },
  {
    "id": "dcc2561f-c2b2-474d-8db2-946820aa98a3",
    "data": [
      {
        "text": "i am unable to select popstation collection",
        "userDefined": false
      }
    ],
    "isTemplate": false,
    "count": 0,
    "updated": 0
  },
  {
    "id": "5b3fa3a9-1a5b-40a4-9869-5505a402bd1e",
    "data": [
      {
        "text": "why no popstation option",
        "userDefined": false
      }
    ],
    "isTemplate": false,
    "count": 0,
    "updated": 0
  },
  {
    "id": "6826a739-79ee-4a66-9a7c-29ffc24ce684",
    "data": [
      {
        "text": "why i cannot collect at popstation",
        "userDefined": false
      }
    ],
    "isTemplate": false,
    "count": 0,
    "updated": 0
  },
  {
    "id": "d5dccf98-286d-45b8-96ab-7e12b6de78ae",
    "data": [
      {
        "text": "i cannot select collect at popstation",
        "userDefined": false
      }
    ],
    "isTemplate": false,
    "count": 0,
    "updated": 0
  },
  {
    "id": "90507929-588a-4666-8cf3-cbede18ea98c",
    "data": [
      {
        "text": "the popstation collection option is not available",
        "userDefined": false
      }
    ],
    "isTemplate": false,
    "count": 0,
    "updated": 0
  },
  {
    "id": "65e1c6f6-2310-4ede-a7de-df39bad6bafe",
    "data": [
      {
        "text": "why i cannot select collect at popstation",
        "userDefined": false
      }
    ],
    "isTemplate": false,
    "count": 0,
    "updated": 0
  }
]