[
  {
    "id": "96b389ba-0114-4012-b424-7774b69bf0c3",
    "data": [
      {
        "text": "Good morning. I recently re contracted with ",
        "userDefined": false
      },
      {
        "text": "CIS",
        "alias": "CIS",
        "meta": "@CIS",
        "userDefined": false
      },
      {
        "text": " combo ",
        "userDefined": false
      },
      {
        "text": "2",
        "alias": "number",
        "meta": "@sys.number",
        "userDefined": false
      },
      {
        "text": " plan and I thought I read something about unlimited wifi ",
        "userDefined": false
      },
      {
        "text": "singtel",
        "alias": "Competitors",
        "meta": "@Competitors",
        "userDefined": false
      },
      {
        "text": " hotspots.",
        "userDefined": false
      }
    ],
    "isTemplate": false,
    "count": 0,
    "updated": 0
  },
  {
    "id": "446ef367-f068-4d3a-a848-0791987c57f6",
    "data": [
      {
        "text": "where are the nearest singtel hotspots",
        "userDefined": false
      }
    ],
    "isTemplate": false,
    "count": 0,
    "updated": 0
  },
  {
    "id": "4024cb85-f936-4e1f-ac7a-325413cbf5f9",
    "data": [
      {
        "text": "can $",
        "userDefined": false
      },
      {
        "text": "iOS",
        "alias": "HandsetBrands",
        "meta": "@HandsetBrands",
        "userDefined": true
      },
      {
        "text": " support singtel wifi",
        "userDefined": false
      }
    ],
    "isTemplate": false,
    "count": 0,
    "updated": 0
  },
  {
    "id": "27f5edd0-3fe1-438e-bf8a-f23e163080fd",
    "data": [
      {
        "text": "i am interested in signing up for singtel wifi",
        "userDefined": false
      }
    ],
    "isTemplate": false,
    "count": 0,
    "updated": 0
  },
  {
    "id": "1e650b34-f386-4451-adf2-c51743661407",
    "data": [
      {
        "text": "how can i configure my ",
        "userDefined": false
      },
      {
        "text": "device",
        "alias": "Handphone",
        "meta": "@Handphone",
        "userDefined": false
      },
      {
        "text": " for wifi hotspot with singtel",
        "userDefined": false
      }
    ],
    "isTemplate": false,
    "count": 0,
    "updated": 0
  },
  {
    "id": "768d44ea-8683-4717-87ca-b91635db8aad",
    "data": [
      {
        "text": "how to configure my ",
        "userDefined": false
      },
      {
        "text": "device",
        "alias": "Handphone",
        "meta": "@Handphone",
        "userDefined": false
      },
      {
        "text": " for singtel wifi",
        "userDefined": false
      }
    ],
    "isTemplate": false,
    "count": 0,
    "updated": 0
  },
  {
    "id": "03eb216f-b6f6-4233-b9ae-0e6e484b8508",
    "data": [
      {
        "text": "how much is the data usage for singtel wifi",
        "userDefined": false
      }
    ],
    "isTemplate": false,
    "count": 0,
    "updated": 0
  },
  {
    "id": "5299576f-09bd-4223-9768-d977b9dc6d18",
    "data": [
      {
        "text": "can singtel fibre broadband users get free singtel wifi",
        "userDefined": false
      }
    ],
    "isTemplate": false,
    "count": 0,
    "updated": 0
  },
  {
    "id": "66b7553c-7db5-4fbf-be83-808ab1e4ada1",
    "data": [
      {
        "text": "how much does Singtel Wifi cost",
        "userDefined": false
      }
    ],
    "isTemplate": false,
    "count": 0,
    "updated": 0
  },
  {
    "id": "998fdd4e-a532-4e4d-a409-8204ac91d445",
    "data": [
      {
        "text": "hotspot locations in ",
        "userDefined": false
      },
      {
        "text": "singapore",
        "alias": "geo-city",
        "meta": "@sys.geo-city",
        "userDefined": false
      },
      {
        "text": " for Singtel customers",
        "userDefined": false
      }
    ],
    "isTemplate": false,
    "count": 0,
    "updated": 0
  },
  {
    "id": "1a01298a-ad0d-42f9-ac79-6be7d45cd610",
    "data": [
      {
        "text": "singtel wifi hotspot locations",
        "userDefined": false
      }
    ],
    "isTemplate": false,
    "count": 0,
    "updated": 0
  },
  {
    "id": "eb9a0032-a0fe-4d8f-b14b-709a1cdc8886",
    "data": [
      {
        "text": "wifi hotspot",
        "userDefined": false
      }
    ],
    "isTemplate": false,
    "count": 0,
    "updated": 0
  },
  {
    "id": "7a0b6999-db1a-47b1-a61a-78608b58efea",
    "data": [
      {
        "text": "singtel wifi hotspot",
        "userDefined": false
      }
    ],
    "isTemplate": false,
    "count": 0,
    "updated": 0
  },
  {
    "id": "6e1f85c9-8749-4244-a530-6792c1816dd5",
    "data": [
      {
        "text": "what is singtel wifi",
        "userDefined": false
      }
    ],
    "isTemplate": false,
    "count": 0,
    "updated": 0
  },
  {
    "id": "68ac941f-fbb7-4022-bb0d-28e63d16910a",
    "data": [
      {
        "text": "sign up",
        "alias": "Sign-up",
        "meta": "@Sign-up",
        "userDefined": false
      },
      {
        "text": " for singtel wifi",
        "userDefined": false
      }
    ],
    "isTemplate": false,
    "count": 0,
    "updated": 0
  },
  {
    "id": "3db94ad0-d34c-4544-af8e-50825c3a00ed",
    "data": [
      {
        "text": "how do i get singtel wifi",
        "userDefined": false
      }
    ],
    "isTemplate": false,
    "count": 0,
    "updated": 0
  },
  {
    "id": "66f15be4-ac7c-41b4-ba12-a78941286a57",
    "data": [
      {
        "text": "singtel wifi",
        "userDefined": false
      }
    ],
    "isTemplate": false,
    "count": 0,
    "updated": 0
  }
]