[
  {
    "id": "6d8e44fe-1b3b-40a3-a00a-2f92e3f4fdad",
    "data": [
      {
        "text": "i dont\u0027 want to pay ",
        "userDefined": false
      },
      {
        "text": "cancellation",
        "alias": "Terminate",
        "meta": "@Terminate",
        "userDefined": false
      },
      {
        "text": " ",
        "userDefined": false
      },
      {
        "text": "fee",
        "alias": "Fees",
        "meta": "@Fees",
        "userDefined": false
      }
    ],
    "isTemplate": false,
    "count": 0,
    "updated": 0
  },
  {
    "id": "db2e8816-1cd5-4714-9407-a25970172fef",
    "data": [
      {
        "text": "i don\u0027t want to pay my transfer ",
        "userDefined": false
      },
      {
        "text": "fee",
        "alias": "Fees",
        "meta": "@Fees",
        "userDefined": false
      }
    ],
    "isTemplate": false,
    "count": 0,
    "updated": 0
  },
  {
    "id": "6b0fe8f7-e250-4083-bf21-f19aba34ed0b",
    "data": [
      {
        "text": "i don\u0027t want to pay conversion ",
        "userDefined": false
      },
      {
        "text": "fee",
        "alias": "Fees",
        "meta": "@Fees",
        "userDefined": false
      }
    ],
    "isTemplate": false,
    "count": 0,
    "updated": 0
  },
  {
    "id": "4b603d93-fdac-457f-b2d0-8d49e32f9ea5",
    "data": [
      {
        "text": "avoid paying for ",
        "userDefined": false
      },
      {
        "text": "fees",
        "alias": "Fees",
        "meta": "@Fees",
        "userDefined": false
      }
    ],
    "isTemplate": false,
    "count": 0,
    "updated": 0
  },
  {
    "id": "3cd1153c-2b44-403e-85c5-7493084caf27",
    "data": [
      {
        "text": " Hi,I\u0027m an existing customer of ",
        "userDefined": false
      },
      {
        "text": "Singtel",
        "alias": "Competitors",
        "meta": "@Competitors",
        "userDefined": false
      },
      {
        "text": ", looking to convert my plan to ",
        "userDefined": false
      },
      {
        "text": "CIS",
        "alias": "CIS",
        "meta": "@CIS",
        "userDefined": false
      },
      {
        "text": ". However, I have to pay a conversion ",
        "userDefined": false
      },
      {
        "text": "fee",
        "alias": "Fees",
        "meta": "@Fees",
        "userDefined": false
      },
      {
        "text": " of ",
        "userDefined": false
      },
      {
        "text": "$80",
        "alias": "unit-currency",
        "meta": "@sys.unit-currency",
        "userDefined": false
      },
      {
        "text": ". How can i avoid paying for it?",
        "userDefined": false
      }
    ],
    "isTemplate": false,
    "count": 0,
    "updated": 0
  },
  {
    "id": "3f98f45d-9d56-4f36-ad60-e7618dd19999",
    "data": [
      {
        "text": "waive my ",
        "userDefined": false
      },
      {
        "text": "fees",
        "alias": "Fees",
        "meta": "@Fees",
        "userDefined": false
      }
    ],
    "isTemplate": false,
    "count": 0,
    "updated": 0
  },
  {
    "id": "dd88a21c-862c-4d0d-8839-244127f353e8",
    "data": [
      {
        "text": "fee",
        "alias": "Fees",
        "meta": "@Fees",
        "userDefined": false
      },
      {
        "text": " waiver",
        "userDefined": false
      }
    ],
    "isTemplate": false,
    "count": 0,
    "updated": 0
  },
  {
    "id": "6ae7eb99-b0e0-4583-bfe1-980279c7548f",
    "data": [
      {
        "text": "i want to ",
        "userDefined": false
      },
      {
        "text": "recontract",
        "alias": "Recontract",
        "meta": "@Recontract",
        "userDefined": false
      },
      {
        "text": " early can u give me a ",
        "userDefined": false
      },
      {
        "text": "fee",
        "alias": "Fees",
        "meta": "@Fees",
        "userDefined": false
      },
      {
        "text": " waiver",
        "userDefined": false
      }
    ],
    "isTemplate": false,
    "count": 0,
    "updated": 0
  },
  {
    "id": "b7fa1f4b-9e83-40b6-b975-2f1e87c2ca8f",
    "data": [
      {
        "text": "i want to ",
        "userDefined": false
      },
      {
        "text": "recontract",
        "alias": "Recontract",
        "meta": "@Recontract",
        "userDefined": false
      },
      {
        "text": " early is there any ",
        "userDefined": false
      },
      {
        "text": "fee",
        "alias": "Fees",
        "meta": "@Fees",
        "userDefined": false
      },
      {
        "text": " waiver",
        "userDefined": false
      }
    ],
    "isTemplate": false,
    "count": 0,
    "updated": 0
  },
  {
    "id": "4ab7c014-2552-4897-9b9b-81b86ba6b7dc",
    "data": [
      {
        "text": "i would like to ",
        "userDefined": false
      },
      {
        "text": "recontract",
        "alias": "Recontract",
        "meta": "@Recontract",
        "userDefined": false
      },
      {
        "text": " early can i get a waiver",
        "userDefined": false
      }
    ],
    "isTemplate": false,
    "count": 2,
    "updated": 0
  },
  {
    "id": "10f33424-ecaa-4d95-94f3-228fe6c0dec4",
    "data": [
      {
        "text": "is there any ",
        "userDefined": false
      },
      {
        "text": "fee",
        "alias": "Fees",
        "meta": "@Fees",
        "userDefined": false
      },
      {
        "text": " waiver",
        "userDefined": false
      }
    ],
    "isTemplate": false,
    "count": 0,
    "updated": 0
  },
  {
    "id": "c8ac6b47-b732-4b75-82eb-4bb4b8412e5f",
    "data": [
      {
        "text": "i want to ",
        "userDefined": false
      },
      {
        "text": "recontract",
        "alias": "Recontract",
        "meta": "@Recontract",
        "userDefined": false
      },
      {
        "text": ", can u waive my ",
        "userDefined": false
      },
      {
        "text": "recontract",
        "alias": "Recontract1",
        "meta": "@Recontract",
        "userDefined": false
      },
      {
        "text": " ",
        "userDefined": false
      },
      {
        "text": "fees",
        "alias": "Fees",
        "meta": "@Fees",
        "userDefined": false
      }
    ],
    "isTemplate": false,
    "count": 0,
    "updated": 0
  },
  {
    "id": "f19bfde1-9cde-4793-988f-404f16c928e8",
    "data": [
      {
        "text": "i would like to ",
        "userDefined": false
      },
      {
        "text": "recontract",
        "alias": "Recontract",
        "meta": "@Recontract",
        "userDefined": false
      },
      {
        "text": " can u waive my ",
        "userDefined": false
      },
      {
        "text": "recontract",
        "alias": "Recontract1",
        "meta": "@Recontract",
        "userDefined": false
      },
      {
        "text": " ",
        "userDefined": false
      },
      {
        "text": "fees",
        "alias": "Fees",
        "meta": "@Fees",
        "userDefined": false
      }
    ],
    "isTemplate": false,
    "count": 0,
    "updated": 0
  },
  {
    "id": "0ce3a4ed-2163-4fc6-9f35-563dafeb7baf",
    "data": [
      {
        "text": "i would like to ",
        "userDefined": false
      },
      {
        "text": "recontract",
        "alias": "Recontract",
        "meta": "@Recontract",
        "userDefined": false
      },
      {
        "text": " earlier is there any ",
        "userDefined": false
      },
      {
        "text": "fee",
        "alias": "Fees",
        "meta": "@Fees",
        "userDefined": false
      },
      {
        "text": " waiver",
        "userDefined": false
      }
    ],
    "isTemplate": false,
    "count": 0,
    "updated": 0
  },
  {
    "id": "d5541db3-2e69-4ff9-a87c-7de2f7e305fd",
    "data": [
      {
        "text": "i want to ",
        "userDefined": false
      },
      {
        "text": "recontract",
        "alias": "Recontract",
        "meta": "@Recontract",
        "userDefined": false
      },
      {
        "text": " can u waive the recontract ",
        "userDefined": false
      },
      {
        "text": "fees",
        "alias": "Fees",
        "meta": "@Fees",
        "userDefined": false
      }
    ],
    "isTemplate": false,
    "count": 0,
    "updated": 0
  },
  {
    "id": "c6a1f7d9-6e97-442b-8b5c-baf37808547c",
    "data": [
      {
        "text": "i want to upgrade my ",
        "userDefined": false
      },
      {
        "text": "handset",
        "alias": "Handphone",
        "meta": "@Handphone",
        "userDefined": false
      },
      {
        "text": " can u waive the ",
        "userDefined": false
      },
      {
        "text": "fees",
        "alias": "Fees",
        "meta": "@Fees",
        "userDefined": false
      }
    ],
    "isTemplate": false,
    "count": 0,
    "updated": 0
  },
  {
    "id": "704268d4-0d4f-488a-b315-819b95ea925d",
    "data": [
      {
        "text": "i am ",
        "userDefined": false
      },
      {
        "text": "recontracting",
        "alias": "Recontract",
        "meta": "@Recontract",
        "userDefined": false
      },
      {
        "text": " can u waive the ",
        "userDefined": false
      },
      {
        "text": "fees",
        "alias": "Fees",
        "meta": "@Fees",
        "userDefined": false
      }
    ],
    "isTemplate": false,
    "count": 0,
    "updated": 0
  },
  {
    "id": "f3099037-901c-48e2-96a8-353801de77a9",
    "data": [
      {
        "text": "i want to ",
        "userDefined": false
      },
      {
        "text": "recontract",
        "alias": "Recontract",
        "meta": "@Recontract",
        "userDefined": false
      },
      {
        "text": " can u waive the admin ",
        "userDefined": false
      },
      {
        "text": "fees",
        "alias": "Fees",
        "meta": "@Fees",
        "userDefined": false
      }
    ],
    "isTemplate": false,
    "count": 0,
    "updated": 0
  },
  {
    "id": "997cbe8b-af44-4927-b365-93eeefcb04b2",
    "data": [
      {
        "text": "i want to get my ",
        "userDefined": false
      },
      {
        "text": "fees",
        "alias": "Fees",
        "meta": "@Fees",
        "userDefined": false
      },
      {
        "text": " waived",
        "userDefined": false
      }
    ],
    "isTemplate": false,
    "count": 0,
    "updated": 0
  },
  {
    "id": "81f35d17-41ac-401f-930b-aaeecbe415b6",
    "data": [
      {
        "text": "can u help me waive my ",
        "userDefined": false
      },
      {
        "text": "fees",
        "alias": "Fees",
        "meta": "@Fees",
        "userDefined": false
      }
    ],
    "isTemplate": false,
    "count": 0,
    "updated": 0
  },
  {
    "id": "80aab393-93fa-4112-a382-d156250a3875",
    "data": [
      {
        "text": "i was charged a ",
        "userDefined": false
      },
      {
        "text": "fee",
        "alias": "Fees",
        "meta": "@Fees",
        "userDefined": false
      },
      {
        "text": " i want it waived",
        "userDefined": false
      }
    ],
    "isTemplate": false,
    "count": 1,
    "updated": 0
  },
  {
    "id": "3b758dc9-e882-4b90-8201-517a0ee9975e",
    "data": [
      {
        "text": "how can i waive my ",
        "userDefined": false
      },
      {
        "text": "fees",
        "alias": "Fees",
        "meta": "@Fees",
        "userDefined": false
      }
    ],
    "isTemplate": false,
    "count": 0,
    "updated": 0
  },
  {
    "id": "8ea6895f-b6c3-44e2-9443-45d84ba020cd",
    "data": [
      {
        "text": "i want to request for ",
        "userDefined": false
      },
      {
        "text": "fee",
        "alias": "Fees",
        "meta": "@Fees",
        "userDefined": false
      },
      {
        "text": " waiver",
        "userDefined": false
      }
    ],
    "isTemplate": false,
    "count": 0,
    "updated": 0
  },
  {
    "id": "dcdcd673-9d16-43f1-8ba9-05a61ce45a72",
    "data": [
      {
        "text": "is there a way to get my ",
        "userDefined": false
      },
      {
        "text": "fees",
        "alias": "Fees",
        "meta": "@Fees",
        "userDefined": false
      },
      {
        "text": " waived",
        "userDefined": false
      }
    ],
    "isTemplate": false,
    "count": 0,
    "updated": 0
  },
  {
    "id": "c5d92ceb-c60e-4c42-9036-fbfc411c3279",
    "data": [
      {
        "text": "can i get my ",
        "userDefined": false
      },
      {
        "text": "fees",
        "alias": "Fees",
        "meta": "@Fees",
        "userDefined": false
      },
      {
        "text": " waived",
        "userDefined": false
      }
    ],
    "isTemplate": false,
    "count": 0,
    "updated": 0
  },
  {
    "id": "f476e510-a91b-4a5d-b4f0-a70ece4676b9",
    "data": [
      {
        "text": "can i waive my ",
        "userDefined": false
      },
      {
        "text": "fees",
        "alias": "Fees",
        "meta": "@Fees",
        "userDefined": false
      }
    ],
    "isTemplate": false,
    "count": 0,
    "updated": 0
  },
  {
    "id": "882f5c66-5224-4777-af37-fe97fe30e26d",
    "data": [
      {
        "text": "is there an admin fee waiver",
        "userDefined": false
      }
    ],
    "isTemplate": false,
    "count": 0,
    "updated": 0
  },
  {
    "id": "08590a52-c701-48e6-98dd-d58d045f4bbc",
    "data": [
      {
        "text": "I was charged a fee can u waive that",
        "userDefined": false
      }
    ],
    "isTemplate": false,
    "count": 0,
    "updated": 0
  },
  {
    "id": "439a32d2-80b0-4d66-bf67-1a1d7002f32b",
    "data": [
      {
        "text": "can you waive my fees",
        "userDefined": false
      }
    ],
    "isTemplate": false,
    "count": 0,
    "updated": 0
  },
  {
    "id": "880bad08-e7dd-4cc3-9193-654321023333",
    "data": [
      {
        "text": "can i dispense my conversion fee",
        "userDefined": false
      }
    ],
    "isTemplate": false,
    "count": 0,
    "updated": 0
  },
  {
    "id": "774fd21f-264b-415b-9e52-9cef64891deb",
    "data": [
      {
        "text": "conversion fees waiver",
        "userDefined": false
      }
    ],
    "isTemplate": false,
    "count": 0,
    "updated": 0
  },
  {
    "id": "3809c638-fc7e-4b41-927a-6dfd550c202c",
    "data": [
      {
        "text": "i want to request for a conversion fee waiver",
        "userDefined": false
      }
    ],
    "isTemplate": false,
    "count": 0,
    "updated": 0
  },
  {
    "id": "a0256649-9716-4754-8bd7-595c165fc7fe",
    "data": [
      {
        "text": "are u able to waive the conversion fees",
        "userDefined": false
      }
    ],
    "isTemplate": false,
    "count": 0,
    "updated": 0
  },
  {
    "id": "95f6082f-8c5a-48de-990f-ffe781b663a7",
    "data": [
      {
        "text": "can conversion fees be waived",
        "userDefined": false
      }
    ],
    "isTemplate": false,
    "count": 0,
    "updated": 0
  },
  {
    "id": "98406735-fdc8-4d8f-9d30-7f6c7bf52c07",
    "data": [
      {
        "text": "can i request for a conversion fee waiver",
        "userDefined": false
      }
    ],
    "isTemplate": false,
    "count": 0,
    "updated": 0
  }
]