[
  {
    "id": "e2c41120-ac21-43d0-acaa-5544d815dec4",
    "data": [
      {
        "text": "conversion for ",
        "userDefined": false
      },
      {
        "text": "month 2",
        "alias": "date-period",
        "meta": "@sys.date-period",
        "userDefined": false
      }
    ],
    "isTemplate": false,
    "count": 0,
    "updated": 0
  },
  {
    "id": "5ff1e8c9-3b41-45c2-bdca-57da3ec4f486",
    "data": [
      {
        "text": "Convert Month ",
        "userDefined": false
      },
      {
        "text": "2",
        "meta": "@sys.ignore",
        "userDefined": false
      }
    ],
    "isTemplate": false,
    "count": 1,
    "updated": 0
  }
]