[
  {
    "id": "dfed5808-09f7-4d8f-a736-2ec044170127",
    "data": [
      {
        "text": "how do i buy ",
        "userDefined": false
      },
      {
        "text": "cis",
        "alias": "CIS",
        "meta": "@CIS",
        "userDefined": false
      }
    ],
    "isTemplate": false,
    "count": 0,
    "updated": 0
  },
  {
    "id": "0e199e8e-56e0-414d-a26b-544e08e876eb",
    "data": [
      {
        "text": "e-shop",
        "userDefined": false
      }
    ],
    "isTemplate": false,
    "count": 0,
    "updated": 0
  },
  {
    "id": "a33c03f9-c194-4a0f-8d49-d244ae4fb7df",
    "data": [
      {
        "text": "i want to shop on stream",
        "userDefined": false
      }
    ],
    "isTemplate": false,
    "count": 0,
    "updated": 0
  },
  {
    "id": "36a5d0bd-6ad4-4c9e-824c-847833833d93",
    "data": [
      {
        "text": "is it possible to shop online",
        "userDefined": false
      }
    ],
    "isTemplate": false,
    "count": 0,
    "updated": 0
  },
  {
    "id": "2548c5c7-e55c-460e-8df7-597f15b5bafe",
    "data": [
      {
        "text": "is electronic shop available here",
        "userDefined": false
      }
    ],
    "isTemplate": false,
    "count": 0,
    "updated": 0
  },
  {
    "id": "2ede247a-7c5a-4a57-a31a-0862c5615d72",
    "data": [
      {
        "text": "buying goods on the internet",
        "userDefined": false
      }
    ],
    "isTemplate": false,
    "count": 0,
    "updated": 0
  },
  {
    "id": "538c897c-c4c9-440d-8c05-5e33612e51e4",
    "data": [
      {
        "text": "buying goods from the internet",
        "userDefined": false
      }
    ],
    "isTemplate": false,
    "count": 0,
    "updated": 0
  },
  {
    "id": "efb61f7a-6fbb-46bb-ba20-8ba9de84ec49",
    "data": [
      {
        "text": "how to buy on ",
        "userDefined": false
      },
      {
        "text": "CIS online shop",
        "alias": "OnlineSingtelSites",
        "meta": "@OnlineSingtelSites",
        "userDefined": true
      }
    ],
    "isTemplate": false,
    "count": 0,
    "updated": 0
  },
  {
    "id": "1444c21f-75af-4268-86b2-f260227c8d74",
    "data": [
      {
        "text": "where can i buy online",
        "userDefined": false
      }
    ],
    "isTemplate": false,
    "count": 0,
    "updated": 0
  },
  {
    "id": "6414b2ae-aeec-4352-9c82-3d13f21af3cb",
    "data": [
      {
        "text": "can i purchase from the ",
        "userDefined": false
      },
      {
        "text": "eshop",
        "alias": "OnlineSingtelSites",
        "meta": "@OnlineSingtelSites",
        "userDefined": false
      },
      {
        "text": "?",
        "userDefined": false
      }
    ],
    "isTemplate": false,
    "count": 0,
    "updated": 0
  },
  {
    "id": "ad959ae4-db3a-452b-bf5d-9b085e1a0e77",
    "data": [
      {
        "text": "can i purchase online",
        "userDefined": false
      }
    ],
    "isTemplate": false,
    "count": 0,
    "updated": 0
  },
  {
    "id": "95514748-f33f-4646-9eac-136bb6708f09",
    "data": [
      {
        "text": "can i buy from the ",
        "userDefined": false
      },
      {
        "text": "online cis shop",
        "alias": "OnlineSingtelSites",
        "meta": "@OnlineSingtelSites",
        "userDefined": false
      },
      {
        "text": "?",
        "userDefined": false
      }
    ],
    "isTemplate": false,
    "count": 0,
    "updated": 0
  },
  {
    "id": "9270c131-3922-4490-9c74-4f4d717df017",
    "data": [
      {
        "text": "how do i access the online cis shop",
        "userDefined": false
      }
    ],
    "isTemplate": false,
    "count": 0,
    "updated": 0
  },
  {
    "id": "c4cdabc2-41a6-410c-b7ed-769ea60f2be7",
    "data": [
      {
        "text": "how to buy online",
        "userDefined": false
      }
    ],
    "isTemplate": false,
    "count": 0,
    "updated": 0
  },
  {
    "id": "94c935fa-d267-45b2-90b4-e8020d94c9e9",
    "data": [
      {
        "text": "is there a eshop",
        "userDefined": false
      }
    ],
    "isTemplate": false,
    "count": 0,
    "updated": 0
  },
  {
    "id": "f2a8100c-d3e1-439b-87da-5e873f605a04",
    "data": [
      {
        "text": "can i buy online",
        "userDefined": false
      }
    ],
    "isTemplate": false,
    "count": 0,
    "updated": 0
  },
  {
    "id": "ac09a143-11a6-4c1c-91f2-96b05246b453",
    "data": [
      {
        "text": "can i purchase ",
        "userDefined": false
      },
      {
        "text": "cis",
        "alias": "CIS",
        "meta": "@CIS",
        "userDefined": false
      },
      {
        "text": " ",
        "userDefined": false
      },
      {
        "text": "phone",
        "alias": "Handphone",
        "meta": "@Handphone",
        "userDefined": false
      },
      {
        "text": " online",
        "userDefined": false
      }
    ],
    "isTemplate": false,
    "count": 0,
    "updated": 0
  },
  {
    "id": "e2138337-5d90-4756-aca4-24a4ce5b1958",
    "data": [
      {
        "text": "how do i purchase online",
        "userDefined": false
      }
    ],
    "isTemplate": false,
    "count": 0,
    "updated": 0
  },
  {
    "id": "b05d79aa-c880-4857-a792-8fb081b98a3f",
    "data": [
      {
        "text": "how can i buy online",
        "userDefined": false
      }
    ],
    "isTemplate": false,
    "count": 0,
    "updated": 0
  },
  {
    "id": "40f877d0-62a7-4f62-b154-10bd0c2d809a",
    "data": [
      {
        "text": "i cannot access to ",
        "userDefined": false
      },
      {
        "text": "online CIS shop",
        "alias": "OnlineSingtelSites",
        "meta": "@OnlineSingtelSites",
        "userDefined": false
      }
    ],
    "isTemplate": false,
    "count": 0,
    "updated": 0
  },
  {
    "id": "83db3e18-f1ba-449e-985e-490da99f6644",
    "data": [
      {
        "text": "How do I purchase online?",
        "userDefined": false
      }
    ],
    "isTemplate": false,
    "count": 0,
    "updated": 0
  },
  {
    "id": "acd65bd8-aae5-43bc-b679-e2603b16142a",
    "data": [
      {
        "text": "internet purchasing",
        "userDefined": false
      }
    ],
    "isTemplate": false,
    "count": 0,
    "updated": 0
  },
  {
    "id": "0cf08649-4a0d-4fa6-a8e7-50582052d0cf",
    "data": [
      {
        "text": "on-stream purchase",
        "userDefined": false
      }
    ],
    "isTemplate": false,
    "count": 0,
    "updated": 0
  },
  {
    "id": "137f0763-1900-4061-9d12-63ca313747de",
    "data": [
      {
        "text": "can i buy something via internet",
        "userDefined": false
      }
    ],
    "isTemplate": false,
    "count": 0,
    "updated": 0
  },
  {
    "id": "a4b47655-ad2c-44b6-8d40-4040dbc86831",
    "data": [
      {
        "text": "how do i complete my purchase ",
        "userDefined": false
      },
      {
        "text": "online",
        "alias": "Online",
        "meta": "@Online",
        "userDefined": false
      },
      {
        "text": "?",
        "userDefined": false
      }
    ],
    "isTemplate": false,
    "count": 0,
    "updated": 0
  },
  {
    "id": "e4db116f-1f76-494c-b320-1e195d845f96",
    "data": [
      {
        "text": "can i e-shop",
        "userDefined": false
      }
    ],
    "isTemplate": false,
    "count": 0,
    "updated": 0
  },
  {
    "id": "a4ddc5bb-2ee8-4700-a8b0-b0f393c0a79d",
    "data": [
      {
        "text": "can i buy a ",
        "userDefined": false
      },
      {
        "text": "phone",
        "alias": "Handphone",
        "meta": "@Handphone",
        "userDefined": false
      },
      {
        "text": " online",
        "userDefined": false
      }
    ],
    "isTemplate": false,
    "count": 0,
    "updated": 0
  }
]