[
  {
    "id": "2e55676a-0599-49a8-aa0f-b1f43e81291d",
    "data": [
      {
        "text": "Which ",
        "userDefined": false
      },
      {
        "text": "SingTel shop",
        "alias": "OnlineSingtelSites",
        "meta": "@OnlineSingtelSites",
        "userDefined": false
      },
      {
        "text": " can ",
        "userDefined": false
      },
      {
        "text": "apply",
        "alias": "Sign-up",
        "meta": "@Sign-up",
        "userDefined": false
      },
      {
        "text": " the ",
        "userDefined": false
      },
      {
        "text": "mobile",
        "alias": "Handphone",
        "meta": "@Handphone",
        "userDefined": false
      },
      {
        "text": " staff plan",
        "userDefined": false
      }
    ],
    "isTemplate": false,
    "count": 0,
    "updated": 0
  },
  {
    "id": "9df326e2-e39b-4f56-9014-b43879aaa21d",
    "data": [
      {
        "text": "Re contract at ",
        "userDefined": false
      },
      {
        "text": "singtel",
        "alias": "Competitors",
        "meta": "@Competitors",
        "userDefined": false
      },
      {
        "text": " store",
        "userDefined": false
      }
    ],
    "isTemplate": false,
    "count": 0,
    "updated": 0
  },
  {
    "id": "57ad74de-6e70-42f1-82e6-b62b8732fab1",
    "data": [
      {
        "text": "where are the singtel shops",
        "userDefined": false
      }
    ],
    "isTemplate": false,
    "count": 0,
    "updated": 0
  },
  {
    "id": "f2d7f465-c53b-4d5b-9c24-6a4cdac6396b",
    "data": [
      {
        "text": "when does ",
        "userDefined": false
      },
      {
        "text": "singtel shop",
        "meta": "@sys.ignore",
        "userDefined": false
      },
      {
        "text": " open",
        "userDefined": false
      }
    ],
    "isTemplate": false,
    "count": 0,
    "updated": 0
  },
  {
    "id": "d5c0a0cd-4f9a-465f-9778-b8f7aa9a3629",
    "data": [
      {
        "text": "what is the ",
        "userDefined": false
      },
      {
        "text": "singtel shop",
        "meta": "@sys.ignore",
        "userDefined": false
      },
      {
        "text": " opening hours",
        "userDefined": false
      }
    ],
    "isTemplate": false,
    "count": 0,
    "updated": 0
  },
  {
    "id": "6df725f2-7f85-4cd5-ac2d-54b3cdff5235",
    "data": [
      {
        "text": "m at siglap is there a store near me",
        "userDefined": false
      }
    ],
    "isTemplate": false,
    "count": 1,
    "updated": 0
  },
  {
    "id": "7c5c0d9d-11f9-4a41-b117-540f7ac1208f",
    "data": [
      {
        "text": "im at jurong is there a store near me",
        "userDefined": false
      }
    ],
    "isTemplate": false,
    "count": 1,
    "updated": 0
  },
  {
    "id": "00d7aff5-aa54-4387-8378-404346c47188",
    "data": [
      {
        "text": "im at boon lay where is the nearest store",
        "userDefined": false
      }
    ],
    "isTemplate": false,
    "count": 0,
    "updated": 0
  },
  {
    "id": "ed42baaf-3ccd-4d5c-9db7-ac1f80164ea3",
    "data": [
      {
        "text": "im at orchard is there a store near me",
        "userDefined": false
      }
    ],
    "isTemplate": false,
    "count": 1,
    "updated": 0
  },
  {
    "id": "770cab35-e396-40fd-9b38-3b3c3971c01b",
    "data": [
      {
        "text": "im at the zoo is there a store near by",
        "userDefined": false
      }
    ],
    "isTemplate": false,
    "count": 0,
    "updated": 0
  },
  {
    "id": "9c3922cb-be8d-4f35-9bce-5d8b705c4731",
    "data": [
      {
        "text": "im at raffles city is there a store near me",
        "userDefined": false
      }
    ],
    "isTemplate": false,
    "count": 0,
    "updated": 0
  },
  {
    "id": "165aa95d-a6df-4832-bdee-2ed17051fe65",
    "data": [
      {
        "text": "im at mbs is there a store near me",
        "userDefined": false
      }
    ],
    "isTemplate": false,
    "count": 0,
    "updated": 0
  },
  {
    "id": "7a96101a-1ccd-408a-a1ee-71108373cd53",
    "data": [
      {
        "text": "is there a store near where i am",
        "userDefined": false
      }
    ],
    "isTemplate": false,
    "count": 1,
    "updated": 0
  },
  {
    "id": "c7df4f5c-3dec-4e20-b0ff-da4a494427f7",
    "data": [
      {
        "text": "i at mbs is there a store near me",
        "userDefined": false
      }
    ],
    "isTemplate": false,
    "count": 1,
    "updated": 0
  },
  {
    "id": "21682cfc-021d-4677-b08a-3e8209038a9c",
    "data": [
      {
        "text": "is there a store near me",
        "userDefined": false
      }
    ],
    "isTemplate": false,
    "count": 0,
    "updated": 0
  },
  {
    "id": "9b3314b2-5e5d-47f2-9f05-373d4443b021",
    "data": [
      {
        "text": "is there a store nearby",
        "userDefined": false
      }
    ],
    "isTemplate": false,
    "count": 0,
    "updated": 0
  },
  {
    "id": "09df4ef0-51c1-4572-b88f-cb6cd7bb6f6c",
    "data": [
      {
        "text": "Which shop is nearest to me",
        "userDefined": false
      }
    ],
    "isTemplate": false,
    "count": 0,
    "updated": 0
  },
  {
    "id": "9c11aae6-5565-494a-b807-4e9214290ddc",
    "data": [
      {
        "text": "Which ",
        "userDefined": false
      },
      {
        "text": "Singtel shop",
        "alias": "OnlineSingtelSites",
        "meta": "@OnlineSingtelSites",
        "userDefined": false
      },
      {
        "text": " is nearest to me",
        "userDefined": false
      }
    ],
    "isTemplate": false,
    "count": 0,
    "updated": 0
  },
  {
    "id": "6d12a234-03c1-413e-8347-e38a638d7313",
    "data": [
      {
        "text": "Nearest Singtel store",
        "userDefined": false
      }
    ],
    "isTemplate": false,
    "count": 0,
    "updated": 0
  },
  {
    "id": "1f3a4811-a757-4cfe-a671-9526668bbf4d",
    "data": [
      {
        "text": "Is there a ",
        "userDefined": false
      },
      {
        "text": "Singtel shop",
        "alias": "OnlineSingtelSites",
        "meta": "@OnlineSingtelSites",
        "userDefined": false
      },
      {
        "text": " in ulu pandan?",
        "userDefined": false
      }
    ],
    "isTemplate": false,
    "count": 0,
    "updated": 0
  },
  {
    "id": "f1fbb561-1c19-4b43-818c-d3fc0e6b335a",
    "data": [
      {
        "text": "what is the url for singtel ",
        "userDefined": false
      },
      {
        "text": "online cis shop",
        "alias": "OnlineSingtelSites",
        "meta": "@OnlineSingtelSites",
        "userDefined": false
      }
    ],
    "isTemplate": false,
    "count": 0,
    "updated": 0
  },
  {
    "id": "1129c898-5550-48b4-a8c0-d6a0bc7e4eac",
    "data": [
      {
        "text": "How do i find a ",
        "userDefined": false
      },
      {
        "text": "singtel shop",
        "alias": "OnlineSingtelSites",
        "meta": "@OnlineSingtelSites",
        "userDefined": false
      },
      {
        "text": "?",
        "userDefined": false
      }
    ],
    "isTemplate": false,
    "count": 0,
    "updated": 0
  },
  {
    "id": "794c40de-1f2f-4824-8528-7b346eada17d",
    "data": [
      {
        "text": "where is the ",
        "userDefined": false
      },
      {
        "text": "singtel retail shop",
        "alias": "OnlineSingtelSites",
        "meta": "@OnlineSingtelSites",
        "userDefined": false
      }
    ],
    "isTemplate": false,
    "count": 1,
    "updated": 0
  },
  {
    "id": "67c04825-a6ba-48fd-a06e-ae988eded8e5",
    "data": [
      {
        "text": "where are ",
        "userDefined": false
      },
      {
        "text": "singtel shops",
        "alias": "OnlineSingtelSites",
        "meta": "@OnlineSingtelSites",
        "userDefined": false
      },
      {
        "text": " located",
        "userDefined": false
      }
    ],
    "isTemplate": false,
    "count": 0,
    "updated": 0
  },
  {
    "id": "4d7ff1b9-bc83-4dc2-b439-c9f0cc8b80c0",
    "data": [
      {
        "text": "is there any singtel outlet around here",
        "userDefined": false
      }
    ],
    "isTemplate": false,
    "count": 0,
    "updated": 0
  },
  {
    "id": "8eb3edd3-1621-4e50-8cb9-285e5deee4cb",
    "data": [
      {
        "text": "singtel outlet around",
        "userDefined": false
      }
    ],
    "isTemplate": false,
    "count": 0,
    "updated": 0
  },
  {
    "id": "b349950f-1a08-4d81-8b68-c6d4264a3f0f",
    "data": [
      {
        "text": "singtel shop",
        "alias": "OnlineSingtelSites",
        "meta": "@OnlineSingtelSites",
        "userDefined": false
      }
    ],
    "isTemplate": false,
    "count": 0,
    "updated": 0
  },
  {
    "id": "3ed23d4f-aacd-43be-aafc-21d8ae7021bb",
    "data": [
      {
        "text": "singtel store location please",
        "userDefined": false
      }
    ],
    "isTemplate": false,
    "count": 0,
    "updated": 0
  },
  {
    "id": "e69dffe5-b520-4b4c-bcce-53ddb3ad3fb4",
    "data": [
      {
        "text": "where is singtel store i can find",
        "userDefined": false
      }
    ],
    "isTemplate": false,
    "count": 0,
    "updated": 0
  },
  {
    "id": "c34338a4-cbd7-4605-9562-3583be8e88ac",
    "data": [
      {
        "text": "singtel store available",
        "userDefined": false
      }
    ],
    "isTemplate": false,
    "count": 0,
    "updated": 0
  },
  {
    "id": "aca91c92-2560-44e3-9281-c7bd251f9d8f",
    "data": [
      {
        "text": "whereabouts of ",
        "userDefined": false
      },
      {
        "text": "singtel shop",
        "alias": "OnlineSingtelSites",
        "meta": "@OnlineSingtelSites",
        "userDefined": false
      }
    ],
    "isTemplate": false,
    "count": 0,
    "updated": 0
  },
  {
    "id": "62f2d44f-a7e4-49c0-9b5c-7f1080dd9a47",
    "data": [
      {
        "text": "where is ",
        "userDefined": false
      },
      {
        "text": "singtel shop",
        "alias": "OnlineSingtelSites",
        "meta": "@OnlineSingtelSites",
        "userDefined": false
      }
    ],
    "isTemplate": false,
    "count": 0,
    "updated": 0
  },
  {
    "id": "923fc259-c6d9-4ca9-badb-e7775665235e",
    "data": [
      {
        "text": "singtel shop",
        "alias": "OnlineSingtelSites",
        "meta": "@OnlineSingtelSites",
        "userDefined": false
      },
      {
        "text": " location",
        "userDefined": false
      }
    ],
    "isTemplate": false,
    "count": 0,
    "updated": 0
  },
  {
    "id": "2a824391-9479-4cf1-bb24-9b45de0e2a03",
    "data": [
      {
        "text": "location of ",
        "userDefined": false
      },
      {
        "text": "singtel shop",
        "alias": "OnlineSingtelSites",
        "meta": "@OnlineSingtelSites",
        "userDefined": false
      },
      {
        "text": " nearby",
        "userDefined": false
      }
    ],
    "isTemplate": false,
    "count": 0,
    "updated": 0
  },
  {
    "id": "5e55b201-7f27-43c3-a6b5-1528a9f8bf2d",
    "data": [
      {
        "text": "where can i find a ",
        "userDefined": false
      },
      {
        "text": "singtel shop",
        "alias": "OnlineSingtelSites",
        "meta": "@OnlineSingtelSites",
        "userDefined": false
      }
    ],
    "isTemplate": false,
    "count": 0,
    "updated": 0
  },
  {
    "id": "0a47d307-718b-4af5-b465-b72f4b54c109",
    "data": [
      {
        "text": "i want to know ",
        "userDefined": false
      },
      {
        "text": "singtel shop",
        "alias": "OnlineSingtelSites",
        "meta": "@OnlineSingtelSites",
        "userDefined": false
      },
      {
        "text": " in my neighborhood",
        "userDefined": false
      }
    ],
    "isTemplate": false,
    "count": 0,
    "updated": 0
  },
  {
    "id": "207cd1ad-937a-4366-83a5-e9815d01b9b4",
    "data": [
      {
        "text": "can i find the nearest ",
        "userDefined": false
      },
      {
        "text": "singtel shop",
        "alias": "OnlineSingtelSites",
        "meta": "@OnlineSingtelSites",
        "userDefined": false
      }
    ],
    "isTemplate": false,
    "count": 0,
    "updated": 0
  },
  {
    "id": "94768a0a-12a2-4bb7-8044-a8d73c574f7e",
    "data": [
      {
        "text": "let me know the nearest ",
        "userDefined": false
      },
      {
        "text": "singtel shop",
        "alias": "OnlineSingtelSites",
        "meta": "@OnlineSingtelSites",
        "userDefined": false
      },
      {
        "text": " available",
        "userDefined": false
      }
    ],
    "isTemplate": false,
    "count": 0,
    "updated": 0
  },
  {
    "id": "c3e70583-3184-4f17-9357-99ed9bd44045",
    "data": [
      {
        "text": "is there any ",
        "userDefined": false
      },
      {
        "text": "singtel shop",
        "alias": "OnlineSingtelSites",
        "meta": "@OnlineSingtelSites",
        "userDefined": false
      },
      {
        "text": " here",
        "userDefined": false
      }
    ],
    "isTemplate": false,
    "count": 0,
    "updated": 0
  },
  {
    "id": "8d58ea84-0fe2-4343-8f85-640d4fc3ea8b",
    "data": [
      {
        "text": "where is shop for singtel around here",
        "userDefined": false
      }
    ],
    "isTemplate": false,
    "count": 1,
    "updated": 0
  }
]