[
  {
    "id": "d7e0717e-f915-41b5-95b6-75463e0896cf",
    "data": [
      {
        "text": "1st",
        "alias": "ordinal",
        "meta": "@sys.ordinal",
        "userDefined": false
      },
      {
        "text": " month convert",
        "userDefined": false
      }
    ],
    "isTemplate": false,
    "count": 0,
    "updated": 0
  },
  {
    "id": "4c9f88ad-2f66-43cf-b863-fb30b822aae5",
    "data": [
      {
        "text": "Within 1st Month",
        "alias": "date-period",
        "meta": "@sys.date-period",
        "userDefined": true
      }
    ],
    "isTemplate": false,
    "count": 0,
    "updated": 0
  },
  {
    "id": "a396af5b-3ac1-45eb-8b00-a13b0375d6d6",
    "data": [
      {
        "text": "the 1st",
        "alias": "date",
        "meta": "@sys.date",
        "userDefined": false
      }
    ],
    "isTemplate": false,
    "count": 1,
    "updated": 0
  },
  {
    "id": "c58e8629-3eab-43cc-abd6-fc4e705caf0d",
    "data": [
      {
        "text": "1st",
        "alias": "ordinal",
        "meta": "@sys.ordinal",
        "userDefined": false
      }
    ],
    "isTemplate": false,
    "count": 1,
    "updated": 0
  }
]