[
  {
    "id": "9f631e75-6d0b-4d8d-9d9b-17de1ce2dce0",
    "data": [
      {
        "text": "how do i know if my number is on ",
        "userDefined": false
      },
      {
        "text": "cis",
        "alias": "CIS",
        "meta": "@CIS",
        "userDefined": false
      }
    ],
    "isTemplate": false,
    "count": 0,
    "updated": 0
  },
  {
    "id": "bd0dbd01-8e6a-462a-a5a9-da2dd5cff5ea",
    "data": [
      {
        "text": " how do i check if i am eligible for ",
        "userDefined": false
      },
      {
        "text": "cis",
        "alias": "CIS",
        "meta": "@CIS",
        "userDefined": false
      }
    ],
    "isTemplate": false,
    "count": 0,
    "updated": 0
  },
  {
    "id": "94d8dfd6-1198-431a-aa21-ba347ee6aae3",
    "data": [
      {
        "text": "can you tell me where should i call to check if my line is under ",
        "userDefined": false
      },
      {
        "text": "cis",
        "alias": "CIS",
        "meta": "@CIS",
        "userDefined": false
      }
    ],
    "isTemplate": false,
    "count": 0,
    "updated": 0
  },
  {
    "id": "88b62c38-db71-4815-b388-116b4a2b2ffb",
    "data": [
      {
        "text": "is ST ",
        "userDefined": false
      },
      {
        "text": "companies",
        "alias": "Company",
        "meta": "@Company",
        "userDefined": false
      },
      {
        "text": " under ",
        "userDefined": false
      },
      {
        "text": "CIS",
        "alias": "CIS",
        "meta": "@CIS",
        "userDefined": false
      },
      {
        "text": " ",
        "userDefined": false
      },
      {
        "text": "scheme",
        "alias": "CIS1",
        "meta": "@CIS",
        "userDefined": false
      }
    ],
    "isTemplate": false,
    "count": 0,
    "updated": 0
  },
  {
    "id": "84bc399c-4cb4-4653-819f-91a55470e6b5",
    "data": [
      {
        "text": "is my mobile line under ",
        "userDefined": false
      },
      {
        "text": "CIS",
        "alias": "CIS",
        "meta": "@CIS",
        "userDefined": false
      }
    ],
    "isTemplate": false,
    "count": 0,
    "updated": 0
  },
  {
    "id": "f4b4853d-b351-4e20-8642-e2abfeae69e9",
    "data": [
      {
        "text": "how am i now a ",
        "userDefined": false
      },
      {
        "text": "cis",
        "alias": "CIS",
        "meta": "@CIS",
        "userDefined": false
      },
      {
        "text": " customer",
        "userDefined": false
      }
    ],
    "isTemplate": false,
    "count": 0,
    "updated": 0
  },
  {
    "id": "b196f041-c6cb-4d95-b1fa-56c375237714",
    "data": [
      {
        "text": "is ",
        "userDefined": false
      },
      {
        "text": "cis",
        "alias": "CIS",
        "meta": "@CIS",
        "userDefined": false
      },
      {
        "text": " only applicable for ",
        "userDefined": false
      },
      {
        "text": "companies",
        "alias": "Company",
        "meta": "@Company",
        "userDefined": false
      },
      {
        "text": "\u0027 staff",
        "userDefined": false
      }
    ],
    "isTemplate": false,
    "count": 0,
    "updated": 0
  },
  {
    "id": "16702161-808f-44df-b97a-d6e2220db8ae",
    "data": [
      {
        "text": "how to know if my line is under ",
        "userDefined": false
      },
      {
        "text": "CIS",
        "alias": "CIS",
        "meta": "@CIS",
        "userDefined": false
      }
    ],
    "isTemplate": false,
    "count": 0,
    "updated": 0
  },
  {
    "id": "446294d5-a44a-42fe-8e9c-d2d180081cf7",
    "data": [
      {
        "text": "hi, would like to check if i am eligible for the ",
        "userDefined": false
      },
      {
        "text": "CIS",
        "alias": "CIS",
        "meta": "@CIS",
        "userDefined": false
      }
    ],
    "isTemplate": false,
    "count": 0,
    "updated": 0
  },
  {
    "id": "3ede5e72-5d2b-44e8-9507-3617df30cdcd",
    "data": [
      {
        "text": "Is ",
        "userDefined": false
      },
      {
        "text": "Standard Chartered",
        "alias": "CISCompanies",
        "meta": "@CISCompanies",
        "userDefined": true
      },
      {
        "text": " part of CIS?",
        "userDefined": false
      }
    ],
    "isTemplate": false,
    "count": 0,
    "updated": 0
  },
  {
    "id": "a047a22b-aba7-4c93-8609-b1a562752751",
    "data": [
      {
        "text": "where do i find the list of ",
        "userDefined": false
      },
      {
        "text": "companies",
        "alias": "Company",
        "meta": "@Company",
        "userDefined": false
      },
      {
        "text": " under ",
        "userDefined": false
      },
      {
        "text": "CIS",
        "alias": "CIS",
        "meta": "@CIS",
        "userDefined": false
      },
      {
        "text": " ",
        "userDefined": false
      },
      {
        "text": "scheme",
        "alias": "CIS1",
        "meta": "@CIS",
        "userDefined": false
      }
    ],
    "isTemplate": false,
    "count": 0,
    "updated": 0
  },
  {
    "id": "29585187-c637-4ff9-91a0-563016ac0d2e",
    "data": [
      {
        "text": "cis",
        "alias": "CIS",
        "meta": "@CIS",
        "userDefined": false
      },
      {
        "text": " control my ",
        "userDefined": false
      },
      {
        "text": "mobile phone",
        "alias": "Handphone",
        "meta": "@Handphone",
        "userDefined": false
      }
    ],
    "isTemplate": false,
    "count": 0,
    "updated": 0
  },
  {
    "id": "eea414da-a354-4e14-96c8-8d51cb6f8acb",
    "data": [
      {
        "text": "is ",
        "userDefined": false
      },
      {
        "text": "cis",
        "alias": "CIS",
        "meta": "@CIS",
        "userDefined": false
      },
      {
        "text": " controlling my ",
        "userDefined": false
      },
      {
        "text": "phone",
        "alias": "Handphone",
        "meta": "@Handphone",
        "userDefined": false
      }
    ],
    "isTemplate": false,
    "count": 1,
    "updated": 0
  },
  {
    "id": "d3343c5b-da71-4f09-939d-7ef3c73d34a7",
    "data": [
      {
        "text": "how do i know if my ",
        "userDefined": false
      },
      {
        "text": "phone",
        "alias": "Handphone",
        "meta": "@Handphone",
        "userDefined": false
      },
      {
        "text": " is under ",
        "userDefined": false
      },
      {
        "text": "cis",
        "alias": "CIS",
        "meta": "@CIS",
        "userDefined": false
      }
    ],
    "isTemplate": false,
    "count": 0,
    "updated": 0
  },
  {
    "id": "0af361d0-5638-4ffc-9cc2-bf3c9ad865fa",
    "data": [
      {
        "text": "check my ",
        "userDefined": false
      },
      {
        "text": "mobile",
        "alias": "Handphone",
        "meta": "@Handphone",
        "userDefined": false
      },
      {
        "text": " plan whether it\u0027s under ",
        "userDefined": false
      },
      {
        "text": "cis",
        "alias": "CIS",
        "meta": "@CIS",
        "userDefined": false
      }
    ],
    "isTemplate": false,
    "count": 0,
    "updated": 0
  },
  {
    "id": "47d2d077-8293-46ee-9358-52de3b5b39c2",
    "data": [
      {
        "text": "how am i supposed to know that ",
        "userDefined": false
      },
      {
        "text": "cis",
        "alias": "CIS",
        "meta": "@CIS",
        "userDefined": false
      },
      {
        "text": " is controlling my ",
        "userDefined": false
      },
      {
        "text": "phone",
        "alias": "Handphone",
        "meta": "@Handphone",
        "userDefined": false
      }
    ],
    "isTemplate": false,
    "count": 0,
    "updated": 0
  },
  {
    "id": "bcaf3479-a806-458a-bee7-7a9303121739",
    "data": [
      {
        "text": "where should i call to check if my line is under ",
        "userDefined": false
      },
      {
        "text": "cis",
        "alias": "CIS",
        "meta": "@CIS",
        "userDefined": false
      }
    ],
    "isTemplate": false,
    "count": 0,
    "updated": 0
  },
  {
    "id": "61ed01d5-e7ea-4140-9519-4fd60ea42aea",
    "data": [
      {
        "text": "how much is the ",
        "userDefined": false
      },
      {
        "text": "mobile",
        "alias": "Handphone",
        "meta": "@Handphone",
        "userDefined": false
      },
      {
        "text": " plans under ",
        "userDefined": false
      },
      {
        "text": "cis",
        "alias": "CIS",
        "meta": "@CIS",
        "userDefined": false
      }
    ],
    "isTemplate": false,
    "count": 0,
    "updated": 0
  },
  {
    "id": "b22769e0-85ae-453d-8c2e-c35137358355",
    "data": [
      {
        "text": "i want to know whether my line\u0027s been controlled by ",
        "userDefined": false
      },
      {
        "text": "cis",
        "alias": "CIS",
        "meta": "@CIS",
        "userDefined": false
      }
    ],
    "isTemplate": false,
    "count": 1,
    "updated": 0
  },
  {
    "id": "228ca149-53b3-4a83-bd73-07b766f0d4d5",
    "data": [
      {
        "text": "how do i know if my number is already in ",
        "userDefined": false
      },
      {
        "text": "cis",
        "alias": "CIS",
        "meta": "@CIS",
        "userDefined": false
      }
    ],
    "isTemplate": false,
    "count": 0,
    "updated": 0
  },
  {
    "id": "d15d4f38-4a5b-44f8-81ba-abea7f91a2a9",
    "data": [
      {
        "text": "can i check if my ",
        "userDefined": false
      },
      {
        "text": "phone",
        "alias": "Handphone",
        "meta": "@Handphone",
        "userDefined": false
      },
      {
        "text": "\u0027s\u0027s been under ",
        "userDefined": false
      },
      {
        "text": "cis",
        "alias": "CIS",
        "meta": "@CIS",
        "userDefined": false
      }
    ],
    "isTemplate": false,
    "count": 0,
    "updated": 0
  },
  {
    "id": "e94c9dfb-06b5-434b-ac05-51a8dba6d75f",
    "data": [
      {
        "text": "how do i check if my line is in the ",
        "userDefined": false
      },
      {
        "text": "CIS",
        "alias": "CIS",
        "meta": "@CIS",
        "userDefined": false
      },
      {
        "text": " ",
        "userDefined": false
      },
      {
        "text": "scheme",
        "alias": "CIS1",
        "meta": "@CIS",
        "userDefined": false
      }
    ],
    "isTemplate": false,
    "count": 1,
    "updated": 0
  },
  {
    "id": "3e7e9749-2dc5-4b6a-b5bd-8cb62631018d",
    "data": [
      {
        "text": "how to check if my line is under the ",
        "userDefined": false
      },
      {
        "text": "CIS",
        "alias": "CIS",
        "meta": "@CIS",
        "userDefined": false
      }
    ],
    "isTemplate": false,
    "count": 0,
    "updated": 0
  },
  {
    "id": "bd6917c6-56d3-4666-bc48-2ebfd3a8d589",
    "data": [
      {
        "text": "how to know that ",
        "userDefined": false
      },
      {
        "text": "cis",
        "alias": "CIS",
        "meta": "@CIS",
        "userDefined": false
      },
      {
        "text": " has controlled my ",
        "userDefined": false
      },
      {
        "text": "mobile",
        "alias": "Handphone",
        "meta": "@Handphone",
        "userDefined": false
      }
    ],
    "isTemplate": false,
    "count": 0,
    "updated": 0
  },
  {
    "id": "49d74ace-4f07-49fe-b722-3ac32ad8bea7",
    "data": [
      {
        "text": "is ",
        "userDefined": false
      },
      {
        "text": "cis",
        "alias": "CIS",
        "meta": "@CIS",
        "userDefined": false
      },
      {
        "text": " only applicable for corporate staff",
        "userDefined": false
      }
    ],
    "isTemplate": false,
    "count": 1,
    "updated": 0
  },
  {
    "id": "413ecade-6094-4b41-92cf-1c87042bf577",
    "data": [
      {
        "text": "how do i check what plan I am on?",
        "userDefined": false
      }
    ],
    "isTemplate": false,
    "count": 0,
    "updated": 0
  },
  {
    "id": "f71cf802-28ef-48eb-96a0-c2a454db1e90",
    "data": [
      {
        "text": "is ",
        "userDefined": false
      },
      {
        "text": "cis",
        "alias": "CIS",
        "meta": "@CIS",
        "userDefined": false
      },
      {
        "text": " only applicable for ",
        "userDefined": false
      },
      {
        "text": "company",
        "alias": "Company",
        "meta": "@Company",
        "userDefined": false
      },
      {
        "text": " employees",
        "userDefined": false
      }
    ],
    "isTemplate": false,
    "count": 1,
    "updated": 0
  },
  {
    "id": "259093d9-f65b-4fea-ae8a-aa809c3c7b5a",
    "data": [
      {
        "text": "hi, can i check if ",
        "userDefined": false
      },
      {
        "text": "Singapore Turf Club",
        "alias": "CISCompanies",
        "meta": "@CISCompanies",
        "userDefined": true
      },
      {
        "text": " is included in the ",
        "userDefined": false
      },
      {
        "text": "CIS",
        "alias": "CIS",
        "meta": "@CIS",
        "userDefined": false
      },
      {
        "text": " ",
        "userDefined": false
      },
      {
        "text": "scheme",
        "alias": "CIS1",
        "meta": "@CIS",
        "userDefined": false
      }
    ],
    "isTemplate": false,
    "count": 0,
    "updated": 0
  },
  {
    "id": "6802ed36-b547-4da3-9dd8-3cde0392f0f2",
    "data": [
      {
        "text": "how to know if i am eligible for ",
        "userDefined": false
      },
      {
        "text": "cis",
        "alias": "CIS",
        "meta": "@CIS",
        "userDefined": false
      }
    ],
    "isTemplate": false,
    "count": 0,
    "updated": 0
  },
  {
    "id": "3b709253-fbc1-4d74-a189-af6b4b34cd7d",
    "data": [
      {
        "text": "i want to check if my line is already under ",
        "userDefined": false
      },
      {
        "text": "cis",
        "alias": "CIS",
        "meta": "@CIS",
        "userDefined": false
      }
    ],
    "isTemplate": false,
    "count": 0,
    "updated": 0
  },
  {
    "id": "4efca8da-6b0f-48b9-a35c-739e539b8d8f",
    "data": [
      {
        "text": "how to check is my company entitle CIS discounts?",
        "userDefined": false
      }
    ],
    "isTemplate": false,
    "count": 0,
    "updated": 0
  },
  {
    "id": "227e9a5f-ce5d-4de2-8bdf-0c78998792a2",
    "data": [
      {
        "text": "how to check if my phone is under ",
        "userDefined": false
      },
      {
        "text": "CIS",
        "alias": "CIS",
        "meta": "@CIS",
        "userDefined": false
      }
    ],
    "isTemplate": false,
    "count": 0,
    "updated": 0
  },
  {
    "id": "aa85224d-9a75-4cb4-a87f-fdf7c798a761",
    "data": [
      {
        "text": "how can i know if i qualify for ",
        "userDefined": false
      },
      {
        "text": "cis",
        "alias": "CIS",
        "meta": "@CIS",
        "userDefined": false
      }
    ],
    "isTemplate": false,
    "count": 0,
    "updated": 0
  },
  {
    "id": "85c15554-25c2-441d-ae8e-f990797b6567",
    "data": [
      {
        "text": "mobile phone",
        "alias": "Handphone",
        "meta": "@Handphone",
        "userDefined": false
      },
      {
        "text": " under ",
        "userDefined": false
      },
      {
        "text": "cis",
        "alias": "CIS",
        "meta": "@CIS",
        "userDefined": false
      },
      {
        "text": " or not",
        "userDefined": false
      }
    ],
    "isTemplate": false,
    "count": 0,
    "updated": 0
  },
  {
    "id": "476f78a9-469c-4fb5-a051-90795f6e78d0",
    "data": [
      {
        "text": "what number should i call to check if my line is under ",
        "userDefined": false
      },
      {
        "text": "cis",
        "alias": "CIS",
        "meta": "@CIS",
        "userDefined": false
      },
      {
        "text": " already",
        "userDefined": false
      }
    ],
    "isTemplate": false,
    "count": 0,
    "updated": 0
  },
  {
    "id": "51eaa950-f229-4eb6-aad0-be22045ae878",
    "data": [
      {
        "text": "how do i know that my company has been enrolled to ",
        "userDefined": false
      },
      {
        "text": "cis",
        "alias": "CIS",
        "meta": "@CIS",
        "userDefined": false
      }
    ],
    "isTemplate": false,
    "count": 0,
    "updated": 0
  },
  {
    "id": "505b91a5-25ff-4f41-b57e-819a36db28d1",
    "data": [
      {
        "text": "how should i know that my ",
        "userDefined": false
      },
      {
        "text": "phone",
        "alias": "Handphone",
        "meta": "@Handphone",
        "userDefined": false
      },
      {
        "text": "\u0027s\u0027s under ",
        "userDefined": false
      },
      {
        "text": "cis",
        "alias": "CIS",
        "meta": "@CIS",
        "userDefined": false
      }
    ],
    "isTemplate": false,
    "count": 0,
    "updated": 0
  }
]