[
  {
    "id": "67059a25-bb0d-4835-ab26-33c2831f85f1",
    "data": [
      {
        "text": "what is singtel newstand",
        "userDefined": false
      }
    ],
    "isTemplate": false,
    "count": 0,
    "updated": 0
  },
  {
    "id": "078837d5-4648-43b6-b79f-a5ebc1cd7785",
    "data": [
      {
        "text": "singtel newstand",
        "userDefined": false
      }
    ],
    "isTemplate": false,
    "count": 0,
    "updated": 0
  },
  {
    "id": "5acfec1b-da0e-4170-bf88-78c9d5541261",
    "data": [
      {
        "text": "the latest news",
        "userDefined": false
      }
    ],
    "isTemplate": false,
    "count": 0,
    "updated": 0
  },
  {
    "id": "edf3f0a3-b575-4d27-a729-d917759540a2",
    "data": [
      {
        "text": "read magazine",
        "userDefined": false
      }
    ],
    "isTemplate": false,
    "count": 0,
    "updated": 0
  }
]