[
  {
    "id": "8a142692-188e-4ab3-a832-440fb77138e9",
    "data": [
      {
        "text": "On top of the ",
        "userDefined": false
      },
      {
        "text": "CIS",
        "alias": "CIS",
        "meta": "@CIS",
        "userDefined": false
      },
      {
        "text": " ",
        "userDefined": false
      },
      {
        "text": "promo",
        "alias": "Promotion",
        "meta": "@Promotion",
        "userDefined": false
      },
      {
        "text": ", can I enquire if the Datax3 package is still available",
        "userDefined": false
      }
    ],
    "isTemplate": false,
    "count": 0,
    "updated": 0
  },
  {
    "id": "988e9652-cb1a-467b-aa14-3e8fdf8c47e7",
    "data": [
      {
        "text": "DataX3",
        "userDefined": false
      }
    ],
    "isTemplate": false,
    "count": 0,
    "updated": 0
  },
  {
    "id": "a01cca6e-45e4-41b2-adda-d493cd734df2",
    "data": [
      {
        "text": "sign up",
        "alias": "Sign-up",
        "meta": "@Sign-up",
        "userDefined": false
      },
      {
        "text": " for datax3",
        "userDefined": false
      }
    ],
    "isTemplate": false,
    "count": 0,
    "updated": 0
  },
  {
    "id": "d03453ec-2b20-4415-9154-c1904a478305",
    "data": [
      {
        "text": "sign up",
        "alias": "Sign-up",
        "meta": "@Sign-up",
        "userDefined": false
      },
      {
        "text": " for data x3",
        "userDefined": false
      }
    ],
    "isTemplate": false,
    "count": 0,
    "updated": 0
  },
  {
    "id": "30a157dc-e316-4346-9df9-b5c928f5dcf5",
    "data": [
      {
        "text": "how can i ",
        "userDefined": false
      },
      {
        "text": "sign up",
        "alias": "Sign-up",
        "meta": "@Sign-up",
        "userDefined": false
      },
      {
        "text": " for data x3",
        "userDefined": false
      }
    ],
    "isTemplate": false,
    "count": 0,
    "updated": 0
  },
  {
    "id": "7f4f311d-115c-48f3-8eaa-736610b9268d",
    "data": [
      {
        "text": "how can i ",
        "userDefined": false
      },
      {
        "text": "sign up",
        "alias": "Sign-up",
        "meta": "@Sign-up",
        "userDefined": false
      },
      {
        "text": " for datax3",
        "userDefined": false
      }
    ],
    "isTemplate": false,
    "count": 0,
    "updated": 0
  },
  {
    "id": "4d4e16b2-282b-4797-9c31-4723c9dc735f",
    "data": [
      {
        "text": "how can i subscribe to datax3",
        "userDefined": false
      }
    ],
    "isTemplate": false,
    "count": 0,
    "updated": 0
  },
  {
    "id": "72fbf38c-3501-4ee0-a5ee-9e4a0c011e32",
    "data": [
      {
        "text": "how much will datax3 cost me",
        "userDefined": false
      }
    ],
    "isTemplate": false,
    "count": 0,
    "updated": 0
  },
  {
    "id": "b69fbc2b-6b72-4adc-8d9e-d685cda5d896",
    "data": [
      {
        "text": "how much does datax3 cost",
        "userDefined": false
      }
    ],
    "isTemplate": false,
    "count": 0,
    "updated": 0
  },
  {
    "id": "e6fc342a-3d19-4a1f-896b-1298b3cf6d1d",
    "data": [
      {
        "text": "how do i triple my data",
        "userDefined": false
      }
    ],
    "isTemplate": false,
    "count": 0,
    "updated": 0
  },
  {
    "id": "e468dfb1-d33f-435b-867e-515cd99c114b",
    "data": [
      {
        "text": " I want to add the Datax3 ",
        "userDefined": false
      },
      {
        "text": "add on",
        "alias": "VAS",
        "meta": "@VAS",
        "userDefined": false
      },
      {
        "text": " to my ",
        "userDefined": false
      },
      {
        "text": "CIS",
        "alias": "CIS",
        "meta": "@CIS",
        "userDefined": false
      },
      {
        "text": " plan",
        "userDefined": false
      }
    ],
    "isTemplate": false,
    "count": 0,
    "updated": 0
  },
  {
    "id": "c810eaf9-a187-4d4c-94d3-7cf7f6133dd7",
    "data": [
      {
        "text": "i want to subscribe to datax3",
        "userDefined": false
      }
    ],
    "isTemplate": false,
    "count": 0,
    "updated": 0
  },
  {
    "id": "b8a1ad85-272b-48db-a5ca-8e404226ee6d",
    "data": [
      {
        "text": "what can i get for ",
        "userDefined": false
      },
      {
        "text": "10 dollars",
        "alias": "unit-currency",
        "meta": "@sys.unit-currency",
        "userDefined": false
      }
    ],
    "isTemplate": false,
    "count": 0,
    "updated": 0
  },
  {
    "id": "260150ed-53ef-4d27-8c9a-3927cd0a1c9d",
    "data": [
      {
        "text": "i want the most data",
        "userDefined": false
      }
    ],
    "isTemplate": false,
    "count": 0,
    "updated": 0
  },
  {
    "id": "e28011e3-e2c2-4695-bf93-c74cf3bd84c2",
    "data": [
      {
        "text": "datax3",
        "userDefined": false
      }
    ],
    "isTemplate": false,
    "count": 0,
    "updated": 0
  },
  {
    "id": "87201608-6cd7-45ee-af5a-bfd7dcca6c4b",
    "data": [
      {
        "text": "what is datax3",
        "userDefined": false
      }
    ],
    "isTemplate": false,
    "count": 0,
    "updated": 0
  },
  {
    "id": "01193d16-92ac-47d3-b42e-5c70f8bcce01",
    "data": [
      {
        "text": "how do i ",
        "userDefined": false
      },
      {
        "text": "sign up",
        "alias": "Sign-up",
        "meta": "@Sign-up",
        "userDefined": false
      },
      {
        "text": " for datax3",
        "userDefined": false
      }
    ],
    "isTemplate": false,
    "count": 0,
    "updated": 0
  },
  {
    "id": "28571625-6b3a-463a-b6cc-7dd2e4b680dd",
    "data": [
      {
        "text": "how much is datax3",
        "userDefined": false
      }
    ],
    "isTemplate": false,
    "count": 0,
    "updated": 0
  },
  {
    "id": "804efb9c-c1dc-461d-906f-149d4abf3736",
    "data": [
      {
        "text": "how much is data x3",
        "userDefined": false
      }
    ],
    "isTemplate": false,
    "count": 0,
    "updated": 0
  },
  {
    "id": "afa9390b-daf1-46e2-af36-35d0842b4399",
    "data": [
      {
        "text": "data x3",
        "userDefined": false
      }
    ],
    "isTemplate": false,
    "count": 1,
    "updated": 0
  }
]