[
  {
    "id": "74b7428e-a6d2-490b-95ff-f6e61d74f328",
    "data": [
      {
        "text": "Do I need to go to the ",
        "userDefined": false
      },
      {
        "text": "MOE",
        "alias": "CISCompanies",
        "meta": "@CISCompanies",
        "userDefined": false
      },
      {
        "text": " roadshow to enjoy the ",
        "userDefined": false
      },
      {
        "text": "promotion",
        "alias": "Promotion",
        "meta": "@Promotion",
        "userDefined": false
      },
      {
        "text": " , or can i just visit any ",
        "userDefined": false
      },
      {
        "text": "SingTel shop",
        "alias": "OnlineSingtelSites",
        "meta": "@OnlineSingtelSites",
        "userDefined": false
      },
      {
        "text": "?",
        "userDefined": false
      }
    ],
    "isTemplate": false,
    "count": 0,
    "updated": 0
  }
]