[
  {
    "id": "78da72be-0c9e-4a94-b5c1-2c18321c3963",
    "data": [
      {
        "text": "I tried to make a purchase online ",
        "userDefined": false
      },
      {
        "text": "yesterday",
        "alias": "date",
        "meta": "@sys.date",
        "userDefined": false
      },
      {
        "text": ", but the order status reflected Payment Failed. Please advise.",
        "userDefined": false
      }
    ],
    "isTemplate": false,
    "count": 0,
    "updated": 0
  },
  {
    "id": "c3b20ce2-e7e1-459c-aa72-2843b9d604c6",
    "data": [
      {
        "text": "what if the ",
        "userDefined": false
      },
      {
        "text": "company",
        "alias": "Company",
        "meta": "@Company",
        "userDefined": false
      },
      {
        "text": " is under ",
        "userDefined": false
      },
      {
        "text": "CIS",
        "alias": "CIS",
        "meta": "@CIS",
        "userDefined": false
      },
      {
        "text": " but i\u0027m unable to login using online purchase",
        "userDefined": false
      }
    ],
    "isTemplate": false,
    "count": 0,
    "updated": 0
  },
  {
    "id": "63ea7ee8-164b-41cf-95b5-935419097904",
    "data": [
      {
        "text": "i can\u0027t buy online",
        "userDefined": false
      }
    ],
    "isTemplate": false,
    "count": 0,
    "updated": 0
  },
  {
    "id": "9f5c18d5-c2bd-409f-bee4-2519d3696d82",
    "data": [
      {
        "text": "e-shop not working",
        "userDefined": false
      }
    ],
    "isTemplate": false,
    "count": 0,
    "updated": 0
  },
  {
    "id": "bcba1955-2e8e-4479-92e9-778b2b2e4ccb",
    "data": [
      {
        "text": "the e-shop has some troubles",
        "userDefined": false
      }
    ],
    "isTemplate": false,
    "count": 0,
    "updated": 0
  },
  {
    "id": "7d8946f0-2a81-4458-8211-63b17b37ef4b",
    "data": [
      {
        "text": "why is the e-shop having troubleshoot",
        "userDefined": false
      }
    ],
    "isTemplate": false,
    "count": 0,
    "updated": 0
  },
  {
    "id": "bf2308b6-97fc-44b0-8e54-91d72c2aef43",
    "data": [
      {
        "text": "i just bought some stuff on the internet but it broke down along the way",
        "userDefined": false
      }
    ],
    "isTemplate": false,
    "count": 0,
    "updated": 0
  },
  {
    "id": "3a4831f6-c5f2-48b7-8df7-13ec3d45eda5",
    "data": [
      {
        "text": "why is the e-shop not accessible",
        "userDefined": false
      }
    ],
    "isTemplate": false,
    "count": 0,
    "updated": 0
  },
  {
    "id": "3b8f2724-b5fe-44de-85ec-21f8e120c282",
    "data": [
      {
        "text": "i want to buy stuff on the internet but it doesn\u0027t direct to the right website",
        "userDefined": false
      }
    ],
    "isTemplate": false,
    "count": 0,
    "updated": 0
  },
  {
    "id": "de2a66ab-6220-429c-b32a-0f154b5b0fc5",
    "data": [
      {
        "text": "trouble while buying online",
        "userDefined": false
      }
    ],
    "isTemplate": false,
    "count": 0,
    "updated": 0
  },
  {
    "id": "5a45fc01-6e6a-4f98-81b0-f63d8d7518c3",
    "data": [
      {
        "text": "online purchasing trouble",
        "userDefined": false
      }
    ],
    "isTemplate": false,
    "count": 0,
    "updated": 0
  },
  {
    "id": "d0d8297a-7e96-4a5f-a1c0-bbdf5ef000e1",
    "data": [
      {
        "text": "i can\u0027t access online purchasing. what\u0027s happened",
        "userDefined": false
      }
    ],
    "isTemplate": false,
    "count": 0,
    "updated": 0
  },
  {
    "id": "ffa4a231-5b1d-432d-8f30-8516a335a4ec",
    "data": [
      {
        "text": "is the e-shop in trouble",
        "userDefined": false
      }
    ],
    "isTemplate": false,
    "count": 0,
    "updated": 0
  },
  {
    "id": "57f86a21-37d0-46b0-b942-bf045e332a20",
    "data": [
      {
        "text": "the e-shop is not running well",
        "userDefined": false
      }
    ],
    "isTemplate": false,
    "count": 0,
    "updated": 0
  },
  {
    "id": "fd2d7b19-66a2-4250-b226-a9f8985cce8a",
    "data": [
      {
        "text": "there is an issue in online purchasing",
        "userDefined": false
      }
    ],
    "isTemplate": false,
    "count": 0,
    "updated": 0
  },
  {
    "id": "4aea0834-7e4f-420d-ad75-bb08b7d46976",
    "data": [
      {
        "text": "the e-shop\u0027s not running, what\u0027s wrong",
        "userDefined": false
      }
    ],
    "isTemplate": false,
    "count": 0,
    "updated": 0
  },
  {
    "id": "28dc3f28-d19d-4370-9bf5-f42255590a3f",
    "data": [
      {
        "text": "the e-shop doesn\u0027t work. any technical issues",
        "userDefined": false
      }
    ],
    "isTemplate": false,
    "count": 0,
    "updated": 0
  },
  {
    "id": "99956264-be97-4240-b0a3-e9eb7b36b992",
    "data": [
      {
        "text": "i have difficulty purchasing online",
        "userDefined": false
      }
    ],
    "isTemplate": false,
    "count": 0,
    "updated": 0
  },
  {
    "id": "2345a1fc-fbe5-400a-8663-972698b9c73a",
    "data": [
      {
        "text": "there\u0027s a trouble when purchasing online",
        "userDefined": false
      }
    ],
    "isTemplate": false,
    "count": 0,
    "updated": 0
  },
  {
    "id": "b1ddcb11-cf9c-4e90-8aad-164c42cc8330",
    "data": [
      {
        "text": "there is some trouble with online shopping",
        "userDefined": false
      }
    ],
    "isTemplate": false,
    "count": 0,
    "updated": 0
  },
  {
    "id": "9caf8681-4a21-48cb-87a5-1273d47892de",
    "data": [
      {
        "text": "i\u0027m facing some issues with shopping online",
        "userDefined": false
      }
    ],
    "isTemplate": false,
    "count": 0,
    "updated": 0
  },
  {
    "id": "339d2952-fb6a-4cd5-833e-9cbfea195a5a",
    "data": [
      {
        "text": "i have technical issues on the ",
        "userDefined": false
      },
      {
        "text": "eshop",
        "alias": "OnlineSingtelSites",
        "meta": "@OnlineSingtelSites",
        "userDefined": false
      }
    ],
    "isTemplate": false,
    "count": 0,
    "updated": 0
  }
]