[
  {
    "id": "b2b022cc-15e1-4ccd-a510-7116049dc7c9",
    "data": [
      {
        "text": "what is samsung concierge",
        "userDefined": false
      }
    ],
    "isTemplate": false,
    "count": 0,
    "updated": 0
  },
  {
    "id": "b79800b2-94ed-48fc-8f12-6ac27c48a1a8",
    "data": [
      {
        "text": "how to register for ",
        "userDefined": false
      },
      {
        "text": "samsung",
        "alias": "HandsetBrands",
        "meta": "@HandsetBrands",
        "userDefined": false
      },
      {
        "text": " concierge",
        "userDefined": false
      }
    ],
    "isTemplate": false,
    "count": 0,
    "updated": 0
  },
  {
    "id": "e909d8f7-29c5-478e-a8f2-0affd84db2df",
    "data": [
      {
        "text": "samsung",
        "alias": "HandsetBrands",
        "meta": "@HandsetBrands",
        "userDefined": false
      },
      {
        "text": " concierge",
        "userDefined": false
      }
    ],
    "isTemplate": false,
    "count": 0,
    "updated": 0
  }
]