[
  {
    "id": "39d5a78d-90e1-4a11-89c2-a5cc4f54ede1",
    "data": [
      {
        "text": "Any ",
        "userDefined": false
      },
      {
        "text": "promo",
        "meta": "@sys.ignore",
        "userDefined": false
      },
      {
        "text": " for ",
        "userDefined": false
      },
      {
        "text": "fibre",
        "meta": "@sys.ignore",
        "userDefined": false
      },
      {
        "text": "?",
        "userDefined": false
      }
    ],
    "isTemplate": false,
    "count": 0,
    "updated": 0
  },
  {
    "id": "496391db-afa3-428a-ad1f-14a38e0dbf06",
    "data": [
      {
        "text": "Hi I Missed out the Sept ",
        "userDefined": false
      },
      {
        "text": "promo",
        "meta": "@sys.ignore",
        "userDefined": false
      },
      {
        "text": " for ",
        "userDefined": false
      },
      {
        "text": "grab",
        "meta": "@sys.ignore",
        "userDefined": true
      },
      {
        "text": " partner ",
        "userDefined": false
      },
      {
        "text": "corporate",
        "meta": "@sys.ignore",
        "userDefined": false
      },
      {
        "text": "? Is it still ongoing?",
        "userDefined": false
      }
    ],
    "isTemplate": false,
    "count": 0,
    "updated": 0
  },
  {
    "id": "78afe075-0589-4940-8758-3180a49ca1fb",
    "data": [
      {
        "text": "Hi, for combo ",
        "userDefined": false
      },
      {
        "text": "6",
        "meta": "@sys.ignore",
        "userDefined": false
      },
      {
        "text": ", is the ",
        "userDefined": false
      },
      {
        "text": "CIS",
        "meta": "@sys.ignore",
        "userDefined": false
      },
      {
        "text": " SCB ",
        "userDefined": false
      },
      {
        "text": "promotion",
        "meta": "@sys.ignore",
        "userDefined": false
      },
      {
        "text": " of ",
        "userDefined": false
      },
      {
        "text": "6",
        "meta": "@sys.ignore",
        "userDefined": false
      },
      {
        "text": "Gb + ",
        "userDefined": false
      },
      {
        "text": "5",
        "meta": "@sys.ignore",
        "userDefined": false
      },
      {
        "text": "Gb still available?",
        "userDefined": false
      }
    ],
    "isTemplate": false,
    "count": 0,
    "updated": 0
  },
  {
    "id": "389c88ed-b5b7-4b90-b670-e8178aed0dce",
    "data": [
      {
        "text": "Hi ",
        "userDefined": false
      },
      {
        "text": "Francis",
        "alias": "given-name",
        "meta": "@sys.given-name",
        "userDefined": false
      },
      {
        "text": ", I\u0027m interested to switch to ",
        "userDefined": false
      },
      {
        "text": "cis",
        "meta": "@sys.ignore",
        "userDefined": false
      },
      {
        "text": " plan, may I know if the ",
        "userDefined": false
      },
      {
        "text": "promotion",
        "alias": "Promotion",
        "meta": "@Promotion",
        "userDefined": false
      },
      {
        "text": " of ",
        "userDefined": false
      },
      {
        "text": "$150",
        "meta": "@sys.ignore",
        "userDefined": false
      },
      {
        "text": " off for combo2 and additional ",
        "userDefined": false
      },
      {
        "text": "$50",
        "meta": "@sys.ignore",
        "userDefined": false
      },
      {
        "text": " off for ",
        "userDefined": false
      },
      {
        "text": "online",
        "meta": "@sys.ignore",
        "userDefined": false
      },
      {
        "text": " purchase still available?",
        "userDefined": false
      }
    ],
    "isTemplate": false,
    "count": 0,
    "updated": 0
  },
  {
    "id": "f4018481-42ed-4a64-8680-46153e0ba5ed",
    "data": [
      {
        "text": "What is the latest ",
        "userDefined": false
      },
      {
        "text": "CIS",
        "alias": "CIS",
        "meta": "@CIS",
        "userDefined": false
      },
      {
        "text": " ",
        "userDefined": false
      },
      {
        "text": "PROMOTION",
        "alias": "Promotion",
        "meta": "@Promotion",
        "userDefined": false
      },
      {
        "text": " ON THE ",
        "userDefined": false
      },
      {
        "text": "website",
        "meta": "@sys.ignore",
        "userDefined": false
      },
      {
        "text": " it states ",
        "userDefined": false
      },
      {
        "text": "promo",
        "meta": "@sys.ignore",
        "userDefined": false
      },
      {
        "text": " ",
        "userDefined": false
      },
      {
        "text": "until 30 nov",
        "meta": "@sys.ignore",
        "userDefined": false
      }
    ],
    "isTemplate": false,
    "count": 0,
    "updated": 0
  },
  {
    "id": "66202162-590a-4cb5-8e95-a62510a1fb93",
    "data": [
      {
        "text": "Your on ",
        "userDefined": false
      },
      {
        "text": "cis",
        "alias": "CIS",
        "meta": "@CIS",
        "userDefined": false
      },
      {
        "text": " ",
        "userDefined": false
      },
      {
        "text": "online",
        "alias": "Online",
        "meta": "@Online",
        "userDefined": false
      },
      {
        "text": " shop ",
        "userDefined": false
      },
      {
        "text": "promo",
        "alias": "Promotion1",
        "meta": "@Promotion",
        "userDefined": false
      },
      {
        "text": " valid till ",
        "userDefined": false
      },
      {
        "text": "30Nov.",
        "alias": "date",
        "meta": "@sys.date",
        "userDefined": false
      },
      {
        "text": " What and when will be the new ",
        "userDefined": false
      },
      {
        "text": "promo",
        "alias": "Promotion",
        "meta": "@Promotion",
        "userDefined": false
      },
      {
        "text": ".",
        "userDefined": false
      }
    ],
    "isTemplate": false,
    "count": 0,
    "updated": 0
  },
  {
    "id": "470bcf42-040b-4a3d-969f-11bd35e51fc6",
    "data": [
      {
        "text": "Hi. May I know what is December ",
        "userDefined": false
      },
      {
        "text": "promotion",
        "alias": "Promotion",
        "meta": "@Promotion",
        "userDefined": false
      },
      {
        "text": " for ",
        "userDefined": false
      },
      {
        "text": "CIS",
        "alias": "CIS",
        "meta": "@CIS",
        "userDefined": false
      }
    ],
    "isTemplate": false,
    "count": 0,
    "updated": 0
  },
  {
    "id": "f0fb160d-c8b7-4519-97e0-0128f18118cf",
    "data": [
      {
        "text": "what is the ",
        "userDefined": false
      },
      {
        "text": "promo",
        "alias": "Promotion",
        "meta": "@Promotion",
        "userDefined": false
      },
      {
        "text": " for ",
        "userDefined": false
      },
      {
        "text": "Dec 2017",
        "meta": "@sys.ignore",
        "userDefined": false
      }
    ],
    "isTemplate": false,
    "count": 1,
    "updated": 0
  },
  {
    "id": "89e926b3-a45e-44e0-8162-74e64551e207",
    "data": [
      {
        "text": "what is the ",
        "userDefined": false
      },
      {
        "text": "promo",
        "alias": "Promotion",
        "meta": "@Promotion",
        "userDefined": false
      },
      {
        "text": " for ",
        "userDefined": false
      },
      {
        "text": "Dec",
        "meta": "@sys.ignore",
        "userDefined": false
      },
      {
        "text": "?",
        "userDefined": false
      }
    ],
    "isTemplate": false,
    "count": 0,
    "updated": 0
  },
  {
    "id": "69594dd4-a97f-4e29-92ed-2b3af525bacd",
    "data": [
      {
        "text": "Is there any more ",
        "userDefined": false
      },
      {
        "text": "CIS",
        "alias": "CIS",
        "meta": "@CIS",
        "userDefined": false
      },
      {
        "text": " ",
        "userDefined": false
      },
      {
        "text": "promotion",
        "alias": "Promotion",
        "meta": "@Promotion",
        "userDefined": false
      },
      {
        "text": " available?",
        "userDefined": false
      }
    ],
    "isTemplate": false,
    "count": 0,
    "updated": 0
  },
  {
    "id": "0e5cf322-0cd5-402e-8227-3121c6606bd7",
    "data": [
      {
        "text": "i wish to enquire about the ",
        "userDefined": false
      },
      {
        "text": "cis",
        "alias": "CIS",
        "meta": "@CIS",
        "userDefined": false
      },
      {
        "text": " ",
        "userDefined": false
      },
      {
        "text": "promo",
        "alias": "Promotion",
        "meta": "@Promotion",
        "userDefined": false
      }
    ],
    "isTemplate": false,
    "count": 0,
    "updated": 0
  },
  {
    "id": "c9637e8d-b630-4f69-bb8a-f689cce408f5",
    "data": [
      {
        "text": "is the ",
        "userDefined": false
      },
      {
        "text": "port-in",
        "alias": "PortIn",
        "meta": "@PortIn",
        "userDefined": false
      },
      {
        "text": " ",
        "userDefined": false
      },
      {
        "text": "offer",
        "alias": "Promotion",
        "meta": "@Promotion",
        "userDefined": false
      },
      {
        "text": " expiring ",
        "userDefined": false
      },
      {
        "text": "on 13 Oct",
        "alias": "date",
        "meta": "@sys.date",
        "userDefined": false
      },
      {
        "text": "?",
        "userDefined": false
      }
    ],
    "isTemplate": false,
    "count": 0,
    "updated": 0
  },
  {
    "id": "24f56223-c334-4c09-8cf2-4ee4e4a2e218",
    "data": [
      {
        "text": "what ",
        "userDefined": false
      },
      {
        "text": "promotions",
        "alias": "Promotion",
        "meta": "@Promotion",
        "userDefined": true
      },
      {
        "text": " are available currently?",
        "userDefined": false
      }
    ],
    "isTemplate": false,
    "count": 0,
    "updated": 0
  },
  {
    "id": "32f7a972-b5e9-4938-b831-2eb2153cf91b",
    "data": [
      {
        "text": "I have a ",
        "userDefined": false
      },
      {
        "text": "$100",
        "alias": "unit-currency",
        "meta": "@sys.unit-currency",
        "userDefined": false
      },
      {
        "text": " voucher off any ",
        "userDefined": false
      },
      {
        "text": "handset",
        "alias": "Handphone",
        "meta": "@Handphone",
        "userDefined": false
      },
      {
        "text": " when I ",
        "userDefined": false
      },
      {
        "text": "recontract",
        "alias": "Recontract",
        "meta": "@Recontract",
        "userDefined": false
      },
      {
        "text": " my line. Can I use this ",
        "userDefined": false
      },
      {
        "text": "online",
        "alias": "Online",
        "meta": "@Online",
        "userDefined": false
      },
      {
        "text": "?",
        "userDefined": false
      }
    ],
    "isTemplate": false,
    "count": 0,
    "updated": 0
  },
  {
    "id": "c547607c-f633-48af-a721-2d6ea645ee78",
    "data": [
      {
        "text": "any new ",
        "userDefined": false
      },
      {
        "text": "promos",
        "alias": "Promotion",
        "meta": "@Promotion",
        "userDefined": false
      },
      {
        "text": "?",
        "userDefined": false
      }
    ],
    "isTemplate": false,
    "count": 0,
    "updated": 0
  },
  {
    "id": "12cc6f01-d721-46bc-ad42-f018c5f701c8",
    "data": [
      {
        "text": "is there any ",
        "userDefined": false
      },
      {
        "text": "discount",
        "alias": "Discount",
        "meta": "@Discount",
        "userDefined": false
      },
      {
        "text": " or ",
        "userDefined": false
      },
      {
        "text": "promo",
        "alias": "Promotion",
        "meta": "@Promotion",
        "userDefined": false
      },
      {
        "text": " at comex",
        "userDefined": false
      }
    ],
    "isTemplate": false,
    "count": 0,
    "updated": 0
  },
  {
    "id": "975ad728-b2af-4a85-8b56-15b6ac82c574",
    "data": [
      {
        "text": "i would like to check on ",
        "userDefined": false
      },
      {
        "text": "CIS",
        "alias": "CIS",
        "meta": "@CIS",
        "userDefined": false
      },
      {
        "text": " ",
        "userDefined": false
      },
      {
        "text": "promotion",
        "alias": "Promotion",
        "meta": "@Promotion",
        "userDefined": false
      }
    ],
    "isTemplate": false,
    "count": 0,
    "updated": 0
  },
  {
    "id": "20ed5be0-2d91-4553-9a59-b4e2abc1d43a",
    "data": [
      {
        "text": "what is the online ",
        "userDefined": false
      },
      {
        "text": "promotion",
        "alias": "Promotion",
        "meta": "@Promotion",
        "userDefined": true
      },
      {
        "text": " for ",
        "userDefined": false
      },
      {
        "text": "cis",
        "alias": "CIS",
        "meta": "@CIS",
        "userDefined": false
      }
    ],
    "isTemplate": false,
    "count": 0,
    "updated": 0
  },
  {
    "id": "4020cdbb-7232-4222-a32c-14a513796310",
    "data": [
      {
        "text": "i want to know the latest ",
        "userDefined": false
      },
      {
        "text": "CIS",
        "alias": "CIS",
        "meta": "@CIS",
        "userDefined": false
      },
      {
        "text": " ",
        "userDefined": false
      },
      {
        "text": "promotion",
        "alias": "Promotion",
        "meta": "@Promotion",
        "userDefined": true
      }
    ],
    "isTemplate": false,
    "count": 0,
    "updated": 0
  },
  {
    "id": "a89b9841-a00f-43d4-842b-28cd71171be7",
    "data": [
      {
        "text": "i want to know the latest ",
        "userDefined": false
      },
      {
        "text": "promotions",
        "alias": "Promotion",
        "meta": "@Promotion",
        "userDefined": true
      },
      {
        "text": ". how do you think you can notify me?",
        "userDefined": false
      }
    ],
    "isTemplate": false,
    "count": 0,
    "updated": 0
  },
  {
    "id": "3d631011-ff45-4bf1-a800-05b59a86491d",
    "data": [
      {
        "text": "what are the ",
        "userDefined": false
      },
      {
        "text": "promos",
        "alias": "Promotion",
        "meta": "@Promotion",
        "userDefined": true
      }
    ],
    "isTemplate": false,
    "count": 0,
    "updated": 0
  },
  {
    "id": "c8431e1c-98a9-4a45-ba5e-a43a7aad2ff1",
    "data": [
      {
        "text": "can you suggest me a list of ",
        "userDefined": false
      },
      {
        "text": "promos",
        "alias": "Promotion",
        "meta": "@Promotion",
        "userDefined": true
      }
    ],
    "isTemplate": false,
    "count": 0,
    "updated": 0
  },
  {
    "id": "baecab26-b4c3-49c9-b651-2441e201515d",
    "data": [
      {
        "text": "Where to get the latest ",
        "userDefined": false
      },
      {
        "text": "promo",
        "alias": "Promotion",
        "meta": "@Promotion",
        "userDefined": true
      }
    ],
    "isTemplate": false,
    "count": 0,
    "updated": 0
  },
  {
    "id": "b30426f5-12b8-4c5d-9076-441c8f02d308",
    "data": [
      {
        "text": "is there going to be any ",
        "userDefined": false
      },
      {
        "text": "promotions",
        "alias": "Promotion",
        "meta": "@Promotion",
        "userDefined": false
      },
      {
        "text": " during comex",
        "userDefined": false
      }
    ],
    "isTemplate": false,
    "count": 0,
    "updated": 0
  },
  {
    "id": "148fe62b-51c2-43f1-b6bf-bbb6f09424f2",
    "data": [
      {
        "text": "do you have ",
        "userDefined": false
      },
      {
        "text": "note8",
        "alias": "HandsetBrands",
        "meta": "@HandsetBrands",
        "userDefined": false
      },
      {
        "text": " ",
        "userDefined": false
      },
      {
        "text": "promotion",
        "alias": "Promotion",
        "meta": "@Promotion",
        "userDefined": false
      },
      {
        "text": " if i ",
        "userDefined": false
      },
      {
        "text": "recontract",
        "alias": "Recontract",
        "meta": "@Recontract",
        "userDefined": false
      },
      {
        "text": " under ",
        "userDefined": false
      },
      {
        "text": "cis",
        "alias": "CIS",
        "meta": "@CIS",
        "userDefined": false
      },
      {
        "text": " plan",
        "userDefined": false
      }
    ],
    "isTemplate": false,
    "count": 0,
    "updated": 0
  },
  {
    "id": "d73b697b-c3b8-4b4a-9e9a-6f1481755f3f",
    "data": [
      {
        "text": "Hi ",
        "userDefined": false
      },
      {
        "text": "francis",
        "alias": "given-name",
        "meta": "@sys.given-name",
        "userDefined": false
      },
      {
        "text": ", will ",
        "userDefined": false
      },
      {
        "text": "CIS",
        "alias": "CIS",
        "meta": "@CIS",
        "userDefined": false
      },
      {
        "text": " ",
        "userDefined": false
      },
      {
        "text": "promotion",
        "alias": "Promotion",
        "meta": "@Promotion",
        "userDefined": false
      },
      {
        "text": " be applicable for pixel xl ",
        "userDefined": false
      },
      {
        "text": "2",
        "alias": "number",
        "meta": "@sys.number",
        "userDefined": false
      },
      {
        "text": "?",
        "userDefined": false
      }
    ],
    "isTemplate": false,
    "count": 0,
    "updated": 0
  },
  {
    "id": "6d8f08bc-4769-4a99-930d-98e660772df7",
    "data": [
      {
        "text": "can i see the ",
        "userDefined": false
      },
      {
        "text": "promo",
        "alias": "Promotion",
        "meta": "@Promotion",
        "userDefined": true
      }
    ],
    "isTemplate": false,
    "count": 0,
    "updated": 0
  },
  {
    "id": "a867241b-55b3-4831-84db-14619c0ec14f",
    "data": [
      {
        "text": "any ",
        "userDefined": false
      },
      {
        "text": "cis",
        "alias": "CIS",
        "meta": "@CIS",
        "userDefined": false
      },
      {
        "text": " promotions",
        "userDefined": false
      }
    ],
    "isTemplate": false,
    "count": 1,
    "updated": 0
  },
  {
    "id": "eeeb59e8-7a75-4551-af94-1366909edb09",
    "data": [
      {
        "text": "what ",
        "userDefined": false
      },
      {
        "text": "promotions",
        "alias": "Promotion",
        "meta": "@Promotion",
        "userDefined": true
      },
      {
        "text": " are there",
        "userDefined": false
      }
    ],
    "isTemplate": false,
    "count": 0,
    "updated": 0
  },
  {
    "id": "880ef498-135f-4a18-86c2-1d802b2a6c69",
    "data": [
      {
        "text": "what is ",
        "userDefined": false
      },
      {
        "text": "cis",
        "alias": "CIS",
        "meta": "@CIS",
        "userDefined": false
      },
      {
        "text": " latest ",
        "userDefined": false
      },
      {
        "text": "promotion",
        "alias": "Promotion",
        "meta": "@Promotion",
        "userDefined": true
      }
    ],
    "isTemplate": false,
    "count": 0,
    "updated": 0
  },
  {
    "id": "c2865543-4284-43cf-9675-4ae842038a67",
    "data": [
      {
        "text": "Hi. I am existing ",
        "userDefined": false
      },
      {
        "text": "singtel",
        "alias": "Competitors",
        "meta": "@Competitors",
        "userDefined": false
      },
      {
        "text": " customer for more than ",
        "userDefined": false
      },
      {
        "text": "10 years",
        "alias": "age",
        "meta": "@sys.age",
        "userDefined": false
      },
      {
        "text": ". If i want to ",
        "userDefined": false
      },
      {
        "text": "recontract",
        "alias": "Recontract",
        "meta": "@Recontract",
        "userDefined": false
      },
      {
        "text": " my ",
        "userDefined": false
      },
      {
        "text": "corporate",
        "alias": "CorporateLine",
        "meta": "@CorporateLine",
        "userDefined": false
      },
      {
        "text": " combo ",
        "userDefined": false
      },
      {
        "text": "3",
        "alias": "number",
        "meta": "@sys.number",
        "userDefined": false
      },
      {
        "text": " plan and buy a new ",
        "userDefined": false
      },
      {
        "text": "handset",
        "alias": "Handphone",
        "meta": "@Handphone",
        "userDefined": false
      },
      {
        "text": " ",
        "userDefined": false
      },
      {
        "text": "iphone 8",
        "alias": "LatestiPhone",
        "meta": "@LatestiPhone",
        "userDefined": false
      },
      {
        "text": ", what are the promo that i will be able to enjoy?",
        "userDefined": false
      }
    ],
    "isTemplate": false,
    "count": 0,
    "updated": 0
  },
  {
    "id": "08e56c2d-5649-469b-b444-d5f45885845e",
    "data": [
      {
        "text": "is ",
        "userDefined": false
      },
      {
        "text": "iphone 8",
        "alias": "LatestiPhone",
        "meta": "@LatestiPhone",
        "userDefined": false
      },
      {
        "text": " entitle additional ",
        "userDefined": false
      },
      {
        "text": "$30",
        "alias": "unit-currency",
        "meta": "@sys.unit-currency",
        "userDefined": false
      },
      {
        "text": " ",
        "userDefined": false
      },
      {
        "text": "discount",
        "alias": "Discount",
        "meta": "@Discount",
        "userDefined": false
      },
      {
        "text": " for using ",
        "userDefined": false
      },
      {
        "text": "online",
        "alias": "Online",
        "meta": "@Online",
        "userDefined": false
      },
      {
        "text": " ",
        "userDefined": false
      },
      {
        "text": "cis",
        "alias": "CIS",
        "meta": "@CIS",
        "userDefined": false
      },
      {
        "text": " purchase",
        "userDefined": false
      }
    ],
    "isTemplate": false,
    "count": 1,
    "updated": 0
  },
  {
    "id": "725108c8-1192-41ce-b82a-9de88d826125",
    "data": [
      {
        "text": "what are the ",
        "userDefined": false
      },
      {
        "text": "CIS",
        "alias": "CIS",
        "meta": "@CIS",
        "userDefined": false
      },
      {
        "text": " ",
        "userDefined": false
      },
      {
        "text": "promotions",
        "alias": "Promotion",
        "meta": "@Promotion",
        "userDefined": true
      }
    ],
    "isTemplate": false,
    "count": 0,
    "updated": 0
  },
  {
    "id": "f4ee79c7-fecd-4aca-8203-82a2b013aa6c",
    "data": [
      {
        "text": "Hi, is there any ",
        "userDefined": false
      },
      {
        "text": "promotion",
        "alias": "Promotion",
        "meta": "@Promotion",
        "userDefined": false
      },
      {
        "text": " for ",
        "userDefined": false
      },
      {
        "text": "cis",
        "alias": "CIS",
        "meta": "@CIS",
        "userDefined": false
      },
      {
        "text": " now",
        "userDefined": false
      }
    ],
    "isTemplate": false,
    "count": 0,
    "updated": 0
  },
  {
    "id": "fb97de5a-3214-4f92-a9a6-d4465b7a33c7",
    "data": [
      {
        "text": "where is the latest ",
        "userDefined": false
      },
      {
        "text": "CIS",
        "alias": "CIS",
        "meta": "@CIS",
        "userDefined": false
      },
      {
        "text": " ",
        "userDefined": false
      },
      {
        "text": "promo",
        "alias": "Promotion",
        "meta": "@Promotion",
        "userDefined": true
      }
    ],
    "isTemplate": false,
    "count": 0,
    "updated": 0
  },
  {
    "id": "d15dcc89-2ff3-40d6-829a-751aa748c867",
    "data": [
      {
        "text": "how to know the latest ",
        "userDefined": false
      },
      {
        "text": "CIS",
        "alias": "CIS",
        "meta": "@CIS",
        "userDefined": false
      },
      {
        "text": " ",
        "userDefined": false
      },
      {
        "text": "promotions",
        "alias": "Promotion",
        "meta": "@Promotion",
        "userDefined": true
      }
    ],
    "isTemplate": false,
    "count": 0,
    "updated": 0
  },
  {
    "id": "1ac33fab-9840-4b88-9842-2bfc08de803b",
    "data": [
      {
        "text": "If i ",
        "userDefined": false
      },
      {
        "text": "recontract",
        "alias": "Recontract",
        "meta": "@Recontract",
        "userDefined": false
      },
      {
        "text": ", under ",
        "userDefined": false
      },
      {
        "text": "corporate",
        "alias": "CorporateLine",
        "meta": "@CorporateLine",
        "userDefined": false
      },
      {
        "text": " plan, do you have ",
        "userDefined": false
      },
      {
        "text": "offered",
        "alias": "Promotion1",
        "meta": "@Promotion",
        "userDefined": false
      },
      {
        "text": " ",
        "userDefined": false
      },
      {
        "text": "promotion",
        "alias": "Promotion",
        "meta": "@Promotion",
        "userDefined": false
      },
      {
        "text": " for ",
        "userDefined": false
      },
      {
        "text": "samsung note 8",
        "alias": "Note8",
        "meta": "@Note8",
        "userDefined": false
      }
    ],
    "isTemplate": false,
    "count": 0,
    "updated": 0
  },
  {
    "id": "a46f6ae4-87b5-4b54-a5ca-dfe649a6f57c",
    "data": [
      {
        "text": "latest ",
        "userDefined": false
      },
      {
        "text": "promo",
        "alias": "Promotion",
        "meta": "@Promotion",
        "userDefined": true
      }
    ],
    "isTemplate": false,
    "count": 0,
    "updated": 0
  },
  {
    "id": "303d2924-3000-4121-8d09-787cbfc2ca18",
    "data": [
      {
        "text": "what is your brand new ",
        "userDefined": false
      },
      {
        "text": "promo",
        "alias": "Promotion",
        "meta": "@Promotion",
        "userDefined": true
      }
    ],
    "isTemplate": false,
    "count": 0,
    "updated": 0
  },
  {
    "id": "cad52547-a40e-42a5-85df-b03e45293aed",
    "data": [
      {
        "text": "any ",
        "userDefined": false
      },
      {
        "text": "promos",
        "alias": "Promotion",
        "meta": "@Promotion",
        "userDefined": false
      },
      {
        "text": " during comex?",
        "userDefined": false
      }
    ],
    "isTemplate": false,
    "count": 0,
    "updated": 0
  },
  {
    "id": "7d922f80-95fe-4e4c-b530-c8dd0a0cf985",
    "data": [
      {
        "text": "Can I check if there is any ",
        "userDefined": false
      },
      {
        "text": "CIS",
        "alias": "CIS",
        "meta": "@CIS",
        "userDefined": false
      },
      {
        "text": " ",
        "userDefined": false
      },
      {
        "text": "promotion",
        "alias": "Promotion",
        "meta": "@Promotion",
        "userDefined": false
      },
      {
        "text": " for this single day",
        "userDefined": false
      }
    ],
    "isTemplate": false,
    "count": 0,
    "updated": 0
  },
  {
    "id": "3bd21648-deb6-4c38-beae-a7be9a50dad6",
    "data": [
      {
        "text": "Hi, any CIS promo for iphone 8Plus 64GB? this is Elaine",
        "userDefined": false
      }
    ],
    "isTemplate": false,
    "count": 0,
    "updated": 0
  },
  {
    "id": "d5e82434-f2b9-40f7-a722-40c1110ac33d",
    "data": [
      {
        "text": "what are the most recent ",
        "userDefined": false
      },
      {
        "text": "promos",
        "alias": "Promotion",
        "meta": "@Promotion",
        "userDefined": true
      }
    ],
    "isTemplate": false,
    "count": 0,
    "updated": 0
  },
  {
    "id": "97e2336f-9207-4a8a-a231-131f3a426246",
    "data": [
      {
        "text": "I want to see the ",
        "userDefined": false
      },
      {
        "text": "promos",
        "alias": "Promotion",
        "meta": "@Promotion",
        "userDefined": true
      }
    ],
    "isTemplate": false,
    "count": 0,
    "updated": 0
  },
  {
    "id": "522baa77-cdee-41eb-91b2-08021e02fc2c",
    "data": [
      {
        "text": "can i check if the ",
        "userDefined": false
      },
      {
        "text": "port in",
        "alias": "PortIn",
        "meta": "@PortIn",
        "userDefined": false
      },
      {
        "text": " ",
        "userDefined": false
      },
      {
        "text": "discount",
        "alias": "Discount",
        "meta": "@Discount",
        "userDefined": false
      },
      {
        "text": " ",
        "userDefined": false
      },
      {
        "text": "apply",
        "alias": "Sign-up",
        "meta": "@Sign-up",
        "userDefined": false
      },
      {
        "text": " to ",
        "userDefined": false
      },
      {
        "text": "iphone",
        "alias": "HandsetBrands",
        "meta": "@HandsetBrands",
        "userDefined": false
      },
      {
        "text": " as well/",
        "userDefined": false
      }
    ],
    "isTemplate": false,
    "count": 0,
    "updated": 0
  },
  {
    "id": "1b3e9f12-a18d-412d-93ee-b29a797af018",
    "data": [
      {
        "text": "does the ",
        "userDefined": false
      },
      {
        "text": "port in",
        "alias": "PortIn",
        "meta": "@PortIn",
        "userDefined": false
      },
      {
        "text": " ",
        "userDefined": false
      },
      {
        "text": "discount",
        "alias": "Discount",
        "meta": "@Discount",
        "userDefined": false
      },
      {
        "text": " ",
        "userDefined": false
      },
      {
        "text": "apply",
        "alias": "Sign-up",
        "meta": "@Sign-up",
        "userDefined": false
      },
      {
        "text": " to ",
        "userDefined": false
      },
      {
        "text": "iphones",
        "alias": "HandsetBrands",
        "meta": "@HandsetBrands",
        "userDefined": false
      },
      {
        "text": "?",
        "userDefined": false
      }
    ],
    "isTemplate": false,
    "count": 0,
    "updated": 0
  },
  {
    "id": "a39c6264-7d95-4632-9648-ceb5ac15e38e",
    "data": [
      {
        "text": "let me see the ",
        "userDefined": false
      },
      {
        "text": "promo",
        "alias": "Promotion",
        "meta": "@Promotion",
        "userDefined": true
      }
    ],
    "isTemplate": false,
    "count": 0,
    "updated": 0
  },
  {
    "id": "7421a548-c996-4151-9417-3e9f39bf692e",
    "data": [
      {
        "text": "Any ",
        "userDefined": false
      },
      {
        "text": "discount",
        "alias": "Discount",
        "meta": "@Discount",
        "userDefined": false
      },
      {
        "text": " for ",
        "userDefined": false
      },
      {
        "text": "handset",
        "alias": "Handphone",
        "meta": "@Handphone",
        "userDefined": false
      },
      {
        "text": " for contract renewal",
        "userDefined": false
      }
    ],
    "isTemplate": false,
    "count": 0,
    "updated": 0
  },
  {
    "id": "3d458e3d-e2aa-4d15-b320-f2f55cf6d3f3",
    "data": [
      {
        "text": "what are the current ",
        "userDefined": false
      },
      {
        "text": "offers",
        "alias": "Promotion",
        "meta": "@Promotion",
        "userDefined": true
      },
      {
        "text": "?",
        "userDefined": false
      }
    ],
    "isTemplate": false,
    "count": 0,
    "updated": 0
  },
  {
    "id": "2755c1ca-2f58-4342-ad9c-a5be0e25abcc",
    "data": [
      {
        "text": "any upcoming ",
        "userDefined": false
      },
      {
        "text": "promos",
        "alias": "Promotion",
        "meta": "@Promotion",
        "userDefined": false
      },
      {
        "text": "?",
        "userDefined": false
      }
    ],
    "isTemplate": false,
    "count": 0,
    "updated": 0
  },
  {
    "id": "0586b16e-1905-4388-ac9e-4d43e500cc1c",
    "data": [
      {
        "text": "what is the latest ",
        "userDefined": false
      },
      {
        "text": "CIS",
        "alias": "CIS",
        "meta": "@CIS",
        "userDefined": false
      },
      {
        "text": " ",
        "userDefined": false
      },
      {
        "text": "promotion",
        "alias": "Promotion",
        "meta": "@Promotion",
        "userDefined": true
      }
    ],
    "isTemplate": false,
    "count": 0,
    "updated": 0
  },
  {
    "id": "d4216c13-2fea-4e53-8ff1-64b7ead3dedf",
    "data": [
      {
        "text": "can i check does ",
        "userDefined": false
      },
      {
        "text": "cis",
        "alias": "CIS",
        "meta": "@CIS",
        "userDefined": false
      },
      {
        "text": " still have the plus ",
        "userDefined": false
      },
      {
        "text": "1",
        "alias": "number",
        "meta": "@sys.number",
        "userDefined": false
      },
      {
        "text": "gb data",
        "userDefined": false
      }
    ],
    "isTemplate": false,
    "count": 1,
    "updated": 0
  },
  {
    "id": "e8f87e80-7928-4afc-87e8-c932daaa4570",
    "data": [
      {
        "text": "How about in store ",
        "userDefined": false
      },
      {
        "text": "CIS",
        "alias": "CIS",
        "meta": "@CIS",
        "userDefined": false
      },
      {
        "text": " ",
        "userDefined": false
      },
      {
        "text": "promotion",
        "alias": "Promotion",
        "meta": "@Promotion",
        "userDefined": false
      }
    ],
    "isTemplate": false,
    "count": 0,
    "updated": 0
  },
  {
    "id": "66b0d8d1-fff8-4ef3-83a4-8de2f020fb87",
    "data": [
      {
        "text": "is there a port in ",
        "userDefined": false
      },
      {
        "text": "incentive",
        "alias": "Promotion",
        "meta": "@Promotion",
        "userDefined": true
      }
    ],
    "isTemplate": false,
    "count": 0,
    "updated": 0
  },
  {
    "id": "5468103c-cd8c-4f34-8234-b808c7c5d849",
    "data": [
      {
        "text": "what are the current ",
        "userDefined": false
      },
      {
        "text": "cis",
        "alias": "CIS",
        "meta": "@CIS",
        "userDefined": false
      },
      {
        "text": " ",
        "userDefined": false
      },
      {
        "text": "promotions",
        "alias": "Promotion",
        "meta": "@Promotion",
        "userDefined": true
      }
    ],
    "isTemplate": false,
    "count": 0,
    "updated": 0
  },
  {
    "id": "69d89727-f678-4c9e-b6ad-5735c8e5959e",
    "data": [
      {
        "text": "got what ",
        "userDefined": false
      },
      {
        "text": "promo",
        "alias": "Promotion",
        "meta": "@Promotion",
        "userDefined": true
      }
    ],
    "isTemplate": false,
    "count": 0,
    "updated": 0
  },
  {
    "id": "95bf038e-4c94-4dd9-817b-5223198194fd",
    "data": [
      {
        "text": "i can see only ",
        "userDefined": false
      },
      {
        "text": "10%",
        "alias": "percentage",
        "meta": "@sys.percentage",
        "userDefined": false
      },
      {
        "text": " discounts in plan but is there any ",
        "userDefined": false
      },
      {
        "text": "discount",
        "alias": "Discount",
        "meta": "@Discount",
        "userDefined": false
      },
      {
        "text": " on ",
        "userDefined": false
      },
      {
        "text": "phone",
        "alias": "Handphone",
        "meta": "@Handphone",
        "userDefined": false
      },
      {
        "text": " initial payments",
        "userDefined": false
      }
    ],
    "isTemplate": false,
    "count": 0,
    "updated": 0
  },
  {
    "id": "239c0e8a-99a7-4a13-a398-8451dc330fbf",
    "data": [
      {
        "text": "if I ",
        "userDefined": false
      },
      {
        "text": "sign up",
        "alias": "Sign-up",
        "meta": "@Sign-up",
        "userDefined": false
      },
      {
        "text": " a new line, is that any ",
        "userDefined": false
      },
      {
        "text": "handset",
        "alias": "Handphone",
        "meta": "@Handphone",
        "userDefined": false
      },
      {
        "text": " ",
        "userDefined": false
      },
      {
        "text": "discount",
        "alias": "Discount",
        "meta": "@Discount",
        "userDefined": false
      },
      {
        "text": "?",
        "userDefined": false
      }
    ],
    "isTemplate": false,
    "count": 0,
    "updated": 0
  },
  {
    "id": "1dfc2a29-8651-4251-a816-fb70faf39a38",
    "data": [
      {
        "text": "For renewal of plan, any ",
        "userDefined": false
      },
      {
        "text": "discount",
        "alias": "Discount",
        "meta": "@Discount",
        "userDefined": false
      },
      {
        "text": " on ",
        "userDefined": false
      },
      {
        "text": "handset",
        "alias": "Handphone",
        "meta": "@Handphone",
        "userDefined": false
      }
    ],
    "isTemplate": false,
    "count": 0,
    "updated": 0
  },
  {
    "id": "81391e86-dae5-4f11-9e5f-09e0816a52e8",
    "data": [
      {
        "text": "any ",
        "userDefined": false
      },
      {
        "text": "promotion",
        "alias": "Promotion",
        "meta": "@Promotion",
        "userDefined": false
      },
      {
        "text": " during coming comex?",
        "userDefined": false
      }
    ],
    "isTemplate": false,
    "count": 1,
    "updated": 0
  },
  {
    "id": "5521a1cb-aef9-481f-95fe-30e207b4e6d1",
    "data": [
      {
        "text": "any free early ",
        "userDefined": false
      },
      {
        "text": "recontract",
        "alias": "Recontract",
        "meta": "@Recontract",
        "userDefined": false
      }
    ],
    "isTemplate": false,
    "count": 1,
    "updated": 0
  },
  {
    "id": "8cbc40cb-299b-4d97-a387-4de2a9dfa17c",
    "data": [
      {
        "text": "is there port in discount for ",
        "userDefined": false
      },
      {
        "text": "cis",
        "alias": "CIS",
        "meta": "@CIS",
        "userDefined": false
      }
    ],
    "isTemplate": false,
    "count": 0,
    "updated": 0
  },
  {
    "id": "31d456b1-9d46-427c-a353-d28797789cff",
    "data": [
      {
        "text": "hot ",
        "userDefined": false
      },
      {
        "text": "promo",
        "alias": "Promotion",
        "meta": "@Promotion",
        "userDefined": true
      }
    ],
    "isTemplate": false,
    "count": 0,
    "updated": 0
  },
  {
    "id": "a26e0ee7-585e-49c2-b0d9-0a7582801ff9",
    "data": [
      {
        "text": "where to find out the ",
        "userDefined": false
      },
      {
        "text": "CIS",
        "alias": "CIS",
        "meta": "@CIS",
        "userDefined": false
      },
      {
        "text": " ",
        "userDefined": false
      },
      {
        "text": "promo",
        "alias": "Promotion",
        "meta": "@Promotion",
        "userDefined": true
      }
    ],
    "isTemplate": false,
    "count": 0,
    "updated": 0
  },
  {
    "id": "2bc014c8-0e98-405d-ab78-2ad4deb97a79",
    "data": [
      {
        "text": "i would like to check on ",
        "userDefined": false
      },
      {
        "text": "CIS",
        "alias": "CIS",
        "meta": "@CIS",
        "userDefined": false
      },
      {
        "text": " ",
        "userDefined": false
      },
      {
        "text": "online",
        "alias": "Online",
        "meta": "@Online",
        "userDefined": false
      },
      {
        "text": " ",
        "userDefined": false
      },
      {
        "text": "promo",
        "alias": "Promotion",
        "meta": "@Promotion",
        "userDefined": false
      }
    ],
    "isTemplate": false,
    "count": 0,
    "updated": 0
  },
  {
    "id": "2e676f89-22fe-48a9-8424-1f4efd4324df",
    "data": [
      {
        "text": "what kind of ",
        "userDefined": false
      },
      {
        "text": "promos",
        "alias": "Promotion",
        "meta": "@Promotion",
        "userDefined": true
      },
      {
        "text": " do you have",
        "userDefined": false
      }
    ],
    "isTemplate": false,
    "count": 0,
    "updated": 0
  }
]