[
  {
    "id": "9f86973b-e3e1-49f6-a833-e0ab36f2e619",
    "data": [
      {
        "text": "18th month recontract admin",
        "userDefined": false
      }
    ],
    "isTemplate": false,
    "count": 0,
    "updated": 0
  },
  {
    "id": "5c4626ce-ca0f-4e2b-89a7-2f50d7d97cda",
    "data": [
      {
        "text": "between ",
        "userDefined": false
      },
      {
        "text": "18th to 20th month",
        "alias": "date-period",
        "meta": "@sys.date-period",
        "userDefined": false
      }
    ],
    "isTemplate": false,
    "count": 0,
    "updated": 0
  }
]