[
  {
    "id": "fc3ccaf9-8f5b-48c8-8601-2e0760533259",
    "data": [
      {
        "text": "i want to watch ",
        "userDefined": false
      },
      {
        "text": "spurs",
        "alias": "CastSports",
        "meta": "@CastSports",
        "userDefined": false
      },
      {
        "text": " match",
        "userDefined": false
      }
    ],
    "isTemplate": false,
    "count": 0,
    "updated": 0
  },
  {
    "id": "fba6e38a-615e-41ce-acb2-758395332e0d",
    "data": [
      {
        "text": "i want to watch ",
        "userDefined": false
      },
      {
        "text": "castsports",
        "alias": "CastSports",
        "meta": "@CastSports",
        "userDefined": false
      },
      {
        "text": " matches",
        "userDefined": false
      }
    ],
    "isTemplate": false,
    "count": 0,
    "updated": 0
  },
  {
    "id": "cb0f8790-2d64-4a5a-9e28-7b4f60b8bdc2",
    "data": [
      {
        "text": "i want to watch ",
        "userDefined": false
      },
      {
        "text": "leicester city",
        "alias": "CastSports",
        "meta": "@CastSports",
        "userDefined": false
      },
      {
        "text": " matches",
        "userDefined": false
      }
    ],
    "isTemplate": false,
    "count": 0,
    "updated": 0
  },
  {
    "id": "66479dbf-eccc-4042-b828-f456759ced76",
    "data": [
      {
        "text": "i want to watch ",
        "userDefined": false
      },
      {
        "text": "manu",
        "alias": "CastSports",
        "meta": "@CastSports",
        "userDefined": false
      },
      {
        "text": " match",
        "userDefined": false
      }
    ],
    "isTemplate": false,
    "count": 0,
    "updated": 0
  },
  {
    "id": "74e0d598-dc8f-4b85-93b9-4221ac2ff9df",
    "data": [
      {
        "text": "i want to watch ",
        "userDefined": false
      },
      {
        "text": "manu",
        "alias": "CastSports",
        "meta": "@CastSports",
        "userDefined": false
      }
    ],
    "isTemplate": false,
    "count": 0,
    "updated": 0
  },
  {
    "id": "20c63018-0932-4ebc-88f5-e9b389ac8c0a",
    "data": [
      {
        "text": "i want to watch ",
        "userDefined": false
      },
      {
        "text": "arsenal",
        "alias": "CastSports",
        "meta": "@CastSports",
        "userDefined": false
      }
    ],
    "isTemplate": false,
    "count": 0,
    "updated": 0
  },
  {
    "id": "f3c68e0b-ba7f-4f6f-aa61-1d28b911c9c9",
    "data": [
      {
        "text": "catching soccer games on ",
        "userDefined": false
      },
      {
        "text": "phone",
        "alias": "Handphone",
        "meta": "@Handphone",
        "userDefined": false
      }
    ],
    "isTemplate": false,
    "count": 0,
    "updated": 0
  },
  {
    "id": "ce506d28-4e66-4207-bf30-8a5d1094b38d",
    "data": [
      {
        "text": "watch the latest soccer matches",
        "userDefined": false
      }
    ],
    "isTemplate": false,
    "count": 0,
    "updated": 0
  },
  {
    "id": "707f623c-2b99-4228-8b5d-c2bcb096239e",
    "data": [
      {
        "text": "manchester",
        "alias": "CastSports",
        "meta": "@CastSports",
        "userDefined": false
      }
    ],
    "isTemplate": false,
    "count": 0,
    "updated": 0
  },
  {
    "id": "25a08de0-e19a-4642-b4f2-816add883c51",
    "data": [
      {
        "text": "arsenal",
        "alias": "CastSports",
        "meta": "@CastSports",
        "userDefined": true
      }
    ],
    "isTemplate": false,
    "count": 0,
    "updated": 0
  },
  {
    "id": "fd7452b4-c7fa-40d5-a461-e40af3198a87",
    "data": [
      {
        "text": "i love soccer",
        "userDefined": false
      }
    ],
    "isTemplate": false,
    "count": 0,
    "updated": 0
  },
  {
    "id": "ddf839bc-723c-4d61-bc24-70634d2bb173",
    "data": [
      {
        "text": "is there a soccer pack?",
        "userDefined": false
      }
    ],
    "isTemplate": false,
    "count": 0,
    "updated": 0
  },
  {
    "id": "521f043e-2e7b-4616-b3e8-44d90d17bee6",
    "data": [
      {
        "text": "mma",
        "userDefined": false
      }
    ],
    "isTemplate": false,
    "count": 0,
    "updated": 0
  },
  {
    "id": "09c6c52a-d0e7-45a1-94e6-7080d0c23006",
    "data": [
      {
        "text": "liverpool",
        "alias": "CastSports",
        "meta": "@CastSports",
        "userDefined": false
      }
    ],
    "isTemplate": false,
    "count": 0,
    "updated": 0
  },
  {
    "id": "2c3f7a07-ed7c-4b91-9b9a-9b85a4d8a33c",
    "data": [
      {
        "text": "chelsea",
        "alias": "given-name",
        "meta": "@sys.given-name",
        "userDefined": false
      }
    ],
    "isTemplate": false,
    "count": 0,
    "updated": 0
  },
  {
    "id": "4afe7cd1-12bc-4ef1-aec3-5f839c84bb2c",
    "data": [
      {
        "text": "manchester",
        "alias": "CastSports",
        "meta": "@CastSports",
        "userDefined": false
      },
      {
        "text": " united",
        "userDefined": false
      }
    ],
    "isTemplate": false,
    "count": 0,
    "updated": 0
  },
  {
    "id": "0738b754-cd81-4098-84f1-d1bb70943a60",
    "data": [
      {
        "text": "how much must i pay for sports package",
        "userDefined": false
      }
    ],
    "isTemplate": false,
    "count": 0,
    "updated": 0
  },
  {
    "id": "d59c61b0-7ff2-46f3-bca4-361f16d0288e",
    "data": [
      {
        "text": "i want to watch english premier league",
        "userDefined": false
      }
    ],
    "isTemplate": false,
    "count": 0,
    "updated": 0
  },
  {
    "id": "9fd95165-4525-47ef-8373-2e80c8be94a8",
    "data": [
      {
        "text": "how much is the sports pack",
        "userDefined": false
      }
    ],
    "isTemplate": false,
    "count": 0,
    "updated": 0
  },
  {
    "id": "70210937-20c7-47e4-ae3b-151bdc1b638f",
    "data": [
      {
        "text": "can i watch soccer",
        "userDefined": false
      }
    ],
    "isTemplate": false,
    "count": 1,
    "updated": 0
  },
  {
    "id": "42044bb6-992a-48b9-aaf7-c30fa095c43d",
    "data": [
      {
        "text": "is BPL available?",
        "userDefined": false
      }
    ],
    "isTemplate": false,
    "count": 1,
    "updated": 0
  },
  {
    "id": "69940c0d-bd40-43ef-bd88-a883ef17b118",
    "data": [
      {
        "text": "is there a live sports package?",
        "userDefined": false
      }
    ],
    "isTemplate": false,
    "count": 1,
    "updated": 0
  },
  {
    "id": "27b80ecc-3363-4b89-94ee-37fcccdfe2b5",
    "data": [
      {
        "text": "sports plus",
        "userDefined": false
      }
    ],
    "isTemplate": false,
    "count": 1,
    "updated": 0
  },
  {
    "id": "38ca6fc0-5009-420c-a410-3745917c6a77",
    "data": [
      {
        "text": "watch sports",
        "userDefined": false
      }
    ],
    "isTemplate": false,
    "count": 0,
    "updated": 0
  },
  {
    "id": "91e2bb6a-4f65-4d83-8ba6-3ac19f7fa25f",
    "data": [
      {
        "text": "ufc",
        "userDefined": false
      }
    ],
    "isTemplate": false,
    "count": 0,
    "updated": 0
  },
  {
    "id": "44a172ec-5f3b-40f8-af4e-993bc9a78fe0",
    "data": [
      {
        "text": "stream soccer matches",
        "userDefined": false
      }
    ],
    "isTemplate": false,
    "count": 0,
    "updated": 0
  },
  {
    "id": "b071d064-e667-4964-b2f6-8436fe4db83c",
    "data": [
      {
        "text": "mio stadium",
        "alias": "address",
        "meta": "@sys.address",
        "userDefined": false
      }
    ],
    "isTemplate": false,
    "count": 0,
    "updated": 0
  },
  {
    "id": "380c0ec3-c838-4e04-aad2-2b8e10c9fae9",
    "data": [
      {
        "text": "soccer games streaming",
        "userDefined": false
      }
    ],
    "isTemplate": false,
    "count": 0,
    "updated": 0
  },
  {
    "id": "13e8fff9-91f4-42eb-ae71-04e08bb07434",
    "data": [
      {
        "text": "how to watch soccer on singtel",
        "userDefined": false
      }
    ],
    "isTemplate": false,
    "count": 0,
    "updated": 0
  }
]