[
  {
    "id": "2d3663c1-014e-4f68-86d3-4d052982c3fd",
    "data": [
      {
        "text": "Spotify",
        "userDefined": false
      }
    ],
    "isTemplate": false,
    "count": 0,
    "updated": 0
  },
  {
    "id": "e2517698-178b-46cf-a8e4-221559ee2d29",
    "data": [
      {
        "text": "i want to ",
        "userDefined": false
      },
      {
        "text": "sign up",
        "alias": "Sign-up",
        "meta": "@Sign-up",
        "userDefined": false
      },
      {
        "text": " for amped",
        "userDefined": false
      }
    ],
    "isTemplate": false,
    "count": 0,
    "updated": 0
  },
  {
    "id": "9b92ff6d-5e72-4c41-af09-745e88f6b20b",
    "data": [
      {
        "text": "i want to ",
        "userDefined": false
      },
      {
        "text": "sign up",
        "alias": "Sign-up",
        "meta": "@Sign-up",
        "userDefined": false
      },
      {
        "text": " for tidal",
        "userDefined": false
      }
    ],
    "isTemplate": false,
    "count": 0,
    "updated": 0
  },
  {
    "id": "e5767458-6535-4034-b0be-bf41290d0159",
    "data": [
      {
        "text": "i want to ",
        "userDefined": false
      },
      {
        "text": "sign up",
        "alias": "Sign-up",
        "meta": "@Sign-up",
        "userDefined": false
      },
      {
        "text": " for spotify",
        "userDefined": false
      }
    ],
    "isTemplate": false,
    "count": 0,
    "updated": 0
  },
  {
    "id": "10df5447-42ae-420c-8d73-a29a110052cc",
    "data": [
      {
        "text": "subscribe to music plan",
        "userDefined": false
      }
    ],
    "isTemplate": false,
    "count": 0,
    "updated": 0
  },
  {
    "id": "312153b9-ec05-4b8f-8639-042c6f05e80a",
    "data": [
      {
        "text": "premium music subscription",
        "userDefined": false
      }
    ],
    "isTemplate": false,
    "count": 0,
    "updated": 0
  },
  {
    "id": "e0f750c0-23b2-4370-87ee-c6d6c5515b2f",
    "data": [
      {
        "text": "music",
        "userDefined": false
      }
    ],
    "isTemplate": false,
    "count": 0,
    "updated": 0
  },
  {
    "id": "4b03f9f5-99cd-4800-bd48-6be2fb76ee5d",
    "data": [
      {
        "text": "singtel music",
        "userDefined": false
      }
    ],
    "isTemplate": false,
    "count": 0,
    "updated": 0
  },
  {
    "id": "ed8d8bf9-f7ac-4ab1-b7a8-e26ecac79aa4",
    "data": [
      {
        "text": "what is singtel music",
        "userDefined": false
      }
    ],
    "isTemplate": false,
    "count": 0,
    "updated": 0
  },
  {
    "id": "7f1529f5-451c-497d-85f3-f49fe97099ad",
    "data": [
      {
        "text": "saavn",
        "userDefined": false
      }
    ],
    "isTemplate": false,
    "count": 0,
    "updated": 0
  },
  {
    "id": "b0d1f9fe-77a1-492f-adea-b06c35873ba2",
    "data": [
      {
        "text": "amped",
        "userDefined": false
      }
    ],
    "isTemplate": false,
    "count": 0,
    "updated": 0
  },
  {
    "id": "26ab975a-7029-4c36-868d-00a1f9084464",
    "data": [
      {
        "text": "kkbox",
        "userDefined": false
      }
    ],
    "isTemplate": false,
    "count": 0,
    "updated": 0
  },
  {
    "id": "2a145540-2bbc-4e35-a19c-02c2f7b7db7f",
    "data": [
      {
        "text": "tidal",
        "userDefined": false
      }
    ],
    "isTemplate": false,
    "count": 0,
    "updated": 0
  },
  {
    "id": "1a67aeff-05c6-4c6d-826e-b0730e45e1aa",
    "data": [
      {
        "text": "spotify",
        "userDefined": false
      }
    ],
    "isTemplate": false,
    "count": 0,
    "updated": 0
  }
]