[
  {
    "id": "1d7992b1-d79a-4983-8abb-fe73ddd6bba7",
    "data": [
      {
        "text": "I have renew my ",
        "userDefined": false
      },
      {
        "text": "CIS",
        "alias": "CIS",
        "meta": "@CIS",
        "userDefined": false
      },
      {
        "text": " ",
        "userDefined": false
      },
      {
        "text": "mobile",
        "alias": "Handphone",
        "meta": "@Handphone",
        "userDefined": false
      },
      {
        "text": " plan and the ",
        "userDefined": false
      },
      {
        "text": "mobile",
        "alias": "Handphone1",
        "meta": "@Handphone",
        "userDefined": false
      },
      {
        "text": " has to be sent to POPStation",
        "userDefined": false
      }
    ],
    "isTemplate": false,
    "count": 0,
    "updated": 0
  },
  {
    "id": "8a3907e8-2c48-4433-b5f7-cf258c9d269c",
    "data": [
      {
        "text": "why popstation in e-shop not working",
        "userDefined": false
      }
    ],
    "isTemplate": false,
    "count": 0,
    "updated": 0
  },
  {
    "id": "ca7cbc50-3cbd-40f9-bea4-d98b14eedb86",
    "data": [
      {
        "text": "the popstation option is not working in ",
        "userDefined": false
      },
      {
        "text": "eshop",
        "alias": "OnlineSingtelSites",
        "meta": "@OnlineSingtelSites",
        "userDefined": false
      }
    ],
    "isTemplate": false,
    "count": 0,
    "updated": 0
  },
  {
    "id": "cc4e97b4-afab-4106-a3af-92cc5a093009",
    "data": [
      {
        "text": "i clicked popstation while shopping online but nothing showed up",
        "userDefined": false
      }
    ],
    "isTemplate": false,
    "count": 0,
    "updated": 0
  },
  {
    "id": "c2418331-9968-4fa3-af1c-0417b5481be3",
    "data": [
      {
        "text": "i can\u0027t choose popstation in ",
        "userDefined": false
      },
      {
        "text": "eshop",
        "alias": "OnlineSingtelSites",
        "meta": "@OnlineSingtelSites",
        "userDefined": false
      }
    ],
    "isTemplate": false,
    "count": 0,
    "updated": 0
  },
  {
    "id": "2624e171-7266-406a-a86e-80a2a5352732",
    "data": [
      {
        "text": "why can\u0027t i choose popstation in ",
        "userDefined": false
      },
      {
        "text": "eshop",
        "alias": "OnlineSingtelSites",
        "meta": "@OnlineSingtelSites",
        "userDefined": false
      }
    ],
    "isTemplate": false,
    "count": 0,
    "updated": 0
  },
  {
    "id": "1e7c49af-024a-45d9-9b66-e45de3401c9f",
    "data": [
      {
        "text": "i can\u0027t select popstation in ",
        "userDefined": false
      },
      {
        "text": "eshop",
        "alias": "OnlineSingtelSites",
        "meta": "@OnlineSingtelSites",
        "userDefined": false
      }
    ],
    "isTemplate": false,
    "count": 0,
    "updated": 0
  },
  {
    "id": "dfcf5c11-4833-4248-8a4c-6c7d8468104c",
    "data": [
      {
        "text": "i can\u0027t pick popstation while shopping online",
        "userDefined": false
      }
    ],
    "isTemplate": false,
    "count": 0,
    "updated": 0
  },
  {
    "id": "fb29eddd-c555-4e7b-9b26-4338e99dc7a7",
    "data": [
      {
        "text": "why can\u0027t popstation be selected in ",
        "userDefined": false
      },
      {
        "text": "eshop",
        "alias": "OnlineSingtelSites",
        "meta": "@OnlineSingtelSites",
        "userDefined": false
      }
    ],
    "isTemplate": false,
    "count": 0,
    "updated": 0
  },
  {
    "id": "e35231df-831f-45d1-ad6a-e782ad565bc0",
    "data": [
      {
        "text": "i chose popstation in ",
        "userDefined": false
      },
      {
        "text": "eshop",
        "alias": "OnlineSingtelSites",
        "meta": "@OnlineSingtelSites",
        "userDefined": false
      },
      {
        "text": " but it didn\u0027t show anything",
        "userDefined": false
      }
    ],
    "isTemplate": false,
    "count": 0,
    "updated": 0
  },
  {
    "id": "ef5d575f-5fa5-4816-80bf-ed79e67c6e63",
    "data": [
      {
        "text": "the popstation in ",
        "userDefined": false
      },
      {
        "text": "eshop",
        "alias": "OnlineSingtelSites",
        "meta": "@OnlineSingtelSites",
        "userDefined": false
      },
      {
        "text": " doesn\u0027t work",
        "userDefined": false
      }
    ],
    "isTemplate": false,
    "count": 0,
    "updated": 0
  },
  {
    "id": "e53b94fd-6d25-4c04-8438-a2e0b9e4bd46",
    "data": [
      {
        "text": "why is popstation not selectable in ",
        "userDefined": false
      },
      {
        "text": "eshop",
        "alias": "OnlineSingtelSites",
        "meta": "@OnlineSingtelSites",
        "userDefined": false
      }
    ],
    "isTemplate": false,
    "count": 0,
    "updated": 0
  }
]