[
  {
    "id": "a4827e86-2794-4b6f-8936-367b5c59023e",
    "data": [
      {
        "text": "how to come up with ",
        "userDefined": false
      },
      {
        "text": "new plan",
        "alias": "NewPlan",
        "meta": "@NewPlan",
        "userDefined": false
      }
    ],
    "isTemplate": false,
    "count": 0,
    "updated": 0
  },
  {
    "id": "d73d64ed-f233-4f6a-b481-d601b2da1653",
    "data": [
      {
        "text": "CIS",
        "alias": "CIS",
        "meta": "@CIS",
        "userDefined": false
      },
      {
        "text": " new contract",
        "userDefined": false
      }
    ],
    "isTemplate": false,
    "count": 0,
    "updated": 0
  },
  {
    "id": "cd6d77ef-b442-451c-8dea-d7d7033a24b9",
    "data": [
      {
        "text": "Hi I wish to do a ",
        "userDefined": false
      },
      {
        "text": "recontract",
        "alias": "Recontract",
        "meta": "@Recontract",
        "userDefined": false
      },
      {
        "text": " for my daughter plan but I want it to be under my ",
        "userDefined": false
      },
      {
        "text": "company",
        "alias": "Company",
        "meta": "@Company",
        "userDefined": false
      },
      {
        "text": " ",
        "userDefined": false
      },
      {
        "text": "cis",
        "alias": "CIS",
        "meta": "@CIS",
        "userDefined": false
      },
      {
        "text": " plan",
        "userDefined": false
      }
    ],
    "isTemplate": false,
    "count": 0,
    "updated": 0
  },
  {
    "id": "2425881c-7685-4f8c-bd14-e9a8b398fa09",
    "data": [
      {
        "text": "I would like to do ",
        "userDefined": false
      },
      {
        "text": "recontract",
        "alias": "Recontract",
        "meta": "@Recontract",
        "userDefined": false
      },
      {
        "text": " for ",
        "userDefined": false
      },
      {
        "text": "2",
        "alias": "number",
        "meta": "@sys.number",
        "userDefined": false
      },
      {
        "text": " ",
        "userDefined": false
      },
      {
        "text": "mobile",
        "alias": "Handphone",
        "meta": "@Handphone",
        "userDefined": false
      },
      {
        "text": " lines under ",
        "userDefined": false
      },
      {
        "text": "cis",
        "alias": "CIS",
        "meta": "@CIS",
        "userDefined": false
      },
      {
        "text": " ",
        "userDefined": false
      },
      {
        "text": "online",
        "alias": "Online",
        "meta": "@Online",
        "userDefined": false
      },
      {
        "text": ". Can I do it by calling and then sending my information by email as what I did previously.",
        "userDefined": false
      }
    ],
    "isTemplate": false,
    "count": 0,
    "updated": 0
  },
  {
    "id": "e062236c-bf8f-482a-9155-aa11b98f6c13",
    "data": [
      {
        "text": "I want to ",
        "userDefined": false
      },
      {
        "text": "recontract",
        "alias": "Recontract",
        "meta": "@Recontract",
        "userDefined": false
      },
      {
        "text": " ",
        "userDefined": false
      },
      {
        "text": "online",
        "alias": "Online",
        "meta": "@Online",
        "userDefined": false
      },
      {
        "text": " but unable to get the link to do so.",
        "userDefined": false
      }
    ],
    "isTemplate": false,
    "count": 0,
    "updated": 0
  },
  {
    "id": "b18b4185-625a-455c-94d9-ab791d25c383",
    "data": [
      {
        "text": "can help to check when can i do ",
        "userDefined": false
      },
      {
        "text": "recontract",
        "alias": "Recontract",
        "meta": "@Recontract",
        "userDefined": false
      }
    ],
    "isTemplate": false,
    "count": 0,
    "updated": 0
  },
  {
    "id": "51aa4dcf-2f71-4276-a9f6-9629d128745e",
    "data": [
      {
        "text": "Hi i am an existing ",
        "userDefined": false
      },
      {
        "text": "CIS",
        "alias": "CIS",
        "meta": "@CIS",
        "userDefined": false
      },
      {
        "text": " user and I am ",
        "userDefined": false
      },
      {
        "text": "recontracting",
        "alias": "Recontract",
        "meta": "@Recontract",
        "userDefined": false
      },
      {
        "text": " my plan now. However, I do not have access to my work email for ",
        "userDefined": false
      },
      {
        "text": "the next few weeks",
        "alias": "date-period",
        "meta": "@sys.date-period",
        "userDefined": false
      },
      {
        "text": " as I will be overseas. How else can I go about recontracting online?",
        "userDefined": false
      }
    ],
    "isTemplate": false,
    "count": 0,
    "updated": 0
  },
  {
    "id": "956db427-c780-4fb2-9208-a926c20ffcfa",
    "data": [
      {
        "text": "give me the channels to ",
        "userDefined": false
      },
      {
        "text": "recontract",
        "alias": "Recontract",
        "meta": "@Recontract",
        "userDefined": false
      }
    ],
    "isTemplate": false,
    "count": 0,
    "updated": 0
  },
  {
    "id": "b384dc93-ba26-49dc-ba8c-01bf3b3bf430",
    "data": [
      {
        "text": "my contract just ended what should i do to ",
        "userDefined": false
      },
      {
        "text": "contract again",
        "alias": "Recontract",
        "meta": "@Recontract",
        "userDefined": true
      }
    ],
    "isTemplate": false,
    "count": 1,
    "updated": 0
  },
  {
    "id": "ce097b26-74a5-4510-a374-5dc131b7a36f",
    "data": [
      {
        "text": "I cannot find information on ",
        "userDefined": false
      },
      {
        "text": "recontract",
        "alias": "Recontract",
        "meta": "@Recontract",
        "userDefined": false
      }
    ],
    "isTemplate": false,
    "count": 0,
    "updated": 0
  },
  {
    "id": "288bbb70-4ce5-422e-bfb0-b1ab4faf7008",
    "data": [
      {
        "text": "i want to ",
        "userDefined": false
      },
      {
        "text": "renew contract",
        "alias": "Recontract",
        "meta": "@Recontract",
        "userDefined": true
      }
    ],
    "isTemplate": false,
    "count": 1,
    "updated": 0
  },
  {
    "id": "7533f457-bf9e-4e7a-b9d8-7429d595f28b",
    "data": [
      {
        "text": "what are the channels to ",
        "userDefined": false
      },
      {
        "text": "recontract",
        "alias": "Recontract",
        "meta": "@Recontract",
        "userDefined": false
      }
    ],
    "isTemplate": false,
    "count": 0,
    "updated": 0
  },
  {
    "id": "7acf188c-ac16-4230-af18-3d00a4fc8159",
    "data": [
      {
        "text": "where can i do my ",
        "userDefined": false
      },
      {
        "text": "recontract",
        "alias": "Recontract",
        "meta": "@Recontract",
        "userDefined": false
      }
    ],
    "isTemplate": false,
    "count": 1,
    "updated": 0
  },
  {
    "id": "1c1800c3-b186-4824-be0c-d1498ff91368",
    "data": [
      {
        "text": "Hi I will like to ",
        "userDefined": false
      },
      {
        "text": "recontract",
        "alias": "Recontract",
        "meta": "@Recontract",
        "userDefined": false
      },
      {
        "text": " this number ",
        "userDefined": false
      },
      {
        "text": "96462671",
        "alias": "phone-number",
        "meta": "@sys.phone-number",
        "userDefined": false
      },
      {
        "text": " to ",
        "userDefined": false
      },
      {
        "text": "Singtel",
        "alias": "Competitors",
        "meta": "@Competitors",
        "userDefined": false
      },
      {
        "text": " ",
        "userDefined": false
      },
      {
        "text": "CIS",
        "alias": "CIS",
        "meta": "@CIS",
        "userDefined": false
      }
    ],
    "isTemplate": false,
    "count": 0,
    "updated": 0
  },
  {
    "id": "22321e79-951c-41a1-9519-25d331377e9d",
    "data": [
      {
        "text": "i want to ",
        "userDefined": false
      },
      {
        "text": "recontract",
        "alias": "Recontract",
        "meta": "@Recontract",
        "userDefined": false
      },
      {
        "text": ", how to do it",
        "userDefined": false
      }
    ],
    "isTemplate": false,
    "count": 1,
    "updated": 0
  },
  {
    "id": "4420f349-e7ba-4523-93ed-60923f8d862c",
    "data": [
      {
        "text": "Hi, If I ",
        "userDefined": false
      },
      {
        "text": "recontract",
        "alias": "Recontract",
        "meta": "@Recontract",
        "userDefined": false
      },
      {
        "text": " ",
        "userDefined": false
      },
      {
        "text": "online",
        "alias": "Online",
        "meta": "@Online",
        "userDefined": false
      },
      {
        "text": ", will my plan be the same as current \u0026 the monthly subscription stay the same?",
        "userDefined": false
      }
    ],
    "isTemplate": false,
    "count": 0,
    "updated": 0
  },
  {
    "id": "44af8f95-b83a-4a41-8bed-8584feaa70ee",
    "data": [
      {
        "text": "can i find info on ",
        "userDefined": false
      },
      {
        "text": "recontract",
        "alias": "Recontract",
        "meta": "@Recontract",
        "userDefined": false
      }
    ],
    "isTemplate": false,
    "count": 0,
    "updated": 0
  },
  {
    "id": "b72c1904-82ab-40cf-88ee-b6b3fe75ee96",
    "data": [
      {
        "text": "what is the ",
        "userDefined": false
      },
      {
        "text": "website",
        "alias": "Online",
        "meta": "@Online",
        "userDefined": false
      },
      {
        "text": " to ",
        "userDefined": false
      },
      {
        "text": "recontract",
        "alias": "Recontract",
        "meta": "@Recontract",
        "userDefined": false
      }
    ],
    "isTemplate": false,
    "count": 0,
    "updated": 0
  },
  {
    "id": "1f467210-c08e-4c1d-94e8-0d8f368f235b",
    "data": [
      {
        "text": "can i ",
        "userDefined": false
      },
      {
        "text": "recontract",
        "alias": "Recontract",
        "meta": "@Recontract",
        "userDefined": false
      },
      {
        "text": "?",
        "userDefined": false
      }
    ],
    "isTemplate": false,
    "count": 0,
    "updated": 0
  },
  {
    "id": "717912fd-d96d-46be-9ff3-e4e7d87ef1ec",
    "data": [
      {
        "text": "is there any way i can ",
        "userDefined": false
      },
      {
        "text": "recontract",
        "alias": "Recontract",
        "meta": "@Recontract",
        "userDefined": false
      }
    ],
    "isTemplate": false,
    "count": 0,
    "updated": 0
  },
  {
    "id": "2611d3da-7d05-4421-ad9e-9dbad4f4d3e5",
    "data": [
      {
        "text": "i would like to ",
        "userDefined": false
      },
      {
        "text": "recontract",
        "alias": "Recontract",
        "meta": "@Recontract",
        "userDefined": false
      },
      {
        "text": " to ",
        "userDefined": false
      },
      {
        "text": "cis",
        "alias": "CIS",
        "meta": "@CIS",
        "userDefined": false
      }
    ],
    "isTemplate": false,
    "count": 0,
    "updated": 0
  },
  {
    "id": "5d506a92-55f9-48a6-ad89-20f58c08c584",
    "data": [
      {
        "text": "i want to know how to ",
        "userDefined": false
      },
      {
        "text": "recontract",
        "alias": "Recontract",
        "meta": "@Recontract",
        "userDefined": false
      }
    ],
    "isTemplate": false,
    "count": 0,
    "updated": 0
  },
  {
    "id": "2ce9a061-e53b-485c-b5f0-d57590450769",
    "data": [
      {
        "text": "how to do the ",
        "userDefined": false
      },
      {
        "text": "recontract",
        "alias": "Recontract",
        "meta": "@Recontract",
        "userDefined": false
      }
    ],
    "isTemplate": false,
    "count": 0,
    "updated": 0
  },
  {
    "id": "03d2f276-2a3f-4321-9652-298aed924512",
    "data": [
      {
        "text": "can i ",
        "userDefined": false
      },
      {
        "text": "recontract",
        "alias": "Recontract",
        "meta": "@Recontract",
        "userDefined": false
      },
      {
        "text": " and buy the ",
        "userDefined": false
      },
      {
        "text": "note 8",
        "alias": "HandsetBrands",
        "meta": "@HandsetBrands",
        "userDefined": true
      }
    ],
    "isTemplate": false,
    "count": 0,
    "updated": 0
  },
  {
    "id": "43d49802-ca99-40b8-b98f-37d3d1b5f7fd",
    "data": [
      {
        "text": "i want to ",
        "userDefined": false
      },
      {
        "text": "contract again",
        "alias": "Recontract",
        "meta": "@Recontract",
        "userDefined": false
      }
    ],
    "isTemplate": false,
    "count": 0,
    "updated": 0
  },
  {
    "id": "29bef924-7a5f-4c0f-a7fe-8bbbc6aa22c8",
    "data": [
      {
        "text": "my plan is ending and i want to ",
        "userDefined": false
      },
      {
        "text": "recontract",
        "alias": "Recontract",
        "meta": "@Recontract",
        "userDefined": false
      }
    ],
    "isTemplate": false,
    "count": 0,
    "updated": 0
  },
  {
    "id": "340ec403-4bc4-42d1-a5ff-3920d91560c5",
    "data": [
      {
        "text": "i would like to ",
        "userDefined": false
      },
      {
        "text": "recontract",
        "alias": "Recontract",
        "meta": "@Recontract",
        "userDefined": false
      }
    ],
    "isTemplate": false,
    "count": 0,
    "updated": 0
  },
  {
    "id": "d9f04876-1814-41a1-a222-88db9421c609",
    "data": [
      {
        "text": "where to find info on ",
        "userDefined": false
      },
      {
        "text": "recontract",
        "alias": "Recontract",
        "meta": "@Recontract",
        "userDefined": false
      }
    ],
    "isTemplate": false,
    "count": 0,
    "updated": 0
  },
  {
    "id": "54770ee2-d9aa-4dde-83d2-5b6a2c854f30",
    "data": [
      {
        "text": "how can i go about to ",
        "userDefined": false
      },
      {
        "text": "recontract",
        "alias": "Recontract",
        "meta": "@Recontract",
        "userDefined": false
      }
    ],
    "isTemplate": false,
    "count": 0,
    "updated": 0
  },
  {
    "id": "84a7fb9f-ebea-4424-a0bb-5642896a5629",
    "data": [
      {
        "text": "i want to ",
        "userDefined": false
      },
      {
        "text": "re-contract",
        "alias": "Recontract",
        "meta": "@Recontract",
        "userDefined": false
      },
      {
        "text": " to ",
        "userDefined": false
      },
      {
        "text": "cis",
        "alias": "CIS",
        "meta": "@CIS",
        "userDefined": false
      }
    ],
    "isTemplate": false,
    "count": 1,
    "updated": 0
  },
  {
    "id": "8ea7d537-99e8-4441-83c4-022415841d93",
    "data": [
      {
        "text": "can you tell me how to ",
        "userDefined": false
      },
      {
        "text": "recontract",
        "alias": "Recontract",
        "meta": "@Recontract",
        "userDefined": false
      }
    ],
    "isTemplate": false,
    "count": 0,
    "updated": 0
  },
  {
    "id": "10754371-536b-4b90-af66-a2ef960610c7",
    "data": [
      {
        "text": "i want to renew my contract",
        "userDefined": false
      }
    ],
    "isTemplate": false,
    "count": 0,
    "updated": 0
  },
  {
    "id": "c69db26b-21db-46b9-b847-4b66319ed674",
    "data": [
      {
        "text": "I am currently on ",
        "userDefined": false
      },
      {
        "text": "easymobile",
        "alias": "EasyMobile",
        "meta": "@EasyMobile",
        "userDefined": false
      },
      {
        "text": " plan, but will like to renew ",
        "userDefined": false
      },
      {
        "text": "my Singtel",
        "alias": "MySingtelApp",
        "meta": "@MySingtelApp",
        "userDefined": false
      },
      {
        "text": " contract under ",
        "userDefined": false
      },
      {
        "text": "CIS",
        "alias": "CIS",
        "meta": "@CIS",
        "userDefined": false
      },
      {
        "text": ". Please advise how I can do it ",
        "userDefined": false
      },
      {
        "text": "online",
        "alias": "Online",
        "meta": "@Online",
        "userDefined": false
      },
      {
        "text": ".",
        "userDefined": false
      }
    ],
    "isTemplate": false,
    "count": 0,
    "updated": 0
  },
  {
    "id": "43ae3d46-65a0-4209-b1ea-cc316ee2d6d0",
    "data": [
      {
        "text": "Regarding ",
        "userDefined": false
      },
      {
        "text": "re-contract",
        "alias": "Recontract1",
        "meta": "@Recontract",
        "userDefined": false
      },
      {
        "text": " on my ",
        "userDefined": false
      },
      {
        "text": "CIS",
        "alias": "CIS",
        "meta": "@CIS",
        "userDefined": false
      },
      {
        "text": " plan, do I need to ",
        "userDefined": false
      },
      {
        "text": "sign up",
        "alias": "Sign-up",
        "meta": "@Sign-up",
        "userDefined": false
      },
      {
        "text": " on line or can i go to ",
        "userDefined": false
      },
      {
        "text": "singtel shop",
        "alias": "OnlineSingtelSites",
        "meta": "@OnlineSingtelSites",
        "userDefined": false
      },
      {
        "text": " to ",
        "userDefined": false
      },
      {
        "text": "re-contract",
        "alias": "Recontract",
        "meta": "@Recontract",
        "userDefined": false
      },
      {
        "text": " ?",
        "userDefined": false
      }
    ],
    "isTemplate": false,
    "count": 0,
    "updated": 0
  },
  {
    "id": "ebaac318-6ecf-4fcb-a36b-740f22579641",
    "data": [
      {
        "text": "i am having some issues ",
        "userDefined": false
      },
      {
        "text": "recontracting",
        "alias": "Recontract",
        "meta": "@Recontract",
        "userDefined": false
      },
      {
        "text": " what should i do",
        "userDefined": false
      }
    ],
    "isTemplate": false,
    "count": 0,
    "updated": 0
  },
  {
    "id": "63cef3ee-ba47-4e75-9556-fbb8747ba482",
    "data": [
      {
        "text": "i want to do a ",
        "userDefined": false
      },
      {
        "text": "recontract",
        "alias": "Recontract",
        "meta": "@Recontract",
        "userDefined": false
      },
      {
        "text": " to ",
        "userDefined": false
      },
      {
        "text": "cis",
        "alias": "CIS",
        "meta": "@CIS",
        "userDefined": false
      },
      {
        "text": ", how",
        "userDefined": false
      }
    ],
    "isTemplate": false,
    "count": 0,
    "updated": 0
  },
  {
    "id": "910ec9e6-bedf-4d31-a8cb-f142fa474fad",
    "data": [
      {
        "text": "where should i go to do a ",
        "userDefined": false
      },
      {
        "text": "recontract",
        "alias": "Recontract",
        "meta": "@Recontract",
        "userDefined": false
      }
    ],
    "isTemplate": false,
    "count": 0,
    "updated": 0
  },
  {
    "id": "10fccb5f-41a0-4bb9-bdcf-41fb05f582fb",
    "data": [
      {
        "text": "Hi can i have the ",
        "userDefined": false
      },
      {
        "text": "website",
        "alias": "Online",
        "meta": "@Online",
        "userDefined": false
      },
      {
        "text": " for ",
        "userDefined": false
      },
      {
        "text": "recontract",
        "alias": "Recontract",
        "meta": "@Recontract",
        "userDefined": false
      },
      {
        "text": " under ",
        "userDefined": false
      },
      {
        "text": "cis",
        "alias": "CIS",
        "meta": "@CIS",
        "userDefined": false
      }
    ],
    "isTemplate": false,
    "count": 0,
    "updated": 0
  },
  {
    "id": "099d6f61-8e98-4011-bdf1-1df66ea5fc6a",
    "data": [
      {
        "text": "am i able to ",
        "userDefined": false
      },
      {
        "text": "recontract",
        "alias": "Recontract",
        "meta": "@Recontract",
        "userDefined": false
      },
      {
        "text": " and buy ",
        "userDefined": false
      },
      {
        "text": "note 8",
        "alias": "HandsetBrands",
        "meta": "@HandsetBrands",
        "userDefined": true
      },
      {
        "text": " for ",
        "userDefined": false
      },
      {
        "text": "cis",
        "alias": "CIS",
        "meta": "@CIS",
        "userDefined": false
      },
      {
        "text": "?",
        "userDefined": false
      }
    ],
    "isTemplate": false,
    "count": 0,
    "updated": 0
  },
  {
    "id": "2b8de43d-8370-4369-9568-2a924c08c974",
    "data": [
      {
        "text": "i want to ",
        "userDefined": false
      },
      {
        "text": "recontract",
        "alias": "Recontract",
        "meta": "@Recontract",
        "userDefined": false
      }
    ],
    "isTemplate": false,
    "count": 0,
    "updated": 0
  },
  {
    "id": "43a777c8-73d5-4f0d-b86d-8a89721eb10e",
    "data": [
      {
        "text": "i am facing difficulties ",
        "userDefined": false
      },
      {
        "text": "recontracting",
        "alias": "Recontract",
        "meta": "@Recontract",
        "userDefined": false
      },
      {
        "text": " any suggestions",
        "userDefined": false
      }
    ],
    "isTemplate": false,
    "count": 0,
    "updated": 0
  },
  {
    "id": "1b3a99e1-3cd9-4a64-9058-7da5ec9f6f0c",
    "data": [
      {
        "text": "how to ",
        "userDefined": false
      },
      {
        "text": "recontract",
        "alias": "Recontract",
        "meta": "@Recontract",
        "userDefined": false
      }
    ],
    "isTemplate": false,
    "count": 2,
    "updated": 0
  },
  {
    "id": "9b687b26-8e3b-4af5-a9c3-799b205dadad",
    "data": [
      {
        "text": "i would like ",
        "userDefined": false
      },
      {
        "text": "recontract",
        "alias": "Recontract",
        "meta": "@Recontract",
        "userDefined": false
      },
      {
        "text": " my ",
        "userDefined": false
      },
      {
        "text": "phone",
        "alias": "Handphone",
        "meta": "@Handphone",
        "userDefined": false
      },
      {
        "text": " plan",
        "userDefined": false
      }
    ],
    "isTemplate": false,
    "count": 0,
    "updated": 0
  },
  {
    "id": "853c01aa-3bae-4436-8c10-b6739776bf53",
    "data": [
      {
        "text": "what are the channels to do my ",
        "userDefined": false
      },
      {
        "text": "recontract",
        "alias": "Recontract",
        "meta": "@Recontract",
        "userDefined": false
      }
    ],
    "isTemplate": false,
    "count": 0,
    "updated": 0
  },
  {
    "id": "5b45dea8-3785-4762-9193-0cc6bf10770c",
    "data": [
      {
        "text": "how do i sign ",
        "userDefined": false
      },
      {
        "text": "recontract",
        "alias": "Recontract",
        "meta": "@Recontract",
        "userDefined": false
      },
      {
        "text": " for my ",
        "userDefined": false
      },
      {
        "text": "CIS",
        "alias": "CIS",
        "meta": "@CIS",
        "userDefined": false
      },
      {
        "text": " plan ",
        "userDefined": false
      },
      {
        "text": "online",
        "alias": "Online",
        "meta": "@Online",
        "userDefined": false
      }
    ],
    "isTemplate": false,
    "count": 0,
    "updated": 0
  },
  {
    "id": "a850a49f-26be-49b9-991b-affbdfc9089c",
    "data": [
      {
        "text": "Hi I will like to ",
        "userDefined": false
      },
      {
        "text": "recontract",
        "alias": "Recontract",
        "meta": "@Recontract",
        "userDefined": false
      },
      {
        "text": " my plan, but there is only combo ",
        "userDefined": false
      },
      {
        "text": "3",
        "alias": "number",
        "meta": "@sys.number",
        "userDefined": false
      },
      {
        "text": " available for selection and my current plan is combo ",
        "userDefined": false
      },
      {
        "text": "4",
        "alias": "number1",
        "meta": "@sys.number",
        "userDefined": false
      }
    ],
    "isTemplate": false,
    "count": 0,
    "updated": 0
  },
  {
    "id": "586cbd99-7af0-4175-a8dc-69902a89cdca",
    "data": [
      {
        "text": "recontract",
        "alias": "Recontract",
        "meta": "@Recontract",
        "userDefined": false
      },
      {
        "text": " ",
        "userDefined": false
      },
      {
        "text": "cis",
        "alias": "CIS",
        "meta": "@CIS",
        "userDefined": false
      }
    ],
    "isTemplate": false,
    "count": 0,
    "updated": 0
  },
  {
    "id": "e4e20954-cb08-4530-a19a-abd36d4abf99",
    "data": [
      {
        "text": "is ",
        "userDefined": false
      },
      {
        "text": "recontracting",
        "alias": "Recontract",
        "meta": "@Recontract",
        "userDefined": false
      },
      {
        "text": " difficult?",
        "userDefined": false
      }
    ],
    "isTemplate": false,
    "count": 0,
    "updated": 0
  },
  {
    "id": "18c20f05-5353-4865-a0c4-9d3a4cc31d41",
    "data": [
      {
        "text": "how can i ",
        "userDefined": false
      },
      {
        "text": "recontract",
        "alias": "Recontract",
        "meta": "@Recontract",
        "userDefined": false
      }
    ],
    "isTemplate": false,
    "count": 0,
    "updated": 0
  },
  {
    "id": "e3fdab04-45f8-47d3-99a6-caa668862765",
    "data": [
      {
        "text": "can i ",
        "userDefined": false
      },
      {
        "text": "recontract",
        "alias": "Recontract",
        "meta": "@Recontract",
        "userDefined": false
      },
      {
        "text": " and buy ",
        "userDefined": false
      },
      {
        "text": "phone",
        "alias": "Handphone",
        "meta": "@Handphone",
        "userDefined": false
      },
      {
        "text": " through you",
        "userDefined": false
      }
    ],
    "isTemplate": false,
    "count": 0,
    "updated": 0
  },
  {
    "id": "c7feed2b-0af6-40d0-b0a6-34af3a459541",
    "data": [
      {
        "text": "my contract is ending how can i ",
        "userDefined": false
      },
      {
        "text": "recontract",
        "alias": "Recontract",
        "meta": "@Recontract",
        "userDefined": false
      }
    ],
    "isTemplate": false,
    "count": 0,
    "updated": 0
  },
  {
    "id": "2894c188-2472-434a-a743-40f6ea9f72a1",
    "data": [
      {
        "text": "my contract is expiring, how to ",
        "userDefined": false
      },
      {
        "text": "recontract",
        "alias": "Recontract",
        "meta": "@Recontract",
        "userDefined": false
      }
    ],
    "isTemplate": false,
    "count": 0,
    "updated": 0
  },
  {
    "id": "ad79b4f7-65d9-4cf6-a277-761a996b21b7",
    "data": [
      {
        "text": "is there a way to ",
        "userDefined": false
      },
      {
        "text": "recontract",
        "alias": "Recontract",
        "meta": "@Recontract",
        "userDefined": false
      }
    ],
    "isTemplate": false,
    "count": 1,
    "updated": 0
  },
  {
    "id": "50178223-4ecb-4973-8d3e-0f861d4d0d82",
    "data": [
      {
        "text": "am i able to ",
        "userDefined": false
      },
      {
        "text": "recontract",
        "alias": "Recontract",
        "meta": "@Recontract",
        "userDefined": false
      }
    ],
    "isTemplate": false,
    "count": 0,
    "updated": 0
  },
  {
    "id": "d7a11a66-0cee-4a2f-870b-a287c8ea78ad",
    "data": [
      {
        "text": "my plan is up and i want to ",
        "userDefined": false
      },
      {
        "text": "recontract",
        "alias": "Recontract",
        "meta": "@Recontract",
        "userDefined": false
      }
    ],
    "isTemplate": false,
    "count": 0,
    "updated": 0
  },
  {
    "id": "e1571d40-f17b-4381-90d1-35daa78aece8",
    "data": [
      {
        "text": "Hi! How to ",
        "userDefined": false
      },
      {
        "text": "recontract",
        "alias": "Recontract",
        "meta": "@Recontract",
        "userDefined": false
      },
      {
        "text": " a ",
        "userDefined": false
      },
      {
        "text": "corporate",
        "alias": "CorporateLine",
        "meta": "@CorporateLine",
        "userDefined": false
      },
      {
        "text": " ",
        "userDefined": false
      },
      {
        "text": "mobile",
        "alias": "Handphone",
        "meta": "@Handphone",
        "userDefined": false
      },
      {
        "text": " plan that is due to expire soon?",
        "userDefined": false
      }
    ],
    "isTemplate": false,
    "count": 0,
    "updated": 0
  },
  {
    "id": "ad05269c-fcbd-4a35-bb51-9ac1a5a014bb",
    "data": [
      {
        "text": "i wish to ",
        "userDefined": false
      },
      {
        "text": "recontract",
        "alias": "Recontract",
        "meta": "@Recontract",
        "userDefined": false
      },
      {
        "text": " my plan. but i need to change new number",
        "userDefined": false
      }
    ],
    "isTemplate": false,
    "count": 0,
    "updated": 0
  },
  {
    "id": "002ca788-1c20-43dd-a500-5f417a5ec24f",
    "data": [
      {
        "text": "i can not find any info on ",
        "userDefined": false
      },
      {
        "text": "recontract",
        "alias": "Recontract",
        "meta": "@Recontract",
        "userDefined": false
      },
      {
        "text": " on your ",
        "userDefined": false
      },
      {
        "text": "website",
        "alias": "Online",
        "meta": "@Online",
        "userDefined": false
      }
    ],
    "isTemplate": false,
    "count": 0,
    "updated": 0
  },
  {
    "id": "cdf94e85-99c4-4510-a9ba-32aeb67c0e18",
    "data": [
      {
        "text": "Hi i would like to renew my contract",
        "userDefined": false
      }
    ],
    "isTemplate": false,
    "count": 0,
    "updated": 0
  },
  {
    "id": "57932773-5cdf-4b6b-9196-7807641b8445",
    "data": [
      {
        "text": "can i ",
        "userDefined": false
      },
      {
        "text": "recontract",
        "alias": "Recontract",
        "meta": "@Recontract",
        "userDefined": false
      },
      {
        "text": " for the ",
        "userDefined": false
      },
      {
        "text": "note 8",
        "alias": "HandsetBrands",
        "meta": "@HandsetBrands",
        "userDefined": false
      }
    ],
    "isTemplate": false,
    "count": 1,
    "updated": 0
  },
  {
    "id": "ec6fd625-c781-459c-a436-19ae8e738461",
    "data": [
      {
        "text": "i want to do a ",
        "userDefined": false
      },
      {
        "text": "recontract",
        "alias": "Recontract",
        "meta": "@Recontract",
        "userDefined": false
      }
    ],
    "isTemplate": false,
    "count": 1,
    "updated": 0
  },
  {
    "id": "79f04ab8-ba6b-4896-a81f-df14cc92ed16",
    "data": [
      {
        "text": "how do i ",
        "userDefined": false
      },
      {
        "text": "recontract",
        "alias": "Recontract",
        "meta": "@Recontract",
        "userDefined": false
      }
    ],
    "isTemplate": false,
    "count": 0,
    "updated": 0
  },
  {
    "id": "aa22b2db-b6bb-4eab-a144-f816c650b5c1",
    "data": [
      {
        "text": "can give me the ",
        "userDefined": false
      },
      {
        "text": "website",
        "alias": "Online",
        "meta": "@Online",
        "userDefined": false
      },
      {
        "text": " to ",
        "userDefined": false
      },
      {
        "text": "recontract",
        "alias": "Recontract",
        "meta": "@Recontract",
        "userDefined": false
      }
    ],
    "isTemplate": false,
    "count": 0,
    "updated": 0
  },
  {
    "id": "dba25929-8b33-46eb-b665-d527154889b9",
    "data": [
      {
        "text": "HI I am trying to ",
        "userDefined": false
      },
      {
        "text": "recontract",
        "alias": "Recontract",
        "meta": "@Recontract",
        "userDefined": false
      },
      {
        "text": " my ",
        "userDefined": false
      },
      {
        "text": "CIS",
        "alias": "CIS",
        "meta": "@CIS",
        "userDefined": false
      },
      {
        "text": " plan",
        "userDefined": false
      }
    ],
    "isTemplate": false,
    "count": 0,
    "updated": 0
  }
]