[
  {
    "id": "7ff72cc9-ca1a-4534-8427-485f17fe2e44",
    "data": [
      {
        "text": "port in",
        "alias": "PortIn",
        "meta": "@PortIn",
        "userDefined": false
      },
      {
        "text": " to ",
        "userDefined": false
      },
      {
        "text": "singtel",
        "alias": "Competitors",
        "meta": "@Competitors",
        "userDefined": false
      },
      {
        "text": " got any ",
        "userDefined": false
      },
      {
        "text": "discount",
        "alias": "Discount",
        "meta": "@Discount",
        "userDefined": false
      }
    ],
    "isTemplate": false,
    "count": 0,
    "updated": 0
  },
  {
    "id": "6bb1aded-dc32-421a-af0e-1afd777b739b",
    "data": [
      {
        "text": "what are the charges for porting in",
        "userDefined": false
      }
    ],
    "isTemplate": false,
    "count": 0,
    "updated": 0
  },
  {
    "id": "8c99c5ef-3520-42f9-8801-5fb761c71a7b",
    "data": [
      {
        "text": "what are the fees for port in",
        "userDefined": false
      }
    ],
    "isTemplate": false,
    "count": 0,
    "updated": 0
  },
  {
    "id": "372b3a8d-ce09-486b-b3e8-4f215a4f6485",
    "data": [
      {
        "text": "port-in charges",
        "userDefined": false
      }
    ],
    "isTemplate": false,
    "count": 0,
    "updated": 0
  },
  {
    "id": "01cc714e-a7d9-42b0-b5b9-72783b70dfaf",
    "data": [
      {
        "text": "how much charges will i get if i want to change my current telco to singtel",
        "userDefined": false
      }
    ],
    "isTemplate": false,
    "count": 0,
    "updated": 0
  },
  {
    "id": "246a1db3-6fcf-4dc3-ad95-cfa2c286d4b0",
    "data": [
      {
        "text": "the cost of porting in",
        "userDefined": false
      }
    ],
    "isTemplate": false,
    "count": 0,
    "updated": 0
  },
  {
    "id": "4319e048-81e1-4c80-806c-b2d7073c412a",
    "data": [
      {
        "text": "how much does porting in cost",
        "userDefined": false
      }
    ],
    "isTemplate": false,
    "count": 0,
    "updated": 0
  },
  {
    "id": "6dc07330-7054-416d-aba7-c33c9ae925ae",
    "data": [
      {
        "text": "is porting in to ",
        "userDefined": false
      },
      {
        "text": "cis",
        "alias": "CIS",
        "meta": "@CIS",
        "userDefined": false
      },
      {
        "text": " free",
        "userDefined": false
      }
    ],
    "isTemplate": false,
    "count": 0,
    "updated": 0
  },
  {
    "id": "93f523d0-8297-466e-8c1e-14ec1dde557a",
    "data": [
      {
        "text": "is there any payment i have to make to port out from my current telco",
        "userDefined": false
      }
    ],
    "isTemplate": false,
    "count": 0,
    "updated": 0
  },
  {
    "id": "7136b2b2-2a85-4990-8ff8-594039411ac4",
    "data": [
      {
        "text": "should i make any payment for porting in to singtel",
        "userDefined": false
      }
    ],
    "isTemplate": false,
    "count": 0,
    "updated": 0
  },
  {
    "id": "3fd9d9b9-dade-4541-85c4-8acc02d92fbe",
    "data": [
      {
        "text": "i want to port out from ",
        "userDefined": false
      },
      {
        "text": "M1",
        "alias": "Competitors",
        "meta": "@Competitors",
        "userDefined": true
      },
      {
        "text": " do i have to pay",
        "userDefined": false
      }
    ],
    "isTemplate": false,
    "count": 0,
    "updated": 0
  },
  {
    "id": "62f85718-e0e0-4ceb-b206-86a3cfa4d26d",
    "data": [
      {
        "text": "will i have to pay to change my telco to singtel",
        "userDefined": false
      }
    ],
    "isTemplate": false,
    "count": 0,
    "updated": 0
  },
  {
    "id": "251c23fe-fdec-43cb-989d-1a59555b3fa8",
    "data": [
      {
        "text": "is there a price for porting in",
        "userDefined": false
      }
    ],
    "isTemplate": false,
    "count": 0,
    "updated": 0
  },
  {
    "id": "7b802bb7-0a08-4ddf-8ab2-ed2f1664e82a",
    "data": [
      {
        "text": "how much will i be charged for porting in",
        "userDefined": false
      }
    ],
    "isTemplate": false,
    "count": 0,
    "updated": 0
  },
  {
    "id": "9e7d0081-797c-46e1-a29e-a2264094d493",
    "data": [
      {
        "text": "i need to port in. any charges",
        "userDefined": false
      }
    ],
    "isTemplate": false,
    "count": 0,
    "updated": 0
  },
  {
    "id": "580fe211-8817-4644-99cd-b2f6620ba15f",
    "data": [
      {
        "text": "do i have to pay to port in",
        "userDefined": false
      }
    ],
    "isTemplate": false,
    "count": 0,
    "updated": 0
  },
  {
    "id": "39ffa106-531c-436f-80b7-b613e561102b",
    "data": [
      {
        "text": "is there any charge if i port out from my old telco",
        "userDefined": false
      }
    ],
    "isTemplate": false,
    "count": 0,
    "updated": 0
  },
  {
    "id": "718163a3-acda-4621-9129-ed71969808b4",
    "data": [
      {
        "text": "port-in payment",
        "userDefined": false
      }
    ],
    "isTemplate": false,
    "count": 0,
    "updated": 0
  },
  {
    "id": "23598531-47f7-486e-9200-f1c9e4057da4",
    "data": [
      {
        "text": "how much does porting in cost me",
        "userDefined": false
      }
    ],
    "isTemplate": false,
    "count": 0,
    "updated": 0
  },
  {
    "id": "04930b64-994c-498b-baf6-d37d52a796be",
    "data": [
      {
        "text": "does porting in charge me anything",
        "userDefined": false
      }
    ],
    "isTemplate": false,
    "count": 0,
    "updated": 0
  },
  {
    "id": "d863551e-c7e9-411d-8ee1-7daca596d3af",
    "data": [
      {
        "text": "how much do i have to pay if i want to port in",
        "userDefined": false
      }
    ],
    "isTemplate": false,
    "count": 0,
    "updated": 0
  },
  {
    "id": "49e0e556-2903-440b-ad0b-d5ee8b24f953",
    "data": [
      {
        "text": "do i get charges if i port in",
        "userDefined": false
      }
    ],
    "isTemplate": false,
    "count": 0,
    "updated": 0
  },
  {
    "id": "fb07eb0a-05e8-4a72-b982-fa922b7bbe7c",
    "data": [
      {
        "text": "how much is it to port in",
        "userDefined": false
      }
    ],
    "isTemplate": false,
    "count": 0,
    "updated": 0
  },
  {
    "id": "1721943d-dee8-478c-b5ed-3dbd884cb9bd",
    "data": [
      {
        "text": "what is the charges for number port in",
        "userDefined": false
      }
    ],
    "isTemplate": false,
    "count": 0,
    "updated": 0
  }
]