[
  {
    "id": "a1386f6b-c5b0-43d2-bae7-30befa318811",
    "data": [
      {
        "text": "can i downgrade from combo3 to combo ",
        "userDefined": false
      },
      {
        "text": "2",
        "alias": "number",
        "meta": "@sys.number",
        "userDefined": false
      }
    ],
    "isTemplate": false,
    "count": 0,
    "updated": 0
  },
  {
    "id": "4ef7342b-6e65-4def-93da-82e1d16b18c0",
    "data": [
      {
        "text": "need to change my plan. how to do that",
        "userDefined": false
      }
    ],
    "isTemplate": false,
    "count": 0,
    "updated": 0
  },
  {
    "id": "50ba8e91-3019-4440-af4f-c8723c53808c",
    "data": [
      {
        "text": "can i change my plan",
        "userDefined": false
      }
    ],
    "isTemplate": false,
    "count": 0,
    "updated": 0
  },
  {
    "id": "05eeb56b-09dd-4806-9683-02d9e534f35c",
    "data": [
      {
        "text": "downgrade plan please",
        "userDefined": false
      }
    ],
    "isTemplate": false,
    "count": 0,
    "updated": 0
  },
  {
    "id": "868060f5-c132-4730-8dcf-9abfc7934c94",
    "data": [
      {
        "text": "change plan. how?",
        "userDefined": false
      }
    ],
    "isTemplate": false,
    "count": 0,
    "updated": 0
  },
  {
    "id": "b0ee63b7-f8ad-41d8-b894-9ba27864c23c",
    "data": [
      {
        "text": "my plan is too expensive can i downgrade it",
        "userDefined": false
      }
    ],
    "isTemplate": false,
    "count": 1,
    "updated": 0
  },
  {
    "id": "f075d8a8-684d-406b-a4b5-232c32b99bef",
    "data": [
      {
        "text": "how to downgrade my plan",
        "userDefined": false
      }
    ],
    "isTemplate": false,
    "count": 0,
    "updated": 0
  },
  {
    "id": "28f55e5f-5340-4648-b5b6-62ff7ea4ed20",
    "data": [
      {
        "text": "can i downgrade my plan",
        "userDefined": false
      }
    ],
    "isTemplate": false,
    "count": 0,
    "updated": 0
  },
  {
    "id": "9b7fda96-5a3f-443f-8549-36045ffb25f9",
    "data": [
      {
        "text": "can i downgrade my existing plan",
        "userDefined": false
      }
    ],
    "isTemplate": false,
    "count": 0,
    "updated": 0
  },
  {
    "id": "e7886f77-3b69-4ec7-8678-866b1022620c",
    "data": [
      {
        "text": "i want to downgrade my plan",
        "userDefined": false
      }
    ],
    "isTemplate": false,
    "count": 0,
    "updated": 0
  },
  {
    "id": "8ff30587-e88b-4dc9-b9aa-b38a61aa1920",
    "data": [
      {
        "text": "is it possible to downgrade plan when i\u0027m still on my ",
        "userDefined": false
      },
      {
        "text": "18 months early",
        "alias": "age",
        "meta": "@sys.age",
        "userDefined": false
      },
      {
        "text": " ",
        "userDefined": false
      },
      {
        "text": "recontract",
        "alias": "Recontract",
        "meta": "@Recontract",
        "userDefined": false
      }
    ],
    "isTemplate": false,
    "count": 0,
    "updated": 0
  },
  {
    "id": "df42e9ab-ef4c-4264-98f0-dced19ca7a13",
    "data": [
      {
        "text": "degrade my mobile plan please",
        "userDefined": false
      }
    ],
    "isTemplate": false,
    "count": 0,
    "updated": 0
  },
  {
    "id": "5a4edb7e-5088-4169-9ddd-61c90b109acd",
    "data": [
      {
        "text": "can i change my mobile plan",
        "userDefined": false
      }
    ],
    "isTemplate": false,
    "count": 0,
    "updated": 0
  },
  {
    "id": "d81496f5-c394-40e9-8cfc-68e54aff70c4",
    "data": [
      {
        "text": "am i able to downgrade plan when doing ",
        "userDefined": false
      },
      {
        "text": "18months",
        "alias": "duration",
        "meta": "@sys.duration",
        "userDefined": false
      },
      {
        "text": " early ",
        "userDefined": false
      },
      {
        "text": "recontract",
        "alias": "Recontract",
        "meta": "@Recontract",
        "userDefined": false
      }
    ],
    "isTemplate": false,
    "count": 0,
    "updated": 0
  }
]