[
  {
    "id": "c691c8d6-f852-45f5-aa26-7acf01e04d6b",
    "data": [
      {
        "text": "is the caller ",
        "userDefined": false
      },
      {
        "text": "id",
        "alias": "NRIC",
        "meta": "@NRIC",
        "userDefined": false
      },
      {
        "text": " only available for consumer?",
        "userDefined": false
      }
    ],
    "isTemplate": false,
    "count": 0,
    "updated": 0
  },
  {
    "id": "fd3b1f0b-390b-473c-b013-9fd8f2361ae9",
    "data": [
      {
        "text": "How much does Caller ",
        "userDefined": false
      },
      {
        "text": "ID",
        "alias": "NRIC",
        "meta": "@NRIC",
        "userDefined": false
      },
      {
        "text": " cost please",
        "userDefined": false
      }
    ],
    "isTemplate": false,
    "count": 0,
    "updated": 0
  },
  {
    "id": "c74b1630-a8c9-4ff3-b64d-1e0d74f86782",
    "data": [
      {
        "text": "Caller ",
        "userDefined": false
      },
      {
        "text": "ID",
        "alias": "NRIC",
        "meta": "@NRIC",
        "userDefined": false
      },
      {
        "text": " for ",
        "userDefined": false
      },
      {
        "text": "CIS",
        "alias": "CIS",
        "meta": "@CIS",
        "userDefined": false
      },
      {
        "text": " plan",
        "userDefined": false
      }
    ],
    "isTemplate": false,
    "count": 0,
    "updated": 0
  },
  {
    "id": "1deafb01-71c2-4a97-9089-7cec524499bd",
    "data": [
      {
        "text": "is caller ",
        "userDefined": false
      },
      {
        "text": "id",
        "alias": "NRIC",
        "meta": "@NRIC",
        "userDefined": false
      },
      {
        "text": " only free online?",
        "userDefined": false
      }
    ],
    "isTemplate": false,
    "count": 0,
    "updated": 0
  },
  {
    "id": "04050263-f924-4e3b-8357-083c885b24ce",
    "data": [
      {
        "text": "CIS",
        "alias": "CIS",
        "meta": "@CIS",
        "userDefined": false
      },
      {
        "text": " plan.. the caller ",
        "userDefined": false
      },
      {
        "text": "id",
        "alias": "NRIC",
        "meta": "@NRIC",
        "userDefined": false
      },
      {
        "text": " is only valid for ",
        "userDefined": false
      },
      {
        "text": "24months",
        "alias": "duration",
        "meta": "@sys.duration",
        "userDefined": false
      },
      {
        "text": "?",
        "userDefined": false
      }
    ],
    "isTemplate": false,
    "count": 0,
    "updated": 0
  },
  {
    "id": "57e41cdd-7d55-4752-ae4a-6f033612673c",
    "data": [
      {
        "text": "when i purchase online is caller ",
        "userDefined": false
      },
      {
        "text": "ID",
        "alias": "NRIC",
        "meta": "@NRIC",
        "userDefined": false
      },
      {
        "text": " free",
        "userDefined": false
      }
    ],
    "isTemplate": false,
    "count": 0,
    "updated": 0
  },
  {
    "id": "73f8fe8a-5c3f-4a6c-8d0c-ef6af6a09779",
    "data": [
      {
        "text": "How do I enjoy Free Caller ",
        "userDefined": false
      },
      {
        "text": "ID",
        "alias": "NRIC",
        "meta": "@NRIC",
        "userDefined": false
      },
      {
        "text": " and Autoroam?",
        "userDefined": false
      }
    ],
    "isTemplate": false,
    "count": 0,
    "updated": 0
  },
  {
    "id": "5e71783f-62a9-491d-95ab-aae1a248be28",
    "data": [
      {
        "text": "can i get caller ",
        "userDefined": false
      },
      {
        "text": "ID",
        "alias": "NRIC",
        "meta": "@NRIC",
        "userDefined": false
      },
      {
        "text": " free",
        "userDefined": false
      }
    ],
    "isTemplate": false,
    "count": 0,
    "updated": 0
  },
  {
    "id": "353c3c8b-ef81-430c-b8b7-9eb8215cfb95",
    "data": [
      {
        "text": "is caller ",
        "userDefined": false
      },
      {
        "text": "ID",
        "alias": "NRIC",
        "meta": "@NRIC",
        "userDefined": false
      },
      {
        "text": " free if i buy online",
        "userDefined": false
      }
    ],
    "isTemplate": false,
    "count": 0,
    "updated": 0
  },
  {
    "id": "c665d3d0-4a8f-45e3-b4dd-5e32200b5e27",
    "data": [
      {
        "text": "is caller ",
        "userDefined": false
      },
      {
        "text": "id",
        "alias": "NRIC",
        "meta": "@NRIC",
        "userDefined": false
      },
      {
        "text": " only free if i ",
        "userDefined": false
      },
      {
        "text": "sign up",
        "alias": "Sign-up",
        "meta": "@Sign-up",
        "userDefined": false
      },
      {
        "text": " online?",
        "userDefined": false
      }
    ],
    "isTemplate": false,
    "count": 0,
    "updated": 0
  },
  {
    "id": "498d6a35-16eb-4a34-b10f-aaf98cccbf3d",
    "data": [
      {
        "text": "will i get caller ",
        "userDefined": false
      },
      {
        "text": "ID",
        "alias": "NRIC",
        "meta": "@NRIC",
        "userDefined": false
      },
      {
        "text": " free if i purchase online",
        "userDefined": false
      }
    ],
    "isTemplate": false,
    "count": 0,
    "updated": 0
  },
  {
    "id": "d75b8e29-3a64-48df-8180-304d8a6408fa",
    "data": [
      {
        "text": "is it only via online then caller ",
        "userDefined": false
      },
      {
        "text": "id",
        "alias": "NRIC",
        "meta": "@NRIC",
        "userDefined": false
      },
      {
        "text": " is free?",
        "userDefined": false
      }
    ],
    "isTemplate": false,
    "count": 0,
    "updated": 0
  },
  {
    "id": "0bd7f195-627c-46f0-b1bc-f965dd207228",
    "data": [
      {
        "text": "how to get free caller ",
        "userDefined": false
      },
      {
        "text": "id",
        "alias": "NRIC",
        "meta": "@NRIC",
        "userDefined": false
      }
    ],
    "isTemplate": false,
    "count": 0,
    "updated": 0
  },
  {
    "id": "64b24cac-f4f1-4a72-9f28-00a3f0056517",
    "data": [
      {
        "text": "do i only get caller ",
        "userDefined": false
      },
      {
        "text": "id",
        "alias": "NRIC",
        "meta": "@NRIC",
        "userDefined": false
      },
      {
        "text": " free online?",
        "userDefined": false
      }
    ],
    "isTemplate": false,
    "count": 0,
    "updated": 0
  },
  {
    "id": "b818aa61-679f-41c3-a238-3ad95eaa82b6",
    "data": [
      {
        "text": "is caller ",
        "userDefined": false
      },
      {
        "text": "id",
        "alias": "NRIC",
        "meta": "@NRIC",
        "userDefined": false
      },
      {
        "text": " free",
        "userDefined": false
      }
    ],
    "isTemplate": false,
    "count": 0,
    "updated": 0
  },
  {
    "id": "5d46bc3f-1aa6-4584-a802-cec19f97539b",
    "data": [
      {
        "text": "is my caller ",
        "userDefined": false
      },
      {
        "text": "id",
        "alias": "NRIC",
        "meta": "@NRIC",
        "userDefined": false
      },
      {
        "text": " and auto ",
        "userDefined": false
      },
      {
        "text": "roam",
        "alias": "Roaming",
        "meta": "@Roaming",
        "userDefined": false
      },
      {
        "text": " free",
        "userDefined": false
      }
    ],
    "isTemplate": false,
    "count": 0,
    "updated": 0
  },
  {
    "id": "b8a241e5-4fca-490f-ac3e-5fbea57cb3f7",
    "data": [
      {
        "text": "if i buy online is caller ",
        "userDefined": false
      },
      {
        "text": "ID",
        "alias": "NRIC",
        "meta": "@NRIC",
        "userDefined": false
      },
      {
        "text": " free",
        "userDefined": false
      }
    ],
    "isTemplate": false,
    "count": 0,
    "updated": 0
  },
  {
    "id": "5264fbec-286f-42f5-9055-fa69ae263f78",
    "data": [
      {
        "text": "will i get caller ",
        "userDefined": false
      },
      {
        "text": "ID",
        "alias": "NRIC",
        "meta": "@NRIC",
        "userDefined": false
      },
      {
        "text": " free if i buy online",
        "userDefined": false
      }
    ],
    "isTemplate": false,
    "count": 0,
    "updated": 0
  },
  {
    "id": "0d88a2d7-7690-4562-9a4a-f065e9962a98",
    "data": [
      {
        "text": "is the free caller ",
        "userDefined": false
      },
      {
        "text": "ID",
        "alias": "NRIC",
        "meta": "@NRIC",
        "userDefined": false
      },
      {
        "text": " only for online purcase",
        "userDefined": false
      }
    ],
    "isTemplate": false,
    "count": 0,
    "updated": 0
  }
]