[
  {
    "id": "58833487-64e6-4951-b47b-500a704b1829",
    "data": [
      {
        "text": "how does my ",
        "userDefined": false
      },
      {
        "text": "brother",
        "alias": "Family",
        "meta": "@Family",
        "userDefined": false
      },
      {
        "text": " ",
        "userDefined": false
      },
      {
        "text": "sign up",
        "alias": "Sign-up",
        "meta": "@Sign-up",
        "userDefined": false
      },
      {
        "text": " using my name",
        "userDefined": false
      }
    ],
    "isTemplate": false,
    "count": 0,
    "updated": 0
  },
  {
    "id": "9fa6f795-a117-4a46-8131-e70572dee722",
    "data": [
      {
        "text": "may i know if we can do transfer onwnership through ",
        "userDefined": false
      },
      {
        "text": "online",
        "alias": "Online",
        "meta": "@Online",
        "userDefined": false
      },
      {
        "text": "?",
        "userDefined": false
      }
    ],
    "isTemplate": false,
    "count": 0,
    "updated": 0
  },
  {
    "id": "c40b24a5-5026-4c5a-8f3f-077e49abbdd3",
    "data": [
      {
        "text": "transfer of ownership",
        "userDefined": false
      }
    ],
    "isTemplate": false,
    "count": 0,
    "updated": 0
  },
  {
    "id": "b0a7cdf4-7450-4a83-8fc4-f0db2d2b99ea",
    "data": [
      {
        "text": "My ",
        "userDefined": false
      },
      {
        "text": "mum",
        "alias": "Family",
        "meta": "@Family",
        "userDefined": false
      },
      {
        "text": " has the ",
        "userDefined": false
      },
      {
        "text": "CIS",
        "alias": "CIS",
        "meta": "@CIS",
        "userDefined": false
      },
      {
        "text": " Plan, how do i extend that to my own line?",
        "userDefined": false
      }
    ],
    "isTemplate": false,
    "count": 0,
    "updated": 0
  },
  {
    "id": "d2822e93-4048-4f62-b4cb-cac1fcee0499",
    "data": [
      {
        "text": "Hello. My line is under another person\u0027s name. Am i able to make a ",
        "userDefined": false
      },
      {
        "text": "portover",
        "alias": "PortIn",
        "meta": "@PortIn",
        "userDefined": false
      },
      {
        "text": " using my name ",
        "userDefined": false
      },
      {
        "text": "online",
        "alias": "Online",
        "meta": "@Online",
        "userDefined": false
      },
      {
        "text": "?",
        "userDefined": false
      }
    ],
    "isTemplate": false,
    "count": 0,
    "updated": 0
  },
  {
    "id": "7aa2f572-d557-48ce-ab35-ca504fc34d4c",
    "data": [
      {
        "text": "is it possible to ",
        "userDefined": false
      },
      {
        "text": "port over",
        "alias": "PortIn",
        "meta": "@PortIn",
        "userDefined": false
      },
      {
        "text": " the number, then transfer ownership?",
        "userDefined": false
      }
    ],
    "isTemplate": false,
    "count": 0,
    "updated": 0
  },
  {
    "id": "f96eff2b-e5de-49c8-8931-2b4e7f8be65f",
    "data": [
      {
        "text": "tell me about ownership transfer",
        "userDefined": false
      }
    ],
    "isTemplate": false,
    "count": 0,
    "updated": 0
  },
  {
    "id": "9ab8a04b-920f-4956-88db-da8fbb3c11c2",
    "data": [
      {
        "text": "how am i able to ",
        "userDefined": false
      },
      {
        "text": "transfer",
        "alias": "geo-city",
        "meta": "@sys.geo-city",
        "userDefined": false
      },
      {
        "text": " ownership",
        "userDefined": false
      }
    ],
    "isTemplate": false,
    "count": 0,
    "updated": 0
  },
  {
    "id": "2063b41c-073e-462a-8b65-6e33de9ff0e8",
    "data": [
      {
        "text": "i need to transfer line to my ",
        "userDefined": false
      },
      {
        "text": "cousin",
        "alias": "Family",
        "meta": "@Family",
        "userDefined": true
      }
    ],
    "isTemplate": false,
    "count": 1,
    "updated": 0
  },
  {
    "id": "e198aecf-a68c-4325-91d7-827f89fb7639",
    "data": [
      {
        "text": "changing ownership to ",
        "userDefined": false
      },
      {
        "text": "family",
        "alias": "Family",
        "meta": "@Family",
        "userDefined": false
      },
      {
        "text": " members",
        "userDefined": false
      }
    ],
    "isTemplate": false,
    "count": 0,
    "updated": 0
  },
  {
    "id": "e186ff14-f044-494e-93c7-ca0c623f07d4",
    "data": [
      {
        "text": "transferring line to relatives",
        "userDefined": false
      }
    ],
    "isTemplate": false,
    "count": 0,
    "updated": 0
  },
  {
    "id": "3ffc682a-d485-4a14-9e6b-e3e54ddf4de7",
    "data": [
      {
        "text": "Can I convert my ",
        "userDefined": false
      },
      {
        "text": "dad",
        "alias": "Family",
        "meta": "@Family",
        "userDefined": false
      },
      {
        "text": "\u0027s\u0027s line to ",
        "userDefined": false
      },
      {
        "text": "CIS",
        "alias": "CIS",
        "meta": "@CIS",
        "userDefined": false
      },
      {
        "text": " without converting mine?",
        "userDefined": false
      }
    ],
    "isTemplate": false,
    "count": 0,
    "updated": 0
  },
  {
    "id": "ea6a1114-9724-44a4-be30-965ababdedb2",
    "data": [
      {
        "text": "can i transfer line",
        "userDefined": false
      }
    ],
    "isTemplate": false,
    "count": 0,
    "updated": 0
  },
  {
    "id": "f6c9e766-30aa-4d31-b103-ccbed6be190f",
    "data": [
      {
        "text": "my current line is under my ",
        "userDefined": false
      },
      {
        "text": "brother",
        "alias": "Family",
        "meta": "@Family",
        "userDefined": false
      },
      {
        "text": "\u0027s\u0027s name in another telecom. I wish to ",
        "userDefined": false
      },
      {
        "text": "port-in",
        "alias": "PortIn",
        "meta": "@PortIn",
        "userDefined": false
      },
      {
        "text": " using my name. is that possible?",
        "userDefined": false
      }
    ],
    "isTemplate": false,
    "count": 0,
    "updated": 0
  },
  {
    "id": "8c8464fd-a51f-4613-b480-2692ef7f27e8",
    "data": [
      {
        "text": "how do I transfer ownership",
        "userDefined": false
      }
    ],
    "isTemplate": false,
    "count": 0,
    "updated": 0
  },
  {
    "id": "7e2c4f3f-c418-4bbf-90cf-123fd07e1086",
    "data": [
      {
        "text": "i want to transfer my line to my ",
        "userDefined": false
      },
      {
        "text": "mother",
        "alias": "Family",
        "meta": "@Family",
        "userDefined": false
      }
    ],
    "isTemplate": false,
    "count": 0,
    "updated": 0
  },
  {
    "id": "20fb473d-70fc-4f58-a55f-25097e8b6b30",
    "data": [
      {
        "text": "My current line is under my ",
        "userDefined": false
      },
      {
        "text": "brother",
        "alias": "Family",
        "meta": "@Family",
        "userDefined": false
      },
      {
        "text": "\u0027s\u0027s name. I want to ",
        "userDefined": false
      },
      {
        "text": "port-in",
        "alias": "PortIn",
        "meta": "@PortIn",
        "userDefined": false
      },
      {
        "text": " using my name",
        "userDefined": false
      }
    ],
    "isTemplate": false,
    "count": 0,
    "updated": 0
  },
  {
    "id": "52e0b388-5715-47f2-86f2-eac3cd84a39a",
    "data": [
      {
        "text": "Hi Good Evening. In order to ",
        "userDefined": false
      },
      {
        "text": "port over",
        "alias": "PortIn",
        "meta": "@PortIn",
        "userDefined": false
      },
      {
        "text": " to ",
        "userDefined": false
      },
      {
        "text": "Singtel",
        "alias": "Competitors",
        "meta": "@Competitors",
        "userDefined": false
      },
      {
        "text": "\u0027s ",
        "userDefined": false
      },
      {
        "text": "CIS",
        "alias": "CIS",
        "meta": "@CIS",
        "userDefined": false
      },
      {
        "text": " plan, does the original subscriber aka my ",
        "userDefined": false
      },
      {
        "text": "dad",
        "alias": "Family",
        "meta": "@Family",
        "userDefined": false
      },
      {
        "text": " needs to be there for the transition? I\u0027m going to port this line which is under my dad\u0027s name to my name as I\u0027m the staff of the company.",
        "userDefined": false
      }
    ],
    "isTemplate": false,
    "count": 0,
    "updated": 0
  },
  {
    "id": "a996a2cc-e512-4e53-93f8-c2affbb366fd",
    "data": [
      {
        "text": "i want to transfer line to ",
        "userDefined": false
      },
      {
        "text": "mom",
        "alias": "given-name",
        "meta": "@sys.given-name",
        "userDefined": false
      }
    ],
    "isTemplate": false,
    "count": 0,
    "updated": 0
  },
  {
    "id": "b215b203-196c-47aa-9880-76491728a3ab",
    "data": [
      {
        "text": "transfer line to ",
        "userDefined": false
      },
      {
        "text": "family",
        "alias": "Family",
        "meta": "@Family",
        "userDefined": false
      },
      {
        "text": " please",
        "userDefined": false
      }
    ],
    "isTemplate": false,
    "count": 0,
    "updated": 0
  },
  {
    "id": "647762a6-0b07-4cbc-927d-d6d95f03321f",
    "data": [
      {
        "text": "how many ",
        "userDefined": false
      },
      {
        "text": "family",
        "alias": "Family",
        "meta": "@Family",
        "userDefined": false
      },
      {
        "text": " members i can transfer my line to",
        "userDefined": false
      }
    ],
    "isTemplate": false,
    "count": 0,
    "updated": 0
  },
  {
    "id": "f502fc75-6758-49a5-9dfb-6a7cdc86fceb",
    "data": [
      {
        "text": "i want to transfer ownership to my ",
        "userDefined": false
      },
      {
        "text": "mother",
        "alias": "Family",
        "meta": "@Family",
        "userDefined": false
      }
    ],
    "isTemplate": false,
    "count": 0,
    "updated": 0
  },
  {
    "id": "63c7185b-9916-4391-ba8e-cf264704b3ff",
    "data": [
      {
        "text": "transfer ownership",
        "userDefined": false
      }
    ],
    "isTemplate": false,
    "count": 0,
    "updated": 0
  },
  {
    "id": "cd7b6fda-986e-403a-9685-d6de5730fdc4",
    "data": [
      {
        "text": "how can i transfer ownership",
        "userDefined": false
      }
    ],
    "isTemplate": false,
    "count": 0,
    "updated": 0
  },
  {
    "id": "6512904c-05aa-436a-a539-8cc3b84542c7",
    "data": [
      {
        "text": "i want to change ownership to my ",
        "userDefined": false
      },
      {
        "text": "mother",
        "alias": "Family",
        "meta": "@Family",
        "userDefined": false
      }
    ],
    "isTemplate": false,
    "count": 0,
    "updated": 0
  },
  {
    "id": "063c10dc-c101-416d-8e48-8240d899e497",
    "data": [
      {
        "text": "i want to change ownership",
        "userDefined": false
      }
    ],
    "isTemplate": false,
    "count": 1,
    "updated": 0
  },
  {
    "id": "c73b542d-d8b2-4c51-b2dd-cb0e8ffa1f97",
    "data": [
      {
        "text": "hi, how do i transfer my ",
        "userDefined": false
      },
      {
        "text": "family",
        "alias": "Family",
        "meta": "@Family",
        "userDefined": false
      },
      {
        "text": " member\u0027s line to ",
        "userDefined": false
      },
      {
        "text": "CIS",
        "alias": "CIS",
        "meta": "@CIS",
        "userDefined": false
      }
    ],
    "isTemplate": false,
    "count": 0,
    "updated": 0
  },
  {
    "id": "299234b8-4757-4b0c-813b-a501420136c5",
    "data": [
      {
        "text": "my ",
        "userDefined": false
      },
      {
        "text": "brother-in-law",
        "alias": "Family",
        "meta": "@Family",
        "userDefined": true
      },
      {
        "text": " wants to transfer my line to ",
        "userDefined": false
      },
      {
        "text": "cis",
        "alias": "CIS",
        "meta": "@CIS",
        "userDefined": false
      }
    ],
    "isTemplate": false,
    "count": 0,
    "updated": 0
  },
  {
    "id": "1f223f60-bb2b-4199-ac1e-767e74d2a151",
    "data": [
      {
        "text": "How do i ",
        "userDefined": false
      },
      {
        "text": "port-in",
        "alias": "PortIn",
        "meta": "@PortIn",
        "userDefined": false
      },
      {
        "text": " a number under my father\u0027s name (",
        "userDefined": false
      },
      {
        "text": "starhub",
        "alias": "Competitors1",
        "meta": "@Competitors",
        "userDefined": false
      },
      {
        "text": ") to ",
        "userDefined": false
      },
      {
        "text": "Singtel",
        "alias": "Competitors",
        "meta": "@Competitors",
        "userDefined": false
      },
      {
        "text": " ",
        "userDefined": false
      },
      {
        "text": "CIS",
        "alias": "CIS",
        "meta": "@CIS",
        "userDefined": false
      },
      {
        "text": " under my own name",
        "userDefined": false
      }
    ],
    "isTemplate": false,
    "count": 0,
    "updated": 0
  },
  {
    "id": "c129ae32-85d4-4b15-a21a-607f593a331f",
    "data": [
      {
        "text": "how to change ownership to my beloved",
        "userDefined": false
      }
    ],
    "isTemplate": false,
    "count": 1,
    "updated": 0
  },
  {
    "id": "cd64871b-566b-459e-93eb-123eb4bd7770",
    "data": [
      {
        "text": "i want to transfer plan to my ",
        "userDefined": false
      },
      {
        "text": "ah lao",
        "alias": "Family",
        "meta": "@Family",
        "userDefined": true
      }
    ],
    "isTemplate": false,
    "count": 0,
    "updated": 0
  },
  {
    "id": "bd5eb7dd-49c0-4176-815d-07b1d6a9b73f",
    "data": [
      {
        "text": "Hi, I would like to ",
        "userDefined": false
      },
      {
        "text": "recontract",
        "alias": "Recontract",
        "meta": "@Recontract",
        "userDefined": false
      },
      {
        "text": " my line under my ",
        "userDefined": false
      },
      {
        "text": "sister",
        "alias": "Family",
        "meta": "@Family",
        "userDefined": false
      },
      {
        "text": " ",
        "userDefined": false
      },
      {
        "text": "CIS",
        "alias": "CIS",
        "meta": "@CIS",
        "userDefined": false
      },
      {
        "text": ". Can the line still be under my name or have to be under my ",
        "userDefined": false
      },
      {
        "text": "sister",
        "alias": "Family",
        "meta": "@Family",
        "userDefined": false
      },
      {
        "text": "\u0027s\u0027s name? The line is currenly under my name.",
        "userDefined": false
      }
    ],
    "isTemplate": false,
    "count": 0,
    "updated": 0
  },
  {
    "id": "16f9d211-3fcb-4a3c-b5a5-4e52a10775c8",
    "data": [
      {
        "text": "i want to transfer plan to my ",
        "userDefined": false
      },
      {
        "text": "mother\u0027s sister",
        "alias": "Family",
        "meta": "@Family",
        "userDefined": true
      }
    ],
    "isTemplate": false,
    "count": 0,
    "updated": 0
  },
  {
    "id": "1f6d7bd0-fca7-47fb-b89c-d0ad4a47f9d9",
    "data": [
      {
        "text": "hi, i will like to transfer a individual account to another one (under diff name) how do i do that",
        "userDefined": false
      }
    ],
    "isTemplate": false,
    "count": 0,
    "updated": 0
  },
  {
    "id": "e3cf2b8b-96e9-4ee2-9a67-7a2089246289",
    "data": [
      {
        "text": "How do i transfer ownership",
        "userDefined": false
      }
    ],
    "isTemplate": false,
    "count": 0,
    "updated": 0
  },
  {
    "id": "0037332a-9164-4ba0-8330-a16943f1e5a7",
    "data": [
      {
        "text": "I want to transfer ownership",
        "userDefined": false
      }
    ],
    "isTemplate": false,
    "count": 0,
    "updated": 0
  },
  {
    "id": "7684c528-c626-4931-85de-2290fdd58bd7",
    "data": [
      {
        "text": "i want to transfer line to my friend",
        "userDefined": false
      }
    ],
    "isTemplate": false,
    "count": 0,
    "updated": 0
  },
  {
    "id": "7b8c1b86-659d-4fa4-8d66-b084f4adbf21",
    "data": [
      {
        "text": "i want to transfer ownership",
        "userDefined": false
      }
    ],
    "isTemplate": false,
    "count": 0,
    "updated": 0
  },
  {
    "id": "95e4cc76-9fda-407a-b719-ce6508628dd4",
    "data": [
      {
        "text": "is it possible to change ownership to ",
        "userDefined": false
      },
      {
        "text": "family",
        "alias": "Family",
        "meta": "@Family",
        "userDefined": false
      }
    ],
    "isTemplate": false,
    "count": 0,
    "updated": 0
  }
]