[
  {
    "id": "6ea33b95-99cb-4f0e-8695-4aab0b506223",
    "data": [
      {
        "text": "may I know if ",
        "userDefined": false
      },
      {
        "text": "CIS",
        "alias": "CIS",
        "meta": "@CIS",
        "userDefined": false
      },
      {
        "text": " is possible to be combined with ",
        "userDefined": false
      },
      {
        "text": "family",
        "alias": "Family",
        "meta": "@Family",
        "userDefined": false
      },
      {
        "text": " line nomination ",
        "userDefined": false
      },
      {
        "text": "discount",
        "alias": "Discount",
        "meta": "@Discount",
        "userDefined": false
      },
      {
        "text": "?",
        "userDefined": false
      }
    ],
    "isTemplate": false,
    "count": 2,
    "updated": 0
  },
  {
    "id": "a6684138-dea3-4e25-9249-d7a6b2ad431d",
    "data": [
      {
        "text": "can i enjoy cis rates under ",
        "userDefined": false
      },
      {
        "text": "fibre entertainment bundle",
        "alias": "FibreEntertainmentBundle",
        "meta": "@FibreEntertainmentBundle",
        "userDefined": true
      },
      {
        "text": "?",
        "userDefined": false
      }
    ],
    "isTemplate": false,
    "count": 1,
    "updated": 0
  },
  {
    "id": "d264b72a-76d5-4203-b2fd-a743e96fa441",
    "data": [
      {
        "text": "can my ",
        "userDefined": false
      },
      {
        "text": "cis",
        "alias": "CIS",
        "meta": "@CIS",
        "userDefined": false
      },
      {
        "text": " subscription be counted as a line for the multi line nomination",
        "userDefined": false
      }
    ],
    "isTemplate": false,
    "count": 0,
    "updated": 0
  },
  {
    "id": "e729b6bc-5dca-4e32-a4a7-3b31ae3a554e",
    "data": [
      {
        "text": "can i nominate my ",
        "userDefined": false
      },
      {
        "text": "cis",
        "alias": "CIS",
        "meta": "@CIS",
        "userDefined": false
      },
      {
        "text": " line as multi line?",
        "userDefined": false
      }
    ],
    "isTemplate": false,
    "count": 0,
    "updated": 0
  },
  {
    "id": "9537351f-4965-4303-9926-2b295735ec05",
    "data": [
      {
        "text": "can my ",
        "userDefined": false
      },
      {
        "text": "cis",
        "alias": "CIS",
        "meta": "@CIS",
        "userDefined": false
      },
      {
        "text": " line count for multi line",
        "userDefined": false
      }
    ],
    "isTemplate": false,
    "count": 0,
    "updated": 0
  },
  {
    "id": "26cb39c3-2c5d-4fbb-ba81-54ebb73222e0",
    "data": [
      {
        "text": "can my ",
        "userDefined": false
      },
      {
        "text": "CIS",
        "alias": "CIS",
        "meta": "@CIS",
        "userDefined": false
      },
      {
        "text": " line be used as a mobile multi line nomination",
        "userDefined": false
      }
    ],
    "isTemplate": false,
    "count": 0,
    "updated": 0
  },
  {
    "id": "7c888bcd-44bc-4f28-8008-241e1c948113",
    "data": [
      {
        "text": "can i use my ",
        "userDefined": false
      },
      {
        "text": "cis",
        "alias": "CIS",
        "meta": "@CIS",
        "userDefined": false
      },
      {
        "text": " number for multi line",
        "userDefined": false
      }
    ],
    "isTemplate": false,
    "count": 0,
    "updated": 0
  },
  {
    "id": "1bb4e127-ff63-45fb-8810-e3e87bb27f1f",
    "data": [
      {
        "text": "Can my ",
        "userDefined": false
      },
      {
        "text": "CIS",
        "alias": "CIS",
        "meta": "@CIS",
        "userDefined": false
      },
      {
        "text": " subscription be counted as a line for the Mobile Multi-Line nomination?",
        "userDefined": false
      }
    ],
    "isTemplate": false,
    "count": 0,
    "updated": 0
  },
  {
    "id": "5bda3162-b62c-4218-90fc-39980f5124db",
    "data": [
      {
        "text": "can i enjoy ",
        "userDefined": false
      },
      {
        "text": "cis",
        "alias": "CIS",
        "meta": "@CIS",
        "userDefined": false
      },
      {
        "text": " discount under ",
        "userDefined": false
      },
      {
        "text": "fibre entertainment bundle",
        "alias": "FibreEntertainmentBundle",
        "meta": "@FibreEntertainmentBundle",
        "userDefined": false
      },
      {
        "text": "?",
        "userDefined": false
      }
    ],
    "isTemplate": false,
    "count": 0,
    "updated": 0
  },
  {
    "id": "806c11a8-d966-490b-aefc-1c2b0cec6b0c",
    "data": [
      {
        "text": "can i use my ",
        "userDefined": false
      },
      {
        "text": "cis",
        "alias": "CIS",
        "meta": "@CIS",
        "userDefined": false
      },
      {
        "text": " to count for multi line?",
        "userDefined": false
      }
    ],
    "isTemplate": false,
    "count": 0,
    "updated": 0
  },
  {
    "id": "c316d0a2-914f-4abd-b332-c28414f0c14e",
    "data": [
      {
        "text": "how to check if my ",
        "userDefined": false
      },
      {
        "text": "CIS",
        "alias": "CIS",
        "meta": "@CIS",
        "userDefined": false
      },
      {
        "text": " can be used for mobile multi-line nomination",
        "userDefined": false
      }
    ],
    "isTemplate": false,
    "count": 0,
    "updated": 0
  },
  {
    "id": "b3fff172-7690-45ba-a764-64119da3da0e",
    "data": [
      {
        "text": "I have subscribed to the ",
        "userDefined": false
      },
      {
        "text": "FEB",
        "alias": "FibreEntertainmentBundle",
        "meta": "@FibreEntertainmentBundle",
        "userDefined": true
      },
      {
        "text": ". Are ",
        "userDefined": false
      },
      {
        "text": "CIS",
        "alias": "CIS",
        "meta": "@CIS",
        "userDefined": false
      },
      {
        "text": " rates applicable for my mobile plan?",
        "userDefined": false
      }
    ],
    "isTemplate": false,
    "count": 0,
    "updated": 0
  },
  {
    "id": "5511a8f2-a6e1-4f4e-82aa-b91fc36e551f",
    "data": [
      {
        "text": "I have subscribed to the ",
        "userDefined": false
      },
      {
        "text": "Fibre Entertainment bundle",
        "alias": "FibreEntertainmentBundle",
        "meta": "@FibreEntertainmentBundle",
        "userDefined": true
      },
      {
        "text": ". Are ",
        "userDefined": false
      },
      {
        "text": "CIS",
        "alias": "CIS",
        "meta": "@CIS",
        "userDefined": false
      },
      {
        "text": " rates applicable for my mobile plan?",
        "userDefined": false
      }
    ],
    "isTemplate": false,
    "count": 0,
    "updated": 0
  },
  {
    "id": "46024194-17e7-4296-a0c5-d7fb0fc163cd",
    "data": [
      {
        "text": "i have ",
        "userDefined": false
      },
      {
        "text": "FEB",
        "alias": "FibreEntertainmentBundle",
        "meta": "@FibreEntertainmentBundle",
        "userDefined": true
      },
      {
        "text": ", are the ",
        "userDefined": false
      },
      {
        "text": "CIS",
        "alias": "CIS",
        "meta": "@CIS",
        "userDefined": false
      },
      {
        "text": " rates applicable for my mobile?",
        "userDefined": false
      }
    ],
    "isTemplate": false,
    "count": 0,
    "updated": 0
  }
]