[
  {
    "id": "99a6dd75-0961-4314-a6d7-a082359a9c1a",
    "data": [
      {
        "text": "I have an order that is delivering on ",
        "userDefined": false
      },
      {
        "text": "6 Oct",
        "alias": "date",
        "meta": "@sys.date",
        "userDefined": true
      }
    ],
    "isTemplate": false,
    "count": 0,
    "updated": 0
  },
  {
    "id": "2236c3cb-e58b-479d-9f53-ff9b44d57e37",
    "data": [
      {
        "text": "i ordered my phone and plan online, when will it be delivered?",
        "userDefined": false
      }
    ],
    "isTemplate": false,
    "count": 1,
    "updated": 0
  },
  {
    "id": "54733d7d-77fb-4284-80be-97b96b24219b",
    "data": [
      {
        "text": "i made my purchase online, can i track the delivery status?",
        "userDefined": false
      }
    ],
    "isTemplate": false,
    "count": 1,
    "updated": 0
  },
  {
    "id": "df253454-eba2-4a8f-a37a-aa8427675671",
    "data": [
      {
        "text": "when will my purchase be delivered",
        "userDefined": false
      }
    ],
    "isTemplate": false,
    "count": 0,
    "updated": 0
  },
  {
    "id": "50c6cb91-8a9c-4a30-90d2-957212c6778e",
    "data": [
      {
        "text": "track delivery mode",
        "userDefined": false
      }
    ],
    "isTemplate": false,
    "count": 0,
    "updated": 0
  },
  {
    "id": "9887df04-2bb4-4881-a8fe-ad4b70518017",
    "data": [
      {
        "text": "what time will the delivery arrive",
        "userDefined": false
      }
    ],
    "isTemplate": false,
    "count": 0,
    "updated": 0
  },
  {
    "id": "bd323e3e-a22d-4e37-b6eb-f013c1aaf1fb",
    "data": [
      {
        "text": "where is the delivery man?",
        "userDefined": false
      }
    ],
    "isTemplate": false,
    "count": 0,
    "updated": 0
  },
  {
    "id": "4a516789-0bbf-4985-8ce1-a74418b4e44c",
    "data": [
      {
        "text": "i want to know the order delivery status",
        "userDefined": false
      }
    ],
    "isTemplate": false,
    "count": 0,
    "updated": 0
  },
  {
    "id": "6539feaf-01e9-4ea2-8a31-fa11d14bb07d",
    "data": [
      {
        "text": "where to see the delivery status",
        "userDefined": false
      }
    ],
    "isTemplate": false,
    "count": 0,
    "updated": 0
  },
  {
    "id": "642d04ea-4b03-47ce-82e3-ef5c8df29ada",
    "data": [
      {
        "text": "how can i check my delivery status",
        "userDefined": false
      }
    ],
    "isTemplate": false,
    "count": 0,
    "updated": 0
  },
  {
    "id": "1d338904-abbe-47ac-987a-c2da60f7d237",
    "data": [
      {
        "text": "how do i check the status of my delivery",
        "userDefined": false
      }
    ],
    "isTemplate": false,
    "count": 0,
    "updated": 0
  },
  {
    "id": "75242ec2-067c-4ea3-8091-8d32b5795f71",
    "data": [
      {
        "text": "i want to see my online order status",
        "userDefined": false
      }
    ],
    "isTemplate": false,
    "count": 1,
    "updated": 0
  },
  {
    "id": "e9912719-e61d-4340-8ff7-dfb1c88cec5c",
    "data": [
      {
        "text": "how to check my order status",
        "userDefined": false
      }
    ],
    "isTemplate": false,
    "count": 0,
    "updated": 0
  },
  {
    "id": "17121b6d-1e97-4e3d-81ff-38dd7cfe4b80",
    "data": [
      {
        "text": "can i check my order online",
        "userDefined": false
      }
    ],
    "isTemplate": false,
    "count": 0,
    "updated": 0
  },
  {
    "id": "eda838b6-af83-49e5-9bab-8a31cdd3119d",
    "data": [
      {
        "text": "how to see my order status for my online orders",
        "userDefined": false
      }
    ],
    "isTemplate": false,
    "count": 0,
    "updated": 0
  },
  {
    "id": "e5cbaca6-0eec-4ba0-8d40-e39090571fef",
    "data": [
      {
        "text": "how do i track my order status for my mobile purchase online",
        "userDefined": false
      }
    ],
    "isTemplate": false,
    "count": 0,
    "updated": 0
  }
]