[
  {
    "id": "bc4b7c6f-bce0-4572-b549-725f3eb2bcec",
    "data": [
      {
        "text": "i hate this cheque transfer featurette on ",
        "userDefined": false
      },
      {
        "text": "dash",
        "alias": "given-name",
        "meta": "@sys.given-name",
        "userDefined": false
      }
    ],
    "isTemplate": false,
    "count": 0,
    "updated": 0
  },
  {
    "id": "007eb3a7-2846-4014-ac94-cc6a48dd7d36",
    "data": [
      {
        "text": "is there anything you can do on the delayed money transfer using dash",
        "userDefined": false
      }
    ],
    "isTemplate": false,
    "count": 0,
    "updated": 0
  },
  {
    "id": "6ffc38e4-198f-4973-a193-3a86dda4ff42",
    "data": [
      {
        "text": "what can i do if the transfer of funds is delayed",
        "userDefined": false
      }
    ],
    "isTemplate": false,
    "count": 0,
    "updated": 0
  },
  {
    "id": "ed077e9f-76d5-4f04-8ee5-dd53b731847c",
    "data": [
      {
        "text": "i want to complain about ",
        "userDefined": false
      },
      {
        "text": "dash",
        "alias": "given-name",
        "meta": "@sys.given-name",
        "userDefined": false
      },
      {
        "text": " transfer of funds",
        "userDefined": false
      }
    ],
    "isTemplate": false,
    "count": 0,
    "updated": 0
  },
  {
    "id": "f61f1a20-44de-4a85-9fe4-7d6248dae2d5",
    "data": [
      {
        "text": "is the process of remitting money always taking this long",
        "userDefined": false
      }
    ],
    "isTemplate": false,
    "count": 0,
    "updated": 0
  },
  {
    "id": "a76385a6-d6ae-4009-9595-2d5111de05d4",
    "data": [
      {
        "text": "i\u0027ve never remitted money this long",
        "userDefined": false
      }
    ],
    "isTemplate": false,
    "count": 0,
    "updated": 0
  },
  {
    "id": "25cd44f3-04cf-4bfc-8aa3-2e1a5863ad66",
    "data": [
      {
        "text": "is remitting money always this delayed",
        "userDefined": false
      }
    ],
    "isTemplate": false,
    "count": 0,
    "updated": 0
  },
  {
    "id": "f60b1f61-b289-4999-9e98-45eaf7006098",
    "data": [
      {
        "text": "i just remitted some money but it\u0027s delayed",
        "userDefined": false
      }
    ],
    "isTemplate": false,
    "count": 0,
    "updated": 0
  },
  {
    "id": "24ab20c5-862b-4cbb-b554-8283797daad5",
    "data": [
      {
        "text": "i just sent some money but it\u0027s pending",
        "userDefined": false
      }
    ],
    "isTemplate": false,
    "count": 0,
    "updated": 0
  },
  {
    "id": "9a597a70-60f3-4084-b704-1016454f1c72",
    "data": [
      {
        "text": "i experience some problems when remitting using ",
        "userDefined": false
      },
      {
        "text": "dash",
        "alias": "given-name",
        "meta": "@sys.given-name",
        "userDefined": false
      }
    ],
    "isTemplate": false,
    "count": 0,
    "updated": 0
  },
  {
    "id": "4a26269d-9490-41c1-8b2f-2c6110ff3a81",
    "data": [
      {
        "text": "problems on dash remittance",
        "userDefined": false
      }
    ],
    "isTemplate": false,
    "count": 0,
    "updated": 0
  },
  {
    "id": "39f3bfdd-b411-450e-9bb9-946e14897beb",
    "data": [
      {
        "text": "there is some delay in my money transfer",
        "userDefined": false
      }
    ],
    "isTemplate": false,
    "count": 0,
    "updated": 0
  },
  {
    "id": "b29a45ab-869d-4b7f-b563-b5761c502618",
    "data": [
      {
        "text": "i have some issues with topping up my balance for dash singtel app",
        "userDefined": false
      }
    ],
    "isTemplate": false,
    "count": 0,
    "updated": 0
  },
  {
    "id": "95d63559-9129-4a06-87fc-b29b8db1e8b9",
    "data": [
      {
        "text": "i have been waiting for ",
        "userDefined": false
      },
      {
        "text": "the 2",
        "alias": "date",
        "meta": "@sys.date",
        "userDefined": false
      },
      {
        "text": "nd sms for remittance after transferring money using dash, but it doesn\u0027t appear",
        "userDefined": false
      }
    ],
    "isTemplate": false,
    "count": 0,
    "updated": 0
  },
  {
    "id": "bbfe29d2-fae5-4f20-8201-4196c5de137c",
    "data": [
      {
        "text": "i face some money transfer issue using dash",
        "userDefined": false
      }
    ],
    "isTemplate": false,
    "count": 0,
    "updated": 0
  },
  {
    "id": "4c62e303-90be-4f77-ba1f-1dfb59814ded",
    "data": [
      {
        "text": "there is some money transfer issue with dash singtel app",
        "userDefined": false
      }
    ],
    "isTemplate": false,
    "count": 0,
    "updated": 0
  },
  {
    "id": "bc9ba4dc-6e40-4928-b625-d72ab7ce49b1",
    "data": [
      {
        "text": "is the money transfer using dash always this slow",
        "userDefined": false
      }
    ],
    "isTemplate": false,
    "count": 0,
    "updated": 0
  },
  {
    "id": "3b71d81b-2d1a-4fa5-a12d-625bd173cfdb",
    "data": [
      {
        "text": "i experience some delay in money transfer using dash. anything you can help me with",
        "userDefined": false
      }
    ],
    "isTemplate": false,
    "count": 0,
    "updated": 0
  },
  {
    "id": "dc17182b-5f8a-4218-ace1-b28dbb69c11b",
    "data": [
      {
        "text": "i transfer some money using dash app, but it\u0027s delayed",
        "userDefined": false
      }
    ],
    "isTemplate": false,
    "count": 0,
    "updated": 0
  },
  {
    "id": "b0a03236-3f97-4d9b-bdbd-eff1e0a70c2a",
    "data": [
      {
        "text": "i sent money using the dash singtel app but it\u0027s still pending. what can i do",
        "userDefined": false
      }
    ],
    "isTemplate": false,
    "count": 0,
    "updated": 0
  }
]