[
  {
    "id": "04ad88ae-2310-4cf5-b100-052e98efaf49",
    "data": [
      {
        "text": "onepass",
        "alias": "OnePass",
        "meta": "@OnePass",
        "userDefined": false
      },
      {
        "text": " for contract status",
        "userDefined": false
      }
    ],
    "isTemplate": false,
    "count": 0,
    "updated": 0
  },
  {
    "id": "95da2822-1438-4f63-ae24-77abd36c8d12",
    "data": [
      {
        "text": "onepass",
        "alias": "OnePass",
        "meta": "@OnePass",
        "userDefined": false
      },
      {
        "text": " for checking status",
        "userDefined": false
      }
    ],
    "isTemplate": false,
    "count": 0,
    "updated": 0
  },
  {
    "id": "0eb713eb-e3ab-41b3-9d97-2ab7d933151e",
    "data": [
      {
        "text": "Checking status through ",
        "userDefined": false
      },
      {
        "text": "onepass",
        "alias": "OnePass",
        "meta": "@OnePass",
        "userDefined": false
      }
    ],
    "isTemplate": false,
    "count": 1,
    "updated": 0
  },
  {
    "id": "2662dc00-68d8-4a3f-95bb-cdbd0f82acef",
    "data": [
      {
        "text": "how to check my status with ",
        "userDefined": false
      },
      {
        "text": "onepass",
        "alias": "OnePass",
        "meta": "@OnePass",
        "userDefined": false
      }
    ],
    "isTemplate": false,
    "count": 1,
    "updated": 0
  },
  {
    "id": "43879c4b-1223-4108-ac87-19463f0c5097",
    "data": [
      {
        "text": "is ",
        "userDefined": false
      },
      {
        "text": "one pass",
        "alias": "OnePass",
        "meta": "@OnePass",
        "userDefined": false
      },
      {
        "text": " accessible to check my status",
        "userDefined": false
      }
    ],
    "isTemplate": false,
    "count": 0,
    "updated": 0
  },
  {
    "id": "4c41c1f3-0347-4a6a-ae22-874a063a9106",
    "data": [
      {
        "text": "can i use my ",
        "userDefined": false
      },
      {
        "text": "onepass",
        "alias": "OnePass",
        "meta": "@OnePass",
        "userDefined": false
      },
      {
        "text": " to check my status",
        "userDefined": false
      }
    ],
    "isTemplate": false,
    "count": 0,
    "updated": 0
  },
  {
    "id": "47f7fc7b-852f-4136-be28-9e4664e9462c",
    "data": [
      {
        "text": "can ",
        "userDefined": false
      },
      {
        "text": "one pass",
        "alias": "OnePass",
        "meta": "@OnePass",
        "userDefined": false
      },
      {
        "text": " be used to check my status",
        "userDefined": false
      }
    ],
    "isTemplate": false,
    "count": 0,
    "updated": 0
  },
  {
    "id": "84ac77be-8570-44cd-b62e-295a4c7e9728",
    "data": [
      {
        "text": "how can i see my contract status using ",
        "userDefined": false
      },
      {
        "text": "onepass",
        "alias": "OnePass",
        "meta": "@OnePass",
        "userDefined": false
      }
    ],
    "isTemplate": false,
    "count": 0,
    "updated": 0
  },
  {
    "id": "ed7e2986-e7b1-4336-b781-8324a3d7c182",
    "data": [
      {
        "text": "i want to check my ",
        "userDefined": false
      },
      {
        "text": "mobile",
        "alias": "Handphone",
        "meta": "@Handphone",
        "userDefined": false
      },
      {
        "text": " plan using ",
        "userDefined": false
      },
      {
        "text": "onepass",
        "alias": "OnePass",
        "meta": "@OnePass",
        "userDefined": false
      }
    ],
    "isTemplate": false,
    "count": 0,
    "updated": 0
  },
  {
    "id": "ee55b292-5dd6-4404-a374-5a036710e6e9",
    "data": [
      {
        "text": "how to check the contract status using singtel ",
        "userDefined": false
      },
      {
        "text": "one pass",
        "alias": "OnePass",
        "meta": "@OnePass",
        "userDefined": true
      }
    ],
    "isTemplate": false,
    "count": 1,
    "updated": 0
  },
  {
    "id": "ec5827ec-7097-431a-9261-bd01c14c3050",
    "data": [
      {
        "text": "can i check my contract using singtel ",
        "userDefined": false
      },
      {
        "text": "one pass",
        "alias": "OnePass",
        "meta": "@OnePass",
        "userDefined": true
      }
    ],
    "isTemplate": false,
    "count": 0,
    "updated": 0
  },
  {
    "id": "0f83eb39-026c-443d-be00-23b1a56a9871",
    "data": [
      {
        "text": "check status using singtel ",
        "userDefined": false
      },
      {
        "text": "one pass",
        "alias": "OnePass",
        "meta": "@OnePass",
        "userDefined": true
      }
    ],
    "isTemplate": false,
    "count": 0,
    "updated": 0
  },
  {
    "id": "70dabbb3-b28f-4a73-938e-a8936258681c",
    "data": [
      {
        "text": "how to check my status using ",
        "userDefined": false
      },
      {
        "text": "singtel onepass",
        "alias": "OnePass",
        "meta": "@OnePass",
        "userDefined": true
      }
    ],
    "isTemplate": false,
    "count": 0,
    "updated": 0
  },
  {
    "id": "9dc37346-43ea-4d50-9977-f8bb25365e15",
    "data": [
      {
        "text": "OnePass",
        "alias": "OnePass",
        "meta": "@OnePass",
        "userDefined": true
      },
      {
        "text": " Check Status",
        "userDefined": false
      }
    ],
    "isTemplate": false,
    "count": 0,
    "updated": 0
  }
]