[
  {
    "id": "d534c127-b2c8-441b-ad09-e6cf9658a306",
    "data": [
      {
        "text": "can i download esim on the appstore",
        "userDefined": false
      }
    ],
    "isTemplate": false,
    "count": 0,
    "updated": 0
  },
  {
    "id": "e538e436-38d0-4925-a470-128f16e06820",
    "data": [
      {
        "text": "is an esim ",
        "userDefined": false
      },
      {
        "text": "application",
        "alias": "Sign-up",
        "meta": "@Sign-up",
        "userDefined": false
      },
      {
        "text": " downloadable",
        "userDefined": false
      }
    ],
    "isTemplate": false,
    "count": 0,
    "updated": 0
  },
  {
    "id": "353f4c76-b627-4f27-9967-a6dfd3b7feb3",
    "data": [
      {
        "text": "types of ",
        "userDefined": false
      },
      {
        "text": "device",
        "alias": "Handphone",
        "meta": "@Handphone",
        "userDefined": false
      },
      {
        "text": " incompatible with esim",
        "userDefined": false
      }
    ],
    "isTemplate": false,
    "count": 0,
    "updated": 0
  },
  {
    "id": "0bc3b1d6-43a8-4a68-8d1d-7990258bdb34",
    "data": [
      {
        "text": "what kinds of ",
        "userDefined": false
      },
      {
        "text": "device",
        "alias": "Handphone",
        "meta": "@Handphone",
        "userDefined": false
      },
      {
        "text": " that are not compatible with an esim",
        "userDefined": false
      }
    ],
    "isTemplate": false,
    "count": 0,
    "updated": 0
  },
  {
    "id": "b888272c-12c7-46c0-916a-faedffe3b5e3",
    "data": [
      {
        "text": "how many months contract available for an esim",
        "userDefined": false
      }
    ],
    "isTemplate": false,
    "count": 0,
    "updated": 0
  },
  {
    "id": "7af89e41-de21-48de-86af-20d32047e85f",
    "data": [
      {
        "text": "how may contracts are available for one regular esim plan",
        "userDefined": false
      }
    ],
    "isTemplate": false,
    "count": 0,
    "updated": 0
  },
  {
    "id": "acc2dd08-0070-4e73-8616-d26bb767c0d6",
    "data": [
      {
        "text": "should i sync the esim to my watch before using it",
        "userDefined": false
      }
    ],
    "isTemplate": false,
    "count": 0,
    "updated": 0
  },
  {
    "id": "63c9cd05-3834-4fec-8773-1a2c54ae183c",
    "data": [
      {
        "text": "is esim convenient to use",
        "userDefined": false
      }
    ],
    "isTemplate": false,
    "count": 0,
    "updated": 0
  },
  {
    "id": "179bd3bb-dc84-4da8-9708-9662b578fda7",
    "data": [
      {
        "text": "how convenient is an esim",
        "userDefined": false
      }
    ],
    "isTemplate": false,
    "count": 0,
    "updated": 0
  },
  {
    "id": "c757d70b-aa0e-4ea2-84a4-0a2e72c24928",
    "data": [
      {
        "text": "how much should i pay for an esim",
        "userDefined": false
      }
    ],
    "isTemplate": false,
    "count": 0,
    "updated": 0
  },
  {
    "id": "356a5e13-636e-4696-9572-a060e8778c10",
    "data": [
      {
        "text": "how much is esim for a ",
        "userDefined": false
      },
      {
        "text": "12-month",
        "alias": "duration",
        "meta": "@sys.duration",
        "userDefined": false
      },
      {
        "text": " contract",
        "userDefined": false
      }
    ],
    "isTemplate": false,
    "count": 0,
    "updated": 0
  },
  {
    "id": "797c4681-f082-406f-81ca-38ee97f4cca1",
    "data": [
      {
        "text": "can esim be carried around",
        "userDefined": false
      }
    ],
    "isTemplate": false,
    "count": 0,
    "updated": 0
  },
  {
    "id": "77e82aa3-3f47-4195-bd3b-e2a07a5fc07f",
    "data": [
      {
        "text": "is esim portable",
        "userDefined": false
      }
    ],
    "isTemplate": false,
    "count": 0,
    "updated": 0
  },
  {
    "id": "baae0f1d-0a19-499e-93f2-d3bc49179984",
    "data": [
      {
        "text": "size of esim",
        "userDefined": false
      }
    ],
    "isTemplate": false,
    "count": 0,
    "updated": 0
  },
  {
    "id": "6460ae47-7d00-4e67-83e4-323dfee5d497",
    "data": [
      {
        "text": "how big is the esim",
        "userDefined": false
      }
    ],
    "isTemplate": false,
    "count": 0,
    "updated": 0
  },
  {
    "id": "19927b7a-b4e4-456e-b8a7-f76936ee887b",
    "data": [
      {
        "text": "is it possible to switch between ",
        "userDefined": false
      },
      {
        "text": "mobile",
        "alias": "Handphone",
        "meta": "@Handphone",
        "userDefined": false
      },
      {
        "text": " numbers without swapping sim cards",
        "userDefined": false
      }
    ],
    "isTemplate": false,
    "count": 0,
    "updated": 0
  },
  {
    "id": "d3b57182-9095-4493-b2b0-1867e0f71dc5",
    "data": [
      {
        "text": "what is an embedded sim",
        "userDefined": false
      }
    ],
    "isTemplate": false,
    "count": 0,
    "updated": 0
  },
  {
    "id": "2bc4694e-3692-443b-bef9-86453776d880",
    "data": [
      {
        "text": "what is esim",
        "userDefined": false
      }
    ],
    "isTemplate": false,
    "count": 0,
    "updated": 0
  },
  {
    "id": "c8bf94bd-1c1c-4b67-a7f9-03c96b687320",
    "data": [
      {
        "text": "e-sim",
        "userDefined": false
      }
    ],
    "isTemplate": false,
    "count": 0,
    "updated": 0
  },
  {
    "id": "eae2dbdb-e301-40ce-bf19-e726d074f283",
    "data": [
      {
        "text": "SIM online",
        "userDefined": false
      }
    ],
    "isTemplate": false,
    "count": 0,
    "updated": 0
  }
]