[
  {
    "id": "c6ccafce-a464-478d-b845-f0cf80792a87",
    "data": [
      {
        "text": "may i know what is ",
        "userDefined": false
      },
      {
        "text": "port-in",
        "alias": "PortIn",
        "meta": "@PortIn",
        "userDefined": false
      },
      {
        "text": "?",
        "userDefined": false
      }
    ],
    "isTemplate": false,
    "count": 0,
    "updated": 0
  },
  {
    "id": "00c59a72-c53b-4348-a986-e7d46b5f5596",
    "data": [
      {
        "text": "I would like to find out more for ",
        "userDefined": false
      },
      {
        "text": "port in",
        "alias": "PortIn",
        "meta": "@PortIn",
        "userDefined": false
      }
    ],
    "isTemplate": false,
    "count": 0,
    "updated": 0
  },
  {
    "id": "dcd2809c-4a1c-4338-aca0-affad3a6b505",
    "data": [
      {
        "text": "Hi ",
        "userDefined": false
      },
      {
        "text": "FranCIS",
        "alias": "given-name",
        "meta": "@sys.given-name",
        "userDefined": false
      },
      {
        "text": ", may I know if I ",
        "userDefined": false
      },
      {
        "text": "port in",
        "alias": "PortIn1",
        "meta": "@PortIn",
        "userDefined": false
      },
      {
        "text": " from postpaid under other telco to ",
        "userDefined": false
      },
      {
        "text": "Singtel",
        "alias": "Competitors",
        "meta": "@Competitors",
        "userDefined": false
      },
      {
        "text": " ",
        "userDefined": false
      },
      {
        "text": "CIS",
        "alias": "CIS",
        "meta": "@CIS",
        "userDefined": false
      },
      {
        "text": " post paid... does this can still entitle for ",
        "userDefined": false
      },
      {
        "text": "handset",
        "alias": "Handphone",
        "meta": "@Handphone",
        "userDefined": false
      },
      {
        "text": " ",
        "userDefined": false
      },
      {
        "text": "port in",
        "alias": "PortIn",
        "meta": "@PortIn",
        "userDefined": false
      },
      {
        "text": " ",
        "userDefined": false
      },
      {
        "text": "discount",
        "alias": "Discount",
        "meta": "@Discount",
        "userDefined": false
      },
      {
        "text": " ?",
        "userDefined": false
      }
    ],
    "isTemplate": false,
    "count": 0,
    "updated": 0
  },
  {
    "id": "20181798-df65-48e3-b5f9-3277e54ec8dd",
    "data": [
      {
        "text": "port-in",
        "alias": "PortIn",
        "meta": "@PortIn",
        "userDefined": false
      },
      {
        "text": ", what does this mean?",
        "userDefined": false
      }
    ],
    "isTemplate": false,
    "count": 0,
    "updated": 0
  },
  {
    "id": "6557c9bf-be07-4cb2-b239-f2cced21bc13",
    "data": [
      {
        "text": "what does ",
        "userDefined": false
      },
      {
        "text": "port-in",
        "alias": "PortIn",
        "meta": "@PortIn",
        "userDefined": false
      },
      {
        "text": " mean?",
        "userDefined": false
      }
    ],
    "isTemplate": false,
    "count": 0,
    "updated": 0
  },
  {
    "id": "f6e37b3c-0e1b-49f9-b575-b6099a1cf601",
    "data": [
      {
        "text": "what does port over means",
        "userDefined": false
      }
    ],
    "isTemplate": false,
    "count": 0,
    "updated": 0
  },
  {
    "id": "81aff054-6ec5-4243-bf3a-12861dc3238e",
    "data": [
      {
        "text": "what is port over",
        "userDefined": false
      }
    ],
    "isTemplate": false,
    "count": 0,
    "updated": 0
  },
  {
    "id": "7c269e60-b215-4cf0-804b-98d3d83e748c",
    "data": [
      {
        "text": "port over",
        "userDefined": false
      }
    ],
    "isTemplate": false,
    "count": 0,
    "updated": 0
  },
  {
    "id": "2338dce5-e48b-49f1-a8d4-08721c84ae45",
    "data": [
      {
        "text": "what is the meaning of port in",
        "userDefined": false
      }
    ],
    "isTemplate": false,
    "count": 0,
    "updated": 0
  },
  {
    "id": "5a879c92-6229-4a9f-9045-c1c2deedd3f3",
    "data": [
      {
        "text": "what is the meaning of port-in?",
        "userDefined": false
      }
    ],
    "isTemplate": false,
    "count": 0,
    "updated": 0
  },
  {
    "id": "f7db1941-ffad-4707-839b-e46273bba112",
    "data": [
      {
        "text": "port-in meaning",
        "userDefined": false
      }
    ],
    "isTemplate": false,
    "count": 0,
    "updated": 0
  },
  {
    "id": "dc090605-1861-483f-91e4-490d27411ec5",
    "data": [
      {
        "text": "what does port-in ",
        "userDefined": false
      },
      {
        "text": "means",
        "alias": "geo-city",
        "meta": "@sys.geo-city",
        "userDefined": false
      }
    ],
    "isTemplate": false,
    "count": 0,
    "updated": 0
  },
  {
    "id": "957e9c28-935d-4f9b-bb4e-5b268b3b6f0d",
    "data": [
      {
        "text": "what is port-in",
        "userDefined": false
      }
    ],
    "isTemplate": false,
    "count": 0,
    "updated": 0
  },
  {
    "id": "5e327394-5a68-4896-a305-5f590e975869",
    "data": [
      {
        "text": "what is port in",
        "userDefined": false
      }
    ],
    "isTemplate": false,
    "count": 0,
    "updated": 0
  }
]