[
  {
    "id": "51aeab3c-b3c0-4840-bcad-27b23406a226",
    "data": [
      {
        "text": "how do i try to sign up",
        "userDefined": false
      }
    ],
    "isTemplate": false,
    "count": 0,
    "updated": 0
  },
  {
    "id": "a54905aa-9326-4342-b751-bcba5c5bfe51",
    "data": [
      {
        "text": "can i ",
        "userDefined": false
      },
      {
        "text": "sign up",
        "alias": "Sign-up",
        "meta": "@Sign-up",
        "userDefined": false
      },
      {
        "text": " please",
        "userDefined": false
      }
    ],
    "isTemplate": false,
    "count": 0,
    "updated": 0
  },
  {
    "id": "b14684fc-e622-4d57-92ab-15633c9450ac",
    "data": [
      {
        "text": "how do I ",
        "userDefined": false
      },
      {
        "text": "sign up",
        "alias": "Sign-up",
        "meta": "@Sign-up",
        "userDefined": false
      },
      {
        "text": " using my own line",
        "userDefined": false
      }
    ],
    "isTemplate": false,
    "count": 0,
    "updated": 0
  },
  {
    "id": "ce24a595-9196-48a2-8c2b-06597e3ffef4",
    "data": [
      {
        "text": "my friend wants to ",
        "userDefined": false
      },
      {
        "text": "sign up",
        "alias": "Sign-up",
        "meta": "@Sign-up",
        "userDefined": false
      }
    ],
    "isTemplate": false,
    "count": 0,
    "updated": 0
  },
  {
    "id": "56db4f92-b6b3-4233-8db5-afb26c3f4794",
    "data": [
      {
        "text": "currently i want to ",
        "userDefined": false
      },
      {
        "text": "sign up",
        "alias": "Sign-up",
        "meta": "@Sign-up",
        "userDefined": false
      },
      {
        "text": " with the ",
        "userDefined": false
      },
      {
        "text": "CIS",
        "alias": "CIS",
        "meta": "@CIS",
        "userDefined": false
      },
      {
        "text": " ",
        "userDefined": false
      },
      {
        "text": "promo",
        "alias": "Promotion",
        "meta": "@Promotion",
        "userDefined": false
      },
      {
        "text": " under my ",
        "userDefined": false
      },
      {
        "text": "company",
        "alias": "Company",
        "meta": "@Company",
        "userDefined": false
      }
    ],
    "isTemplate": false,
    "count": 0,
    "updated": 0
  },
  {
    "id": "fa14ceb0-a677-4601-b6a5-5d5d6f2718a5",
    "data": [
      {
        "text": "how to re contract using ",
        "userDefined": false
      },
      {
        "text": "alexandra",
        "alias": "given-name",
        "meta": "@sys.given-name",
        "userDefined": false
      },
      {
        "text": " health",
        "userDefined": false
      }
    ],
    "isTemplate": false,
    "count": 0,
    "updated": 0
  },
  {
    "id": "8049ae74-36d4-49cd-8548-c408c1c891da",
    "data": [
      {
        "text": "Are all outlets able to sign ",
        "userDefined": false
      },
      {
        "text": "cis",
        "alias": "CIS",
        "meta": "@CIS",
        "userDefined": false
      }
    ],
    "isTemplate": false,
    "count": 0,
    "updated": 0
  },
  {
    "id": "b15088c8-8b60-48a4-b690-371cbd89f1c3",
    "data": [
      {
        "text": "Can i only get ",
        "userDefined": false
      },
      {
        "text": "CIS",
        "alias": "CIS",
        "meta": "@CIS",
        "userDefined": false
      },
      {
        "text": " ",
        "userDefined": false
      },
      {
        "text": "benefits",
        "alias": "Discount",
        "meta": "@Discount",
        "userDefined": false
      },
      {
        "text": " ",
        "userDefined": false
      },
      {
        "text": "online",
        "alias": "Online",
        "meta": "@Online",
        "userDefined": false
      },
      {
        "text": " or at stores as well?",
        "userDefined": false
      }
    ],
    "isTemplate": false,
    "count": 0,
    "updated": 0
  },
  {
    "id": "18391c8b-a2d0-4aeb-ad14-e448bd92cdd7",
    "data": [
      {
        "text": "Hi, is the ",
        "userDefined": false
      },
      {
        "text": "CIS",
        "alias": "CIS",
        "meta": "@CIS",
        "userDefined": false
      },
      {
        "text": " arrangement possible if i am to go down and manually do it at a ",
        "userDefined": false
      },
      {
        "text": "singtel",
        "alias": "Competitors",
        "meta": "@Competitors",
        "userDefined": false
      },
      {
        "text": " store",
        "userDefined": false
      }
    ],
    "isTemplate": false,
    "count": 0,
    "updated": 0
  },
  {
    "id": "be840d53-a07e-4f13-bf64-979b051cfc93",
    "data": [
      {
        "text": "How do I ",
        "userDefined": false
      },
      {
        "text": "sign up",
        "alias": "Sign-up",
        "meta": "@Sign-up",
        "userDefined": false
      },
      {
        "text": " for a new ",
        "userDefined": false
      },
      {
        "text": "Mobile",
        "alias": "Handphone",
        "meta": "@Handphone",
        "userDefined": false
      },
      {
        "text": " Share plan ",
        "userDefined": false
      },
      {
        "text": "online",
        "alias": "Online",
        "meta": "@Online",
        "userDefined": false
      },
      {
        "text": " while ",
        "userDefined": false
      },
      {
        "text": "retaining",
        "alias": "Retain",
        "meta": "@Retain",
        "userDefined": false
      },
      {
        "text": " existing ",
        "userDefined": false
      },
      {
        "text": "mobile",
        "alias": "Handphone1",
        "meta": "@Handphone",
        "userDefined": false
      },
      {
        "text": " number",
        "userDefined": false
      }
    ],
    "isTemplate": false,
    "count": 0,
    "updated": 0
  },
  {
    "id": "6e75d6b6-58e9-4aeb-9e62-ddd8fec02246",
    "data": [
      {
        "text": "I ",
        "userDefined": false
      },
      {
        "text": "sign up",
        "alias": "Sign-up",
        "meta": "@Sign-up",
        "userDefined": false
      },
      {
        "text": " now and ",
        "userDefined": false
      },
      {
        "text": "on 23 Nov",
        "alias": "date",
        "meta": "@sys.date",
        "userDefined": false
      },
      {
        "text": " port the old line over",
        "userDefined": false
      }
    ],
    "isTemplate": false,
    "count": 0,
    "updated": 0
  },
  {
    "id": "0fa40be2-be1e-4dfb-8ab0-90fbd4485c22",
    "data": [
      {
        "text": "what is the best channel for ",
        "userDefined": false
      },
      {
        "text": "handset",
        "alias": "Handphone",
        "meta": "@Handphone",
        "userDefined": false
      },
      {
        "text": " ",
        "userDefined": false
      },
      {
        "text": "promotions",
        "meta": "@sys.ignore",
        "userDefined": false
      },
      {
        "text": " on combo ",
        "userDefined": false
      },
      {
        "text": "3",
        "alias": "number",
        "meta": "@sys.number",
        "userDefined": false
      }
    ],
    "isTemplate": false,
    "count": 0,
    "updated": 0
  },
  {
    "id": "85a7d0ff-6e0b-4f68-a89d-9ba645598761",
    "data": [
      {
        "text": "If i want to ",
        "userDefined": false
      },
      {
        "text": "sign up",
        "alias": "Sign-up",
        "meta": "@Sign-up",
        "userDefined": false
      },
      {
        "text": " on combo ",
        "userDefined": false
      },
      {
        "text": "3",
        "alias": "number",
        "meta": "@sys.number",
        "userDefined": false
      },
      {
        "text": ", what is the best channel for ",
        "userDefined": false
      },
      {
        "text": "handset",
        "alias": "Handphone",
        "meta": "@Handphone",
        "userDefined": false
      },
      {
        "text": " ",
        "userDefined": false
      },
      {
        "text": "promotions",
        "meta": "@sys.ignore",
        "userDefined": false
      }
    ],
    "isTemplate": false,
    "count": 0,
    "updated": 0
  },
  {
    "id": "3f3ca19e-1a08-4169-a82c-c6a9d8acf2d4",
    "data": [
      {
        "text": "how can i ",
        "userDefined": false
      },
      {
        "text": "apply",
        "alias": "Sign-up",
        "meta": "@Sign-up",
        "userDefined": false
      },
      {
        "text": " on the corporate-individual-scheme?",
        "userDefined": false
      }
    ],
    "isTemplate": false,
    "count": 0,
    "updated": 0
  },
  {
    "id": "a5566a2e-29b5-41c4-a10d-1e2799c3146a",
    "data": [
      {
        "text": "can i go to a ",
        "userDefined": false
      },
      {
        "text": "singtel shop",
        "alias": "OnlineSingtelSites",
        "meta": "@OnlineSingtelSites",
        "userDefined": false
      },
      {
        "text": " to ",
        "userDefined": false
      },
      {
        "text": "sign up",
        "alias": "Sign-up",
        "meta": "@Sign-up",
        "userDefined": false
      },
      {
        "text": "?",
        "userDefined": false
      }
    ],
    "isTemplate": false,
    "count": 0,
    "updated": 0
  },
  {
    "id": "40ad1bea-a5ab-4b96-a28d-0f7eb1bda94f",
    "data": [
      {
        "text": "I\u0027m interested in changing to ",
        "userDefined": false
      },
      {
        "text": "corporate individual scheme",
        "alias": "CIS",
        "meta": "@CIS",
        "userDefined": false
      }
    ],
    "isTemplate": false,
    "count": 0,
    "updated": 0
  },
  {
    "id": "f404b795-ac50-454e-9494-9510984c14f3",
    "data": [
      {
        "text": "i want to purchase ",
        "userDefined": false
      },
      {
        "text": "cis",
        "alias": "CIS",
        "meta": "@CIS",
        "userDefined": false
      }
    ],
    "isTemplate": false,
    "count": 0,
    "updated": 0
  },
  {
    "id": "d00fd31e-396f-4b61-b706-39b1a8dbc0c3",
    "data": [
      {
        "text": "how do i get myself into the ",
        "userDefined": false
      },
      {
        "text": "scheme",
        "alias": "CIS",
        "meta": "@CIS",
        "userDefined": false
      }
    ],
    "isTemplate": false,
    "count": 1,
    "updated": 0
  },
  {
    "id": "e897ff25-d84b-45b6-87ea-f3b81e7ad1be",
    "data": [
      {
        "text": "how can i ",
        "userDefined": false
      },
      {
        "text": "sign up",
        "alias": "Sign-up",
        "meta": "@Sign-up",
        "userDefined": false
      },
      {
        "text": " for ",
        "userDefined": false
      },
      {
        "text": "cis",
        "alias": "CIS",
        "meta": "@CIS",
        "userDefined": false
      },
      {
        "text": " plan",
        "userDefined": false
      }
    ],
    "isTemplate": false,
    "count": 0,
    "updated": 0
  },
  {
    "id": "10ede1d2-bdfb-4dbf-a295-03b20b66caf0",
    "data": [
      {
        "text": "my ",
        "userDefined": false
      },
      {
        "text": "father",
        "alias": "Family",
        "meta": "@Family",
        "userDefined": false
      },
      {
        "text": " wants to get ",
        "userDefined": false
      },
      {
        "text": "cis",
        "alias": "CIS",
        "meta": "@CIS",
        "userDefined": false
      },
      {
        "text": " how to sign him up",
        "userDefined": false
      }
    ],
    "isTemplate": false,
    "count": 0,
    "updated": 0
  },
  {
    "id": "8568072f-c570-4196-b438-2c4ffa0e4c0f",
    "data": [
      {
        "text": "can ",
        "userDefined": false
      },
      {
        "text": "sign up",
        "alias": "Sign-up",
        "meta": "@Sign-up",
        "userDefined": false
      },
      {
        "text": " at other ",
        "userDefined": false
      },
      {
        "text": "singtel shop",
        "alias": "OnlineSingtelSites",
        "meta": "@OnlineSingtelSites",
        "userDefined": false
      },
      {
        "text": "?",
        "userDefined": false
      }
    ],
    "isTemplate": false,
    "count": 0,
    "updated": 0
  },
  {
    "id": "12bec103-8b8e-4f02-994b-0031be3e96ac",
    "data": [
      {
        "text": "im from SIA how do i ",
        "userDefined": false
      },
      {
        "text": "sign up",
        "alias": "Sign-up",
        "meta": "@Sign-up",
        "userDefined": false
      },
      {
        "text": " for ",
        "userDefined": false
      },
      {
        "text": "CIS",
        "alias": "CIS",
        "meta": "@CIS",
        "userDefined": false
      }
    ],
    "isTemplate": false,
    "count": 0,
    "updated": 0
  },
  {
    "id": "ac2297c3-ddea-44e1-a932-b8312f9d1e70",
    "data": [
      {
        "text": "how can i go about ",
        "userDefined": false
      },
      {
        "text": "signing up",
        "alias": "Sign-up",
        "meta": "@Sign-up",
        "userDefined": false
      },
      {
        "text": " a plan",
        "userDefined": false
      }
    ],
    "isTemplate": false,
    "count": 0,
    "updated": 0
  },
  {
    "id": "d3320b7d-4039-4fb6-8e8e-3cc79ad968f8",
    "data": [
      {
        "text": "can i ",
        "userDefined": false
      },
      {
        "text": "sign up",
        "alias": "Sign-up",
        "meta": "@Sign-up",
        "userDefined": false
      },
      {
        "text": " at other ",
        "userDefined": false
      },
      {
        "text": "singtel shop",
        "alias": "OnlineSingtelSites",
        "meta": "@OnlineSingtelSites",
        "userDefined": false
      }
    ],
    "isTemplate": false,
    "count": 0,
    "updated": 0
  },
  {
    "id": "7bbeea32-67ab-45af-80c4-e2e27b9817a1",
    "data": [
      {
        "text": "i don\u0027t know where to ",
        "userDefined": false
      },
      {
        "text": "sign up",
        "alias": "Sign-up",
        "meta": "@Sign-up",
        "userDefined": false
      }
    ],
    "isTemplate": false,
    "count": 0,
    "updated": 0
  },
  {
    "id": "a74d0a89-119f-4e17-87f6-c254dcc12b01",
    "data": [
      {
        "text": "how to buy ",
        "userDefined": false
      },
      {
        "text": "cis",
        "alias": "CIS",
        "meta": "@CIS",
        "userDefined": false
      }
    ],
    "isTemplate": false,
    "count": 0,
    "updated": 0
  },
  {
    "id": "5d22e064-b490-4e0c-96cd-9a157ce4dbad",
    "data": [
      {
        "text": "how do i ",
        "userDefined": false
      },
      {
        "text": "apply",
        "alias": "Sign-up",
        "meta": "@Sign-up",
        "userDefined": false
      }
    ],
    "isTemplate": false,
    "count": 0,
    "updated": 0
  },
  {
    "id": "249426e3-df6c-46f7-aeff-600e002b97a2",
    "data": [
      {
        "text": "how i can get a plan",
        "userDefined": false
      }
    ],
    "isTemplate": false,
    "count": 0,
    "updated": 0
  },
  {
    "id": "aee82ede-9752-49b0-aefc-5adc1921ce9f",
    "data": [
      {
        "text": "i want to ",
        "userDefined": false
      },
      {
        "text": "sign up",
        "alias": "Sign-up",
        "meta": "@Sign-up",
        "userDefined": false
      }
    ],
    "isTemplate": false,
    "count": 2,
    "updated": 0
  },
  {
    "id": "17453ea2-43f2-4b18-ace0-380582f0d25f",
    "data": [
      {
        "text": "can ",
        "userDefined": false
      },
      {
        "text": "sign up",
        "alias": "Sign-up",
        "meta": "@Sign-up",
        "userDefined": false
      },
      {
        "text": " at ",
        "userDefined": false
      },
      {
        "text": "singtel shop",
        "alias": "OnlineSingtelSites",
        "meta": "@OnlineSingtelSites",
        "userDefined": false
      },
      {
        "text": "?",
        "userDefined": false
      }
    ],
    "isTemplate": false,
    "count": 0,
    "updated": 0
  },
  {
    "id": "2759ee9d-3fdb-461a-b302-7eb8c25affec",
    "data": [
      {
        "text": "how can i ",
        "userDefined": false
      },
      {
        "text": "sign up",
        "alias": "Sign-up",
        "meta": "@Sign-up",
        "userDefined": false
      },
      {
        "text": " for ur plan",
        "userDefined": false
      }
    ],
    "isTemplate": false,
    "count": 0,
    "updated": 0
  },
  {
    "id": "7990ecae-4992-44d0-965f-ed80ddbcb45d",
    "data": [
      {
        "text": "can i ",
        "userDefined": false
      },
      {
        "text": "sign up",
        "meta": "@sys.ignore",
        "userDefined": false
      },
      {
        "text": " at a ",
        "userDefined": false
      },
      {
        "text": "singtel",
        "alias": "Competitors",
        "meta": "@Competitors",
        "userDefined": false
      },
      {
        "text": " store?",
        "userDefined": false
      }
    ],
    "isTemplate": false,
    "count": 0,
    "updated": 0
  },
  {
    "id": "c18eeb29-d59c-4207-a7b9-b0a9bd36adeb",
    "data": [
      {
        "text": "where to get ",
        "userDefined": false
      },
      {
        "text": "cis",
        "alias": "CIS",
        "meta": "@CIS",
        "userDefined": false
      }
    ],
    "isTemplate": false,
    "count": 0,
    "updated": 0
  },
  {
    "id": "90c0bf34-f5b5-45ac-ab6a-269af1ddeb14",
    "data": [
      {
        "text": "where to ",
        "userDefined": false
      },
      {
        "text": "sign up",
        "alias": "Sign-up",
        "meta": "@Sign-up",
        "userDefined": true
      },
      {
        "text": " for ",
        "userDefined": false
      },
      {
        "text": "CIS",
        "alias": "CIS",
        "meta": "@CIS",
        "userDefined": false
      }
    ],
    "isTemplate": false,
    "count": 0,
    "updated": 0
  },
  {
    "id": "db1ff06a-7526-4a2f-aa85-5c784e06e053",
    "data": [
      {
        "text": "how to get ",
        "userDefined": false
      },
      {
        "text": "cis",
        "alias": "CIS",
        "meta": "@CIS",
        "userDefined": false
      }
    ],
    "isTemplate": false,
    "count": 0,
    "updated": 0
  },
  {
    "id": "09e7a09d-c206-40ef-97e1-01cb2315b951",
    "data": [
      {
        "text": "can i go ",
        "userDefined": false
      },
      {
        "text": "sign up",
        "alias": "Sign-up",
        "meta": "@Sign-up",
        "userDefined": false
      },
      {
        "text": " at a ",
        "userDefined": false
      },
      {
        "text": "singtel shop",
        "alias": "OnlineSingtelSites",
        "meta": "@OnlineSingtelSites",
        "userDefined": false
      },
      {
        "text": "?",
        "userDefined": false
      }
    ],
    "isTemplate": false,
    "count": 0,
    "updated": 0
  },
  {
    "id": "2df39cde-895f-41ea-a2c2-1d3beecd220c",
    "data": [
      {
        "text": "how can i ",
        "userDefined": false
      },
      {
        "text": "sign up",
        "alias": "Sign-up",
        "meta": "@Sign-up",
        "userDefined": true
      },
      {
        "text": " for ",
        "userDefined": false
      },
      {
        "text": "CIS",
        "alias": "CIS",
        "meta": "@CIS",
        "userDefined": false
      }
    ],
    "isTemplate": false,
    "count": 0,
    "updated": 0
  },
  {
    "id": "fabecfab-2959-4a32-9118-3ef18a64ce7d",
    "data": [
      {
        "text": "i want to ",
        "userDefined": false
      },
      {
        "text": "sign up",
        "alias": "Sign-up",
        "meta": "@Sign-up",
        "userDefined": false
      },
      {
        "text": " for ",
        "userDefined": false
      },
      {
        "text": "cis",
        "alias": "CIS",
        "meta": "@CIS",
        "userDefined": false
      },
      {
        "text": ", how do i do it?",
        "userDefined": false
      }
    ],
    "isTemplate": false,
    "count": 0,
    "updated": 0
  },
  {
    "id": "5470732e-62ea-4e42-aacf-d41bdd8552f2",
    "data": [
      {
        "text": "how do i go about ",
        "userDefined": false
      },
      {
        "text": "signing up",
        "alias": "Sign-up",
        "meta": "@Sign-up",
        "userDefined": false
      },
      {
        "text": " for ",
        "userDefined": false
      },
      {
        "text": "cis",
        "alias": "CIS",
        "meta": "@CIS",
        "userDefined": false
      }
    ],
    "isTemplate": false,
    "count": 0,
    "updated": 0
  },
  {
    "id": "2a08fe5c-0607-4204-8b50-2d5749591c95",
    "data": [
      {
        "text": "i\u0027m interested in ",
        "userDefined": false
      },
      {
        "text": "cis",
        "alias": "CIS",
        "meta": "@CIS",
        "userDefined": false
      },
      {
        "text": " how to ",
        "userDefined": false
      },
      {
        "text": "sign up",
        "alias": "Sign-up",
        "meta": "@Sign-up",
        "userDefined": false
      }
    ],
    "isTemplate": false,
    "count": 1,
    "updated": 0
  },
  {
    "id": "ace4704c-6f0e-4239-8d12-2f60a4963950",
    "data": [
      {
        "text": "how can i help my employees ",
        "userDefined": false
      },
      {
        "text": "sign up",
        "alias": "Sign-up",
        "meta": "@Sign-up",
        "userDefined": false
      },
      {
        "text": " for ",
        "userDefined": false
      },
      {
        "text": "cis",
        "alias": "CIS",
        "meta": "@CIS",
        "userDefined": false
      }
    ],
    "isTemplate": false,
    "count": 0,
    "updated": 0
  },
  {
    "id": "c6b3c040-d458-4ce4-8e10-9d2a41b849b0",
    "data": [
      {
        "text": "can i go to ",
        "userDefined": false
      },
      {
        "text": "singtel",
        "meta": "@sys.ignore",
        "userDefined": false
      },
      {
        "text": " store to ",
        "userDefined": false
      },
      {
        "text": "sign up",
        "alias": "Sign-up",
        "meta": "@Sign-up",
        "userDefined": false
      },
      {
        "text": "?",
        "userDefined": false
      }
    ],
    "isTemplate": false,
    "count": 0,
    "updated": 0
  },
  {
    "id": "971ebfa4-7740-420b-8f24-13b683bdf39c",
    "data": [
      {
        "text": "how can i sign my ",
        "userDefined": false
      },
      {
        "text": "parents",
        "alias": "Family",
        "meta": "@Family",
        "userDefined": false
      },
      {
        "text": " up for ",
        "userDefined": false
      },
      {
        "text": "cis",
        "alias": "CIS",
        "meta": "@CIS",
        "userDefined": false
      }
    ],
    "isTemplate": false,
    "count": 0,
    "updated": 0
  },
  {
    "id": "ffbf8288-9a96-4c23-b960-82d8fccfb04d",
    "data": [
      {
        "text": "i want to buy ",
        "userDefined": false
      },
      {
        "text": "cis",
        "alias": "CIS",
        "meta": "@CIS",
        "userDefined": false
      }
    ],
    "isTemplate": false,
    "count": 2,
    "updated": 0
  },
  {
    "id": "acf9d3e2-528c-4114-a3ee-cbc2b957f393",
    "data": [
      {
        "text": "i want to sign a new line",
        "userDefined": false
      }
    ],
    "isTemplate": false,
    "count": 1,
    "updated": 0
  },
  {
    "id": "fabb75d4-84ad-4ba8-b1b2-8f509ba89721",
    "data": [
      {
        "text": "how to go about ",
        "userDefined": false
      },
      {
        "text": "signing up",
        "alias": "Sign-up",
        "meta": "@Sign-up",
        "userDefined": false
      },
      {
        "text": " for ",
        "userDefined": false
      },
      {
        "text": "cis",
        "alias": "CIS",
        "meta": "@CIS",
        "userDefined": false
      }
    ],
    "isTemplate": false,
    "count": 0,
    "updated": 0
  },
  {
    "id": "5113a24e-80cf-400a-988b-840c391c50b0",
    "data": [
      {
        "text": "how do I ",
        "userDefined": false
      },
      {
        "text": "apply",
        "alias": "Sign-up",
        "meta": "@Sign-up",
        "userDefined": false
      },
      {
        "text": " to get myself a phone on the ",
        "userDefined": false
      },
      {
        "text": "CIS scheme",
        "alias": "CIS",
        "meta": "@CIS",
        "userDefined": false
      }
    ],
    "isTemplate": false,
    "count": 1,
    "updated": 0
  },
  {
    "id": "1b7eee81-4a01-40ea-a647-2516ca635981",
    "data": [
      {
        "text": "how can i buy ",
        "userDefined": false
      },
      {
        "text": "cis",
        "alias": "CIS",
        "meta": "@CIS",
        "userDefined": false
      }
    ],
    "isTemplate": false,
    "count": 1,
    "updated": 0
  },
  {
    "id": "73a4c48b-9878-4efe-8da2-e64351d9d4a5",
    "data": [
      {
        "text": "how can i ",
        "userDefined": false
      },
      {
        "text": "apply",
        "alias": "Sign-up",
        "meta": "@Sign-up",
        "userDefined": true
      },
      {
        "text": " for a ",
        "userDefined": false
      },
      {
        "text": "CIS",
        "alias": "CIS",
        "meta": "@CIS",
        "userDefined": false
      },
      {
        "text": " ",
        "userDefined": false
      },
      {
        "text": "line",
        "meta": "@sys.ignore",
        "userDefined": false
      }
    ],
    "isTemplate": false,
    "count": 0,
    "updated": 0
  },
  {
    "id": "9297f32a-481b-47b9-9e73-3140402f4ff9",
    "data": [
      {
        "text": "how to do the ",
        "userDefined": false
      },
      {
        "text": "sign up",
        "alias": "Sign-up",
        "meta": "@Sign-up",
        "userDefined": false
      }
    ],
    "isTemplate": false,
    "count": 0,
    "updated": 0
  },
  {
    "id": "193183c2-4b9f-41f0-baac-5196b75769c2",
    "data": [
      {
        "text": "how to get the ",
        "userDefined": false
      },
      {
        "text": "cis",
        "alias": "CIS",
        "meta": "@CIS",
        "userDefined": false
      },
      {
        "text": " plan",
        "userDefined": false
      }
    ],
    "isTemplate": false,
    "count": 0,
    "updated": 0
  },
  {
    "id": "f23913e5-53e1-41d6-b517-aef32700e47a",
    "data": [
      {
        "text": "i want to get ",
        "userDefined": false
      },
      {
        "text": "cis",
        "alias": "CIS",
        "meta": "@CIS",
        "userDefined": false
      }
    ],
    "isTemplate": false,
    "count": 0,
    "updated": 0
  },
  {
    "id": "11607604-e560-46f6-b57e-3118a639eb71",
    "data": [
      {
        "text": "how can i ",
        "userDefined": false
      },
      {
        "text": "sign up",
        "alias": "Sign-up",
        "meta": "@Sign-up",
        "userDefined": false
      },
      {
        "text": " a plan",
        "userDefined": false
      }
    ],
    "isTemplate": false,
    "count": 0,
    "updated": 0
  },
  {
    "id": "0ac5385f-4a0a-443d-922e-6e81ffc380c4",
    "data": [
      {
        "text": "i would like to ",
        "userDefined": false
      },
      {
        "text": "apply",
        "alias": "Sign-up",
        "meta": "@Sign-up",
        "userDefined": false
      },
      {
        "text": " for a ",
        "userDefined": false
      },
      {
        "text": "CIS",
        "alias": "CIS",
        "meta": "@CIS",
        "userDefined": false
      },
      {
        "text": " line",
        "userDefined": false
      }
    ],
    "isTemplate": false,
    "count": 0,
    "updated": 0
  },
  {
    "id": "b4685556-ee09-40e5-b140-86b34bb84c63",
    "data": [
      {
        "text": "how can i sign someone up for ",
        "userDefined": false
      },
      {
        "text": "cis",
        "alias": "CIS",
        "meta": "@CIS",
        "userDefined": false
      }
    ],
    "isTemplate": false,
    "count": 0,
    "updated": 0
  },
  {
    "id": "3525aff0-49c1-4d4c-a01b-5710e08a9b3a",
    "data": [
      {
        "text": "how much to ",
        "userDefined": false
      },
      {
        "text": "sign up",
        "alias": "Sign-up",
        "meta": "@Sign-up",
        "userDefined": false
      }
    ],
    "isTemplate": false,
    "count": 0,
    "updated": 0
  },
  {
    "id": "6a477b10-0430-46e6-baf6-7ebe72dc9608",
    "data": [
      {
        "text": "hi i need help with ",
        "userDefined": false
      },
      {
        "text": "signing up",
        "alias": "Sign-up",
        "meta": "@Sign-up",
        "userDefined": false
      },
      {
        "text": " for a ",
        "userDefined": false
      },
      {
        "text": "cis",
        "alias": "CIS",
        "meta": "@CIS",
        "userDefined": false
      },
      {
        "text": " plan",
        "userDefined": false
      }
    ],
    "isTemplate": false,
    "count": 0,
    "updated": 0
  },
  {
    "id": "775c39c3-f7fb-4a12-a757-9e530fd251cf",
    "data": [
      {
        "text": "i am using another plan can i ",
        "userDefined": false
      },
      {
        "text": "sign up",
        "alias": "Sign-up",
        "meta": "@Sign-up",
        "userDefined": false
      },
      {
        "text": " for ",
        "userDefined": false
      },
      {
        "text": "cis",
        "alias": "CIS",
        "meta": "@CIS",
        "userDefined": false
      }
    ],
    "isTemplate": false,
    "count": 1,
    "updated": 0
  },
  {
    "id": "17518f60-7a86-46ae-ad8c-ad237f519186",
    "data": [
      {
        "text": "Hi. Can I ",
        "userDefined": false
      },
      {
        "text": "sign up",
        "alias": "Sign-up",
        "meta": "@Sign-up",
        "userDefined": false
      },
      {
        "text": " for ",
        "userDefined": false
      },
      {
        "text": "Singtel",
        "alias": "Competitors",
        "meta": "@Competitors",
        "userDefined": false
      },
      {
        "text": " ",
        "userDefined": false
      },
      {
        "text": "CIS",
        "alias": "CIS",
        "meta": "@CIS",
        "userDefined": false
      },
      {
        "text": " at retail shop?",
        "userDefined": false
      }
    ],
    "isTemplate": false,
    "count": 0,
    "updated": 0
  },
  {
    "id": "ba31cc9e-c5c1-4890-9e05-124f1fa4b5e6",
    "data": [
      {
        "text": "how can i get the ",
        "userDefined": false
      },
      {
        "text": "cis",
        "alias": "CIS",
        "meta": "@CIS",
        "userDefined": false
      },
      {
        "text": " plan",
        "userDefined": false
      }
    ],
    "isTemplate": false,
    "count": 0,
    "updated": 0
  },
  {
    "id": "47a2cf6e-4bf8-4293-a57a-c827330a1e90",
    "data": [
      {
        "text": "i want ",
        "userDefined": false
      },
      {
        "text": "cis",
        "alias": "CIS",
        "meta": "@CIS",
        "userDefined": false
      }
    ],
    "isTemplate": false,
    "count": 0,
    "updated": 0
  },
  {
    "id": "e46956c4-8f82-4bdb-9452-4d7f37517fd3",
    "data": [
      {
        "text": "how can i get ",
        "userDefined": false
      },
      {
        "text": "cis",
        "alias": "CIS",
        "meta": "@CIS",
        "userDefined": false
      }
    ],
    "isTemplate": false,
    "count": 0,
    "updated": 0
  },
  {
    "id": "c5ee5ee8-ed16-44a7-9b8e-f35a1439f384",
    "data": [
      {
        "text": "i want to get the ",
        "userDefined": false
      },
      {
        "text": "cis",
        "alias": "CIS",
        "meta": "@CIS",
        "userDefined": false
      },
      {
        "text": " plan",
        "userDefined": false
      }
    ],
    "isTemplate": false,
    "count": 0,
    "updated": 0
  },
  {
    "id": "9949d0c3-24ce-46b5-a349-03b2e3f3406e",
    "data": [
      {
        "text": "tell me how to get ",
        "userDefined": false
      },
      {
        "text": "cis",
        "alias": "CIS",
        "meta": "@CIS",
        "userDefined": false
      }
    ],
    "isTemplate": false,
    "count": 0,
    "updated": 0
  },
  {
    "id": "3e8f15ce-bc7f-4634-afa1-b1af841500b4",
    "data": [
      {
        "text": "how can i go about ",
        "userDefined": false
      },
      {
        "text": "signing up",
        "alias": "Sign-up",
        "meta": "@Sign-up",
        "userDefined": false
      },
      {
        "text": " for ",
        "userDefined": false
      },
      {
        "text": "cis",
        "alias": "CIS",
        "meta": "@CIS",
        "userDefined": false
      }
    ],
    "isTemplate": false,
    "count": 0,
    "updated": 0
  },
  {
    "id": "f828a58f-a26a-4f98-8dce-ec74034229b8",
    "data": [
      {
        "text": "hi i am on combo ",
        "userDefined": false
      },
      {
        "text": "12",
        "alias": "number",
        "meta": "@sys.number",
        "userDefined": false
      },
      {
        "text": " can i ",
        "userDefined": false
      },
      {
        "text": "sign up",
        "alias": "Sign-up",
        "meta": "@Sign-up",
        "userDefined": false
      },
      {
        "text": " for ",
        "userDefined": false
      },
      {
        "text": "cis",
        "alias": "CIS",
        "meta": "@CIS",
        "userDefined": false
      }
    ],
    "isTemplate": false,
    "count": 0,
    "updated": 0
  },
  {
    "id": "c27b18e6-a671-4f0c-bd2e-0095aebc5bc3",
    "data": [
      {
        "text": "how can i ",
        "userDefined": false
      },
      {
        "text": "apply",
        "alias": "Sign-up",
        "meta": "@Sign-up",
        "userDefined": false
      },
      {
        "text": " for a new plan",
        "userDefined": false
      }
    ],
    "isTemplate": false,
    "count": 0,
    "updated": 0
  },
  {
    "id": "a04e879b-5714-42b9-98e9-7a966eca5388",
    "data": [
      {
        "text": "My ",
        "userDefined": false
      },
      {
        "text": "m1",
        "alias": "Competitors1",
        "meta": "@Competitors",
        "userDefined": false
      },
      {
        "text": " ",
        "userDefined": false
      },
      {
        "text": "phone",
        "alias": "Handphone",
        "meta": "@Handphone",
        "userDefined": false
      },
      {
        "text": " line contract expired ",
        "userDefined": false
      },
      {
        "text": "on 31st Nov 2017",
        "alias": "date",
        "meta": "@sys.date",
        "userDefined": false
      },
      {
        "text": ". Can I have chance to get sign in we plan from ",
        "userDefined": false
      },
      {
        "text": "singtel",
        "alias": "Competitors",
        "meta": "@Competitors",
        "userDefined": false
      },
      {
        "text": "?",
        "userDefined": false
      }
    ],
    "isTemplate": false,
    "count": 0,
    "updated": 0
  },
  {
    "id": "a56543c4-74a2-40e5-9a04-c7299ca5be10",
    "data": [
      {
        "text": "where to buy ",
        "userDefined": false
      },
      {
        "text": "cis",
        "alias": "CIS",
        "meta": "@CIS",
        "userDefined": false
      }
    ],
    "isTemplate": false,
    "count": 0,
    "updated": 0
  },
  {
    "id": "ff3603b4-823f-4ba0-9de1-9b2951c5c399",
    "data": [
      {
        "text": "how can i ",
        "userDefined": false
      },
      {
        "text": "subscribe",
        "alias": "Sign-up",
        "meta": "@Sign-up",
        "userDefined": true
      },
      {
        "text": " to ",
        "userDefined": false
      },
      {
        "text": "cis",
        "alias": "CIS",
        "meta": "@CIS",
        "userDefined": false
      }
    ],
    "isTemplate": false,
    "count": 0,
    "updated": 0
  },
  {
    "id": "52022dec-292d-4859-8aa5-4f9b764d5b67",
    "data": [
      {
        "text": "i want to ",
        "userDefined": false
      },
      {
        "text": "sign up",
        "alias": "Sign-up",
        "meta": "@Sign-up",
        "userDefined": false
      },
      {
        "text": " a new line",
        "userDefined": false
      }
    ],
    "isTemplate": false,
    "count": 0,
    "updated": 0
  },
  {
    "id": "1a9a5582-0451-4013-8bff-99d1c39f4519",
    "data": [
      {
        "text": "I from ",
        "userDefined": false
      },
      {
        "text": "SQ",
        "alias": "CISCompanies",
        "meta": "@CISCompanies",
        "userDefined": false
      },
      {
        "text": " can i ",
        "userDefined": false
      },
      {
        "text": "apply",
        "alias": "Sign-up",
        "meta": "@Sign-up",
        "userDefined": false
      },
      {
        "text": " for a line",
        "userDefined": false
      }
    ],
    "isTemplate": false,
    "count": 0,
    "updated": 0
  },
  {
    "id": "59e4356e-7694-4ef6-a281-0153943a2547",
    "data": [
      {
        "text": "how do i ",
        "userDefined": false
      },
      {
        "text": "subscribe",
        "alias": "Sign-up",
        "meta": "@Sign-up",
        "userDefined": true
      },
      {
        "text": " to ",
        "userDefined": false
      },
      {
        "text": "CIS",
        "alias": "CIS",
        "meta": "@CIS",
        "userDefined": false
      }
    ],
    "isTemplate": false,
    "count": 0,
    "updated": 0
  },
  {
    "id": "31e0b50f-57fd-4146-a28e-cf295c8052d3",
    "data": [
      {
        "text": "how to go about ",
        "userDefined": false
      },
      {
        "text": "signing up",
        "alias": "Sign-up",
        "meta": "@Sign-up",
        "userDefined": false
      },
      {
        "text": " a plan",
        "userDefined": false
      }
    ],
    "isTemplate": false,
    "count": 0,
    "updated": 0
  },
  {
    "id": "97c18822-c84e-4270-81b0-3dd3b3c7790a",
    "data": [
      {
        "text": "I\u0027m enquiring on the ",
        "userDefined": false
      },
      {
        "text": "CIS",
        "alias": "CIS",
        "meta": "@CIS",
        "userDefined": false
      }
    ],
    "isTemplate": false,
    "count": 0,
    "updated": 0
  },
  {
    "id": "d1595cb8-126b-4585-98a6-e6bf348f0a06",
    "data": [
      {
        "text": "i\u0027m from ",
        "userDefined": false
      },
      {
        "text": "SIA",
        "alias": "CISCompanies",
        "meta": "@CISCompanies",
        "userDefined": false
      },
      {
        "text": " how can i ",
        "userDefined": false
      },
      {
        "text": "sign up",
        "alias": "Sign-up",
        "meta": "@Sign-up",
        "userDefined": false
      },
      {
        "text": " for a line",
        "userDefined": false
      }
    ],
    "isTemplate": false,
    "count": 0,
    "updated": 0
  },
  {
    "id": "6e7eea60-2834-476c-94f9-0ffb52adbf25",
    "data": [
      {
        "text": "can i ",
        "userDefined": false
      },
      {
        "text": "sign up",
        "alias": "Sign-up",
        "meta": "@Sign-up",
        "userDefined": false
      },
      {
        "text": " at ",
        "userDefined": false
      },
      {
        "text": "singtel shop",
        "alias": "OnlineSingtelSites",
        "meta": "@OnlineSingtelSites",
        "userDefined": false
      }
    ],
    "isTemplate": false,
    "count": 0,
    "updated": 0
  },
  {
    "id": "0d1b4f70-d172-4211-a16f-a7ad517f9b89",
    "data": [
      {
        "text": "i want to ",
        "userDefined": false
      },
      {
        "text": "sign up",
        "alias": "Sign-up",
        "meta": "@Sign-up",
        "userDefined": false
      },
      {
        "text": " a plan",
        "userDefined": false
      }
    ],
    "isTemplate": false,
    "count": 0,
    "updated": 0
  },
  {
    "id": "f912463f-182a-44fb-ae6f-ada32e5bea4c",
    "data": [
      {
        "text": "how do i ",
        "userDefined": false
      },
      {
        "text": "register",
        "alias": "Sign-up",
        "meta": "@Sign-up",
        "userDefined": true
      }
    ],
    "isTemplate": false,
    "count": 1,
    "updated": 0
  },
  {
    "id": "34c29eab-cbe4-4271-ae02-7c62dc9fc9bb",
    "data": [
      {
        "text": "how can i subscribe to ",
        "userDefined": false
      },
      {
        "text": "singtel",
        "alias": "CIS",
        "meta": "@CIS",
        "userDefined": false
      }
    ],
    "isTemplate": false,
    "count": 0,
    "updated": 0
  },
  {
    "id": "b30686b9-ec3d-4d0c-b4ff-ced920aa0ac2",
    "data": [
      {
        "text": "how do I ",
        "userDefined": false
      },
      {
        "text": "sign up",
        "alias": "Sign-up",
        "meta": "@Sign-up",
        "userDefined": false
      },
      {
        "text": "?",
        "userDefined": false
      }
    ],
    "isTemplate": false,
    "count": 0,
    "updated": 0
  },
  {
    "id": "065c7b60-0578-4127-be33-6e08b0e3665e",
    "data": [
      {
        "text": "how to ",
        "userDefined": false
      },
      {
        "text": "sign up",
        "alias": "Sign-up",
        "meta": "@Sign-up",
        "userDefined": true
      }
    ],
    "isTemplate": false,
    "count": 1,
    "updated": 0
  },
  {
    "id": "02c571e6-01e3-4f1f-820b-83cdb4651f6a",
    "data": [
      {
        "text": "how to ",
        "userDefined": false
      },
      {
        "text": "apply",
        "alias": "Sign-up",
        "meta": "@Sign-up",
        "userDefined": true
      },
      {
        "text": " for ",
        "userDefined": false
      },
      {
        "text": "CIS",
        "alias": "CIS",
        "meta": "@CIS",
        "userDefined": false
      }
    ],
    "isTemplate": false,
    "count": 1,
    "updated": 0
  },
  {
    "id": "5fd8b64e-8071-4683-809e-e213abcfdd93",
    "data": [
      {
        "text": "how do i ",
        "userDefined": false
      },
      {
        "text": "register",
        "alias": "Sign-up",
        "meta": "@Sign-up",
        "userDefined": true
      },
      {
        "text": " for a new plan",
        "userDefined": false
      }
    ],
    "isTemplate": false,
    "count": 0,
    "updated": 0
  },
  {
    "id": "e775b330-f7ba-4e7a-93a4-a0f245e0f9be",
    "data": [
      {
        "text": "how can i ",
        "userDefined": false
      },
      {
        "text": "apply",
        "alias": "Sign-up",
        "meta": "@Sign-up",
        "userDefined": true
      },
      {
        "text": " for ",
        "userDefined": false
      },
      {
        "text": "CIS",
        "alias": "CIS",
        "meta": "@CIS",
        "userDefined": false
      }
    ],
    "isTemplate": false,
    "count": 1,
    "updated": 0
  },
  {
    "id": "4c18a785-14f4-43cd-af32-7c40d938866b",
    "data": [
      {
        "text": "i want to ",
        "userDefined": false
      },
      {
        "text": "sign up",
        "alias": "Sign-up",
        "meta": "@Sign-up",
        "userDefined": false
      },
      {
        "text": " how do i do it",
        "userDefined": false
      }
    ],
    "isTemplate": false,
    "count": 0,
    "updated": 0
  },
  {
    "id": "47eb6981-2108-4fc4-b82f-ea43442749d6",
    "data": [
      {
        "text": "how to ",
        "userDefined": false
      },
      {
        "text": "sign up",
        "alias": "Sign-up",
        "meta": "@Sign-up",
        "userDefined": false
      },
      {
        "text": " to ",
        "userDefined": false
      },
      {
        "text": "3 lines",
        "alias": "unit-length",
        "meta": "@sys.unit-length",
        "userDefined": false
      }
    ],
    "isTemplate": false,
    "count": 0,
    "updated": 0
  },
  {
    "id": "4a25277d-69b7-49e8-8159-f2499189a004",
    "data": [
      {
        "text": "can i ",
        "userDefined": false
      },
      {
        "text": "sign up",
        "alias": "Sign-up",
        "meta": "@Sign-up",
        "userDefined": true
      },
      {
        "text": " for ",
        "userDefined": false
      },
      {
        "text": "CIS",
        "alias": "CIS",
        "meta": "@CIS",
        "userDefined": false
      }
    ],
    "isTemplate": false,
    "count": 0,
    "updated": 0
  },
  {
    "id": "0e44c7c6-61aa-4631-809e-61d236a44c49",
    "data": [
      {
        "text": "how to ",
        "userDefined": false
      },
      {
        "text": "sign up",
        "alias": "Sign-up",
        "meta": "@Sign-up",
        "userDefined": true
      },
      {
        "text": " for ",
        "userDefined": false
      },
      {
        "text": "CIS",
        "alias": "CIS",
        "meta": "@CIS",
        "userDefined": false
      }
    ],
    "isTemplate": false,
    "count": 0,
    "updated": 0
  },
  {
    "id": "126f6b66-86d2-4fa3-afb8-24a4a0a1b166",
    "data": [
      {
        "text": "where can i ",
        "userDefined": false
      },
      {
        "text": "sign up",
        "alias": "Sign-up",
        "meta": "@Sign-up",
        "userDefined": true
      },
      {
        "text": " for ",
        "userDefined": false
      },
      {
        "text": "CIS",
        "alias": "CIS",
        "meta": "@CIS",
        "userDefined": false
      }
    ],
    "isTemplate": false,
    "count": 0,
    "updated": 0
  },
  {
    "id": "3d3eb23f-b16f-4f8f-aa90-a987c7fd1cec",
    "data": [
      {
        "text": "how do i ",
        "userDefined": false
      },
      {
        "text": "sign up",
        "alias": "Sign-up",
        "meta": "@Sign-up",
        "userDefined": false
      },
      {
        "text": " for a ",
        "userDefined": false
      },
      {
        "text": "CIS",
        "alias": "CIS",
        "meta": "@CIS",
        "userDefined": false
      },
      {
        "text": " plan",
        "userDefined": false
      }
    ],
    "isTemplate": false,
    "count": 0,
    "updated": 0
  },
  {
    "id": "c3e520f1-0a48-4bde-8866-c9e1c9b4c53d",
    "data": [
      {
        "text": "how to ",
        "userDefined": false
      },
      {
        "text": "apply",
        "alias": "Sign-up",
        "meta": "@Sign-up",
        "userDefined": true
      }
    ],
    "isTemplate": false,
    "count": 1,
    "updated": 0
  },
  {
    "id": "98fec25a-c761-4b83-ad64-cd7f1cac393b",
    "data": [
      {
        "text": "i just joined a ",
        "userDefined": false
      },
      {
        "text": "company",
        "alias": "Company",
        "meta": "@Company",
        "userDefined": false
      },
      {
        "text": " with ",
        "userDefined": false
      },
      {
        "text": "cis",
        "alias": "CIS",
        "meta": "@CIS",
        "userDefined": false
      },
      {
        "text": " how to ",
        "userDefined": false
      },
      {
        "text": "sign up",
        "alias": "Sign-up",
        "meta": "@Sign-up",
        "userDefined": false
      }
    ],
    "isTemplate": false,
    "count": 0,
    "updated": 0
  },
  {
    "id": "cb4071e9-3505-4d47-9d95-013ef73db260",
    "data": [
      {
        "text": "i want to ",
        "userDefined": false
      },
      {
        "text": "sign up",
        "alias": "Sign-up",
        "meta": "@Sign-up",
        "userDefined": false
      },
      {
        "text": " on ",
        "userDefined": false
      },
      {
        "text": "cis",
        "alias": "CIS",
        "meta": "@CIS",
        "userDefined": false
      }
    ],
    "isTemplate": false,
    "count": 1,
    "updated": 0
  },
  {
    "id": "437d9fbc-e18b-4690-bbc5-401564d8a49c",
    "data": [
      {
        "text": "how do i ",
        "userDefined": false
      },
      {
        "text": "sign up",
        "alias": "Sign-up",
        "meta": "@Sign-up",
        "userDefined": true
      }
    ],
    "isTemplate": false,
    "count": 1,
    "updated": 0
  },
  {
    "id": "9505689e-a724-42d7-99a6-cbf1da402d73",
    "data": [
      {
        "text": "how can i ",
        "userDefined": false
      },
      {
        "text": "sign up",
        "alias": "Sign-up",
        "meta": "@Sign-up",
        "userDefined": true
      },
      {
        "text": " for my ",
        "userDefined": false
      },
      {
        "text": "CIS",
        "alias": "CIS",
        "meta": "@CIS",
        "userDefined": false
      }
    ],
    "isTemplate": false,
    "count": 0,
    "updated": 0
  },
  {
    "id": "f94c98dc-4036-4d4c-97ce-7fcaffa4c1a3",
    "data": [
      {
        "text": "where to ",
        "userDefined": false
      },
      {
        "text": "apply",
        "alias": "Sign-up",
        "meta": "@Sign-up",
        "userDefined": true
      }
    ],
    "isTemplate": false,
    "count": 0,
    "updated": 0
  },
  {
    "id": "a76c19cf-d748-4576-8ff5-dbf07601e83b",
    "data": [
      {
        "text": "how do i ",
        "userDefined": false
      },
      {
        "text": "apply",
        "alias": "Sign-up",
        "meta": "@Sign-up",
        "userDefined": false
      },
      {
        "text": " to get a ",
        "userDefined": false
      },
      {
        "text": "phone",
        "alias": "Handphone",
        "meta": "@Handphone",
        "userDefined": false
      },
      {
        "text": " on the ",
        "userDefined": false
      },
      {
        "text": "cis",
        "alias": "CIS",
        "meta": "@CIS",
        "userDefined": false
      },
      {
        "text": " ",
        "userDefined": false
      },
      {
        "text": "scheme",
        "alias": "CIS1",
        "meta": "@CIS",
        "userDefined": false
      }
    ],
    "isTemplate": false,
    "count": 0,
    "updated": 0
  },
  {
    "id": "5364c789-403c-4d2b-a54c-eb052a6499bb",
    "data": [
      {
        "text": "how i go about ",
        "userDefined": false
      },
      {
        "text": "signing up",
        "alias": "Sign-up",
        "meta": "@Sign-up",
        "userDefined": true
      }
    ],
    "isTemplate": false,
    "count": 0,
    "updated": 0
  },
  {
    "id": "08e27749-1c62-4ef3-9ef3-6256404b57c4",
    "data": [
      {
        "text": "I want to ",
        "userDefined": false
      },
      {
        "text": "sign up",
        "alias": "Sign-up",
        "meta": "@Sign-up",
        "userDefined": false
      }
    ],
    "isTemplate": false,
    "count": 2,
    "updated": 0
  },
  {
    "id": "4f4ba5e7-3abb-4442-b1c6-8c59be5cf8d2",
    "data": [
      {
        "text": "sign up",
        "alias": "Sign-up",
        "meta": "@Sign-up",
        "userDefined": true
      },
      {
        "text": " ",
        "userDefined": false
      },
      {
        "text": "cis",
        "alias": "CIS",
        "meta": "@CIS",
        "userDefined": false
      }
    ],
    "isTemplate": false,
    "count": 0,
    "updated": 0
  },
  {
    "id": "39f42a76-4b40-41e1-ad5b-2f305453b389",
    "data": [
      {
        "text": "im from ",
        "userDefined": false
      },
      {
        "text": "Singapore Power",
        "alias": "CISCompanies",
        "meta": "@CISCompanies",
        "userDefined": true
      },
      {
        "text": " how do i ",
        "userDefined": false
      },
      {
        "text": "sign up",
        "alias": "Sign-up",
        "meta": "@Sign-up",
        "userDefined": false
      },
      {
        "text": " for a ",
        "userDefined": false
      },
      {
        "text": "mobile",
        "alias": "Handphone",
        "meta": "@Handphone",
        "userDefined": false
      },
      {
        "text": " plan",
        "userDefined": false
      }
    ],
    "isTemplate": false,
    "count": 0,
    "updated": 0
  }
]