[
  {
    "id": "8a065676-d41e-4574-afa2-8a3d777eeee9",
    "data": [
      {
        "text": "i\u0027m using sim plan only, can i convert it to CIS plan thanks",
        "userDefined": false
      }
    ],
    "isTemplate": false,
    "count": 0,
    "updated": 0
  },
  {
    "id": "c71fc62a-344b-45df-ba7e-966dd42ddc8d",
    "data": [
      {
        "text": "if I\u0027m using sim plan only can I convert it with ",
        "userDefined": false
      },
      {
        "text": "CIS",
        "alias": "CIS",
        "meta": "@CIS",
        "userDefined": false
      }
    ],
    "isTemplate": false,
    "count": 0,
    "updated": 0
  },
  {
    "id": "2b9d2201-4b3b-4ee0-be28-19c5d1a40563",
    "data": [
      {
        "text": "can i convert to ",
        "userDefined": false
      },
      {
        "text": "cis",
        "alias": "CIS",
        "meta": "@CIS",
        "userDefined": false
      },
      {
        "text": " while in contract",
        "userDefined": false
      }
    ],
    "isTemplate": false,
    "count": 0,
    "updated": 0
  },
  {
    "id": "df6f6eef-ce6c-458f-83d4-66429ceb6a21",
    "data": [
      {
        "text": "i want to convert",
        "userDefined": false
      }
    ],
    "isTemplate": false,
    "count": 0,
    "updated": 0
  },
  {
    "id": "d765a2ba-a652-48e2-8bf6-678302a6d0ba",
    "data": [
      {
        "text": "I would like to change my ",
        "userDefined": false
      },
      {
        "text": "easy mobile",
        "alias": "EasyMobile",
        "meta": "@EasyMobile",
        "userDefined": false
      },
      {
        "text": " plan to ",
        "userDefined": false
      },
      {
        "text": "cis",
        "alias": "CIS",
        "meta": "@CIS",
        "userDefined": false
      },
      {
        "text": " combo",
        "userDefined": false
      }
    ],
    "isTemplate": false,
    "count": 0,
    "updated": 0
  },
  {
    "id": "95351e36-e94d-4e40-987a-62e62862368d",
    "data": [
      {
        "text": "im on ",
        "userDefined": false
      },
      {
        "text": "singtel",
        "alias": "Competitors",
        "meta": "@Competitors",
        "userDefined": false
      },
      {
        "text": " personal plan can i do a conversion to ",
        "userDefined": false
      },
      {
        "text": "cis",
        "alias": "CIS",
        "meta": "@CIS",
        "userDefined": false
      }
    ],
    "isTemplate": false,
    "count": 1,
    "updated": 0
  },
  {
    "id": "481bc4b7-6114-4993-8b77-c162bada4c49",
    "data": [
      {
        "text": "how to change to ",
        "userDefined": false
      },
      {
        "text": "cis",
        "alias": "CIS",
        "meta": "@CIS",
        "userDefined": false
      }
    ],
    "isTemplate": false,
    "count": 1,
    "updated": 0
  },
  {
    "id": "8d241d9b-ee5e-4435-8659-0af7d05d4c83",
    "data": [
      {
        "text": "i already have a plan with ",
        "userDefined": false
      },
      {
        "text": "singtel",
        "alias": "Competitors",
        "meta": "@Competitors",
        "userDefined": false
      },
      {
        "text": " can i do a conversion to ",
        "userDefined": false
      },
      {
        "text": "cis",
        "alias": "CIS",
        "meta": "@CIS",
        "userDefined": false
      }
    ],
    "isTemplate": false,
    "count": 0,
    "updated": 0
  },
  {
    "id": "432f0fc0-352c-4ff1-991b-a8ee988c3f42",
    "data": [
      {
        "text": "i am an existing ",
        "userDefined": false
      },
      {
        "text": "singtel",
        "alias": "Competitors",
        "meta": "@Competitors",
        "userDefined": false
      },
      {
        "text": " user can i convert to ",
        "userDefined": false
      },
      {
        "text": "cis",
        "alias": "CIS",
        "meta": "@CIS",
        "userDefined": false
      }
    ],
    "isTemplate": false,
    "count": 0,
    "updated": 0
  },
  {
    "id": "854dcc34-8884-45b1-80a8-960a566070d7",
    "data": [
      {
        "text": "convert plan to ",
        "userDefined": false
      },
      {
        "text": "cis",
        "alias": "CIS",
        "meta": "@CIS",
        "userDefined": false
      }
    ],
    "isTemplate": false,
    "count": 0,
    "updated": 0
  },
  {
    "id": "2cb02456-fbf6-4b77-873d-136da2afa7bc",
    "data": [
      {
        "text": "i want to convert my line to ",
        "userDefined": false
      },
      {
        "text": "cis",
        "alias": "CIS",
        "meta": "@CIS",
        "userDefined": false
      }
    ],
    "isTemplate": false,
    "count": 0,
    "updated": 0
  },
  {
    "id": "521f21c9-b9d7-4d90-bc45-c27d6b350b9a",
    "data": [
      {
        "text": "im already on ",
        "userDefined": false
      },
      {
        "text": "singtel",
        "alias": "Competitors",
        "meta": "@Competitors",
        "userDefined": false
      },
      {
        "text": " ",
        "userDefined": false
      },
      {
        "text": "corporate",
        "alias": "CorporateLine",
        "meta": "@CorporateLine",
        "userDefined": false
      },
      {
        "text": " plan can i do a conversion to ",
        "userDefined": false
      },
      {
        "text": "cis",
        "alias": "CIS",
        "meta": "@CIS",
        "userDefined": false
      }
    ],
    "isTemplate": false,
    "count": 0,
    "updated": 0
  },
  {
    "id": "a38b2561-62e4-4b32-a80c-4516ce2d3623",
    "data": [
      {
        "text": "how do i convert my line to ",
        "userDefined": false
      },
      {
        "text": "cis",
        "alias": "CIS",
        "meta": "@CIS",
        "userDefined": false
      }
    ],
    "isTemplate": false,
    "count": 0,
    "updated": 0
  },
  {
    "id": "c65ee029-08b6-43d7-80c9-93ddb141a212",
    "data": [
      {
        "text": "how to convert residential line to ",
        "userDefined": false
      },
      {
        "text": "cis",
        "alias": "CIS",
        "meta": "@CIS",
        "userDefined": false
      }
    ],
    "isTemplate": false,
    "count": 0,
    "updated": 0
  },
  {
    "id": "cf46d5d0-eaa1-4959-8c94-102679f7ff6c",
    "data": [
      {
        "text": "how can i convert my plan to ",
        "userDefined": false
      },
      {
        "text": "cis",
        "alias": "CIS",
        "meta": "@CIS",
        "userDefined": false
      }
    ],
    "isTemplate": false,
    "count": 0,
    "updated": 0
  },
  {
    "id": "b24463d5-cd5a-47f4-8dce-5456dc3ed79b",
    "data": [
      {
        "text": "how to transfer to ",
        "userDefined": false
      },
      {
        "text": "cis",
        "alias": "CIS",
        "meta": "@CIS",
        "userDefined": false
      }
    ],
    "isTemplate": false,
    "count": 0,
    "updated": 0
  },
  {
    "id": "99c97234-9553-49f3-825d-a6b0851b0121",
    "data": [
      {
        "text": "how to do conversion from my line to ",
        "userDefined": false
      },
      {
        "text": "cis",
        "alias": "CIS",
        "meta": "@CIS",
        "userDefined": false
      }
    ],
    "isTemplate": false,
    "count": 0,
    "updated": 0
  },
  {
    "id": "d3d67ae6-75e8-42ac-beb0-58d0f110e59a",
    "data": [
      {
        "text": "I have an existing Singtel Personal line. Can I convert it to CIS?",
        "userDefined": false
      }
    ],
    "isTemplate": false,
    "count": 0,
    "updated": 0
  },
  {
    "id": "6f06f501-e8d9-4273-91c5-52c55a0ee510",
    "data": [
      {
        "text": "how to convert to ",
        "userDefined": false
      },
      {
        "text": "cis",
        "alias": "CIS",
        "meta": "@CIS",
        "userDefined": false
      }
    ],
    "isTemplate": false,
    "count": 2,
    "updated": 0
  },
  {
    "id": "b2e18c5a-763e-41b8-ac50-037b274b4da0",
    "data": [
      {
        "text": "i want to convert to ",
        "userDefined": false
      },
      {
        "text": "cis",
        "alias": "CIS",
        "meta": "@CIS",
        "userDefined": false
      }
    ],
    "isTemplate": false,
    "count": 3,
    "updated": 0
  },
  {
    "id": "74fc59dc-97b4-4c0f-934f-acaa3a7e733b",
    "data": [
      {
        "text": "i want to convert my personal line to ",
        "userDefined": false
      },
      {
        "text": "cis",
        "alias": "CIS",
        "meta": "@CIS",
        "userDefined": false
      }
    ],
    "isTemplate": false,
    "count": 0,
    "updated": 0
  },
  {
    "id": "f7ab3190-1c01-4651-b82e-07670f591241",
    "data": [
      {
        "text": "convert to ",
        "userDefined": false
      },
      {
        "text": "cis",
        "alias": "CIS",
        "meta": "@CIS",
        "userDefined": false
      }
    ],
    "isTemplate": false,
    "count": 1,
    "updated": 0
  },
  {
    "id": "1df9302e-b121-42b1-a7e8-3111ea732b91",
    "data": [
      {
        "text": "how to transfer personal line to ",
        "userDefined": false
      },
      {
        "text": "cis",
        "alias": "CIS",
        "meta": "@CIS",
        "userDefined": false
      }
    ],
    "isTemplate": false,
    "count": 0,
    "updated": 0
  },
  {
    "id": "b2818b13-fd89-44c9-86d5-b39e7666d014",
    "data": [
      {
        "text": "how can i convert my personal line to ",
        "userDefined": false
      },
      {
        "text": "cis",
        "alias": "CIS",
        "meta": "@CIS",
        "userDefined": false
      }
    ],
    "isTemplate": false,
    "count": 0,
    "updated": 0
  },
  {
    "id": "4d9a96b0-1868-4939-98dc-ffede0e408f2",
    "data": [
      {
        "text": "convert plan to ",
        "userDefined": false
      },
      {
        "text": "cis",
        "alias": "CIS",
        "meta": "@CIS",
        "userDefined": false
      },
      {
        "text": " can?",
        "userDefined": false
      }
    ],
    "isTemplate": false,
    "count": 0,
    "updated": 0
  },
  {
    "id": "cce59e4d-6d20-4a66-9d55-24945bb2da18",
    "data": [
      {
        "text": "how can i transfer my plan",
        "userDefined": false
      }
    ],
    "isTemplate": false,
    "count": 0,
    "updated": 0
  },
  {
    "id": "177b8c48-cc26-4e41-9e3f-5d6cf2bdae18",
    "data": [
      {
        "text": "i want to transfer to ",
        "userDefined": false
      },
      {
        "text": "cis",
        "alias": "CIS",
        "meta": "@CIS",
        "userDefined": false
      }
    ],
    "isTemplate": false,
    "count": 1,
    "updated": 0
  },
  {
    "id": "501b9c1e-61b8-46d8-ba27-535ab3b2decc",
    "data": [
      {
        "text": "how do i convert my plan to ",
        "userDefined": false
      },
      {
        "text": "cis",
        "alias": "CIS",
        "meta": "@CIS",
        "userDefined": false
      }
    ],
    "isTemplate": false,
    "count": 0,
    "updated": 0
  },
  {
    "id": "0177c522-492d-4f9f-acf8-975191af8a30",
    "data": [
      {
        "text": "how may i convert my plan to ",
        "userDefined": false
      },
      {
        "text": "cis",
        "alias": "CIS",
        "meta": "@CIS",
        "userDefined": false
      }
    ],
    "isTemplate": false,
    "count": 0,
    "updated": 0
  },
  {
    "id": "e7c76c67-8433-4fa3-a224-3627ceffe1e3",
    "data": [
      {
        "text": "convert line to ",
        "userDefined": false
      },
      {
        "text": "cis",
        "alias": "CIS",
        "meta": "@CIS",
        "userDefined": false
      }
    ],
    "isTemplate": false,
    "count": 1,
    "updated": 0
  },
  {
    "id": "80410dfd-b8c5-47c5-bfc2-c6cd7e70e416",
    "data": [
      {
        "text": "how to convert my plan to ",
        "userDefined": false
      },
      {
        "text": "cis",
        "alias": "CIS",
        "meta": "@CIS",
        "userDefined": false
      }
    ],
    "isTemplate": false,
    "count": 0,
    "updated": 0
  },
  {
    "id": "cbb9b345-2c80-4cba-9caa-9272652ce0eb",
    "data": [
      {
        "text": "how to convert plan to ",
        "userDefined": false
      },
      {
        "text": "cis",
        "alias": "CIS",
        "meta": "@CIS",
        "userDefined": false
      }
    ],
    "isTemplate": false,
    "count": 0,
    "updated": 0
  },
  {
    "id": "4e8891bf-c8d6-441f-947d-7d3fd60f84eb",
    "data": [
      {
        "text": "how to transfer my personal line to ",
        "userDefined": false
      },
      {
        "text": "CIS",
        "alias": "CIS",
        "meta": "@CIS",
        "userDefined": false
      }
    ],
    "isTemplate": false,
    "count": 0,
    "updated": 0
  },
  {
    "id": "27860366-3ad5-4498-85e1-8b4dbd634050",
    "data": [
      {
        "text": "can transfer personal line to ",
        "userDefined": false
      },
      {
        "text": "CIS",
        "alias": "CIS",
        "meta": "@CIS",
        "userDefined": false
      },
      {
        "text": "?",
        "userDefined": false
      }
    ],
    "isTemplate": false,
    "count": 0,
    "updated": 0
  },
  {
    "id": "7890d5bd-cae8-463d-b798-d76a6244055e",
    "data": [
      {
        "text": "transfer personal line",
        "userDefined": false
      }
    ],
    "isTemplate": false,
    "count": 0,
    "updated": 0
  },
  {
    "id": "70210c15-9d30-47b7-9510-fe87d4e35af7",
    "data": [
      {
        "text": "how can i transfer my personal line to ",
        "userDefined": false
      },
      {
        "text": "CIS",
        "alias": "CIS",
        "meta": "@CIS",
        "userDefined": false
      }
    ],
    "isTemplate": false,
    "count": 0,
    "updated": 0
  },
  {
    "id": "3fd11ea7-a351-4fe8-a769-3abb9b1dc990",
    "data": [
      {
        "text": "i am currently on another plan, can i transfer to ",
        "userDefined": false
      },
      {
        "text": "cis",
        "alias": "CIS",
        "meta": "@CIS",
        "userDefined": false
      }
    ],
    "isTemplate": false,
    "count": 0,
    "updated": 0
  },
  {
    "id": "45a8b795-7b8f-4d91-9f9b-fbf96ae4408c",
    "data": [
      {
        "text": "how can i convert my line to ",
        "userDefined": false
      },
      {
        "text": "singtel",
        "meta": "@sys.ignore",
        "userDefined": false
      }
    ],
    "isTemplate": false,
    "count": 0,
    "updated": 0
  },
  {
    "id": "8dd3784f-2958-457e-ae0b-49a1dddf5fde",
    "data": [
      {
        "text": "how can i transfer my line to ",
        "userDefined": false
      },
      {
        "text": "singtel",
        "meta": "@sys.ignore",
        "userDefined": false
      }
    ],
    "isTemplate": false,
    "count": 0,
    "updated": 0
  },
  {
    "id": "69a6b751-2443-4784-a7b4-673e441f1bad",
    "data": [
      {
        "text": "is converting to ",
        "userDefined": false
      },
      {
        "text": "cis",
        "alias": "CIS",
        "meta": "@CIS",
        "userDefined": false
      },
      {
        "text": " hard",
        "userDefined": false
      }
    ],
    "isTemplate": false,
    "count": 0,
    "updated": 0
  },
  {
    "id": "18a23c0c-e881-43c2-bbac-26e666f8d33b",
    "data": [
      {
        "text": "i want to convert my line from personal to ",
        "userDefined": false
      },
      {
        "text": "CIS",
        "alias": "CIS",
        "meta": "@CIS",
        "userDefined": false
      }
    ],
    "isTemplate": false,
    "count": 0,
    "updated": 0
  },
  {
    "id": "6fff7ea5-514d-4606-8402-0141433a8292",
    "data": [
      {
        "text": "i want to change my plan to ",
        "userDefined": false
      },
      {
        "text": "cis",
        "alias": "CIS",
        "meta": "@CIS",
        "userDefined": false
      }
    ],
    "isTemplate": false,
    "count": 0,
    "updated": 0
  },
  {
    "id": "7d54619a-a095-4866-a1df-c364eb53f742",
    "data": [
      {
        "text": "can i change to ",
        "userDefined": false
      },
      {
        "text": "cis",
        "alias": "CIS",
        "meta": "@CIS",
        "userDefined": false
      }
    ],
    "isTemplate": false,
    "count": 0,
    "updated": 0
  },
  {
    "id": "86bdd74b-c155-47cd-98bb-dbb101f46f76",
    "data": [
      {
        "text": "change plan to ",
        "userDefined": false
      },
      {
        "text": "cis",
        "alias": "CIS",
        "meta": "@CIS",
        "userDefined": false
      }
    ],
    "isTemplate": false,
    "count": 0,
    "updated": 0
  },
  {
    "id": "5bc97204-e665-4bcb-9df8-db92c147d26e",
    "data": [
      {
        "text": "where can i convert my line to ",
        "userDefined": false
      },
      {
        "text": "cis",
        "alias": "CIS",
        "meta": "@CIS",
        "userDefined": false
      }
    ],
    "isTemplate": false,
    "count": 0,
    "updated": 0
  },
  {
    "id": "16cc8234-b9b3-49ca-8ac7-28f16b374b84",
    "data": [
      {
        "text": "i want to transfer my line to ",
        "userDefined": false
      },
      {
        "text": "singtel",
        "meta": "@sys.ignore",
        "userDefined": false
      }
    ],
    "isTemplate": false,
    "count": 1,
    "updated": 0
  },
  {
    "id": "de013ece-3690-422a-8ee5-428720b2de32",
    "data": [
      {
        "text": "how can i convert my line to ",
        "userDefined": false
      },
      {
        "text": "cis",
        "alias": "CIS",
        "meta": "@CIS",
        "userDefined": false
      }
    ],
    "isTemplate": false,
    "count": 1,
    "updated": 0
  },
  {
    "id": "351a11cb-35f0-44d9-97de-18f499f7cc32",
    "data": [
      {
        "text": "i want to transfer my personal line to ",
        "userDefined": false
      },
      {
        "text": "CIS",
        "alias": "CIS",
        "meta": "@CIS",
        "userDefined": false
      }
    ],
    "isTemplate": false,
    "count": 0,
    "updated": 0
  },
  {
    "id": "bdc60d71-ff73-4213-9b4b-37195fdcbd4e",
    "data": [
      {
        "text": "how do i change my line to ",
        "userDefined": false
      },
      {
        "text": "cis",
        "alias": "CIS",
        "meta": "@CIS",
        "userDefined": false
      }
    ],
    "isTemplate": false,
    "count": 0,
    "updated": 0
  },
  {
    "id": "514cf9d9-7d14-4162-b699-12ca02a99437",
    "data": [
      {
        "text": "can i transfer my line to ",
        "userDefined": false
      },
      {
        "text": "CIS",
        "alias": "CIS",
        "meta": "@CIS",
        "userDefined": false
      }
    ],
    "isTemplate": false,
    "count": 0,
    "updated": 0
  },
  {
    "id": "5a67cbbf-66b2-4581-b20c-fdb366af17c8",
    "data": [
      {
        "text": "is conversion to ",
        "userDefined": false
      },
      {
        "text": "cis",
        "alias": "CIS",
        "meta": "@CIS",
        "userDefined": false
      },
      {
        "text": " available to ",
        "userDefined": false
      },
      {
        "text": "singtel shop",
        "alias": "OnlineSingtelSites",
        "meta": "@OnlineSingtelSites",
        "userDefined": false
      }
    ],
    "isTemplate": false,
    "count": 0,
    "updated": 0
  },
  {
    "id": "b0d46858-e64f-47fd-b722-b62af9c5695b",
    "data": [
      {
        "text": "how to change my line to ",
        "userDefined": false
      },
      {
        "text": "cis",
        "alias": "CIS",
        "meta": "@CIS",
        "userDefined": false
      }
    ],
    "isTemplate": false,
    "count": 0,
    "updated": 0
  },
  {
    "id": "d3b832b1-746e-4c4f-965e-ac046ba194ed",
    "data": [
      {
        "text": "is there any website i can visit to convert my current plan to ",
        "userDefined": false
      },
      {
        "text": "cis",
        "alias": "CIS",
        "meta": "@CIS",
        "userDefined": false
      }
    ],
    "isTemplate": false,
    "count": 0,
    "updated": 0
  },
  {
    "id": "942e871d-58bb-41d7-9831-b2f28a8b959e",
    "data": [
      {
        "text": "i want to transfer my plan",
        "userDefined": false
      }
    ],
    "isTemplate": false,
    "count": 0,
    "updated": 0
  },
  {
    "id": "03620bb5-38b8-4a83-a990-599e61e00ce9",
    "data": [
      {
        "text": "converting line to ",
        "userDefined": false
      },
      {
        "text": "cis",
        "alias": "CIS",
        "meta": "@CIS",
        "userDefined": false
      }
    ],
    "isTemplate": false,
    "count": 1,
    "updated": 0
  },
  {
    "id": "fdd460a0-821e-4578-af20-7c7156b5666c",
    "data": [
      {
        "text": "I want to convert my line from personal/residential to ",
        "userDefined": false
      },
      {
        "text": "CIS",
        "alias": "CIS",
        "meta": "@CIS",
        "userDefined": false
      }
    ],
    "isTemplate": false,
    "count": 0,
    "updated": 0
  },
  {
    "id": "5cc74537-605a-4ff7-bb40-2974e8968669",
    "data": [
      {
        "text": "what should i do to convert my line to ",
        "userDefined": false
      },
      {
        "text": "cis",
        "alias": "CIS",
        "meta": "@CIS",
        "userDefined": false
      }
    ],
    "isTemplate": false,
    "count": 0,
    "updated": 0
  },
  {
    "id": "47d188b9-d684-4a33-b381-d3f6daba04a4",
    "data": [
      {
        "text": "how can i transfer my personal line",
        "userDefined": false
      }
    ],
    "isTemplate": false,
    "count": 1,
    "updated": 0
  },
  {
    "id": "e09ad38f-55fc-4245-a803-b70fc7b8690c",
    "data": [
      {
        "text": "how to transfer my line to ",
        "userDefined": false
      },
      {
        "text": "cis",
        "alias": "CIS",
        "meta": "@CIS",
        "userDefined": false
      }
    ],
    "isTemplate": false,
    "count": 0,
    "updated": 0
  },
  {
    "id": "4821a0b5-1a24-4d43-a28a-741ad0614267",
    "data": [
      {
        "text": "how to transfer my own number to ",
        "userDefined": false
      },
      {
        "text": "CIS",
        "alias": "CIS",
        "meta": "@CIS",
        "userDefined": false
      }
    ],
    "isTemplate": false,
    "count": 0,
    "updated": 0
  }
]