[
  {
    "id": "4d32f66c-7662-45f9-9f82-09cd51e60964",
    "data": [
      {
        "text": "is there any free add-ons this sale?",
        "userDefined": false
      }
    ],
    "isTemplate": false,
    "count": 0,
    "updated": 0
  },
  {
    "id": "c861eae3-fd5b-456f-ad9d-b3690debd17c",
    "data": [
      {
        "text": "any free add-ons for this sale?",
        "userDefined": false
      }
    ],
    "isTemplate": false,
    "count": 0,
    "updated": 0
  },
  {
    "id": "6c5c3a44-1621-4a6f-88f2-71fe7c7919f6",
    "data": [
      {
        "text": "any free add-ons with ",
        "userDefined": false
      },
      {
        "text": "cis",
        "alias": "CIS",
        "meta": "@CIS",
        "userDefined": false
      }
    ],
    "isTemplate": false,
    "count": 0,
    "updated": 0
  },
  {
    "id": "79a87552-0875-49d7-9412-a62fee93f740",
    "data": [
      {
        "text": "what are the free add-on ",
        "userDefined": false
      },
      {
        "text": "mobile",
        "alias": "Handphone",
        "meta": "@Handphone",
        "userDefined": false
      },
      {
        "text": " services that comes with ",
        "userDefined": false
      },
      {
        "text": "cis",
        "alias": "CIS",
        "meta": "@CIS",
        "userDefined": false
      },
      {
        "text": " sale",
        "userDefined": false
      }
    ],
    "isTemplate": false,
    "count": 0,
    "updated": 0
  }
]