[
  {
    "id": "6444b79d-ca39-4f13-acf9-a149bfc79feb",
    "data": [
      {
        "text": "i\u0027m planning to go abroad ",
        "userDefined": false
      },
      {
        "text": "next week",
        "alias": "date-period",
        "meta": "@sys.date-period",
        "userDefined": false
      },
      {
        "text": ", is autoroam available in my suggested ",
        "userDefined": false
      },
      {
        "text": "country",
        "alias": "Countries",
        "meta": "@Countries",
        "userDefined": false
      }
    ],
    "isTemplate": false,
    "count": 0,
    "updated": 0
  },
  {
    "id": "9fc5f357-60a1-46fa-ac2f-641a10fd0e2d",
    "data": [
      {
        "text": "i want to see the list of ",
        "userDefined": false
      },
      {
        "text": "countries",
        "alias": "Countries",
        "meta": "@Countries",
        "userDefined": false
      },
      {
        "text": " that are available for autoroam?",
        "userDefined": false
      }
    ],
    "isTemplate": false,
    "count": 0,
    "updated": 0
  },
  {
    "id": "da59d1b1-be65-48d2-b9e6-340d7698c131",
    "data": [
      {
        "text": "Travelling",
        "alias": "Roaming",
        "meta": "@Roaming",
        "userDefined": false
      },
      {
        "text": " to ",
        "userDefined": false
      },
      {
        "text": "Thailand",
        "alias": "Countries",
        "meta": "@Countries",
        "userDefined": false
      },
      {
        "text": " ",
        "userDefined": false
      },
      {
        "text": "next week",
        "alias": "date-period",
        "meta": "@sys.date-period",
        "userDefined": false
      },
      {
        "text": ", would like to have data ",
        "userDefined": false
      },
      {
        "text": "roaming",
        "alias": "Roaming",
        "meta": "@Roaming",
        "userDefined": false
      },
      {
        "text": ".",
        "userDefined": false
      }
    ],
    "isTemplate": false,
    "count": 0,
    "updated": 0
  },
  {
    "id": "1556acaf-0b41-4265-b574-b47f8fc81e46",
    "data": [
      {
        "text": "tell me more about ",
        "userDefined": false
      },
      {
        "text": "roaming",
        "alias": "Roaming",
        "meta": "@Roaming",
        "userDefined": false
      },
      {
        "text": " services",
        "userDefined": false
      }
    ],
    "isTemplate": false,
    "count": 0,
    "updated": 0
  },
  {
    "id": "4e5de76c-d180-45f8-8ca5-5fac1fe8db74",
    "data": [
      {
        "text": "unlimited data ",
        "userDefined": false
      },
      {
        "text": "roaming",
        "alias": "Roaming",
        "meta": "@Roaming",
        "userDefined": false
      }
    ],
    "isTemplate": false,
    "count": 1,
    "updated": 0
  },
  {
    "id": "a32afb64-b2aa-45a1-9b75-5afe8cb17fae",
    "data": [
      {
        "text": "i want info on ",
        "userDefined": false
      },
      {
        "text": "roaming",
        "alias": "Roaming",
        "meta": "@Roaming",
        "userDefined": false
      },
      {
        "text": " services",
        "userDefined": false
      }
    ],
    "isTemplate": false,
    "count": 0,
    "updated": 0
  },
  {
    "id": "a64a24fd-2cea-4146-acdb-4ef59522cb16",
    "data": [
      {
        "text": "where to get info on ",
        "userDefined": false
      },
      {
        "text": "roaming",
        "alias": "Roaming",
        "meta": "@Roaming",
        "userDefined": false
      },
      {
        "text": " services",
        "userDefined": false
      }
    ],
    "isTemplate": false,
    "count": 0,
    "updated": 0
  },
  {
    "id": "fa66dc3c-c908-4185-a661-2e17bc9f69ca",
    "data": [
      {
        "text": "where to get info on ",
        "userDefined": false
      },
      {
        "text": "roaming",
        "alias": "Roaming",
        "meta": "@Roaming",
        "userDefined": false
      }
    ],
    "isTemplate": false,
    "count": 0,
    "updated": 0
  },
  {
    "id": "4abe14de-2045-4783-8dc7-35d243af37f8",
    "data": [
      {
        "text": "i need some ",
        "userDefined": false
      },
      {
        "text": "roaming",
        "alias": "Roaming",
        "meta": "@Roaming",
        "userDefined": false
      },
      {
        "text": " plans",
        "userDefined": false
      }
    ],
    "isTemplate": false,
    "count": 2,
    "updated": 0
  },
  {
    "id": "279c38bc-440b-4c8d-bd3d-5772c7b6a9ca",
    "data": [
      {
        "text": "how to ",
        "userDefined": false
      },
      {
        "text": "sign up",
        "alias": "Sign-up",
        "meta": "@Sign-up",
        "userDefined": false
      },
      {
        "text": " for ",
        "userDefined": false
      },
      {
        "text": "roaming",
        "alias": "Roaming",
        "meta": "@Roaming",
        "userDefined": false
      }
    ],
    "isTemplate": false,
    "count": 0,
    "updated": 0
  },
  {
    "id": "a18a25da-ba29-449b-aac3-6f91ccd71a8b",
    "data": [
      {
        "text": "i am going ",
        "userDefined": false
      },
      {
        "text": "overseas",
        "alias": "Roaming",
        "meta": "@Roaming",
        "userDefined": false
      }
    ],
    "isTemplate": false,
    "count": 0,
    "updated": 0
  },
  {
    "id": "00ffb39c-1d63-42f7-8d4b-5dd638fa413e",
    "data": [
      {
        "text": "what kind of ",
        "userDefined": false
      },
      {
        "text": "roaming",
        "alias": "Roaming",
        "meta": "@Roaming",
        "userDefined": false
      },
      {
        "text": " services do u have",
        "userDefined": false
      }
    ],
    "isTemplate": false,
    "count": 0,
    "updated": 0
  },
  {
    "id": "e1e718f1-14c6-4755-a85b-5e67e08e0139",
    "data": [
      {
        "text": "info on ",
        "userDefined": false
      },
      {
        "text": "dataroam",
        "alias": "Roaming",
        "meta": "@Roaming",
        "userDefined": false
      },
      {
        "text": " unlimited daily",
        "userDefined": false
      }
    ],
    "isTemplate": false,
    "count": 0,
    "updated": 0
  },
  {
    "id": "100a253d-d196-4aae-b930-083735366290",
    "data": [
      {
        "text": "what ",
        "userDefined": false
      },
      {
        "text": "roaming",
        "alias": "Roaming",
        "meta": "@Roaming",
        "userDefined": false
      },
      {
        "text": " plans are there",
        "userDefined": false
      }
    ],
    "isTemplate": false,
    "count": 0,
    "updated": 0
  },
  {
    "id": "d99b70c5-35c0-48c9-85a6-e6d8917e1a61",
    "data": [
      {
        "text": "i want to know more about your ",
        "userDefined": false
      },
      {
        "text": "roaming",
        "alias": "Roaming",
        "meta": "@Roaming",
        "userDefined": false
      },
      {
        "text": " services",
        "userDefined": false
      }
    ],
    "isTemplate": false,
    "count": 1,
    "updated": 0
  },
  {
    "id": "729c79e7-ad81-49d3-9973-a6a9557c560d",
    "data": [
      {
        "text": "tell me more about ",
        "userDefined": false
      },
      {
        "text": "roaming",
        "alias": "Roaming",
        "meta": "@Roaming",
        "userDefined": false
      }
    ],
    "isTemplate": false,
    "count": 0,
    "updated": 0
  },
  {
    "id": "2fcf7762-c0d8-4ba1-817d-802bf02be4c4",
    "data": [
      {
        "text": "roaming",
        "alias": "Roaming",
        "meta": "@Roaming",
        "userDefined": false
      },
      {
        "text": " services",
        "userDefined": false
      }
    ],
    "isTemplate": false,
    "count": 1,
    "updated": 0
  },
  {
    "id": "d5627e79-fbf0-4458-9eee-56c6916df3ff",
    "data": [
      {
        "text": "overseas",
        "alias": "Roaming",
        "meta": "@Roaming",
        "userDefined": true
      },
      {
        "text": " plan",
        "userDefined": false
      }
    ],
    "isTemplate": false,
    "count": 0,
    "updated": 0
  },
  {
    "id": "b61d7f00-a3de-4002-b0b9-6a7cdb49609d",
    "data": [
      {
        "text": "cis",
        "alias": "CIS",
        "meta": "@CIS",
        "userDefined": false
      },
      {
        "text": " plan for ",
        "userDefined": false
      },
      {
        "text": "roaming",
        "alias": "Roaming",
        "meta": "@Roaming",
        "userDefined": true
      }
    ],
    "isTemplate": false,
    "count": 0,
    "updated": 0
  },
  {
    "id": "9ba7e372-2961-4678-8360-e517f5df6aa1",
    "data": [
      {
        "text": "how to get ",
        "userDefined": false
      },
      {
        "text": "roaming",
        "alias": "Roaming",
        "meta": "@Roaming",
        "userDefined": false
      },
      {
        "text": " plans",
        "userDefined": false
      }
    ],
    "isTemplate": false,
    "count": 0,
    "updated": 0
  },
  {
    "id": "f0708812-a5bd-4ce2-98b0-5a77c56ef166",
    "data": [
      {
        "text": "give me some ",
        "userDefined": false
      },
      {
        "text": "roaming",
        "alias": "Roaming",
        "meta": "@Roaming",
        "userDefined": false
      },
      {
        "text": " services info",
        "userDefined": false
      }
    ],
    "isTemplate": false,
    "count": 0,
    "updated": 0
  },
  {
    "id": "005b80a1-5126-4b8e-ad13-c8c9c025b638",
    "data": [
      {
        "text": "give me more info about ",
        "userDefined": false
      },
      {
        "text": "roaming",
        "alias": "Roaming",
        "meta": "@Roaming",
        "userDefined": false
      }
    ],
    "isTemplate": false,
    "count": 0,
    "updated": 0
  },
  {
    "id": "7bcb66b7-71ec-4218-8090-7a130eca4131",
    "data": [
      {
        "text": "i need ",
        "userDefined": false
      },
      {
        "text": "roaming",
        "alias": "Roaming",
        "meta": "@Roaming",
        "userDefined": false
      },
      {
        "text": " services",
        "userDefined": false
      }
    ],
    "isTemplate": false,
    "count": 0,
    "updated": 0
  },
  {
    "id": "817071e4-f9ca-4509-a4b4-a7c486aadf9c",
    "data": [
      {
        "text": "what kind of ",
        "userDefined": false
      },
      {
        "text": "roaming",
        "alias": "Roaming",
        "meta": "@Roaming",
        "userDefined": false
      },
      {
        "text": " services are there",
        "userDefined": false
      }
    ],
    "isTemplate": false,
    "count": 0,
    "updated": 0
  },
  {
    "id": "fb5c9064-1a05-4357-9de9-d6b856cda8c1",
    "data": [
      {
        "text": "are there any ",
        "userDefined": false
      },
      {
        "text": "roaming",
        "alias": "Roaming",
        "meta": "@Roaming",
        "userDefined": false
      },
      {
        "text": " plans",
        "userDefined": false
      }
    ],
    "isTemplate": false,
    "count": 0,
    "updated": 0
  },
  {
    "id": "3810484f-98fa-4569-8837-264d5b26fbc9",
    "data": [
      {
        "text": "how can i get data ",
        "userDefined": false
      },
      {
        "text": "overseas",
        "alias": "Roaming",
        "meta": "@Roaming",
        "userDefined": false
      }
    ],
    "isTemplate": false,
    "count": 0,
    "updated": 0
  },
  {
    "id": "c675d445-9240-452b-a983-ab6acd88ef61",
    "data": [
      {
        "text": "how to ",
        "userDefined": false
      },
      {
        "text": "subscribe",
        "alias": "Sign-up",
        "meta": "@Sign-up",
        "userDefined": false
      },
      {
        "text": " to ",
        "userDefined": false
      },
      {
        "text": "roaming",
        "alias": "Roaming",
        "meta": "@Roaming",
        "userDefined": false
      }
    ],
    "isTemplate": false,
    "count": 0,
    "updated": 0
  },
  {
    "id": "70bdcd67-6ca2-465e-9f21-09664bf649bb",
    "data": [
      {
        "text": "i want info on ",
        "userDefined": false
      },
      {
        "text": "dataroam",
        "alias": "Roaming",
        "meta": "@Roaming",
        "userDefined": false
      }
    ],
    "isTemplate": false,
    "count": 0,
    "updated": 0
  },
  {
    "id": "ce032df5-cf82-43b8-a555-794cb5018c74",
    "data": [
      {
        "text": "roaming",
        "userDefined": false
      }
    ],
    "isTemplate": false,
    "count": 0,
    "updated": 0
  },
  {
    "id": "de26dc9b-aa9a-44bf-8dff-c851013a25d6",
    "data": [
      {
        "text": "i need ",
        "userDefined": false
      },
      {
        "text": "overseas",
        "alias": "Roaming",
        "meta": "@Roaming",
        "userDefined": false
      },
      {
        "text": " signal",
        "userDefined": false
      }
    ],
    "isTemplate": false,
    "count": 1,
    "updated": 0
  },
  {
    "id": "819b2a36-93aa-48bb-b852-59229f955ab4",
    "data": [
      {
        "text": "how to get ",
        "userDefined": false
      },
      {
        "text": "overseas",
        "alias": "Roaming",
        "meta": "@Roaming",
        "userDefined": false
      },
      {
        "text": " signal",
        "userDefined": false
      }
    ],
    "isTemplate": false,
    "count": 0,
    "updated": 0
  },
  {
    "id": "dd02591c-df5e-4f36-90a5-285a98e78f8a",
    "data": [
      {
        "text": "data plan for ",
        "userDefined": false
      },
      {
        "text": "overseas",
        "alias": "Roaming",
        "meta": "@Roaming",
        "userDefined": false
      },
      {
        "text": " ",
        "userDefined": false
      },
      {
        "text": "travel",
        "alias": "Roaming",
        "meta": "@Roaming",
        "userDefined": false
      }
    ],
    "isTemplate": false,
    "count": 0,
    "updated": 0
  },
  {
    "id": "8549ce23-31d5-4691-b375-889088865717",
    "data": [
      {
        "text": "Hi Sir, I want to know more detail of ",
        "userDefined": false
      },
      {
        "text": "24 months",
        "alias": "duration",
        "meta": "@sys.duration",
        "userDefined": false
      },
      {
        "text": " free for autoroam",
        "userDefined": false
      }
    ],
    "isTemplate": false,
    "count": 0,
    "updated": 0
  },
  {
    "id": "bebabbad-480b-4393-b19c-c03642218b0f",
    "data": [
      {
        "text": "i want to know about ",
        "userDefined": false
      },
      {
        "text": "dataroam",
        "alias": "Roaming",
        "meta": "@Roaming",
        "userDefined": true
      },
      {
        "text": " unlimited",
        "userDefined": false
      }
    ],
    "isTemplate": false,
    "count": 0,
    "updated": 0
  },
  {
    "id": "59c8b660-8a27-4f65-abcb-7970454daffc",
    "data": [
      {
        "text": "autoroam",
        "userDefined": false
      }
    ],
    "isTemplate": false,
    "count": 0,
    "updated": 0
  },
  {
    "id": "ddfa8e52-280b-4783-88e8-b37c16c0434a",
    "data": [
      {
        "text": "where to get ",
        "userDefined": false
      },
      {
        "text": "dataroam",
        "alias": "Roaming",
        "meta": "@Roaming",
        "userDefined": false
      },
      {
        "text": " unlimited info",
        "userDefined": false
      }
    ],
    "isTemplate": false,
    "count": 0,
    "updated": 0
  },
  {
    "id": "7bbd7213-a6aa-4c7d-aa0e-ad06edc85db1",
    "data": [
      {
        "text": "where to get information on ",
        "userDefined": false
      },
      {
        "text": "roaming",
        "alias": "Roaming",
        "meta": "@Roaming",
        "userDefined": false
      },
      {
        "text": " services",
        "userDefined": false
      }
    ],
    "isTemplate": false,
    "count": 0,
    "updated": 0
  },
  {
    "id": "18ab2814-1559-4115-bc69-60a9369333c9",
    "data": [
      {
        "text": "tell me how to ",
        "userDefined": false
      },
      {
        "text": "subscribe",
        "alias": "Sign-up",
        "meta": "@Sign-up",
        "userDefined": false
      },
      {
        "text": " for ",
        "userDefined": false
      },
      {
        "text": "roaming",
        "alias": "Roaming",
        "meta": "@Roaming",
        "userDefined": false
      }
    ],
    "isTemplate": false,
    "count": 0,
    "updated": 0
  },
  {
    "id": "4d7adbe1-1760-4a56-88cd-f6726a3a19a2",
    "data": [
      {
        "text": "overseas",
        "alias": "Roaming",
        "meta": "@Roaming",
        "userDefined": true
      },
      {
        "text": " roaming",
        "userDefined": false
      }
    ],
    "isTemplate": false,
    "count": 1,
    "updated": 0
  },
  {
    "id": "309f219d-1b10-4a3d-a418-9cef679046ec",
    "data": [
      {
        "text": "i am going ",
        "userDefined": false
      },
      {
        "text": "overseas",
        "alias": "Roaming",
        "meta": "@Roaming",
        "userDefined": true
      },
      {
        "text": " for business ",
        "userDefined": false
      },
      {
        "text": "trip",
        "alias": "Roaming",
        "meta": "@Roaming",
        "userDefined": true
      }
    ],
    "isTemplate": false,
    "count": 0,
    "updated": 0
  },
  {
    "id": "ecbbc7f3-d11f-48b4-ba7f-8097ae81fc91",
    "data": [
      {
        "text": "what kind of ",
        "userDefined": false
      },
      {
        "text": "roaming",
        "alias": "Roaming",
        "meta": "@Roaming",
        "userDefined": false
      },
      {
        "text": " plans are there",
        "userDefined": false
      }
    ],
    "isTemplate": false,
    "count": 0,
    "updated": 0
  },
  {
    "id": "b1711542-5ca9-4ac5-ae45-ef48b79ae315",
    "data": [
      {
        "text": "i want more info on ",
        "userDefined": false
      },
      {
        "text": "roaming",
        "alias": "Roaming",
        "meta": "@Roaming",
        "userDefined": false
      }
    ],
    "isTemplate": false,
    "count": 0,
    "updated": 0
  },
  {
    "id": "c6a9b5a2-0a5b-4a04-855a-1f27146b351d",
    "data": [
      {
        "text": "i want to know more about ",
        "userDefined": false
      },
      {
        "text": "roaming",
        "alias": "Roaming",
        "meta": "@Roaming",
        "userDefined": false
      }
    ],
    "isTemplate": false,
    "count": 0,
    "updated": 0
  },
  {
    "id": "ec1b2a80-9803-4117-9f93-8c1d902413d7",
    "data": [
      {
        "text": "what kind of ",
        "userDefined": false
      },
      {
        "text": "roaming",
        "alias": "Roaming",
        "meta": "@Roaming",
        "userDefined": false
      },
      {
        "text": " plans u have",
        "userDefined": false
      }
    ],
    "isTemplate": false,
    "count": 0,
    "updated": 0
  },
  {
    "id": "2526b19d-0e58-4df9-a453-bff8b1d18070",
    "data": [
      {
        "text": "i want ",
        "userDefined": false
      },
      {
        "text": "overseas",
        "alias": "Roaming",
        "meta": "@Roaming",
        "userDefined": false
      },
      {
        "text": " data",
        "userDefined": false
      }
    ],
    "isTemplate": false,
    "count": 0,
    "updated": 0
  },
  {
    "id": "b66e51a0-ee27-4abb-a9d5-a20d387501ad",
    "data": [
      {
        "text": "business ",
        "userDefined": false
      },
      {
        "text": "trip",
        "alias": "Roaming",
        "meta": "@Roaming",
        "userDefined": true
      }
    ],
    "isTemplate": false,
    "count": 0,
    "updated": 0
  },
  {
    "id": "e1d5ee6e-96e7-412c-8132-9391ded23aca",
    "data": [
      {
        "text": "i need ",
        "userDefined": false
      },
      {
        "text": "overseas",
        "alias": "Roaming",
        "meta": "@Roaming",
        "userDefined": false
      },
      {
        "text": " data",
        "userDefined": false
      }
    ],
    "isTemplate": false,
    "count": 0,
    "updated": 0
  },
  {
    "id": "b96217e4-a63d-487a-9f77-1fc195b33208",
    "data": [
      {
        "text": "i need data when i am ",
        "userDefined": false
      },
      {
        "text": "overseas",
        "alias": "Roaming",
        "meta": "@Roaming",
        "userDefined": false
      }
    ],
    "isTemplate": false,
    "count": 0,
    "updated": 0
  },
  {
    "id": "ecd9eee3-a4a3-489c-9e5a-c2f78736790d",
    "data": [
      {
        "text": "i want to get ",
        "userDefined": false
      },
      {
        "text": "roaming",
        "alias": "Roaming",
        "meta": "@Roaming",
        "userDefined": false
      }
    ],
    "isTemplate": false,
    "count": 0,
    "updated": 0
  },
  {
    "id": "68a8870c-7f64-4b9c-b7ac-226c7bb1e567",
    "data": [
      {
        "text": "i want to find out more about ",
        "userDefined": false
      },
      {
        "text": "roaming",
        "alias": "Roaming",
        "meta": "@Roaming",
        "userDefined": false
      }
    ],
    "isTemplate": false,
    "count": 0,
    "updated": 0
  },
  {
    "id": "3117bbfd-7e18-4993-a077-a96edaea3d51",
    "data": [
      {
        "text": "what ",
        "userDefined": false
      },
      {
        "text": "roaming",
        "alias": "Roaming",
        "meta": "@Roaming",
        "userDefined": false
      },
      {
        "text": " plans you have",
        "userDefined": false
      }
    ],
    "isTemplate": false,
    "count": 0,
    "updated": 0
  },
  {
    "id": "e666c21d-297d-4b72-8fee-7b4b918a682b",
    "data": [
      {
        "text": "i want ",
        "userDefined": false
      },
      {
        "text": "overseas",
        "alias": "Roaming",
        "meta": "@Roaming",
        "userDefined": false
      },
      {
        "text": " plan",
        "userDefined": false
      }
    ],
    "isTemplate": false,
    "count": 0,
    "updated": 0
  },
  {
    "id": "487db331-2450-44bd-be42-8bed2f061f6f",
    "data": [
      {
        "text": "tell me more about your ",
        "userDefined": false
      },
      {
        "text": "roaming",
        "alias": "Roaming",
        "meta": "@Roaming",
        "userDefined": false
      },
      {
        "text": " plans",
        "userDefined": false
      }
    ],
    "isTemplate": false,
    "count": 0,
    "updated": 0
  },
  {
    "id": "7924f5c7-a468-4040-aa17-c2c7a8653c18",
    "data": [
      {
        "text": "i want ",
        "userDefined": false
      },
      {
        "text": "roaming",
        "alias": "Roaming",
        "meta": "@Roaming",
        "userDefined": false
      }
    ],
    "isTemplate": false,
    "count": 0,
    "updated": 0
  },
  {
    "id": "6086699b-b73d-4ecf-a04d-c8a6b6433678",
    "data": [
      {
        "text": "what ",
        "userDefined": false
      },
      {
        "text": "roaming",
        "alias": "Roaming",
        "meta": "@Roaming",
        "userDefined": false
      },
      {
        "text": " plans ",
        "userDefined": false
      },
      {
        "text": "singtel",
        "alias": "Competitors",
        "meta": "@Competitors",
        "userDefined": false
      },
      {
        "text": " have",
        "userDefined": false
      }
    ],
    "isTemplate": false,
    "count": 0,
    "updated": 0
  },
  {
    "id": "d0510604-7b41-4ac4-b135-fa356049fabe",
    "data": [
      {
        "text": "how to get ",
        "userDefined": false
      },
      {
        "text": "overseas",
        "alias": "Roaming",
        "meta": "@Roaming",
        "userDefined": false
      },
      {
        "text": " data",
        "userDefined": false
      }
    ],
    "isTemplate": false,
    "count": 1,
    "updated": 0
  }
]