[
  {
    "id": "8cab73bb-b7f1-48d7-857c-6ed4e41a3f5d",
    "data": [
      {
        "text": "I don\u0027t have ",
        "userDefined": false
      },
      {
        "text": "onepass",
        "alias": "OnePass",
        "meta": "@OnePass",
        "userDefined": false
      }
    ],
    "isTemplate": false,
    "count": 0,
    "updated": 0
  },
  {
    "id": "a4264f9e-242c-4939-8fd4-e4dadc7ca41b",
    "data": [
      {
        "text": "i need a ",
        "userDefined": false
      },
      {
        "text": "onepass",
        "alias": "OnePass",
        "meta": "@OnePass",
        "userDefined": false
      },
      {
        "text": " account",
        "userDefined": false
      }
    ],
    "isTemplate": false,
    "count": 0,
    "updated": 0
  },
  {
    "id": "40a7945a-dcd6-4b0e-9ee2-b6591fcc79f9",
    "data": [
      {
        "text": "i want to ",
        "userDefined": false
      },
      {
        "text": "sign up",
        "alias": "Sign-up",
        "meta": "@Sign-up",
        "userDefined": false
      },
      {
        "text": " for a ",
        "userDefined": false
      },
      {
        "text": "onepass",
        "alias": "OnePass",
        "meta": "@OnePass",
        "userDefined": false
      },
      {
        "text": " account",
        "userDefined": false
      }
    ],
    "isTemplate": false,
    "count": 0,
    "updated": 0
  },
  {
    "id": "a739876f-a422-4223-82ad-2ccf4a5da03f",
    "data": [
      {
        "text": "how to check ",
        "userDefined": false
      },
      {
        "text": "my singtel",
        "alias": "MySingtelApp",
        "meta": "@MySingtelApp",
        "userDefined": false
      },
      {
        "text": " ",
        "userDefined": false
      },
      {
        "text": "onepass",
        "alias": "OnePass",
        "meta": "@OnePass",
        "userDefined": true
      }
    ],
    "isTemplate": false,
    "count": 0,
    "updated": 0
  },
  {
    "id": "44531fd7-2494-497c-9a51-053e75cdbcd7",
    "data": [
      {
        "text": "what is the singtel ",
        "userDefined": false
      },
      {
        "text": "one pass",
        "alias": "OnePass",
        "meta": "@OnePass",
        "userDefined": false
      },
      {
        "text": " account",
        "userDefined": false
      }
    ],
    "isTemplate": false,
    "count": 0,
    "updated": 0
  },
  {
    "id": "f84d79c0-137d-4845-87b1-0a00504072f0",
    "data": [
      {
        "text": "do i need a singtel ",
        "userDefined": false
      },
      {
        "text": "onepass",
        "alias": "OnePass",
        "meta": "@OnePass",
        "userDefined": true
      },
      {
        "text": "?",
        "userDefined": false
      }
    ],
    "isTemplate": false,
    "count": 0,
    "updated": 0
  },
  {
    "id": "7937d44d-bf90-40d9-a16f-7da3b31af82d",
    "data": [
      {
        "text": "what is the ",
        "userDefined": false
      },
      {
        "text": "Onepass",
        "alias": "OnePass",
        "meta": "@OnePass",
        "userDefined": true
      },
      {
        "text": " account",
        "userDefined": false
      }
    ],
    "isTemplate": false,
    "count": 0,
    "updated": 0
  },
  {
    "id": "1e3355ff-7732-4e45-9b02-737520df6b0e",
    "data": [
      {
        "text": "how to sign up for Singtel ",
        "userDefined": false
      },
      {
        "text": "onepass",
        "alias": "OnePass",
        "meta": "@OnePass",
        "userDefined": true
      }
    ],
    "isTemplate": false,
    "count": 0,
    "updated": 0
  },
  {
    "id": "c945dcee-4b18-48ad-afc7-ba224d7c275d",
    "data": [
      {
        "text": "Singtel ",
        "userDefined": false
      },
      {
        "text": "Onepass",
        "alias": "OnePass",
        "meta": "@OnePass",
        "userDefined": true
      }
    ],
    "isTemplate": false,
    "count": 0,
    "updated": 0
  },
  {
    "id": "8fa081a1-a984-459c-a7fc-9c95f285754e",
    "data": [
      {
        "text": "What is Singtel ",
        "userDefined": false
      },
      {
        "text": "OnePass",
        "alias": "OnePass",
        "meta": "@OnePass",
        "userDefined": true
      },
      {
        "text": "?",
        "userDefined": false
      }
    ],
    "isTemplate": false,
    "count": 0,
    "updated": 0
  }
]