[
  {
    "id": "eac2ed5e-b089-4152-bcee-0730ba7aa3bc",
    "data": [
      {
        "text": "the singtel online shop for cis is very slow",
        "userDefined": false
      }
    ],
    "isTemplate": false,
    "count": 0,
    "updated": 0
  },
  {
    "id": "3b6037a3-60ee-4109-8838-418a5b295315",
    "data": [
      {
        "text": "i\u0027m trying to singn the new mobile contract from singtel shop web",
        "userDefined": false
      }
    ],
    "isTemplate": false,
    "count": 0,
    "updated": 0
  },
  {
    "id": "f222d033-2c2f-4344-877b-47ee6d53c1fb",
    "data": [
      {
        "text": "experience network problem when ",
        "userDefined": false
      },
      {
        "text": "signup",
        "alias": "Sign-up",
        "meta": "@Sign-up",
        "userDefined": false
      },
      {
        "text": " ",
        "userDefined": false
      },
      {
        "text": "CIS",
        "alias": "CIS",
        "meta": "@CIS",
        "userDefined": false
      }
    ],
    "isTemplate": false,
    "count": 0,
    "updated": 0
  },
  {
    "id": "27685d6a-42e3-45a4-8493-abfad84941eb",
    "data": [
      {
        "text": "i cant purchase ",
        "userDefined": false
      },
      {
        "text": "online",
        "alias": "Online",
        "meta": "@Online",
        "userDefined": false
      },
      {
        "text": " via ",
        "userDefined": false
      },
      {
        "text": "CIS",
        "alias": "CIS",
        "meta": "@CIS",
        "userDefined": false
      },
      {
        "text": " for now?",
        "userDefined": false
      }
    ],
    "isTemplate": false,
    "count": 1,
    "updated": 0
  },
  {
    "id": "44b785e8-4d70-48af-90c2-88a176e9d165",
    "data": [
      {
        "text": "i am unable to go to the ",
        "userDefined": false
      },
      {
        "text": "CIS",
        "alias": "CIS",
        "meta": "@CIS",
        "userDefined": false
      },
      {
        "text": " page",
        "userDefined": false
      }
    ],
    "isTemplate": false,
    "count": 0,
    "updated": 0
  },
  {
    "id": "c665cc46-ccce-47d4-8062-09a24d7108b8",
    "data": [
      {
        "text": "I have requested for activation ",
        "userDefined": false
      },
      {
        "text": "today",
        "alias": "date",
        "meta": "@sys.date",
        "userDefined": false
      },
      {
        "text": ". But it has not work so far",
        "userDefined": false
      }
    ],
    "isTemplate": false,
    "count": 0,
    "updated": 0
  },
  {
    "id": "e19f33d9-38a5-45a7-b462-e7c8cc6596b7",
    "data": [
      {
        "text": "anybody there",
        "userDefined": false
      }
    ],
    "isTemplate": false,
    "count": 0,
    "updated": 0
  },
  {
    "id": "87bf396b-e227-4f6a-8706-2a40fe64cc62",
    "data": [
      {
        "text": "why can\u0027t i ",
        "userDefined": false
      },
      {
        "text": "sign up",
        "alias": "Sign-up",
        "meta": "@Sign-up",
        "userDefined": false
      },
      {
        "text": " ",
        "userDefined": false
      },
      {
        "text": "online",
        "alias": "Online",
        "meta": "@Online",
        "userDefined": false
      }
    ],
    "isTemplate": false,
    "count": 0,
    "updated": 0
  },
  {
    "id": "d76d4565-260e-45f9-8165-f8bbd74ba289",
    "data": [
      {
        "text": "ive been experiencing network issue when check out",
        "userDefined": false
      }
    ],
    "isTemplate": false,
    "count": 0,
    "updated": 0
  },
  {
    "id": "a73537c6-f3c8-4252-9eae-a7d8da8a96d7",
    "data": [
      {
        "text": "what happen to the network",
        "userDefined": false
      }
    ],
    "isTemplate": false,
    "count": 0,
    "updated": 0
  },
  {
    "id": "c7444306-ec07-4d03-9ec7-b51838c9257b",
    "data": [
      {
        "text": "can I chat with ",
        "userDefined": false
      },
      {
        "text": "online",
        "alias": "Online",
        "meta": "@Online",
        "userDefined": false
      },
      {
        "text": " agent",
        "userDefined": false
      }
    ],
    "isTemplate": false,
    "count": 0,
    "updated": 0
  },
  {
    "id": "cdcdab9a-5d1e-4b11-a84d-cfaa30c9394a",
    "data": [
      {
        "text": "Can I speak to onine agent",
        "userDefined": false
      }
    ],
    "isTemplate": false,
    "count": 0,
    "updated": 0
  },
  {
    "id": "c3fa77b6-47e1-48ec-9d7a-8d539dc94656",
    "data": [
      {
        "text": "i cant seem to go to the ",
        "userDefined": false
      },
      {
        "text": "online cis shop",
        "alias": "OnlineSingtelSites",
        "meta": "@OnlineSingtelSites",
        "userDefined": false
      }
    ],
    "isTemplate": false,
    "count": 0,
    "updated": 0
  },
  {
    "id": "2ca94962-438e-4728-b7b1-29bdc5f44551",
    "data": [
      {
        "text": "Hi, my ",
        "userDefined": false
      },
      {
        "text": "company",
        "meta": "@sys.ignore",
        "userDefined": false
      },
      {
        "text": " which is ",
        "userDefined": false
      },
      {
        "text": "MINDEF",
        "meta": "@sys.ignore",
        "userDefined": false
      },
      {
        "text": " HR says that there is no email address to key in to get the ",
        "userDefined": false
      },
      {
        "text": "online",
        "meta": "@sys.ignore",
        "userDefined": false
      },
      {
        "text": " ",
        "userDefined": false
      },
      {
        "text": "CIS",
        "meta": "@sys.ignore",
        "userDefined": false
      },
      {
        "text": " ",
        "userDefined": false
      },
      {
        "text": "offers",
        "meta": "@sys.ignore",
        "userDefined": false
      }
    ],
    "isTemplate": false,
    "count": 0,
    "updated": 0
  },
  {
    "id": "902abb92-8216-4f48-831a-5c4696431906",
    "data": [
      {
        "text": "i want look for chat agent",
        "userDefined": false
      }
    ],
    "isTemplate": false,
    "count": 0,
    "updated": 0
  },
  {
    "id": "10e5de88-960d-4f88-bc82-af7da1fa2192",
    "data": [
      {
        "text": "Hi, i understand that in order to ",
        "userDefined": false
      },
      {
        "text": "re-contract",
        "meta": "@sys.ignore",
        "userDefined": false
      },
      {
        "text": ", i need to contact the ",
        "userDefined": false
      },
      {
        "text": "online",
        "meta": "@sys.ignore",
        "userDefined": false
      },
      {
        "text": " agent to update my ",
        "userDefined": false
      },
      {
        "text": "company",
        "meta": "@sys.ignore",
        "userDefined": false
      },
      {
        "text": " name. Due to the recent merger \u0026 change in ",
        "userDefined": false
      },
      {
        "text": "company",
        "meta": "@sys.ignore",
        "userDefined": false
      },
      {
        "text": " name. Please let me know how you can update my details so that i can proceed with re-contract online.",
        "userDefined": false
      }
    ],
    "isTemplate": false,
    "count": 0,
    "updated": 0
  },
  {
    "id": "5e7d00e2-a11c-4e20-85fd-57e6d800d7a2",
    "data": [
      {
        "text": "cannot ",
        "userDefined": false
      },
      {
        "text": "online",
        "alias": "Online",
        "meta": "@Online",
        "userDefined": false
      }
    ],
    "isTemplate": false,
    "count": 0,
    "updated": 0
  },
  {
    "id": "bb113b90-61f3-4b83-a082-8f8d24f227b2",
    "data": [
      {
        "text": "Govt department cannot access to ",
        "userDefined": false
      },
      {
        "text": "online",
        "alias": "Online",
        "meta": "@Online",
        "userDefined": false
      },
      {
        "text": " store, can do ",
        "userDefined": false
      },
      {
        "text": "online",
        "meta": "@sys.ignore",
        "userDefined": false
      },
      {
        "text": " with ",
        "userDefined": false
      },
      {
        "text": "online",
        "meta": "@sys.ignore",
        "userDefined": false
      },
      {
        "text": " chat instead..",
        "userDefined": false
      }
    ],
    "isTemplate": false,
    "count": 0,
    "updated": 0
  },
  {
    "id": "5a294e9f-4ef6-4819-ba8c-3af6601f2ad9",
    "data": [
      {
        "text": "i cant receive my ",
        "userDefined": false
      },
      {
        "text": "otp",
        "meta": "@sys.ignore",
        "userDefined": false
      },
      {
        "text": " ",
        "userDefined": false
      },
      {
        "text": "6",
        "meta": "@sys.ignore",
        "userDefined": false
      },
      {
        "text": "-digit pin.I have asked to send another ",
        "userDefined": false
      },
      {
        "text": "otp",
        "meta": "@sys.ignore",
        "userDefined": false
      },
      {
        "text": " but i still did not receive it",
        "userDefined": false
      }
    ],
    "isTemplate": false,
    "count": 0,
    "updated": 0
  },
  {
    "id": "18615c94-8b0c-4ddb-adc8-0be187c5d635",
    "data": [
      {
        "text": "i can\u0027t log into ",
        "userDefined": false
      },
      {
        "text": "my singtel",
        "meta": "@sys.ignore",
        "userDefined": false
      },
      {
        "text": " onepass",
        "userDefined": false
      }
    ],
    "isTemplate": false,
    "count": 0,
    "updated": 0
  },
  {
    "id": "6d19c22c-ca7d-41d0-85f9-5cbf81282cf3",
    "data": [
      {
        "text": "error during checkout ",
        "userDefined": false
      },
      {
        "text": "online",
        "alias": "Online",
        "meta": "@Online",
        "userDefined": false
      }
    ],
    "isTemplate": false,
    "count": 0,
    "updated": 0
  },
  {
    "id": "249444ae-c67a-4a7a-93c0-a4dad8c4207b",
    "data": [
      {
        "text": "Govt ",
        "userDefined": false
      },
      {
        "text": "company",
        "alias": "Company",
        "meta": "@Company",
        "userDefined": false
      },
      {
        "text": " cannot access to ",
        "userDefined": false
      },
      {
        "text": "online",
        "alias": "Online",
        "meta": "@Online",
        "userDefined": false
      }
    ],
    "isTemplate": false,
    "count": 0,
    "updated": 0
  },
  {
    "id": "3e664d00-75e3-4e33-a003-254e25d14f87",
    "data": [
      {
        "text": "Hi, I want to confirm if the ",
        "userDefined": false
      },
      {
        "text": "CIS",
        "alias": "CIS",
        "meta": "@CIS",
        "userDefined": false
      },
      {
        "text": " ",
        "userDefined": false
      },
      {
        "text": "website",
        "alias": "Online",
        "meta": "@Online",
        "userDefined": false
      },
      {
        "text": " is down?",
        "userDefined": false
      }
    ],
    "isTemplate": false,
    "count": 0,
    "updated": 0
  },
  {
    "id": "35f59733-f9dd-4815-aec2-0867701d7713",
    "data": [
      {
        "text": "hi, i\u0027m currently doing my purchase at ",
        "userDefined": false
      },
      {
        "text": "Online CIS Shop",
        "alias": "OnlineSingtelSites",
        "meta": "@OnlineSingtelSites",
        "userDefined": false
      },
      {
        "text": " and close the the checkout; unfortunately stuck at the delivery dates as i\u0027m not available in the ",
        "userDefined": false
      },
      {
        "text": "4",
        "alias": "number",
        "meta": "@sys.number",
        "userDefined": false
      },
      {
        "text": " dates shown in the drop down box. kindly advise",
        "userDefined": false
      }
    ],
    "isTemplate": false,
    "count": 0,
    "updated": 0
  },
  {
    "id": "6ee67521-1777-4fe2-aa0a-555da921a3a5",
    "data": [
      {
        "text": "I have issues with ",
        "userDefined": false
      },
      {
        "text": "recontracting",
        "meta": "@sys.ignore",
        "userDefined": false
      },
      {
        "text": " ",
        "userDefined": false
      },
      {
        "text": "my singtel",
        "meta": "@sys.ignore",
        "userDefined": false
      },
      {
        "text": " plan",
        "userDefined": false
      }
    ],
    "isTemplate": false,
    "count": 1,
    "updated": 0
  },
  {
    "id": "51556e6b-bd69-441e-85fa-faaac5cab3cd",
    "data": [
      {
        "text": "Is your ",
        "userDefined": false
      },
      {
        "text": "online",
        "alias": "Online",
        "meta": "@Online",
        "userDefined": false
      },
      {
        "text": " agent available?",
        "userDefined": false
      }
    ],
    "isTemplate": false,
    "count": 0,
    "updated": 0
  },
  {
    "id": "067b16a9-cb14-49e6-84cb-3a835e5f5036",
    "data": [
      {
        "text": "cannot go in",
        "userDefined": false
      }
    ],
    "isTemplate": false,
    "count": 0,
    "updated": 0
  },
  {
    "id": "e4c89bef-5d2c-4fce-824a-3d15141671d9",
    "data": [
      {
        "text": "I cannot ",
        "userDefined": false
      },
      {
        "text": "recontract",
        "meta": "@sys.ignore",
        "userDefined": false
      },
      {
        "text": " with ",
        "userDefined": false
      },
      {
        "text": "CIS",
        "meta": "@sys.ignore",
        "userDefined": false
      },
      {
        "text": " ",
        "userDefined": false
      },
      {
        "text": "promotions",
        "meta": "@sys.ignore",
        "userDefined": false
      },
      {
        "text": " ",
        "userDefined": false
      },
      {
        "text": "online",
        "meta": "@sys.ignore",
        "userDefined": false
      }
    ],
    "isTemplate": false,
    "count": 0,
    "updated": 0
  },
  {
    "id": "d98feb78-d8e5-4616-81bb-9c0bb8558132",
    "data": [
      {
        "text": "It gives me error for ",
        "userDefined": false
      },
      {
        "text": "port in",
        "alias": "PortIn",
        "meta": "@PortIn",
        "userDefined": false
      }
    ],
    "isTemplate": false,
    "count": 0,
    "updated": 0
  },
  {
    "id": "cc2f4d6c-c175-4705-9357-9c54c8518ae7",
    "data": [
      {
        "text": "I re contracted, however there is a problem",
        "userDefined": false
      }
    ],
    "isTemplate": false,
    "count": 0,
    "updated": 0
  },
  {
    "id": "98335bf3-1338-4240-b8b4-ac9565851a07",
    "data": [
      {
        "text": "Can\u0027t access to my ",
        "userDefined": false
      },
      {
        "text": "company",
        "alias": "Company",
        "meta": "@Company",
        "userDefined": false
      },
      {
        "text": " email. Can still do ",
        "userDefined": false
      },
      {
        "text": "CIS",
        "alias": "CIS",
        "meta": "@CIS",
        "userDefined": false
      },
      {
        "text": " ",
        "userDefined": false
      },
      {
        "text": "port in",
        "alias": "PortIn",
        "meta": "@PortIn",
        "userDefined": false
      }
    ],
    "isTemplate": false,
    "count": 0,
    "updated": 0
  },
  {
    "id": "30d04f77-07ae-4091-8962-ea7f1d782352",
    "data": [
      {
        "text": "I wanted to ",
        "userDefined": false
      },
      {
        "text": "port over",
        "meta": "@sys.ignore",
        "userDefined": false
      },
      {
        "text": " from ",
        "userDefined": false
      },
      {
        "text": "starhub",
        "meta": "@sys.ignore",
        "userDefined": false
      },
      {
        "text": " to ",
        "userDefined": false
      },
      {
        "text": "singtel",
        "meta": "@sys.ignore",
        "userDefined": false
      },
      {
        "text": " ",
        "userDefined": false
      },
      {
        "text": "CIS",
        "alias": "CIS",
        "meta": "@CIS",
        "userDefined": false
      },
      {
        "text": " plan. However, i have problem checking out. ",
        "userDefined": false
      },
      {
        "text": "Keep",
        "meta": "@sys.ignore",
        "userDefined": false
      },
      {
        "text": " on showing net works busy. Please help",
        "userDefined": false
      }
    ],
    "isTemplate": false,
    "count": 0,
    "updated": 0
  },
  {
    "id": "c8ed0691-45ce-4251-be60-09406d342330",
    "data": [
      {
        "text": "Hi, i am trying to ",
        "userDefined": false
      },
      {
        "text": "recontract",
        "alias": "Recontract",
        "meta": "@Recontract",
        "userDefined": false
      },
      {
        "text": " my ",
        "userDefined": false
      },
      {
        "text": "CIS",
        "alias": "CIS",
        "meta": "@CIS",
        "userDefined": false
      },
      {
        "text": " ",
        "userDefined": false
      },
      {
        "text": "online",
        "meta": "@sys.ignore",
        "userDefined": false
      },
      {
        "text": ", but the page hangs when i chose the option to ",
        "userDefined": false
      },
      {
        "text": "recontract",
        "alias": "Recontract1",
        "meta": "@Recontract",
        "userDefined": false
      },
      {
        "text": " existing line, this is after i chose my ",
        "userDefined": false
      },
      {
        "text": "phone",
        "meta": "@sys.ignore",
        "userDefined": false
      },
      {
        "text": " model and combo plan. Please assist to help me recontract via chat.",
        "userDefined": false
      }
    ],
    "isTemplate": false,
    "count": 0,
    "updated": 0
  },
  {
    "id": "e0c5208e-cfc9-4113-8419-d41a0745bb7b",
    "data": [
      {
        "text": "I want to speak to an ",
        "userDefined": false
      },
      {
        "text": "online",
        "alias": "Online",
        "meta": "@Online",
        "userDefined": false
      },
      {
        "text": " agent",
        "userDefined": false
      }
    ],
    "isTemplate": false,
    "count": 0,
    "updated": 0
  },
  {
    "id": "c9a2882c-496a-4702-907a-00567e1700c3",
    "data": [
      {
        "text": "My ",
        "userDefined": false
      },
      {
        "text": "company",
        "alias": "Company",
        "meta": "@Company",
        "userDefined": false
      },
      {
        "text": " is under ",
        "userDefined": false
      },
      {
        "text": "CIS",
        "alias": "CIS",
        "meta": "@CIS",
        "userDefined": false
      },
      {
        "text": " but when I type in my email it says it\u0027s not applicable",
        "userDefined": false
      }
    ],
    "isTemplate": false,
    "count": 0,
    "updated": 0
  },
  {
    "id": "4e58c078-4379-4327-9d95-eaaf10acf47e",
    "data": [
      {
        "text": "Hi ",
        "userDefined": false
      },
      {
        "text": "Francis",
        "alias": "given-name",
        "meta": "@sys.given-name",
        "userDefined": false
      },
      {
        "text": ", i tried to ",
        "userDefined": false
      },
      {
        "text": "recontract",
        "alias": "Recontract",
        "meta": "@Recontract",
        "userDefined": false
      },
      {
        "text": " ",
        "userDefined": false
      },
      {
        "text": "online",
        "alias": "Online",
        "meta": "@Online",
        "userDefined": false
      },
      {
        "text": ". But always ended up being redirected to ",
        "userDefined": false
      },
      {
        "text": "NRIC",
        "alias": "NRIC",
        "meta": "@NRIC",
        "userDefined": false
      },
      {
        "text": " verification page. Then when I keyed in the ",
        "userDefined": false
      },
      {
        "text": "IC",
        "alias": "NRIC1",
        "meta": "@NRIC",
        "userDefined": false
      },
      {
        "text": " number, it just said \u0027your ic is registered\u0027. I couldnt proceed at all.",
        "userDefined": false
      }
    ],
    "isTemplate": false,
    "count": 0,
    "updated": 0
  },
  {
    "id": "9a8dce84-9a9a-4dd4-be0a-e9405d76c0e1",
    "data": [
      {
        "text": "how can i contact chat agent",
        "userDefined": false
      }
    ],
    "isTemplate": false,
    "count": 0,
    "updated": 0
  },
  {
    "id": "e6958541-95ea-4346-b896-fc3f34542b95",
    "data": [
      {
        "text": "i don\u0027t have a email address to ",
        "userDefined": false
      },
      {
        "text": "sign up",
        "alias": "Sign-up",
        "meta": "@Sign-up",
        "userDefined": false
      }
    ],
    "isTemplate": false,
    "count": 0,
    "updated": 0
  },
  {
    "id": "931e103f-16d7-449a-b5bf-15438035db66",
    "data": [
      {
        "text": "why can\u0027t i ",
        "userDefined": false
      },
      {
        "text": "apply",
        "alias": "Sign-up",
        "meta": "@Sign-up",
        "userDefined": false
      },
      {
        "text": " for ",
        "userDefined": false
      },
      {
        "text": "cis",
        "alias": "CIS",
        "meta": "@CIS",
        "userDefined": false
      }
    ],
    "isTemplate": false,
    "count": 0,
    "updated": 0
  },
  {
    "id": "f896e240-f2b5-4130-99cf-39beff9dd510",
    "data": [
      {
        "text": "Hi, I am trying to ",
        "userDefined": false
      },
      {
        "text": "port over",
        "alias": "PortIn",
        "meta": "@PortIn",
        "userDefined": false
      },
      {
        "text": " to my ",
        "userDefined": false
      },
      {
        "text": "CIS",
        "alias": "CIS",
        "meta": "@CIS",
        "userDefined": false
      },
      {
        "text": " plan but get a network error",
        "userDefined": false
      }
    ],
    "isTemplate": false,
    "count": 0,
    "updated": 0
  },
  {
    "id": "caf95bb1-9816-4383-8bde-c72b371a59a5",
    "data": [
      {
        "text": "live chat ",
        "userDefined": false
      },
      {
        "text": "website",
        "alias": "Online",
        "meta": "@Online",
        "userDefined": false
      }
    ],
    "isTemplate": false,
    "count": 0,
    "updated": 0
  },
  {
    "id": "944b1680-90a8-486a-8308-31222140628d",
    "data": [
      {
        "text": "I can\u0027t find my ",
        "userDefined": false
      },
      {
        "text": "company",
        "alias": "Company",
        "meta": "@Company",
        "userDefined": false
      },
      {
        "text": " in the drop down box of the ",
        "userDefined": false
      },
      {
        "text": "CIS",
        "alias": "CIS",
        "meta": "@CIS",
        "userDefined": false
      },
      {
        "text": " ",
        "userDefined": false
      },
      {
        "text": "online",
        "alias": "Online",
        "meta": "@Online",
        "userDefined": false
      },
      {
        "text": " shop page",
        "userDefined": false
      }
    ],
    "isTemplate": false,
    "count": 0,
    "updated": 0
  },
  {
    "id": "11dc540b-048a-4d7f-8972-fe7afd2ad183",
    "data": [
      {
        "text": "live chat",
        "userDefined": false
      }
    ],
    "isTemplate": false,
    "count": 0,
    "updated": 0
  },
  {
    "id": "61042d71-d488-437f-abda-08e4bc32a67e",
    "data": [
      {
        "text": "were is your chat agent",
        "userDefined": false
      }
    ],
    "isTemplate": false,
    "count": 0,
    "updated": 0
  },
  {
    "id": "ecb7eef1-e98b-4b26-b0de-7f4c14261570",
    "data": [
      {
        "text": "i got no email to ",
        "userDefined": false
      },
      {
        "text": "sign up",
        "alias": "Sign-up",
        "meta": "@Sign-up",
        "userDefined": false
      }
    ],
    "isTemplate": false,
    "count": 0,
    "updated": 0
  },
  {
    "id": "8b39e39f-0c7b-4b01-b671-3ecc3a7a6ea1",
    "data": [
      {
        "text": "i want to speak to an chat agent",
        "userDefined": false
      }
    ],
    "isTemplate": false,
    "count": 0,
    "updated": 0
  },
  {
    "id": "f43117ae-5a53-4c1e-a016-dd5eb459c178",
    "data": [
      {
        "text": "i do not have a email address",
        "userDefined": false
      }
    ],
    "isTemplate": false,
    "count": 0,
    "updated": 0
  },
  {
    "id": "5780334c-7042-4830-8a2e-1192b0ece487",
    "data": [
      {
        "text": "i want to talk to your live chat agent",
        "userDefined": false
      }
    ],
    "isTemplate": false,
    "count": 0,
    "updated": 0
  },
  {
    "id": "95234599-91d2-4120-826a-8206656e6fb7",
    "data": [
      {
        "text": "what if don\u0027t have email",
        "userDefined": false
      }
    ],
    "isTemplate": false,
    "count": 1,
    "updated": 0
  },
  {
    "id": "d0a68480-c44b-4dc6-9666-614b8fba651b",
    "data": [
      {
        "text": "Hello! So I signed into ",
        "userDefined": false
      },
      {
        "text": "CIS",
        "alias": "CIS",
        "meta": "@CIS",
        "userDefined": false
      },
      {
        "text": " under ",
        "userDefined": false
      },
      {
        "text": "MOE",
        "alias": "CISCompanies",
        "meta": "@CISCompanies",
        "userDefined": false
      },
      {
        "text": " and it says i\u0027m eligible. But after the log in page, it asks me to choose my ",
        "userDefined": false
      },
      {
        "text": "company",
        "alias": "Company",
        "meta": "@Company",
        "userDefined": false
      },
      {
        "text": " and it has a list of schools but my school is not one of the listed ones.",
        "userDefined": false
      }
    ],
    "isTemplate": false,
    "count": 0,
    "updated": 0
  },
  {
    "id": "5e358903-30b7-4268-8fe8-3923d5da7ca1",
    "data": [
      {
        "text": "i encountered problems when carting on ",
        "userDefined": false
      },
      {
        "text": "eshop",
        "alias": "OnlineSingtelSites",
        "meta": "@OnlineSingtelSites",
        "userDefined": false
      }
    ],
    "isTemplate": false,
    "count": 0,
    "updated": 0
  },
  {
    "id": "b804e341-daf6-4fbc-b3b2-654f673549fa",
    "data": [
      {
        "text": "where is your chat agent",
        "userDefined": false
      }
    ],
    "isTemplate": false,
    "count": 0,
    "updated": 0
  },
  {
    "id": "3b3f2703-7604-4c40-95ef-98f8d92b8465",
    "data": [
      {
        "text": "i want to speak to an online chat agent",
        "userDefined": false
      }
    ],
    "isTemplate": false,
    "count": 0,
    "updated": 0
  },
  {
    "id": "b885a81d-52b3-432a-953d-0d02c559c536",
    "data": [
      {
        "text": "live chat agent",
        "userDefined": false
      }
    ],
    "isTemplate": false,
    "count": 0,
    "updated": 0
  },
  {
    "id": "8a2cd948-5fac-4418-8a63-eaff52a93121",
    "data": [
      {
        "text": "me no email",
        "userDefined": false
      }
    ],
    "isTemplate": false,
    "count": 0,
    "updated": 0
  },
  {
    "id": "639be0e0-acef-478e-8e9c-a55b7881987c",
    "data": [
      {
        "text": "where is your live chat agent",
        "userDefined": false
      }
    ],
    "isTemplate": false,
    "count": 0,
    "updated": 0
  },
  {
    "id": "62940237-5ec3-4ef4-acfc-beafd600f0a8",
    "data": [
      {
        "text": "I don\u0027t have access to my ",
        "userDefined": false
      },
      {
        "text": "company",
        "alias": "Company",
        "meta": "@Company",
        "userDefined": false
      },
      {
        "text": " account now but will like to renew my line",
        "userDefined": false
      }
    ],
    "isTemplate": false,
    "count": 0,
    "updated": 0
  },
  {
    "id": "af4cd0fd-321e-411a-ad2a-0988c5054491",
    "data": [
      {
        "text": "online chat agent",
        "userDefined": false
      }
    ],
    "isTemplate": false,
    "count": 0,
    "updated": 0
  },
  {
    "id": "8c0622d2-ecf9-492f-a4f0-7a527c051cf3",
    "data": [
      {
        "text": "i dont have an email to ",
        "userDefined": false
      },
      {
        "text": "sign up",
        "alias": "Sign-up",
        "meta": "@Sign-up",
        "userDefined": false
      }
    ],
    "isTemplate": false,
    "count": 0,
    "updated": 0
  },
  {
    "id": "89a602a6-4b7d-43dd-a568-a3e75aabe988",
    "data": [
      {
        "text": "Hi i was speaking to ",
        "userDefined": false
      },
      {
        "text": "Joan",
        "alias": "given-name",
        "meta": "@sys.given-name",
        "userDefined": false
      },
      {
        "text": " earlier and I accidentally closed the chat",
        "userDefined": false
      }
    ],
    "isTemplate": false,
    "count": 0,
    "updated": 0
  },
  {
    "id": "96dea6a6-8d4a-4229-91c8-abbacb7a5eda",
    "data": [
      {
        "text": "hi, I have checked with my ",
        "userDefined": false
      },
      {
        "text": "company",
        "alias": "Company",
        "meta": "@Company",
        "userDefined": false
      },
      {
        "text": " that We can enjoy the ",
        "userDefined": false
      },
      {
        "text": "CIS",
        "alias": "CIS",
        "meta": "@CIS",
        "userDefined": false
      },
      {
        "text": " , but when i key-in my email address, it appears no.",
        "userDefined": false
      }
    ],
    "isTemplate": false,
    "count": 0,
    "updated": 0
  },
  {
    "id": "a67c3f63-ed6a-453e-b0f8-d0c7762e5821",
    "data": [
      {
        "text": "live web chat",
        "userDefined": false
      }
    ],
    "isTemplate": false,
    "count": 0,
    "updated": 0
  },
  {
    "id": "93b2776b-0f9d-4261-8567-2875205c7c8f",
    "data": [
      {
        "text": "i got no email",
        "userDefined": false
      }
    ],
    "isTemplate": false,
    "count": 0,
    "updated": 0
  },
  {
    "id": "feccc1c0-2fde-41e2-a731-9595bee13b62",
    "data": [
      {
        "text": "what is the live chat agent ",
        "userDefined": false
      },
      {
        "text": "website",
        "alias": "Online",
        "meta": "@Online",
        "userDefined": false
      }
    ],
    "isTemplate": false,
    "count": 0,
    "updated": 0
  },
  {
    "id": "e1421175-ba0f-424d-93cc-f66a93a5a6fc",
    "data": [
      {
        "text": "where is your online chat agent",
        "userDefined": false
      }
    ],
    "isTemplate": false,
    "count": 0,
    "updated": 0
  },
  {
    "id": "fc311ffc-8122-45fb-ab8c-6f08d287566f",
    "data": [
      {
        "text": "i\u0027ve been trying to ",
        "userDefined": false
      },
      {
        "text": "contact",
        "alias": "CIS",
        "meta": "@CIS",
        "userDefined": false
      },
      {
        "text": " cis hotline. is there a problem?",
        "userDefined": false
      }
    ],
    "isTemplate": false,
    "count": 0,
    "updated": 0
  },
  {
    "id": "5332ac61-c0c6-4eea-89d3-a6fdf038bd59",
    "data": [
      {
        "text": "i want to talk to an online chat agent",
        "userDefined": false
      }
    ],
    "isTemplate": false,
    "count": 0,
    "updated": 0
  },
  {
    "id": "85985ff5-4556-4573-bfdf-297a100b9279",
    "data": [
      {
        "text": "i did not receive any calls from your ",
        "userDefined": false
      },
      {
        "text": "singtel",
        "alias": "Competitors",
        "meta": "@Competitors",
        "userDefined": false
      },
      {
        "text": " to confirm my ",
        "userDefined": false
      },
      {
        "text": "online",
        "alias": "Online",
        "meta": "@Online",
        "userDefined": false
      },
      {
        "text": " purchase",
        "userDefined": false
      }
    ],
    "isTemplate": false,
    "count": 0,
    "updated": 0
  },
  {
    "id": "61284c94-f035-4bf2-b0c2-8f597887cb1a",
    "data": [
      {
        "text": "what if the ",
        "userDefined": false
      },
      {
        "text": "company",
        "alias": "Company",
        "meta": "@Company",
        "userDefined": false
      },
      {
        "text": " is under ",
        "userDefined": false
      },
      {
        "text": "CIS",
        "alias": "CIS",
        "meta": "@CIS",
        "userDefined": false
      },
      {
        "text": " but i\u0027m unable to login using online purchase",
        "userDefined": false
      }
    ],
    "isTemplate": false,
    "count": 1,
    "updated": 0
  },
  {
    "id": "ce39a7fb-7dab-4799-9738-2ddffad51a2f",
    "data": [
      {
        "text": "i do not have email address",
        "userDefined": false
      }
    ],
    "isTemplate": false,
    "count": 0,
    "updated": 0
  },
  {
    "id": "2376e41d-141e-4a29-8402-9f1d81349400",
    "data": [
      {
        "text": "Wanna ",
        "userDefined": false
      },
      {
        "text": "sign up",
        "alias": "Sign-up",
        "meta": "@Sign-up",
        "userDefined": false
      },
      {
        "text": " ",
        "userDefined": false
      },
      {
        "text": "cis",
        "alias": "CIS",
        "meta": "@CIS",
        "userDefined": false
      },
      {
        "text": " but ",
        "userDefined": false
      },
      {
        "text": "company",
        "alias": "Company",
        "meta": "@Company",
        "userDefined": false
      },
      {
        "text": " pc blocked the ",
        "userDefined": false
      },
      {
        "text": "website",
        "alias": "Online",
        "meta": "@Online",
        "userDefined": false
      }
    ],
    "isTemplate": false,
    "count": 0,
    "updated": 0
  },
  {
    "id": "8924db62-0773-4cac-9270-82915e011081",
    "data": [
      {
        "text": "I have technical issues on the ",
        "userDefined": false
      },
      {
        "text": "eshop",
        "alias": "OnlineSingtelSites",
        "meta": "@OnlineSingtelSites",
        "userDefined": false
      }
    ],
    "isTemplate": false,
    "count": 0,
    "updated": 0
  },
  {
    "id": "1427e13f-8945-45d4-bbf3-641b99ccb8de",
    "data": [
      {
        "text": "online purchase problem",
        "userDefined": false
      }
    ],
    "isTemplate": false,
    "count": 0,
    "updated": 0
  },
  {
    "id": "60294c88-50e0-4e82-bc58-151e4be2f751",
    "data": [
      {
        "text": "i want to talk to online chat agent",
        "userDefined": false
      }
    ],
    "isTemplate": false,
    "count": 0,
    "updated": 0
  },
  {
    "id": "d741bc80-ed6f-4478-96dd-1271b519e352",
    "data": [
      {
        "text": "i want to buy stuff on the internet but it doesn\u0027t direct to the right website",
        "userDefined": false
      }
    ],
    "isTemplate": false,
    "count": 0,
    "updated": 0
  },
  {
    "id": "96f7b974-0eda-40d4-a50c-6984acc4b1d2",
    "data": [
      {
        "text": "i am at ",
        "userDefined": false
      },
      {
        "text": "CIS",
        "alias": "CIS",
        "meta": "@CIS",
        "userDefined": false
      },
      {
        "text": " page now, but when i clicked combo plan it doesn\u0027t allow me to choose the plan and stuck there, how ?",
        "userDefined": false
      }
    ],
    "isTemplate": false,
    "count": 0,
    "updated": 0
  },
  {
    "id": "a7b9c320-8282-4ef7-a8e3-e3162ffcf97e",
    "data": [
      {
        "text": "Hi. I can log in to my ",
        "userDefined": false
      },
      {
        "text": "onepass",
        "alias": "OnePass",
        "meta": "@OnePass",
        "userDefined": false
      },
      {
        "text": " account but unable to proceed further as it says my ",
        "userDefined": false
      },
      {
        "text": "IC",
        "alias": "NRIC",
        "meta": "@NRIC",
        "userDefined": false
      },
      {
        "text": " is already registered. Please help so that I can use the website to purchase the phone",
        "userDefined": false
      }
    ],
    "isTemplate": false,
    "count": 0,
    "updated": 0
  },
  {
    "id": "3094c700-0997-4f93-b64e-311f9a86e137",
    "data": [
      {
        "text": "singtel",
        "alias": "Competitors",
        "meta": "@Competitors",
        "userDefined": false
      },
      {
        "text": " live chat",
        "userDefined": false
      }
    ],
    "isTemplate": false,
    "count": 0,
    "updated": 0
  },
  {
    "id": "7db4cc17-a35a-4ef0-9c1c-68f3daeb8455",
    "data": [
      {
        "text": "there\u0027s a problem with your website",
        "userDefined": false
      }
    ],
    "isTemplate": false,
    "count": 0,
    "updated": 0
  },
  {
    "id": "2da116dc-ba00-43d1-82a5-99d745a3358c",
    "data": [
      {
        "text": "i got no email address to ",
        "userDefined": false
      },
      {
        "text": "sign up",
        "alias": "Sign-up",
        "meta": "@Sign-up",
        "userDefined": false
      }
    ],
    "isTemplate": false,
    "count": 1,
    "updated": 0
  },
  {
    "id": "e812a697-29d8-43a1-a1d7-33b621f8a415",
    "data": [
      {
        "text": "but i did not receive any SMS",
        "userDefined": false
      }
    ],
    "isTemplate": false,
    "count": 0,
    "updated": 0
  },
  {
    "id": "12648323-ff5e-4ed6-bad0-2cbe718b6d19",
    "data": [
      {
        "text": "i did not receive any sms",
        "userDefined": false
      }
    ],
    "isTemplate": false,
    "count": 0,
    "updated": 0
  },
  {
    "id": "bcf39dc0-69c5-43b8-8b8a-55d9a2f59d35",
    "data": [
      {
        "text": "Hi i am not able to process my ",
        "userDefined": false
      },
      {
        "text": "port in",
        "alias": "PortIn",
        "meta": "@PortIn",
        "userDefined": false
      },
      {
        "text": " request to ",
        "userDefined": false
      },
      {
        "text": "sign up",
        "alias": "Sign-up",
        "meta": "@Sign-up",
        "userDefined": false
      },
      {
        "text": " for the ",
        "userDefined": false
      },
      {
        "text": "CIS",
        "alias": "CIS",
        "meta": "@CIS",
        "userDefined": false
      }
    ],
    "isTemplate": false,
    "count": 0,
    "updated": 0
  },
  {
    "id": "b4541e44-d98f-4233-8012-1e0aa3a37ee1",
    "data": [
      {
        "text": "i don\u0027t have an email account to ",
        "userDefined": false
      },
      {
        "text": "sign up",
        "alias": "Sign-up",
        "meta": "@Sign-up",
        "userDefined": false
      }
    ],
    "isTemplate": false,
    "count": 1,
    "updated": 0
  },
  {
    "id": "fc9c95a5-e739-4223-90c6-e6acda3711c3",
    "data": [
      {
        "text": "i got no link",
        "userDefined": false
      }
    ],
    "isTemplate": false,
    "count": 1,
    "updated": 0
  },
  {
    "id": "759c2f7f-e331-4a6a-ac3d-d94158122d8f",
    "data": [
      {
        "text": "i want to talk to chat agent",
        "userDefined": false
      }
    ],
    "isTemplate": false,
    "count": 0,
    "updated": 0
  },
  {
    "id": "5d7cacc2-a525-4af3-a762-8e4077babc16",
    "data": [
      {
        "text": "there is something wrong with your website",
        "userDefined": false
      }
    ],
    "isTemplate": false,
    "count": 1,
    "updated": 0
  },
  {
    "id": "d82e1935-97df-4ee1-b7e5-5fbbd211ebc0",
    "data": [
      {
        "text": "i don\u0027t have an email",
        "userDefined": false
      }
    ],
    "isTemplate": false,
    "count": 0,
    "updated": 0
  },
  {
    "id": "b742a66f-5de0-4aba-9338-2b05e0002d9e",
    "data": [
      {
        "text": "online",
        "alias": "Online",
        "meta": "@Online",
        "userDefined": false
      },
      {
        "text": " agent ",
        "userDefined": false
      },
      {
        "text": "cis",
        "alias": "CIS",
        "meta": "@CIS",
        "userDefined": false
      }
    ],
    "isTemplate": false,
    "count": 0,
    "updated": 0
  },
  {
    "id": "d307e7e4-4bef-4088-8ef0-19591f16e489",
    "data": [
      {
        "text": "where to talk to chat agent",
        "userDefined": false
      }
    ],
    "isTemplate": false,
    "count": 0,
    "updated": 0
  },
  {
    "id": "ef498df5-e24a-4e4f-9cdc-079827d23371",
    "data": [
      {
        "text": "i cannot purchase on ",
        "userDefined": false
      },
      {
        "text": "eshop",
        "alias": "OnlineSingtelSites",
        "meta": "@OnlineSingtelSites",
        "userDefined": false
      }
    ],
    "isTemplate": false,
    "count": 0,
    "updated": 0
  },
  {
    "id": "89cd9a56-d5b0-4d3f-9f41-d7984445d733",
    "data": [
      {
        "text": "there\u0027s some technical issue with your website",
        "userDefined": false
      }
    ],
    "isTemplate": false,
    "count": 0,
    "updated": 0
  },
  {
    "id": "87dad6fa-e03c-47cc-ab55-5a8817f05369",
    "data": [
      {
        "text": "i would like to speak with an online chat agent",
        "userDefined": false
      }
    ],
    "isTemplate": false,
    "count": 0,
    "updated": 0
  },
  {
    "id": "9c9ef508-1c24-44aa-904b-0e7c8c22116a",
    "data": [
      {
        "text": "i got technical issues on ",
        "userDefined": false
      },
      {
        "text": "eshop",
        "alias": "OnlineSingtelSites",
        "meta": "@OnlineSingtelSites",
        "userDefined": false
      }
    ],
    "isTemplate": false,
    "count": 0,
    "updated": 0
  },
  {
    "id": "6eec2f1e-4c7b-48fe-95ec-31c858bf710b",
    "data": [
      {
        "text": "how can i talk to an online chat agent",
        "userDefined": false
      }
    ],
    "isTemplate": false,
    "count": 0,
    "updated": 0
  },
  {
    "id": "16d3ac50-88da-4824-b060-59319c131161",
    "data": [
      {
        "text": "how to talk to online chat agent",
        "userDefined": false
      }
    ],
    "isTemplate": false,
    "count": 0,
    "updated": 0
  },
  {
    "id": "95a80ca5-da3f-4085-adc1-0dfefed857bf",
    "data": [
      {
        "text": "i want to talk to a chat agent",
        "userDefined": false
      }
    ],
    "isTemplate": false,
    "count": 0,
    "updated": 0
  },
  {
    "id": "f673fbf1-c51f-42cc-8005-29cb84cb2906",
    "data": [
      {
        "text": "i encountered problems on ",
        "userDefined": false
      },
      {
        "text": "eshop",
        "alias": "OnlineSingtelSites",
        "meta": "@OnlineSingtelSites",
        "userDefined": false
      }
    ],
    "isTemplate": false,
    "count": 0,
    "updated": 0
  },
  {
    "id": "64bac2a7-d18a-407d-9f7c-5184ed3ed443",
    "data": [
      {
        "text": "what if i don\u0027t have email",
        "userDefined": false
      }
    ],
    "isTemplate": false,
    "count": 0,
    "updated": 0
  },
  {
    "id": "c15fee30-0819-41a9-806a-bba41f391abc",
    "data": [
      {
        "text": "i have some problems on your website",
        "userDefined": false
      }
    ],
    "isTemplate": false,
    "count": 1,
    "updated": 0
  },
  {
    "id": "09d5b492-99fa-41d4-9448-ce87439303aa",
    "data": [
      {
        "text": "i don\u0027t have email address",
        "userDefined": false
      }
    ],
    "isTemplate": false,
    "count": 0,
    "updated": 0
  },
  {
    "id": "e00cc559-918d-4a80-a379-885833aa2fe9",
    "data": [
      {
        "text": "i don\u0027t have a email address",
        "userDefined": false
      }
    ],
    "isTemplate": false,
    "count": 1,
    "updated": 0
  },
  {
    "id": "fe68aff4-6b0b-497a-a782-7d9f283ee641",
    "data": [
      {
        "text": "i cannot ",
        "userDefined": false
      },
      {
        "text": "sign up",
        "alias": "Sign-up",
        "meta": "@Sign-up",
        "userDefined": false
      },
      {
        "text": " for ",
        "userDefined": false
      },
      {
        "text": "cis",
        "alias": "CIS",
        "meta": "@CIS",
        "userDefined": false
      },
      {
        "text": " plan online;",
        "userDefined": false
      }
    ],
    "isTemplate": false,
    "count": 0,
    "updated": 0
  },
  {
    "id": "0e5066e5-d0d4-4044-8fd7-1196aad3a36c",
    "data": [
      {
        "text": "i have difficulties signing up online",
        "userDefined": false
      }
    ],
    "isTemplate": false,
    "count": 1,
    "updated": 0
  },
  {
    "id": "bb6456fa-5d1b-407b-a4eb-c2f07aa4b68a",
    "data": [
      {
        "text": "i am facing problems signing up online",
        "userDefined": false
      }
    ],
    "isTemplate": false,
    "count": 0,
    "updated": 0
  },
  {
    "id": "51c4b48c-9127-4c87-884f-40e00e61005c",
    "data": [
      {
        "text": "i got difficulty signing up online",
        "userDefined": false
      }
    ],
    "isTemplate": false,
    "count": 0,
    "updated": 0
  },
  {
    "id": "9a43ab87-efd8-4842-8222-b4c007f885ae",
    "data": [
      {
        "text": "e-shop trouble",
        "userDefined": false
      }
    ],
    "isTemplate": false,
    "count": 0,
    "updated": 0
  },
  {
    "id": "1b8c49bb-1a2c-45f7-b187-2cb9a4ee57c5",
    "data": [
      {
        "text": "is it possible to ",
        "userDefined": false
      },
      {
        "text": "sign up",
        "alias": "Sign-up",
        "meta": "@Sign-up",
        "userDefined": false
      },
      {
        "text": " without ",
        "userDefined": false
      },
      {
        "text": "company",
        "alias": "Company",
        "meta": "@Company",
        "userDefined": false
      },
      {
        "text": " email address",
        "userDefined": false
      }
    ],
    "isTemplate": false,
    "count": 0,
    "updated": 0
  },
  {
    "id": "49d5b986-34f0-4ba2-9a3e-3d3dac9cf070",
    "data": [
      {
        "text": "i just bought some stuff on the internet but it broke down along the way",
        "userDefined": false
      }
    ],
    "isTemplate": false,
    "count": 1,
    "updated": 0
  },
  {
    "id": "6c56b3ab-900a-4a83-a445-b47547b1ecea",
    "data": [
      {
        "text": "i cannot log in to e-shop",
        "userDefined": false
      }
    ],
    "isTemplate": false,
    "count": 0,
    "updated": 0
  },
  {
    "id": "97bb4a1d-28ff-439d-8a6d-85c16141b5a0",
    "data": [
      {
        "text": "i have a trouble signing up",
        "userDefined": false
      }
    ],
    "isTemplate": false,
    "count": 1,
    "updated": 0
  },
  {
    "id": "4c118435-6204-434d-8596-5dc6b21e79a1",
    "data": [
      {
        "text": "how can i talk to a chat agent",
        "userDefined": false
      }
    ],
    "isTemplate": false,
    "count": 0,
    "updated": 0
  },
  {
    "id": "070abf24-5869-4214-86ed-a8fbc6088786",
    "data": [
      {
        "text": "i have been having trouble with online service",
        "userDefined": false
      }
    ],
    "isTemplate": false,
    "count": 1,
    "updated": 0
  },
  {
    "id": "da21989b-ca89-447f-92b6-f92be37027cb",
    "data": [
      {
        "text": "i cannot access online purchase",
        "userDefined": false
      }
    ],
    "isTemplate": false,
    "count": 0,
    "updated": 0
  },
  {
    "id": "5e02b232-018b-4a0d-aac5-e9867ec15b2e",
    "data": [
      {
        "text": "i cannot sign in",
        "userDefined": false
      }
    ],
    "isTemplate": false,
    "count": 0,
    "updated": 0
  },
  {
    "id": "f7d183e7-7c8b-4336-a50d-f0dca1e1129b",
    "data": [
      {
        "text": "there is an issue in online purchasing",
        "userDefined": false
      }
    ],
    "isTemplate": false,
    "count": 0,
    "updated": 0
  },
  {
    "id": "4c0459d4-1f56-4540-9572-4c414485cb14",
    "data": [
      {
        "text": "i\u0027m having a troubleshoot",
        "userDefined": false
      }
    ],
    "isTemplate": false,
    "count": 0,
    "updated": 0
  },
  {
    "id": "56bb4ab1-bef7-4df1-b602-d6e986394bb0",
    "data": [
      {
        "text": "i do not have a corporate email to sign up online",
        "userDefined": false
      }
    ],
    "isTemplate": false,
    "count": 0,
    "updated": 0
  },
  {
    "id": "430475d7-51a4-4ed0-87cc-8a6b5a4b0d89",
    "data": [
      {
        "text": "i face some problem with online shopping",
        "userDefined": false
      }
    ],
    "isTemplate": false,
    "count": 1,
    "updated": 0
  },
  {
    "id": "4048fe04-ab8b-4226-af1f-8fa6021144fc",
    "data": [
      {
        "text": "i got trouble on ",
        "userDefined": false
      },
      {
        "text": "eshop",
        "alias": "OnlineSingtelSites",
        "meta": "@OnlineSingtelSites",
        "userDefined": false
      }
    ],
    "isTemplate": false,
    "count": 0,
    "updated": 0
  },
  {
    "id": "f7a6b7fb-67ad-497c-b776-ced9ac463c3a",
    "data": [
      {
        "text": "i cannot login to ",
        "userDefined": false
      },
      {
        "text": "eshop",
        "alias": "OnlineSingtelSites",
        "meta": "@OnlineSingtelSites",
        "userDefined": false
      }
    ],
    "isTemplate": false,
    "count": 0,
    "updated": 0
  },
  {
    "id": "d54df82e-c8b4-4e52-a076-90f36cfe796b",
    "data": [
      {
        "text": "i cannot ",
        "userDefined": false
      },
      {
        "text": "sign up",
        "alias": "Sign-up",
        "meta": "@Sign-up",
        "userDefined": false
      },
      {
        "text": " for ",
        "userDefined": false
      },
      {
        "text": "cis",
        "alias": "CIS",
        "meta": "@CIS",
        "userDefined": false
      },
      {
        "text": " plan online",
        "userDefined": false
      }
    ],
    "isTemplate": false,
    "count": 1,
    "updated": 0
  },
  {
    "id": "97fe913b-d330-47f5-b06c-8a621e65447c",
    "data": [
      {
        "text": "i got problem purchasing ",
        "userDefined": false
      },
      {
        "text": "iphone",
        "alias": "HandsetBrands",
        "meta": "@HandsetBrands",
        "userDefined": false
      },
      {
        "text": " ",
        "userDefined": false
      },
      {
        "text": "7",
        "alias": "number",
        "meta": "@sys.number",
        "userDefined": false
      },
      {
        "text": " online",
        "userDefined": false
      }
    ],
    "isTemplate": false,
    "count": 0,
    "updated": 0
  },
  {
    "id": "8a778f64-f24a-454e-a388-256d3580d403",
    "data": [
      {
        "text": "there is some problem with my online purchase",
        "userDefined": false
      }
    ],
    "isTemplate": false,
    "count": 0,
    "updated": 0
  },
  {
    "id": "bac9285c-1d62-4cfa-b066-53dd70bfa30c",
    "data": [
      {
        "text": "can i use personal email to ",
        "userDefined": false
      },
      {
        "text": "sign up",
        "alias": "Sign-up",
        "meta": "@Sign-up",
        "userDefined": false
      },
      {
        "text": " instead of ",
        "userDefined": false
      },
      {
        "text": "company",
        "alias": "Company",
        "meta": "@Company",
        "userDefined": false
      },
      {
        "text": " mail",
        "userDefined": false
      }
    ],
    "isTemplate": false,
    "count": 0,
    "updated": 0
  },
  {
    "id": "9cf04a59-a996-445f-9689-55a67ac65fbb",
    "data": [
      {
        "text": "i cannot login to ",
        "userDefined": false
      },
      {
        "text": "online CIS shop",
        "alias": "OnlineSingtelSites",
        "meta": "@OnlineSingtelSites",
        "userDefined": false
      }
    ],
    "isTemplate": false,
    "count": 0,
    "updated": 0
  },
  {
    "id": "0a1989b7-5d4e-49a6-be2e-44a64e784b7d",
    "data": [
      {
        "text": "i dont have a email",
        "userDefined": false
      }
    ],
    "isTemplate": false,
    "count": 0,
    "updated": 0
  },
  {
    "id": "143e472f-59d9-4846-b9dc-8f45909af912",
    "data": [
      {
        "text": "order status reflect payment failed. pls advise",
        "userDefined": false
      }
    ],
    "isTemplate": false,
    "count": 0,
    "updated": 0
  },
  {
    "id": "99fe9893-38cc-4dee-ba85-a7ee5ceb88d7",
    "data": [
      {
        "text": "any explanation why i can\u0027t login to e-shop",
        "userDefined": false
      }
    ],
    "isTemplate": false,
    "count": 0,
    "updated": 0
  },
  {
    "id": "6003f8bf-40bd-491b-97d1-d10c25f3cae9",
    "data": [
      {
        "text": "eshop",
        "alias": "OnlineSingtelSites",
        "meta": "@OnlineSingtelSites",
        "userDefined": false
      },
      {
        "text": " is down",
        "userDefined": false
      }
    ],
    "isTemplate": false,
    "count": 0,
    "updated": 0
  },
  {
    "id": "852acdf0-230d-418b-b65e-074c8c15174b",
    "data": [
      {
        "text": "i called ",
        "userDefined": false
      },
      {
        "text": "1688",
        "alias": "phone-number",
        "meta": "@sys.phone-number",
        "userDefined": false
      },
      {
        "text": " for complaints but was told to chat online",
        "userDefined": false
      }
    ],
    "isTemplate": false,
    "count": 1,
    "updated": 0
  },
  {
    "id": "ab5e402e-8b5e-4f3e-8281-aaf61d7faa46",
    "data": [
      {
        "text": "there seems to be something wrong with your website",
        "userDefined": false
      }
    ],
    "isTemplate": false,
    "count": 1,
    "updated": 0
  },
  {
    "id": "a5591b3c-44fe-46b8-bc37-515a0723779f",
    "data": [
      {
        "text": "the ",
        "userDefined": false
      },
      {
        "text": "e-shop",
        "alias": "OnlineSingtelSites",
        "meta": "@OnlineSingtelSites",
        "userDefined": true
      },
      {
        "text": " is not running",
        "userDefined": false
      }
    ],
    "isTemplate": false,
    "count": 0,
    "updated": 0
  },
  {
    "id": "00afeead-cc52-44c3-8b14-a3575d956899",
    "data": [
      {
        "text": "i dont hae a corporate email required for online",
        "userDefined": false
      }
    ],
    "isTemplate": false,
    "count": 0,
    "updated": 0
  },
  {
    "id": "557fd7eb-0065-411d-a4c8-54c36400077b",
    "data": [
      {
        "text": "my verification email is blocked by my ",
        "userDefined": false
      },
      {
        "text": "company",
        "alias": "Company",
        "meta": "@Company",
        "userDefined": false
      },
      {
        "text": ", what is any other way to forward the email",
        "userDefined": false
      }
    ],
    "isTemplate": false,
    "count": 2,
    "updated": 0
  },
  {
    "id": "81d112de-2b69-450f-94e4-80a7e34576fb",
    "data": [
      {
        "text": "i dont have a corporate email address",
        "userDefined": false
      }
    ],
    "isTemplate": false,
    "count": 0,
    "updated": 0
  },
  {
    "id": "c4db2fff-30bb-40a9-8e85-66131c0ae1c0",
    "data": [
      {
        "text": "i have some technical issues on the ",
        "userDefined": false
      },
      {
        "text": "eshop",
        "alias": "OnlineSingtelSites",
        "meta": "@OnlineSingtelSites",
        "userDefined": false
      }
    ],
    "isTemplate": false,
    "count": 0,
    "updated": 0
  },
  {
    "id": "1a58f745-9e2d-4631-a3f2-b0d38ad1bd9c",
    "data": [
      {
        "text": "can i use personal email to ",
        "userDefined": false
      },
      {
        "text": "sign up",
        "alias": "Sign-up",
        "meta": "@Sign-up",
        "userDefined": false
      },
      {
        "text": " instead of ",
        "userDefined": false
      },
      {
        "text": "company",
        "alias": "Company",
        "meta": "@Company",
        "userDefined": false
      },
      {
        "text": " email",
        "userDefined": false
      }
    ],
    "isTemplate": false,
    "count": 0,
    "updated": 0
  },
  {
    "id": "7e571b09-d2e8-4d7a-b1f0-e37c8f4e2f52",
    "data": [
      {
        "text": "website lousy",
        "userDefined": false
      }
    ],
    "isTemplate": false,
    "count": 0,
    "updated": 0
  },
  {
    "id": "32f50f6a-a235-4799-beda-c0384f3b4647",
    "data": [
      {
        "text": "why is the e-shop having troubleshoot",
        "userDefined": false
      }
    ],
    "isTemplate": false,
    "count": 0,
    "updated": 0
  },
  {
    "id": "5325c491-13bb-4298-a6b1-40274af7feed",
    "data": [
      {
        "text": "Hi, im interested to ",
        "userDefined": false
      },
      {
        "text": "sign up",
        "alias": "Sign-up",
        "meta": "@Sign-up",
        "userDefined": false
      },
      {
        "text": " for ",
        "userDefined": false
      },
      {
        "text": "cis",
        "alias": "CIS",
        "meta": "@CIS",
        "userDefined": false
      },
      {
        "text": " plan, but i am not given a ",
        "userDefined": false
      },
      {
        "text": "company",
        "alias": "Company",
        "meta": "@Company",
        "userDefined": false
      },
      {
        "text": " email, what should i do?",
        "userDefined": false
      }
    ],
    "isTemplate": false,
    "count": 0,
    "updated": 0
  },
  {
    "id": "e7e409f5-362c-4d35-bace-f1c3ed80df89",
    "data": [
      {
        "text": "i don\u0027t understand why i can\u0027t log in",
        "userDefined": false
      }
    ],
    "isTemplate": false,
    "count": 0,
    "updated": 0
  },
  {
    "id": "9d9ddac0-2ae1-4cec-9611-39d4acd579da",
    "data": [
      {
        "text": "Lousy service",
        "userDefined": false
      }
    ],
    "isTemplate": false,
    "count": 2,
    "updated": 0
  },
  {
    "id": "aeafe00d-0b27-41af-86d3-92a672a624a1",
    "data": [
      {
        "text": "i have some issues with my online purchase",
        "userDefined": false
      }
    ],
    "isTemplate": false,
    "count": 0,
    "updated": 0
  },
  {
    "id": "8db4109d-d512-4c91-9d9b-988932470edd",
    "data": [
      {
        "text": "i cannot sign in online",
        "userDefined": false
      }
    ],
    "isTemplate": false,
    "count": 0,
    "updated": 0
  },
  {
    "id": "2cc2af55-140b-4cab-bf70-53456ae19ae4",
    "data": [
      {
        "text": "i don\u0027t have a corporate email for online transactions",
        "userDefined": false
      }
    ],
    "isTemplate": false,
    "count": 0,
    "updated": 0
  },
  {
    "id": "aff0ceb2-2e7b-4515-a561-48d78cf9e10b",
    "data": [
      {
        "text": "how do i ",
        "userDefined": false
      },
      {
        "text": "sign up",
        "alias": "Sign-up",
        "meta": "@Sign-up",
        "userDefined": false
      },
      {
        "text": " if i don\u0027t have a ",
        "userDefined": false
      },
      {
        "text": "company",
        "alias": "Company",
        "meta": "@Company",
        "userDefined": false
      },
      {
        "text": " email",
        "userDefined": false
      }
    ],
    "isTemplate": false,
    "count": 1,
    "updated": 0
  },
  {
    "id": "215809fa-369a-4563-b6a5-80de2f638c75",
    "data": [
      {
        "text": "there is a problem with your website",
        "userDefined": false
      }
    ],
    "isTemplate": false,
    "count": 1,
    "updated": 0
  },
  {
    "id": "ad65657e-5d8c-4309-b1d1-c5ba6557c810",
    "data": [
      {
        "text": "i cannot ",
        "userDefined": false
      },
      {
        "text": "sign up",
        "alias": "Sign-up",
        "meta": "@Sign-up",
        "userDefined": false
      },
      {
        "text": " online",
        "userDefined": false
      }
    ],
    "isTemplate": false,
    "count": 1,
    "updated": 0
  },
  {
    "id": "37956b31-b26e-49ea-8c8a-511281cfcf2d",
    "data": [
      {
        "text": "my page says that i can\u0027t log in. what can i do",
        "userDefined": false
      }
    ],
    "isTemplate": false,
    "count": 0,
    "updated": 0
  },
  {
    "id": "f766a7c5-7500-4da6-bdc4-4cfa2753008f",
    "data": [
      {
        "text": "is the e-shop in trouble",
        "userDefined": false
      }
    ],
    "isTemplate": false,
    "count": 0,
    "updated": 0
  },
  {
    "id": "12b41aff-8b2c-4cfd-b67f-72c96ba880ca",
    "data": [
      {
        "text": "i had wasted ",
        "userDefined": false
      },
      {
        "text": "2 hours",
        "alias": "duration",
        "meta": "@sys.duration",
        "userDefined": false
      },
      {
        "text": " trying to ",
        "userDefined": false
      },
      {
        "text": "sign up",
        "alias": "Sign-up",
        "meta": "@Sign-up",
        "userDefined": false
      }
    ],
    "isTemplate": false,
    "count": 0,
    "updated": 0
  },
  {
    "id": "86f9c0b6-af6e-4eb2-a370-2f476f35175d",
    "data": [
      {
        "text": "can i use my personal email to ",
        "userDefined": false
      },
      {
        "text": "sign up",
        "alias": "Sign-up",
        "meta": "@Sign-up",
        "userDefined": false
      },
      {
        "text": "?",
        "userDefined": false
      }
    ],
    "isTemplate": false,
    "count": 1,
    "updated": 0
  },
  {
    "id": "23b5aa00-8902-4947-b95e-eea64a31422f",
    "data": [
      {
        "text": "hotline lousy",
        "userDefined": false
      }
    ],
    "isTemplate": false,
    "count": 0,
    "updated": 0
  },
  {
    "id": "59eefd37-581e-4618-84cd-1644643881e4",
    "data": [
      {
        "text": "there is some problem with my online purhcase",
        "userDefined": false
      }
    ],
    "isTemplate": false,
    "count": 0,
    "updated": 0
  },
  {
    "id": "4d5fed4e-00f8-454e-b293-cf2bafa3841e",
    "data": [
      {
        "text": "your ",
        "userDefined": false
      },
      {
        "text": "eshop",
        "alias": "OnlineSingtelSites",
        "meta": "@OnlineSingtelSites",
        "userDefined": false
      },
      {
        "text": " is down",
        "userDefined": false
      }
    ],
    "isTemplate": false,
    "count": 0,
    "updated": 0
  },
  {
    "id": "07165951-05b4-4cc1-8935-cc5587373597",
    "data": [
      {
        "text": "i can\u0027t buy online",
        "userDefined": false
      }
    ],
    "isTemplate": false,
    "count": 0,
    "updated": 0
  },
  {
    "id": "989ca275-f59a-484b-aea5-e9d3cb2d4106",
    "data": [
      {
        "text": "e-shop not working",
        "userDefined": false
      }
    ],
    "isTemplate": false,
    "count": 0,
    "updated": 0
  },
  {
    "id": "edde5c16-6359-4232-8471-9811d6c920e5",
    "data": [
      {
        "text": "i had wasted my ",
        "userDefined": false
      },
      {
        "text": "2 hours",
        "alias": "duration",
        "meta": "@sys.duration",
        "userDefined": false
      },
      {
        "text": " trying to ",
        "userDefined": false
      },
      {
        "text": "sign up",
        "alias": "Sign-up",
        "meta": "@Sign-up",
        "userDefined": false
      }
    ],
    "isTemplate": false,
    "count": 0,
    "updated": 0
  },
  {
    "id": "91c555b5-2101-4c39-8923-0970dcc6f265",
    "data": [
      {
        "text": "your website seems to have crashed",
        "userDefined": false
      }
    ],
    "isTemplate": false,
    "count": 0,
    "updated": 0
  },
  {
    "id": "3c3d9bd3-2c54-426e-b87e-436407c6bdeb",
    "data": [
      {
        "text": "pls advise",
        "userDefined": false
      }
    ],
    "isTemplate": false,
    "count": 1,
    "updated": 0
  },
  {
    "id": "5c05e700-cedc-4edb-bb94-5a74efc775b8",
    "data": [
      {
        "text": "i am unable to ",
        "userDefined": false
      },
      {
        "text": "signup",
        "alias": "Sign-up",
        "meta": "@Sign-up",
        "userDefined": false
      },
      {
        "text": " online",
        "userDefined": false
      }
    ],
    "isTemplate": false,
    "count": 1,
    "updated": 0
  },
  {
    "id": "0428d572-3cd6-4f98-ba7c-833205de677e",
    "data": [
      {
        "text": "I tried to make a purchase online ",
        "userDefined": false
      },
      {
        "text": "yesterday",
        "alias": "date",
        "meta": "@sys.date",
        "userDefined": false
      },
      {
        "text": ", but the order status reflected Payment Failed. Please advise.",
        "userDefined": false
      }
    ],
    "isTemplate": false,
    "count": 0,
    "updated": 0
  },
  {
    "id": "d1b2025e-f886-49e4-a282-f23a9ecdcbbb",
    "data": [
      {
        "text": "no ",
        "userDefined": false
      },
      {
        "text": "company",
        "alias": "Company",
        "meta": "@Company",
        "userDefined": false
      },
      {
        "text": " email to ",
        "userDefined": false
      },
      {
        "text": "sign up",
        "alias": "Sign-up",
        "meta": "@Sign-up",
        "userDefined": false
      }
    ],
    "isTemplate": false,
    "count": 1,
    "updated": 0
  },
  {
    "id": "f1a9a491-7abc-4ba3-a608-e8f3ac77ad72",
    "data": [
      {
        "text": "i got problems on ",
        "userDefined": false
      },
      {
        "text": "eshop",
        "alias": "OnlineSingtelSites",
        "meta": "@OnlineSingtelSites",
        "userDefined": false
      }
    ],
    "isTemplate": false,
    "count": 0,
    "updated": 0
  },
  {
    "id": "a14d348b-ebee-4997-9646-2688135ecc06",
    "data": [
      {
        "text": "i have trouble with e-shop",
        "userDefined": false
      }
    ],
    "isTemplate": false,
    "count": 1,
    "updated": 0
  },
  {
    "id": "4bf972ee-080d-4640-af09-8fb750c64c3b",
    "data": [
      {
        "text": "i couldn\u0027t get a connection with chat online for ",
        "userDefined": false
      },
      {
        "text": "past 5 hours",
        "alias": "time-period",
        "meta": "@sys.time-period",
        "userDefined": false
      }
    ],
    "isTemplate": false,
    "count": 0,
    "updated": 0
  },
  {
    "id": "8d75d571-65dc-4feb-8cac-e3ea9467bca9",
    "data": [
      {
        "text": "how to sign up online without a corporate email",
        "userDefined": false
      }
    ],
    "isTemplate": false,
    "count": 0,
    "updated": 0
  }
]