[
  {
    "id": "3b6ba40d-1d90-4184-b767-1cafd9c1c4a8",
    "data": [
      {
        "text": "what is asian plus",
        "userDefined": false
      }
    ],
    "isTemplate": false,
    "count": 0,
    "updated": 0
  },
  {
    "id": "cd9008cd-7a7c-4f21-982c-e28dedf7c5ca",
    "data": [
      {
        "text": "i want to watch chinese shows",
        "userDefined": false
      }
    ],
    "isTemplate": false,
    "count": 0,
    "updated": 0
  },
  {
    "id": "425cee8e-489b-4d1e-897c-f43b8af36a19",
    "data": [
      {
        "text": "how can i watch asian shows on my ",
        "userDefined": false
      },
      {
        "text": "mobile",
        "alias": "Handphone",
        "meta": "@Handphone",
        "userDefined": false
      }
    ],
    "isTemplate": false,
    "count": 0,
    "updated": 0
  },
  {
    "id": "86cea3b1-ff69-4df5-94d9-a39f76dddcf7",
    "data": [
      {
        "text": "how much if i want to watch asian shows",
        "userDefined": false
      }
    ],
    "isTemplate": false,
    "count": 0,
    "updated": 0
  },
  {
    "id": "8a9ca34d-4d17-4155-aa06-770db1885580",
    "data": [
      {
        "text": "how much is asian plus",
        "userDefined": false
      }
    ],
    "isTemplate": false,
    "count": 0,
    "updated": 0
  },
  {
    "id": "72c2b81c-ad0a-456c-b81b-3856d0397a98",
    "data": [
      {
        "text": "asian shows",
        "userDefined": false
      }
    ],
    "isTemplate": false,
    "count": 0,
    "updated": 0
  },
  {
    "id": "3e33e3e0-5aba-4cb6-8f33-a74a09d99482",
    "data": [
      {
        "text": "japanese",
        "alias": "language",
        "meta": "@sys.language",
        "userDefined": false
      },
      {
        "text": " shows",
        "userDefined": false
      }
    ],
    "isTemplate": false,
    "count": 0,
    "updated": 0
  },
  {
    "id": "d5ba93df-2fd8-40ab-9502-a9104f9fc335",
    "data": [
      {
        "text": "hokkien shows",
        "userDefined": false
      }
    ],
    "isTemplate": false,
    "count": 0,
    "updated": 0
  },
  {
    "id": "153f9e75-2ad3-4099-b810-eedabf448e18",
    "data": [
      {
        "text": "i want to watch hokkien shows",
        "userDefined": false
      }
    ],
    "isTemplate": false,
    "count": 0,
    "updated": 0
  },
  {
    "id": "e6abf445-b6b7-46ea-9898-394caad420d8",
    "data": [
      {
        "text": "asian dramas",
        "userDefined": false
      }
    ],
    "isTemplate": false,
    "count": 0,
    "updated": 0
  },
  {
    "id": "b908120f-2ab2-4f7f-9d3a-f39d1c8d6258",
    "data": [
      {
        "text": "Asian Plus",
        "userDefined": false
      }
    ],
    "isTemplate": false,
    "count": 0,
    "updated": 0
  }
]