[
  {
    "id": "4cb019da-6a7b-4618-aa4d-9f5b55771c9a",
    "data": [
      {
        "text": "i want to know when is the next roadshow",
        "userDefined": false
      }
    ],
    "isTemplate": false,
    "count": 0,
    "updated": 0
  },
  {
    "id": "7e5c3ea3-c8f4-41da-ac53-a2573b75342c",
    "data": [
      {
        "text": "when is the next roadshow",
        "userDefined": false
      }
    ],
    "isTemplate": false,
    "count": 0,
    "updated": 0
  },
  {
    "id": "5a097797-a6e3-4bb8-8c5d-356250fe83a7",
    "data": [
      {
        "text": "can i check if there is a roadshow",
        "userDefined": false
      }
    ],
    "isTemplate": false,
    "count": 1,
    "updated": 0
  },
  {
    "id": "7de5f91d-2b07-4c14-831f-5009e4f487c8",
    "data": [
      {
        "text": "when is the next upcoming roadshow",
        "userDefined": false
      }
    ],
    "isTemplate": false,
    "count": 0,
    "updated": 0
  },
  {
    "id": "eb8ed58c-e500-4b95-8860-6ffd88b32275",
    "data": [
      {
        "text": "is there plans for a roadshow for my ",
        "userDefined": false
      },
      {
        "text": "company",
        "alias": "Company",
        "meta": "@Company",
        "userDefined": false
      }
    ],
    "isTemplate": false,
    "count": 0,
    "updated": 0
  },
  {
    "id": "744e4d01-8aa5-49b5-af8b-52c42cc46efb",
    "data": [
      {
        "text": "will there be a roadshow for my ",
        "userDefined": false
      },
      {
        "text": "company",
        "alias": "Company",
        "meta": "@Company",
        "userDefined": false
      }
    ],
    "isTemplate": false,
    "count": 0,
    "updated": 0
  },
  {
    "id": "229453a0-f6a8-421f-80d3-46d5bc3378c7",
    "data": [
      {
        "text": "how to check when is the next roadshows",
        "userDefined": false
      }
    ],
    "isTemplate": false,
    "count": 0,
    "updated": 0
  },
  {
    "id": "f895f4ed-abb6-4ce3-803e-e64106077fb2",
    "data": [
      {
        "text": "any other promotions roadshows",
        "userDefined": false
      }
    ],
    "isTemplate": false,
    "count": 0,
    "updated": 0
  },
  {
    "id": "23624666-70d6-4503-97d9-46f63c123d47",
    "data": [
      {
        "text": "when is the next fair for my ",
        "userDefined": false
      },
      {
        "text": "company",
        "alias": "Company",
        "meta": "@Company",
        "userDefined": false
      }
    ],
    "isTemplate": false,
    "count": 0,
    "updated": 0
  },
  {
    "id": "ee7d127b-fd3f-4199-86b1-29d079535246",
    "data": [
      {
        "text": "roadshows",
        "userDefined": false
      }
    ],
    "isTemplate": false,
    "count": 0,
    "updated": 0
  },
  {
    "id": "5f3769c0-0c83-45ee-a69c-894e4e2b4f8a",
    "data": [
      {
        "text": "road show",
        "userDefined": false
      }
    ],
    "isTemplate": false,
    "count": 0,
    "updated": 0
  },
  {
    "id": "f8fc5602-3ff7-437a-8275-471363f3acde",
    "data": [
      {
        "text": "when is the next road show",
        "userDefined": false
      }
    ],
    "isTemplate": false,
    "count": 0,
    "updated": 0
  },
  {
    "id": "25fbb89e-7c5d-4313-b12c-f4cfc64c94d0",
    "data": [
      {
        "text": "any roadshow",
        "userDefined": false
      }
    ],
    "isTemplate": false,
    "count": 0,
    "updated": 0
  },
  {
    "id": "72c380e7-4bac-43fe-b97b-018532fa343f",
    "data": [
      {
        "text": "when is the next roadshow for my ",
        "userDefined": false
      },
      {
        "text": "company",
        "alias": "Company",
        "meta": "@Company",
        "userDefined": false
      }
    ],
    "isTemplate": false,
    "count": 0,
    "updated": 0
  }
]