[
  {
    "id": "5ea0dbc1-47cb-4721-9267-02f8d91598cf",
    "data": [
      {
        "text": "conversion for ",
        "userDefined": false
      },
      {
        "text": "month 6",
        "alias": "date-period",
        "meta": "@sys.date-period",
        "userDefined": false
      }
    ],
    "isTemplate": false,
    "count": 1,
    "updated": 0
  },
  {
    "id": "ec8174d4-113b-4386-b37a-c702848a40c9",
    "data": [
      {
        "text": "Convert month ",
        "userDefined": false
      },
      {
        "text": "6",
        "alias": "number",
        "meta": "@sys.number",
        "userDefined": false
      }
    ],
    "isTemplate": false,
    "count": 0,
    "updated": 0
  }
]