[
  {
    "id": "f4770f13-48e2-4bf7-ba9e-d48cba37901a",
    "data": [
      {
        "text": "i want to know more about ",
        "userDefined": false
      },
      {
        "text": "singtel",
        "alias": "Competitors",
        "meta": "@Competitors",
        "userDefined": false
      },
      {
        "text": " ",
        "userDefined": false
      },
      {
        "text": "circle",
        "alias": "Competitors1",
        "meta": "@Competitors",
        "userDefined": false
      }
    ],
    "isTemplate": false,
    "count": 0,
    "updated": 0
  },
  {
    "id": "9391fd8e-9e32-4d9e-8266-5d595fee09a5",
    "data": [
      {
        "text": "how much is combo 3 if i\u0027m on ",
        "userDefined": false
      },
      {
        "text": "singtel circle",
        "alias": "address",
        "meta": "@sys.address",
        "userDefined": false
      }
    ],
    "isTemplate": false,
    "count": 0,
    "updated": 0
  },
  {
    "id": "5d4a52ef-da8f-4fed-9281-655406057002",
    "data": [
      {
        "text": "what is ",
        "userDefined": false
      },
      {
        "text": "singtel circle",
        "alias": "address",
        "meta": "@sys.address",
        "userDefined": false
      }
    ],
    "isTemplate": false,
    "count": 1,
    "updated": 0
  },
  {
    "id": "f63b60b7-a900-4151-b408-959438ee436e",
    "data": [
      {
        "text": "how much should i pay for annual ",
        "userDefined": false
      },
      {
        "text": "handset",
        "alias": "Handphone",
        "meta": "@Handphone",
        "userDefined": false
      },
      {
        "text": " upgrade",
        "userDefined": false
      }
    ],
    "isTemplate": false,
    "count": 0,
    "updated": 0
  },
  {
    "id": "2c8ff74e-8961-40bb-9c47-eb622309a723",
    "data": [
      {
        "text": "i stopped using data ",
        "userDefined": false
      },
      {
        "text": "at 11:45pm",
        "alias": "time",
        "meta": "@sys.time",
        "userDefined": false
      },
      {
        "text": " ",
        "userDefined": false
      },
      {
        "text": "on sunday",
        "alias": "date",
        "meta": "@sys.date",
        "userDefined": false
      },
      {
        "text": ", why am i still charged for excess local data usage",
        "userDefined": false
      }
    ],
    "isTemplate": false,
    "count": 0,
    "updated": 0
  },
  {
    "id": "9a12e638-e8df-424f-9f2c-c6feabc61621",
    "data": [
      {
        "text": "discount for ",
        "userDefined": false
      },
      {
        "text": "mobile",
        "alias": "Handphone",
        "meta": "@Handphone",
        "userDefined": false
      },
      {
        "text": " plan in ",
        "userDefined": false
      },
      {
        "text": "singtel circle",
        "alias": "address",
        "meta": "@sys.address",
        "userDefined": false
      }
    ],
    "isTemplate": false,
    "count": 0,
    "updated": 0
  },
  {
    "id": "441725f0-b664-45ac-bd9b-54175b3ea052",
    "data": [
      {
        "text": "how much is the annual ",
        "userDefined": false
      },
      {
        "text": "handset",
        "alias": "Handphone",
        "meta": "@Handphone",
        "userDefined": false
      },
      {
        "text": " upgrade fee",
        "userDefined": false
      }
    ],
    "isTemplate": false,
    "count": 0,
    "updated": 0
  },
  {
    "id": "72cf7cae-fc69-4798-9964-f473d820734a",
    "data": [
      {
        "text": "i saw on facebook the other day about ",
        "userDefined": false
      },
      {
        "text": "singtel",
        "alias": "Competitors",
        "meta": "@Competitors",
        "userDefined": false
      },
      {
        "text": " ",
        "userDefined": false
      },
      {
        "text": "circle",
        "alias": "Competitors1",
        "meta": "@Competitors",
        "userDefined": false
      },
      {
        "text": ", can u tell me what is it",
        "userDefined": false
      }
    ],
    "isTemplate": false,
    "count": 0,
    "updated": 0
  },
  {
    "id": "ebfe241c-b7dc-49d3-bc12-790d714c62a6",
    "data": [
      {
        "text": "how much is ",
        "userDefined": false
      },
      {
        "text": "singtel circle",
        "alias": "address",
        "meta": "@sys.address",
        "userDefined": false
      },
      {
        "text": " ",
        "userDefined": false
      },
      {
        "text": "family",
        "alias": "Family",
        "meta": "@Family",
        "userDefined": false
      },
      {
        "text": " package",
        "userDefined": false
      }
    ],
    "isTemplate": false,
    "count": 0,
    "updated": 0
  },
  {
    "id": "a5735cc9-e69b-432f-8082-9ac802af72d3",
    "data": [
      {
        "text": "how many mobileshare supplementary lines can i ",
        "userDefined": false
      },
      {
        "text": "sign up",
        "alias": "Sign-up",
        "meta": "@Sign-up",
        "userDefined": false
      },
      {
        "text": " for my nominated ",
        "userDefined": false
      },
      {
        "text": "mobile",
        "alias": "Handphone",
        "meta": "@Handphone",
        "userDefined": false
      },
      {
        "text": " line",
        "userDefined": false
      }
    ],
    "isTemplate": false,
    "count": 0,
    "updated": 0
  },
  {
    "id": "117c4485-89af-420e-86e4-7fde6b8212aa",
    "data": [
      {
        "text": "how much is annual ",
        "userDefined": false
      },
      {
        "text": "handset",
        "alias": "Handphone",
        "meta": "@Handphone",
        "userDefined": false
      },
      {
        "text": " upgrade worth",
        "userDefined": false
      }
    ],
    "isTemplate": false,
    "count": 0,
    "updated": 0
  },
  {
    "id": "89fa3892-7063-4453-b13c-dd844ceec83c",
    "data": [
      {
        "text": "what is the percentage of ",
        "userDefined": false
      },
      {
        "text": "singtel circle savings",
        "alias": "address",
        "meta": "@sys.address",
        "userDefined": false
      }
    ],
    "isTemplate": false,
    "count": 0,
    "updated": 0
  },
  {
    "id": "ff0c3e84-2507-4d50-838f-f57c68295bbb",
    "data": [
      {
        "text": "will i be entitled for ",
        "userDefined": false
      },
      {
        "text": "singtel circle",
        "alias": "address",
        "meta": "@sys.address",
        "userDefined": false
      },
      {
        "text": " with my ",
        "userDefined": false
      },
      {
        "text": "cis",
        "alias": "CIS",
        "meta": "@CIS",
        "userDefined": false
      },
      {
        "text": " plan",
        "userDefined": false
      }
    ],
    "isTemplate": false,
    "count": 0,
    "updated": 0
  },
  {
    "id": "3cc19aaa-b874-4b67-9482-ab67726812ec",
    "data": [
      {
        "text": "am i eligible for ",
        "userDefined": false
      },
      {
        "text": "singtel circle",
        "alias": "address",
        "meta": "@sys.address",
        "userDefined": false
      }
    ],
    "isTemplate": false,
    "count": 0,
    "updated": 0
  },
  {
    "id": "c3f37c77-40cb-4202-9ec4-49edcb3a2667",
    "data": [
      {
        "text": "how can i know that i get free data every ",
        "userDefined": false
      },
      {
        "text": "sunday",
        "alias": "date",
        "meta": "@sys.date",
        "userDefined": false
      }
    ],
    "isTemplate": false,
    "count": 0,
    "updated": 0
  },
  {
    "id": "ef47ed45-c7ce-45ec-b1ec-9b40dc177157",
    "data": [
      {
        "text": "how am i supposed to know that i get free local data ",
        "userDefined": false
      },
      {
        "text": "on sundays",
        "alias": "date",
        "meta": "@sys.date",
        "userDefined": false
      }
    ],
    "isTemplate": false,
    "count": 1,
    "updated": 0
  },
  {
    "id": "a44396a0-641f-41bd-a474-30b4bbb9503b",
    "data": [
      {
        "text": "i saw some info on ",
        "userDefined": false
      },
      {
        "text": "singtel circle",
        "alias": "address",
        "meta": "@sys.address",
        "userDefined": false
      },
      {
        "text": ", can you tell me more",
        "userDefined": false
      }
    ],
    "isTemplate": false,
    "count": 0,
    "updated": 0
  },
  {
    "id": "281d8d1b-bf46-42b1-a4a9-07861bc1bf92",
    "data": [
      {
        "text": "what will happen if i transfer my ",
        "userDefined": false
      },
      {
        "text": "mobile",
        "alias": "Handphone",
        "meta": "@Handphone",
        "userDefined": false
      },
      {
        "text": " line (main line) to someone else",
        "userDefined": false
      }
    ],
    "isTemplate": false,
    "count": 0,
    "updated": 0
  },
  {
    "id": "4ae77820-523a-465e-895c-c83f8290f88d",
    "data": [
      {
        "text": "is there any ",
        "userDefined": false
      },
      {
        "text": "mobile",
        "alias": "Handphone",
        "meta": "@Handphone",
        "userDefined": false
      },
      {
        "text": " plan discount for ",
        "userDefined": false
      },
      {
        "text": "singtel circle",
        "alias": "address",
        "meta": "@sys.address",
        "userDefined": false
      }
    ],
    "isTemplate": false,
    "count": 0,
    "updated": 0
  },
  {
    "id": "41f27029-4995-4aff-a5b0-5047fe63f305",
    "data": [
      {
        "text": "why should i ",
        "userDefined": false
      },
      {
        "text": "sign up",
        "alias": "Sign-up",
        "meta": "@Sign-up",
        "userDefined": false
      },
      {
        "text": " to ",
        "userDefined": false
      },
      {
        "text": "singtel circle",
        "alias": "address",
        "meta": "@sys.address",
        "userDefined": false
      }
    ],
    "isTemplate": false,
    "count": 0,
    "updated": 0
  },
  {
    "id": "242eba8d-f36b-4b55-af1a-dac504efbc6c",
    "data": [
      {
        "text": "how do i ",
        "userDefined": false
      },
      {
        "text": "sign up",
        "alias": "Sign-up",
        "meta": "@Sign-up",
        "userDefined": false
      },
      {
        "text": " for ",
        "userDefined": false
      },
      {
        "text": "singtel circle",
        "alias": "address",
        "meta": "@sys.address",
        "userDefined": false
      }
    ],
    "isTemplate": false,
    "count": 0,
    "updated": 0
  },
  {
    "id": "84544c75-1074-49a1-be73-4a586567a806",
    "data": [
      {
        "text": "can i ",
        "userDefined": false
      },
      {
        "text": "sign up",
        "alias": "Sign-up",
        "meta": "@Sign-up",
        "userDefined": false
      },
      {
        "text": " for ",
        "userDefined": false
      },
      {
        "text": "singtel circle",
        "alias": "address",
        "meta": "@sys.address",
        "userDefined": false
      }
    ],
    "isTemplate": false,
    "count": 0,
    "updated": 0
  },
  {
    "id": "bb90d85c-07d2-4c0a-a23e-50787642a4bb",
    "data": [
      {
        "text": "when can i nominate a ",
        "userDefined": false
      },
      {
        "text": "mobile",
        "alias": "Handphone",
        "meta": "@Handphone",
        "userDefined": false
      },
      {
        "text": " line",
        "userDefined": false
      }
    ],
    "isTemplate": false,
    "count": 0,
    "updated": 0
  },
  {
    "id": "1f3da57c-2f7d-4db0-9277-31a71bba8efe",
    "data": [
      {
        "text": "what is ",
        "userDefined": false
      },
      {
        "text": "mobile",
        "alias": "Handphone",
        "meta": "@Handphone",
        "userDefined": false
      },
      {
        "text": " plan discount benefit",
        "userDefined": false
      }
    ],
    "isTemplate": false,
    "count": 0,
    "updated": 0
  },
  {
    "id": "45498a73-2b0f-4e47-8f3f-5a8f08d7ed66",
    "data": [
      {
        "text": "will i be notified when i have successfully subscribed to ",
        "userDefined": false
      },
      {
        "text": "singtel circle datamore promotion",
        "alias": "address",
        "meta": "@sys.address",
        "userDefined": false
      }
    ],
    "isTemplate": false,
    "count": 0,
    "updated": 0
  },
  {
    "id": "f625f0c7-00ba-4705-8b83-c46bbe2b5d5c",
    "data": [
      {
        "text": "is there a ",
        "userDefined": false
      },
      {
        "text": "family",
        "alias": "Family",
        "meta": "@Family",
        "userDefined": false
      },
      {
        "text": " package for ",
        "userDefined": false
      },
      {
        "text": "singtel circle",
        "alias": "address",
        "meta": "@sys.address",
        "userDefined": false
      }
    ],
    "isTemplate": false,
    "count": 0,
    "updated": 0
  },
  {
    "id": "9b6d35f7-33e0-454f-9955-6100342ac905",
    "data": [
      {
        "text": "what are the benefits or ",
        "userDefined": false
      },
      {
        "text": "enrolling",
        "alias": "Sign-up",
        "meta": "@Sign-up",
        "userDefined": false
      },
      {
        "text": " to ",
        "userDefined": false
      },
      {
        "text": "singtel circle",
        "alias": "address",
        "meta": "@sys.address",
        "userDefined": false
      }
    ],
    "isTemplate": false,
    "count": 0,
    "updated": 0
  },
  {
    "id": "dc17932c-4731-4416-9066-8f78e534be29",
    "data": [
      {
        "text": "i saw an ad on ",
        "userDefined": false
      },
      {
        "text": "singtel circle",
        "alias": "address",
        "meta": "@sys.address",
        "userDefined": false
      },
      {
        "text": " tell me more",
        "userDefined": false
      }
    ],
    "isTemplate": false,
    "count": 0,
    "updated": 0
  },
  {
    "id": "8e2929ab-5855-4168-a3e6-cc3451a0c3e0",
    "data": [
      {
        "text": "is there a package for ",
        "userDefined": false
      },
      {
        "text": "singtel circle",
        "alias": "address",
        "meta": "@sys.address",
        "userDefined": false
      }
    ],
    "isTemplate": false,
    "count": 0,
    "updated": 0
  },
  {
    "id": "4ab71ea4-7845-4375-9625-f21bb54bb845",
    "data": [
      {
        "text": "my ",
        "userDefined": false
      },
      {
        "text": "mobile",
        "alias": "Handphone",
        "meta": "@Handphone",
        "userDefined": false
      },
      {
        "text": " line already nominated. will my local data usage be waived if i were to use my ",
        "userDefined": false
      },
      {
        "text": "phone",
        "alias": "Handphone1",
        "meta": "@Handphone",
        "userDefined": false
      },
      {
        "text": " for ",
        "userDefined": false
      },
      {
        "text": "mobile",
        "alias": "Handphone2",
        "meta": "@Handphone",
        "userDefined": false
      },
      {
        "text": " hotspot/tethering ",
        "userDefined": false
      },
      {
        "text": "on sunday",
        "alias": "date",
        "meta": "@sys.date",
        "userDefined": false
      }
    ],
    "isTemplate": false,
    "count": 0,
    "updated": 0
  },
  {
    "id": "97c4d321-5de4-48cc-85b5-ae411a4f97d8",
    "data": [
      {
        "text": "singtel circle",
        "alias": "address",
        "meta": "@sys.address",
        "userDefined": false
      }
    ],
    "isTemplate": false,
    "count": 0,
    "updated": 0
  },
  {
    "id": "2f24d183-42fa-4d18-a1a6-82236a5f3a15",
    "data": [
      {
        "text": "is there any early termination penalty if i terminate ",
        "userDefined": false
      },
      {
        "text": "singtel circle",
        "alias": "address",
        "meta": "@sys.address",
        "userDefined": false
      },
      {
        "text": " datamore add-on or mobileshare supplementary plan",
        "userDefined": false
      }
    ],
    "isTemplate": false,
    "count": 0,
    "updated": 0
  },
  {
    "id": "c35feb26-08eb-4036-9396-8c9fc78fc945",
    "data": [
      {
        "text": "how much percent does the saving have if i\u0027m on ",
        "userDefined": false
      },
      {
        "text": "singtel circle",
        "alias": "address",
        "meta": "@sys.address",
        "userDefined": false
      }
    ],
    "isTemplate": false,
    "count": 0,
    "updated": 0
  },
  {
    "id": "19ad08e9-f925-42ec-9988-e962afddbd71",
    "data": [
      {
        "text": "will i be able to view my ",
        "userDefined": false
      },
      {
        "text": "mobile",
        "alias": "Handphone",
        "meta": "@Handphone",
        "userDefined": false
      },
      {
        "text": " data usage ",
        "userDefined": false
      },
      {
        "text": "on sunday",
        "alias": "date",
        "meta": "@sys.date",
        "userDefined": false
      }
    ],
    "isTemplate": false,
    "count": 0,
    "updated": 0
  },
  {
    "id": "03a121b6-76cb-417d-90b4-f7d8a44cd263",
    "data": [
      {
        "text": "how can i ensure that my local data usage is waived every ",
        "userDefined": false
      },
      {
        "text": "sunday",
        "alias": "date",
        "meta": "@sys.date",
        "userDefined": false
      }
    ],
    "isTemplate": false,
    "count": 0,
    "updated": 0
  }
]