[
  {
    "id": "90bbd8d0-5af0-48d6-a6bc-33fe35ff19d0",
    "data": [
      {
        "text": "I want to sign up",
        "userDefined": false
      }
    ],
    "isTemplate": false,
    "count": 0,
    "updated": 0
  },
  {
    "id": "7ab71f3c-10ca-4cda-a743-b550ee13cb7d",
    "data": [
      {
        "text": "Individual",
        "userDefined": false
      }
    ],
    "isTemplate": false,
    "count": 0,
    "updated": 0
  },
  {
    "id": "98f596b8-6ef7-45a7-975a-562cfc9e23bf",
    "data": [
      {
        "text": "for an individual",
        "userDefined": false
      }
    ],
    "isTemplate": false,
    "count": 0,
    "updated": 0
  },
  {
    "id": "8e00038f-1bc9-4f51-b383-d862cff67e33",
    "data": [
      {
        "text": "individual",
        "userDefined": false
      }
    ],
    "isTemplate": false,
    "count": 0,
    "updated": 0
  },
  {
    "id": "ca1c740e-5be3-4ce2-8d55-8f96c6c67195",
    "data": [
      {
        "text": "how to sign up to ",
        "userDefined": false
      },
      {
        "text": "CIS",
        "alias": "CIS",
        "meta": "@CIS",
        "userDefined": false
      },
      {
        "text": " for myself",
        "userDefined": false
      }
    ],
    "isTemplate": false,
    "count": 0,
    "updated": 0
  },
  {
    "id": "d4f22d21-da58-4ea8-ab64-ab94a285dcf9",
    "data": [
      {
        "text": "how can i sign up for  an individual",
        "userDefined": false
      }
    ],
    "isTemplate": false,
    "count": 0,
    "updated": 0
  },
  {
    "id": "18ef691f-2cb3-48d4-a9b5-be271051bffd",
    "data": [
      {
        "text": "i want to sign up for myself",
        "userDefined": false
      }
    ],
    "isTemplate": false,
    "count": 0,
    "updated": 0
  }
]