[
  {
    "id": "e16242ed-c94d-47ae-a572-97f67de1ed72",
    "data": [
      {
        "text": "Can I make IDD calls on cis",
        "userDefined": false
      }
    ],
    "isTemplate": false,
    "count": 0,
    "updated": 0
  },
  {
    "id": "ec273e24-e155-4761-8397-2119a2412d58",
    "data": [
      {
        "text": "what do you suggest if i want to make international ",
        "userDefined": false
      },
      {
        "text": "phone",
        "alias": "Handphone",
        "meta": "@Handphone",
        "userDefined": false
      },
      {
        "text": " calls",
        "userDefined": false
      }
    ],
    "isTemplate": false,
    "count": 0,
    "updated": 0
  },
  {
    "id": "afa6c235-ae11-4a5e-b515-029187082c54",
    "data": [
      {
        "text": "how am i able to subscribe to singtel idd calls",
        "userDefined": false
      }
    ],
    "isTemplate": false,
    "count": 0,
    "updated": 0
  },
  {
    "id": "3f91f44f-8d14-4244-9411-b31c46b5c4e6",
    "data": [
      {
        "text": "how should i make international ",
        "userDefined": false
      },
      {
        "text": "phone",
        "alias": "Handphone",
        "meta": "@Handphone",
        "userDefined": false
      },
      {
        "text": " calls",
        "userDefined": false
      }
    ],
    "isTemplate": false,
    "count": 0,
    "updated": 0
  },
  {
    "id": "9827febf-3734-48ad-a382-1222e256e6ba",
    "data": [
      {
        "text": "how do i go about subscribing to idd calls",
        "userDefined": false
      }
    ],
    "isTemplate": false,
    "count": 0,
    "updated": 0
  },
  {
    "id": "d73edc0f-b8c5-4d0d-adef-0101d64dc615",
    "data": [
      {
        "text": "how can i make idd calls",
        "userDefined": false
      }
    ],
    "isTemplate": false,
    "count": 0,
    "updated": 0
  },
  {
    "id": "c9ab13d7-4e00-48d5-8842-bc05d3c5f23f",
    "data": [
      {
        "text": "how can i make calls to $",
        "userDefined": false
      },
      {
        "text": "countries",
        "alias": "Countries",
        "meta": "@Countries",
        "userDefined": true
      }
    ],
    "isTemplate": false,
    "count": 0,
    "updated": 0
  },
  {
    "id": "8ee181cb-d1e9-434c-9daa-62710dbd4b2c",
    "data": [
      {
        "text": "i want to call $",
        "userDefined": false
      },
      {
        "text": "countries",
        "alias": "Countries",
        "meta": "@Countries",
        "userDefined": true
      }
    ],
    "isTemplate": false,
    "count": 0,
    "updated": 0
  },
  {
    "id": "8c25f909-0298-448f-b268-81539f0785f2",
    "data": [
      {
        "text": "cheap international ",
        "userDefined": false
      },
      {
        "text": "phone",
        "alias": "Handphone",
        "meta": "@Handphone",
        "userDefined": false
      },
      {
        "text": " calls",
        "userDefined": false
      }
    ],
    "isTemplate": false,
    "count": 0,
    "updated": 0
  },
  {
    "id": "e92aa2a3-5c0a-4015-b2ac-448b98ed4eb8",
    "data": [
      {
        "text": "how can i make international ",
        "userDefined": false
      },
      {
        "text": "phone",
        "alias": "Handphone",
        "meta": "@Handphone",
        "userDefined": false
      },
      {
        "text": " calls",
        "userDefined": false
      }
    ],
    "isTemplate": false,
    "count": 0,
    "updated": 0
  },
  {
    "id": "a17af2bb-504e-4102-820c-774772c00468",
    "data": [
      {
        "text": "what is singtel idd",
        "userDefined": false
      }
    ],
    "isTemplate": false,
    "count": 0,
    "updated": 0
  },
  {
    "id": "3c1449f6-d609-4cf5-88fb-17e9e93a82b2",
    "data": [
      {
        "text": "how to ",
        "userDefined": false
      },
      {
        "text": "apply",
        "alias": "Sign-up",
        "meta": "@Sign-up",
        "userDefined": false
      },
      {
        "text": " for singtel idd",
        "userDefined": false
      }
    ],
    "isTemplate": false,
    "count": 0,
    "updated": 0
  },
  {
    "id": "593b1192-f566-4c8e-a95d-fc7d046ba142",
    "data": [
      {
        "text": "IDD calls",
        "userDefined": false
      }
    ],
    "isTemplate": false,
    "count": 0,
    "updated": 0
  }
]