[
  {
    "id": "515f1d8c-3e01-48da-b767-88b9b9637cf1",
    "data": [
      {
        "text": "12th month recontract admin",
        "userDefined": false
      }
    ],
    "isTemplate": false,
    "count": 0,
    "updated": 0
  },
  {
    "id": "4e0534f8-f6e3-423e-9708-fafdff34659b",
    "data": [
      {
        "text": "between ",
        "userDefined": false
      },
      {
        "text": "12th to 17th month",
        "alias": "date-period",
        "meta": "@sys.date-period",
        "userDefined": false
      }
    ],
    "isTemplate": false,
    "count": 0,
    "updated": 0
  }
]