[
  {
    "id": "cd152f7b-84aa-4e10-a8bc-1d5b29938514",
    "data": [
      {
        "text": "is there a way to waive my fees",
        "userDefined": false
      }
    ],
    "isTemplate": false,
    "count": 0,
    "updated": 0
  },
  {
    "id": "54b69d9a-dd79-41c3-874d-405954e407d0",
    "data": [
      {
        "text": "can i waive my fees",
        "userDefined": false
      }
    ],
    "isTemplate": false,
    "count": 0,
    "updated": 0
  },
  {
    "id": "3955d255-34cc-4b19-8bb1-b99a37f766da",
    "data": [
      {
        "text": "i want to waive my fees",
        "userDefined": false
      }
    ],
    "isTemplate": false,
    "count": 0,
    "updated": 0
  },
  {
    "id": "0080c3ac-0c23-4176-a239-3d912c79125d",
    "data": [
      {
        "text": "how can i waive my fees",
        "userDefined": false
      }
    ],
    "isTemplate": false,
    "count": 0,
    "updated": 0
  }
]