[
  {
    "id": "81fd1a4e-e3c5-4403-be66-f23acb7f171e",
    "data": [
      {
        "text": "how fast will i receive the online gifts",
        "userDefined": false
      }
    ],
    "isTemplate": false,
    "count": 0,
    "updated": 0
  },
  {
    "id": "a7c17363-99a7-4d06-9a2f-a04db2f8e0ef",
    "data": [
      {
        "text": "i wanted to buy some gifts online",
        "userDefined": false
      }
    ],
    "isTemplate": false,
    "count": 0,
    "updated": 0
  },
  {
    "id": "ff06afc4-7c34-47d2-948a-0a3440929028",
    "data": [
      {
        "text": "can i send gift through the internet",
        "userDefined": false
      }
    ],
    "isTemplate": false,
    "count": 0,
    "updated": 0
  },
  {
    "id": "97df3747-8d3f-44c5-9393-f470cda590e0",
    "data": [
      {
        "text": "i want to send some gifts online",
        "userDefined": false
      }
    ],
    "isTemplate": false,
    "count": 0,
    "updated": 0
  },
  {
    "id": "4061bdd3-a4a5-4e06-8074-be80df9474ac",
    "data": [
      {
        "text": "how can i purchase gifts online",
        "userDefined": false
      }
    ],
    "isTemplate": false,
    "count": 0,
    "updated": 0
  },
  {
    "id": "47923df5-81cd-407d-92eb-e14fa5b49a24",
    "data": [
      {
        "text": "digital gift card",
        "userDefined": false
      }
    ],
    "isTemplate": false,
    "count": 0,
    "updated": 0
  },
  {
    "id": "f8467ff6-0818-4a95-95a3-3278dd413bf6",
    "data": [
      {
        "text": "gift singtel",
        "userDefined": false
      }
    ],
    "isTemplate": false,
    "count": 0,
    "updated": 0
  },
  {
    "id": "efd8b3ca-8d5e-4271-8ed2-99628fe053f3",
    "data": [
      {
        "text": "is there any place that i can buy online gifts",
        "userDefined": false
      }
    ],
    "isTemplate": false,
    "count": 0,
    "updated": 0
  },
  {
    "id": "1a405edf-175b-4d85-9284-7c5701378cac",
    "data": [
      {
        "text": "where can i buy some online gifts",
        "userDefined": false
      }
    ],
    "isTemplate": false,
    "count": 0,
    "updated": 0
  },
  {
    "id": "ca4b0818-5306-4bb9-ab31-96d53cda9f1c",
    "data": [
      {
        "text": "can i buy some gifts through the internet",
        "userDefined": false
      }
    ],
    "isTemplate": false,
    "count": 0,
    "updated": 0
  },
  {
    "id": "95ae32cb-749e-4d3f-8818-40351eb4772b",
    "data": [
      {
        "text": "i want to buy some gifts via internet",
        "userDefined": false
      }
    ],
    "isTemplate": false,
    "count": 0,
    "updated": 0
  },
  {
    "id": "f0c14f04-833b-44e3-a006-36c733df7bdd",
    "data": [
      {
        "text": "does singtel gifts provide iTunes in it",
        "userDefined": false
      }
    ],
    "isTemplate": false,
    "count": 0,
    "updated": 0
  },
  {
    "id": "cc998970-299f-4fff-8741-51b7b43cf702",
    "data": [
      {
        "text": "is there any website i can visit for online gifts",
        "userDefined": false
      }
    ],
    "isTemplate": false,
    "count": 0,
    "updated": 0
  },
  {
    "id": "623bbe9d-ea99-495b-a967-ef3ee492dad4",
    "data": [
      {
        "text": "what are the brands available in singtel online gifts",
        "userDefined": false
      }
    ],
    "isTemplate": false,
    "count": 1,
    "updated": 0
  },
  {
    "id": "844cc0c4-92b4-48b0-a61f-44d397d41732",
    "data": [
      {
        "text": "i want to know some brands available in singtel online gifts",
        "userDefined": false
      }
    ],
    "isTemplate": false,
    "count": 0,
    "updated": 0
  },
  {
    "id": "0173dd94-2d49-4a51-a587-9d3b47e08033",
    "data": [
      {
        "text": "what brands are available in singtel online gifts",
        "userDefined": false
      }
    ],
    "isTemplate": false,
    "count": 0,
    "updated": 0
  },
  {
    "id": "4bc01af7-baba-49f2-a91c-78b346ff51ae",
    "data": [
      {
        "text": "how to buy online gifts",
        "userDefined": false
      }
    ],
    "isTemplate": false,
    "count": 0,
    "updated": 0
  },
  {
    "id": "464cc559-c475-40f3-b426-23c9a3b32a4a",
    "data": [
      {
        "text": "singtel online gifts",
        "userDefined": false
      }
    ],
    "isTemplate": false,
    "count": 0,
    "updated": 0
  }
]