[
  {
    "id": "7dbaf48f-25be-4c39-90b2-d09072eef66c",
    "data": [
      {
        "text": "store and share",
        "userDefined": false
      }
    ],
    "isTemplate": false,
    "count": 0,
    "updated": 0
  },
  {
    "id": "251db63c-340f-4149-a8d0-5c1abdd65fff",
    "data": [
      {
        "text": "store my content",
        "userDefined": false
      }
    ],
    "isTemplate": false,
    "count": 0,
    "updated": 0
  },
  {
    "id": "5c264ce0-1054-4fde-91a2-d9cd41e5b207",
    "data": [
      {
        "text": "what is store and share",
        "userDefined": false
      }
    ],
    "isTemplate": false,
    "count": 0,
    "updated": 0
  },
  {
    "id": "3c52a196-07e7-4049-808c-3e6128dc440c",
    "data": [
      {
        "text": "how to save my content online",
        "userDefined": false
      }
    ],
    "isTemplate": false,
    "count": 0,
    "updated": 0
  }
]