[
  {
    "id": "98b1b370-aa3c-4ef1-8d40-0b074e0f3dc8",
    "data": [
      {
        "text": "can i send someone else to receive my purchase for me",
        "userDefined": false
      }
    ],
    "isTemplate": false,
    "count": 0,
    "updated": 0
  },
  {
    "id": "8d6b5c6a-4ea9-4d73-a215-975c4247e627",
    "data": [
      {
        "text": "can my ",
        "userDefined": false
      },
      {
        "text": "mother",
        "alias": "Family",
        "meta": "@Family",
        "userDefined": false
      },
      {
        "text": " sign on my behalf",
        "userDefined": false
      }
    ],
    "isTemplate": false,
    "count": 0,
    "updated": 0
  },
  {
    "id": "4ddde389-d881-4424-b62d-2dadd5ad68a4",
    "data": [
      {
        "text": "can my ",
        "userDefined": false
      },
      {
        "text": "family",
        "alias": "Family",
        "meta": "@Family",
        "userDefined": false
      },
      {
        "text": " sign off the delivery",
        "userDefined": false
      }
    ],
    "isTemplate": false,
    "count": 0,
    "updated": 0
  },
  {
    "id": "d7a936c6-5f32-404b-81d5-554b17dace16",
    "data": [
      {
        "text": "can i get my ",
        "userDefined": false
      },
      {
        "text": "sister",
        "alias": "Family",
        "meta": "@Family",
        "userDefined": false
      },
      {
        "text": " to collect my ",
        "userDefined": false
      },
      {
        "text": "phone",
        "alias": "Handphone",
        "meta": "@Handphone",
        "userDefined": false
      },
      {
        "text": " package",
        "userDefined": false
      }
    ],
    "isTemplate": false,
    "count": 0,
    "updated": 0
  },
  {
    "id": "91567478-cc85-4dd9-b5f4-530bfb5ecda1",
    "data": [
      {
        "text": "can i ask my boss to pick up my ",
        "userDefined": false
      },
      {
        "text": "phone",
        "alias": "Handphone",
        "meta": "@Handphone",
        "userDefined": false
      }
    ],
    "isTemplate": false,
    "count": 0,
    "updated": 0
  },
  {
    "id": "b391aa9c-77b7-42b0-b7fe-1c1f8e0a0013",
    "data": [
      {
        "text": "can i ask my colleague to collect my ",
        "userDefined": false
      },
      {
        "text": "phone",
        "alias": "Handphone",
        "meta": "@Handphone",
        "userDefined": false
      },
      {
        "text": " for me",
        "userDefined": false
      }
    ],
    "isTemplate": false,
    "count": 0,
    "updated": 0
  },
  {
    "id": "a3c90723-9785-428c-a217-b03f814dc553",
    "data": [
      {
        "text": "how do i authorise someone to collect my phone",
        "userDefined": false
      }
    ],
    "isTemplate": false,
    "count": 0,
    "updated": 0
  },
  {
    "id": "2faa5ecf-f9ac-469c-9a9d-cb06602ca735",
    "data": [
      {
        "text": "im not around to collect my ",
        "userDefined": false
      },
      {
        "text": "phone",
        "alias": "Handphone",
        "meta": "@Handphone",
        "userDefined": false
      },
      {
        "text": ", can i get someone else to do it?",
        "userDefined": false
      }
    ],
    "isTemplate": false,
    "count": 1,
    "updated": 0
  },
  {
    "id": "1fd39fe5-8cb3-496c-8143-1b3eefb295d5",
    "data": [
      {
        "text": "i am not free to collect my ",
        "userDefined": false
      },
      {
        "text": "phone",
        "alias": "Handphone",
        "meta": "@Handphone",
        "userDefined": false
      },
      {
        "text": " in person",
        "userDefined": false
      }
    ],
    "isTemplate": false,
    "count": 0,
    "updated": 0
  },
  {
    "id": "0edbb9a8-682d-472e-871b-5710399ab16b",
    "data": [
      {
        "text": "can i ask my ",
        "userDefined": false
      },
      {
        "text": "mother",
        "alias": "Family",
        "meta": "@Family",
        "userDefined": false
      },
      {
        "text": " to collect my ",
        "userDefined": false
      },
      {
        "text": "phone",
        "alias": "Handphone",
        "meta": "@Handphone",
        "userDefined": false
      },
      {
        "text": " for me?",
        "userDefined": false
      }
    ],
    "isTemplate": false,
    "count": 0,
    "updated": 0
  },
  {
    "id": "25cca9a6-d2be-4d40-8ce3-7290fed0663a",
    "data": [
      {
        "text": "can i send someone to collect my ",
        "userDefined": false
      },
      {
        "text": "phone",
        "alias": "Handphone",
        "meta": "@Handphone",
        "userDefined": false
      },
      {
        "text": " for me?",
        "userDefined": false
      }
    ],
    "isTemplate": false,
    "count": 0,
    "updated": 0
  },
  {
    "id": "01e36550-13a2-4aec-b31f-abbbb36dd8f6",
    "data": [
      {
        "text": "letter of authorisation",
        "userDefined": false
      }
    ],
    "isTemplate": false,
    "count": 0,
    "updated": 0
  },
  {
    "id": "5a330ba0-b856-4c37-b48a-59ddf2cab30d",
    "data": [
      {
        "text": "i want to download the letter of authorisation",
        "userDefined": false
      }
    ],
    "isTemplate": false,
    "count": 2,
    "updated": 0
  },
  {
    "id": "bdf1e487-7849-46ca-ac8b-635b0f32cddc",
    "data": [
      {
        "text": "where is the authorisation form?",
        "userDefined": false
      }
    ],
    "isTemplate": false,
    "count": 0,
    "updated": 0
  },
  {
    "id": "7e30e80f-8be2-4d6b-b550-38cc40d80647",
    "data": [
      {
        "text": "i want to authorise someone to collect my ",
        "userDefined": false
      },
      {
        "text": "device",
        "alias": "Handphone",
        "meta": "@Handphone",
        "userDefined": false
      },
      {
        "text": " for me",
        "userDefined": false
      }
    ],
    "isTemplate": false,
    "count": 0,
    "updated": 0
  },
  {
    "id": "999ab72d-49d2-4acb-b81d-0813519ac8b9",
    "data": [
      {
        "text": "can i get someone to pick my ",
        "userDefined": false
      },
      {
        "text": "phone",
        "alias": "Handphone",
        "meta": "@Handphone",
        "userDefined": true
      },
      {
        "text": " for me",
        "userDefined": false
      }
    ],
    "isTemplate": false,
    "count": 0,
    "updated": 0
  },
  {
    "id": "5377c008-ab33-468f-a68d-4366fbb44d29",
    "data": [
      {
        "text": "what if i am not around to collect the ",
        "userDefined": false
      },
      {
        "text": "phone",
        "alias": "Handphone",
        "meta": "@Handphone",
        "userDefined": true
      }
    ],
    "isTemplate": false,
    "count": 0,
    "updated": 0
  },
  {
    "id": "bd7c5c66-d2e6-473e-8234-e89a2ac81c74",
    "data": [
      {
        "text": "can i authorise someone to receive my ",
        "userDefined": false
      },
      {
        "text": "phone",
        "alias": "Handphone",
        "meta": "@Handphone",
        "userDefined": true
      }
    ],
    "isTemplate": false,
    "count": 0,
    "updated": 0
  },
  {
    "id": "3cbed828-f40b-42c8-a548-a23c655f4467",
    "data": [
      {
        "text": "What if I am not around to collect my ",
        "userDefined": false
      },
      {
        "text": "device",
        "alias": "Handphone",
        "meta": "@Handphone",
        "userDefined": true
      },
      {
        "text": " for my online order?",
        "userDefined": false
      }
    ],
    "isTemplate": false,
    "count": 0,
    "updated": 0
  },
  {
    "id": "f4b211d7-4bd5-468b-b485-f90e470df950",
    "data": [
      {
        "text": "can i assign someone to collect the ",
        "userDefined": false
      },
      {
        "text": "phone",
        "alias": "Handphone",
        "meta": "@Handphone",
        "userDefined": true
      }
    ],
    "isTemplate": false,
    "count": 0,
    "updated": 0
  }
]