[
  {
    "id": "0d6c8822-36c0-42f5-b6dd-a97bcadcc920",
    "data": [
      {
        "text": "how to re contract using ",
        "userDefined": false
      },
      {
        "text": "alexandra",
        "alias": "given-name",
        "meta": "@sys.given-name",
        "userDefined": false
      },
      {
        "text": " health",
        "userDefined": false
      }
    ],
    "isTemplate": false,
    "count": 0,
    "updated": 0
  },
  {
    "id": "9648667f-d0ca-4243-8e38-2105a31a735f",
    "data": [
      {
        "text": "Hi, I have problem to provide my ",
        "userDefined": false
      },
      {
        "text": "CIS",
        "alias": "CIS",
        "meta": "@CIS",
        "userDefined": false
      },
      {
        "text": " Identity Document as my HR preparing for new one\tClarification Needed",
        "userDefined": false
      }
    ],
    "isTemplate": false,
    "count": 0,
    "updated": 0
  },
  {
    "id": "429078f7-fa7c-4ef5-a2a7-207d8db0f7ef",
    "data": [
      {
        "text": "Is my employee pass enough to ",
        "userDefined": false
      },
      {
        "text": "apply",
        "alias": "Sign-up",
        "meta": "@Sign-up",
        "userDefined": false
      },
      {
        "text": " for the ",
        "userDefined": false
      },
      {
        "text": "cis",
        "alias": "CIS",
        "meta": "@CIS",
        "userDefined": false
      },
      {
        "text": " ",
        "userDefined": false
      },
      {
        "text": "promo",
        "alias": "Promotion",
        "meta": "@Promotion",
        "userDefined": false
      }
    ],
    "isTemplate": false,
    "count": 0,
    "updated": 0
  },
  {
    "id": "903ba072-945a-497b-8d27-577d2aa37cff",
    "data": [
      {
        "text": "What document I need to present for ",
        "userDefined": false
      },
      {
        "text": "mobile",
        "alias": "Handphone",
        "meta": "@Handphone",
        "userDefined": false
      },
      {
        "text": " ",
        "userDefined": false
      },
      {
        "text": "port-in",
        "alias": "PortIn",
        "meta": "@PortIn",
        "userDefined": false
      },
      {
        "text": " under ",
        "userDefined": false
      },
      {
        "text": "online",
        "alias": "Online",
        "meta": "@Online",
        "userDefined": false
      },
      {
        "text": " ",
        "userDefined": false
      },
      {
        "text": "CIS",
        "alias": "CIS",
        "meta": "@CIS",
        "userDefined": false
      },
      {
        "text": "?",
        "userDefined": false
      }
    ],
    "isTemplate": false,
    "count": 1,
    "updated": 0
  },
  {
    "id": "4268c75a-7314-423c-bdbd-7b9f4e920d1c",
    "data": [
      {
        "text": "what documents do i need to sign up for ",
        "userDefined": false
      },
      {
        "text": "CIS",
        "alias": "CIS",
        "meta": "@CIS",
        "userDefined": false
      }
    ],
    "isTemplate": false,
    "count": 0,
    "updated": 0
  },
  {
    "id": "ed83199a-2c9a-482d-8568-da31f267c6fd",
    "data": [
      {
        "text": "what kind of documents is needed to sign up for ",
        "userDefined": false
      },
      {
        "text": "CIS",
        "alias": "CIS",
        "meta": "@CIS",
        "userDefined": false
      }
    ],
    "isTemplate": false,
    "count": 0,
    "updated": 0
  },
  {
    "id": "33836572-02a2-47f2-afad-17b12188891f",
    "data": [
      {
        "text": "what are the documents required to ",
        "userDefined": false
      },
      {
        "text": "sign up",
        "alias": "Sign-up",
        "meta": "@Sign-up",
        "userDefined": false
      },
      {
        "text": " for ",
        "userDefined": false
      },
      {
        "text": "cis",
        "alias": "CIS",
        "meta": "@CIS",
        "userDefined": false
      }
    ],
    "isTemplate": false,
    "count": 0,
    "updated": 0
  },
  {
    "id": "ecc72858-ca2a-4ec9-9606-068625dd7301",
    "data": [
      {
        "text": "need to bring anything special to ",
        "userDefined": false
      },
      {
        "text": "sign up",
        "alias": "Sign-up",
        "meta": "@Sign-up",
        "userDefined": false
      },
      {
        "text": "?",
        "userDefined": false
      }
    ],
    "isTemplate": false,
    "count": 0,
    "updated": 0
  },
  {
    "id": "d992313b-1522-4918-941f-67723fe7fbeb",
    "data": [
      {
        "text": "what kinds of paper should i bring for ",
        "userDefined": false
      },
      {
        "text": "cis",
        "alias": "CIS",
        "meta": "@CIS",
        "userDefined": false
      }
    ],
    "isTemplate": false,
    "count": 0,
    "updated": 0
  },
  {
    "id": "1e3804c4-751a-4b49-bf13-9a68b673ae09",
    "data": [
      {
        "text": "what forms do i need to bring",
        "userDefined": false
      }
    ],
    "isTemplate": false,
    "count": 1,
    "updated": 0
  },
  {
    "id": "dbb2152c-9b8e-4a5e-8fa0-22043b2bc158",
    "data": [
      {
        "text": "what documents do i need for ",
        "userDefined": false
      },
      {
        "text": "cis",
        "alias": "CIS",
        "meta": "@CIS",
        "userDefined": false
      }
    ],
    "isTemplate": false,
    "count": 0,
    "updated": 0
  },
  {
    "id": "581a95dc-9274-47fd-8548-f1ab35d34589",
    "data": [
      {
        "text": "what i need to ",
        "userDefined": false
      },
      {
        "text": "sign up",
        "alias": "Sign-up",
        "meta": "@Sign-up",
        "userDefined": false
      }
    ],
    "isTemplate": false,
    "count": 0,
    "updated": 0
  },
  {
    "id": "a7a4e48e-b076-4ba7-971c-719b3ce8bb6c",
    "data": [
      {
        "text": "i want to sign up for ",
        "userDefined": false
      },
      {
        "text": "CIS",
        "alias": "CIS",
        "meta": "@CIS",
        "userDefined": false
      },
      {
        "text": ", what document is required",
        "userDefined": false
      }
    ],
    "isTemplate": false,
    "count": 1,
    "updated": 0
  },
  {
    "id": "65b466be-aa50-4f95-a4b7-05c8ba387e08",
    "data": [
      {
        "text": "what do i need to bring",
        "userDefined": false
      }
    ],
    "isTemplate": false,
    "count": 0,
    "updated": 0
  },
  {
    "id": "3a5ea414-00b7-4d59-a271-b56ad8f77be7",
    "data": [
      {
        "text": "should i bring any official paper for cis",
        "userDefined": false
      }
    ],
    "isTemplate": false,
    "count": 0,
    "updated": 0
  },
  {
    "id": "5c8bee73-0a15-4984-84fb-59cec8fe20c6",
    "data": [
      {
        "text": "is there any documents needed to sign up for ",
        "userDefined": false
      },
      {
        "text": "CIS",
        "alias": "CIS",
        "meta": "@CIS",
        "userDefined": false
      }
    ],
    "isTemplate": false,
    "count": 0,
    "updated": 0
  },
  {
    "id": "70faf8f4-7b31-48d9-a94d-19d8f64dbdd6",
    "data": [
      {
        "text": "what documents do i need to ",
        "userDefined": false
      },
      {
        "text": "recontract",
        "alias": "Recontract",
        "meta": "@Recontract",
        "userDefined": false
      },
      {
        "text": " ",
        "userDefined": false
      },
      {
        "text": "CIS",
        "alias": "CIS",
        "meta": "@CIS",
        "userDefined": false
      },
      {
        "text": " plan?",
        "userDefined": false
      }
    ],
    "isTemplate": false,
    "count": 0,
    "updated": 0
  },
  {
    "id": "ea6e5f23-f492-4412-a66a-bc4d07dac77c",
    "data": [
      {
        "text": "what do i need to bring to sign up for ",
        "userDefined": false
      },
      {
        "text": "CIS",
        "alias": "CIS",
        "meta": "@CIS",
        "userDefined": false
      }
    ],
    "isTemplate": false,
    "count": 0,
    "updated": 0
  },
  {
    "id": "1472eafc-2ed5-4ecb-9c43-bc198c62ffa5",
    "data": [
      {
        "text": "what forms do i need to bring to ",
        "userDefined": false
      },
      {
        "text": "sign up",
        "alias": "Sign-up",
        "meta": "@Sign-up",
        "userDefined": false
      }
    ],
    "isTemplate": false,
    "count": 0,
    "updated": 0
  },
  {
    "id": "05aa639e-8130-4fe7-9aa0-1e945c66f29f",
    "data": [
      {
        "text": "do i have to bring some report, deed, charter, or legal agreement for ",
        "userDefined": false
      },
      {
        "text": "cis",
        "alias": "CIS",
        "meta": "@CIS",
        "userDefined": false
      }
    ],
    "isTemplate": false,
    "count": 0,
    "updated": 0
  },
  {
    "id": "a4b8d3d0-9647-404b-bbd4-50320ec10b0a",
    "data": [
      {
        "text": "Want to confirm on doc required for ",
        "userDefined": false
      },
      {
        "text": "application",
        "alias": "Sign-up",
        "meta": "@Sign-up",
        "userDefined": false
      },
      {
        "text": " by singaporean..letter from HR required? Or alternative doc like cpf statement or pay slip sufficient?",
        "userDefined": false
      }
    ],
    "isTemplate": false,
    "count": 0,
    "updated": 0
  },
  {
    "id": "610becbf-45bd-4fb4-ad66-eda10591545d",
    "data": [
      {
        "text": "is letter of cradence necessary to ",
        "userDefined": false
      },
      {
        "text": "sign up",
        "alias": "Sign-up",
        "meta": "@Sign-up",
        "userDefined": false
      },
      {
        "text": " for ",
        "userDefined": false
      },
      {
        "text": "cis",
        "alias": "CIS",
        "meta": "@CIS",
        "userDefined": false
      }
    ],
    "isTemplate": false,
    "count": 0,
    "updated": 0
  },
  {
    "id": "a4115221-922c-4fcd-8730-c446eb50bd72",
    "data": [
      {
        "text": "Do i need my IC to sign up for ",
        "userDefined": false
      },
      {
        "text": "CIS",
        "alias": "CIS",
        "meta": "@CIS",
        "userDefined": true
      },
      {
        "text": "?",
        "userDefined": false
      }
    ],
    "isTemplate": false,
    "count": 0,
    "updated": 0
  },
  {
    "id": "b0c7d56c-a303-43db-8d45-c888d34f6517",
    "data": [
      {
        "text": "is there any documentation i should bring for ",
        "userDefined": false
      },
      {
        "text": "cis",
        "alias": "CIS",
        "meta": "@CIS",
        "userDefined": false
      }
    ],
    "isTemplate": false,
    "count": 0,
    "updated": 0
  },
  {
    "id": "8649aa56-c048-4150-a673-d2ebb72c6a9a",
    "data": [
      {
        "text": "what kind of paperwork is necessary for ",
        "userDefined": false
      },
      {
        "text": "cis",
        "alias": "CIS",
        "meta": "@CIS",
        "userDefined": false
      }
    ],
    "isTemplate": false,
    "count": 0,
    "updated": 0
  },
  {
    "id": "118f24c4-2890-44be-bd1d-52263c7b5675",
    "data": [
      {
        "text": "what docs do i need to bring to sign up for ",
        "userDefined": false
      },
      {
        "text": "CIS",
        "alias": "CIS",
        "meta": "@CIS",
        "userDefined": false
      }
    ],
    "isTemplate": false,
    "count": 1,
    "updated": 0
  }
]