[
  {
    "id": "aa63c8d1-5e8e-4721-a56c-e560d705e531",
    "data": [
      {
        "text": "how can i use my singtel vouchers",
        "userDefined": false
      }
    ],
    "isTemplate": false,
    "count": 1,
    "updated": 0
  },
  {
    "id": "b67a520e-1a0b-4a4a-a136-58f74e24e3f5",
    "data": [
      {
        "text": "i want to redeem my vouchers online",
        "userDefined": false
      }
    ],
    "isTemplate": false,
    "count": 0,
    "updated": 0
  },
  {
    "id": "b03787f6-9d85-4440-ba8d-13f1a2c4d649",
    "data": [
      {
        "text": "can i use the vouchers online",
        "userDefined": false
      }
    ],
    "isTemplate": false,
    "count": 0,
    "updated": 0
  },
  {
    "id": "33c09297-f08c-41c5-a8c7-1a114bffdaad",
    "data": [
      {
        "text": "i want to use my vouchers online",
        "userDefined": false
      }
    ],
    "isTemplate": false,
    "count": 0,
    "updated": 0
  },
  {
    "id": "7568aeb3-1c59-483c-9f55-88f6a7cb921c",
    "data": [
      {
        "text": "how can i use my vouchers",
        "userDefined": false
      }
    ],
    "isTemplate": false,
    "count": 0,
    "updated": 0
  },
  {
    "id": "58e08f91-3708-45f8-9ae8-1e8bdae476ff",
    "data": [
      {
        "text": "can i use my vouchers online",
        "userDefined": false
      }
    ],
    "isTemplate": false,
    "count": 0,
    "updated": 0
  },
  {
    "id": "6b435902-f0e1-4dde-949a-e9cfb803df81",
    "data": [
      {
        "text": "i got some vouchers, can i use it online",
        "userDefined": false
      }
    ],
    "isTemplate": false,
    "count": 0,
    "updated": 0
  },
  {
    "id": "ff2933d4-ad3a-4bf3-8e70-819ef4aecf89",
    "data": [
      {
        "text": "how to redeem promo code",
        "userDefined": false
      }
    ],
    "isTemplate": false,
    "count": 0,
    "updated": 0
  },
  {
    "id": "15a9afd5-e379-4e39-8233-13e33706f3ea",
    "data": [
      {
        "text": "how to redeem my vouchers",
        "userDefined": false
      }
    ],
    "isTemplate": false,
    "count": 0,
    "updated": 0
  },
  {
    "id": "756dba56-235e-470b-a6e3-b152ac69e900",
    "data": [
      {
        "text": "can use the vouchers when i sign up online",
        "userDefined": false
      }
    ],
    "isTemplate": false,
    "count": 0,
    "updated": 0
  },
  {
    "id": "9bac9bd6-f06c-45bc-9284-3ab15874fce8",
    "data": [
      {
        "text": "can i redeem my vouchers when i sign up online",
        "userDefined": false
      }
    ],
    "isTemplate": false,
    "count": 0,
    "updated": 0
  },
  {
    "id": "ae3558f0-4754-4d67-89a9-fc09ff249980",
    "data": [
      {
        "text": "can i utilise my promo code when i sign up online",
        "userDefined": false
      }
    ],
    "isTemplate": false,
    "count": 0,
    "updated": 0
  },
  {
    "id": "a4776779-9dae-4ac0-ab2f-87a3de1b848f",
    "data": [
      {
        "text": "can i redeem my promo coe when i sign up for a ",
        "userDefined": false
      },
      {
        "text": "cis",
        "alias": "CIS",
        "meta": "@CIS",
        "userDefined": false
      },
      {
        "text": " plan online",
        "userDefined": false
      }
    ],
    "isTemplate": false,
    "count": 0,
    "updated": 0
  },
  {
    "id": "61fe0371-c36c-4bbe-a73a-d978023e1eed",
    "data": [
      {
        "text": "can i use my vouchers when i sign up for a ",
        "userDefined": false
      },
      {
        "text": "CIS",
        "alias": "CIS",
        "meta": "@CIS",
        "userDefined": false
      },
      {
        "text": " plan",
        "userDefined": false
      }
    ],
    "isTemplate": false,
    "count": 0,
    "updated": 0
  }
]