[
  {
    "id": "9573cdb3-4d17-4c30-bfdc-69eef79cae65",
    "data": [
      {
        "text": "how to swap for new ",
        "userDefined": false
      },
      {
        "text": "phone",
        "alias": "Handphone",
        "meta": "@Handphone",
        "userDefined": false
      }
    ],
    "isTemplate": false,
    "count": 0,
    "updated": 0
  },
  {
    "id": "df5c1c64-a390-44ae-9856-02387ddaa3eb",
    "data": [
      {
        "text": "replace my ",
        "userDefined": false
      },
      {
        "text": "device",
        "alias": "Handphone",
        "meta": "@Handphone",
        "userDefined": false
      }
    ],
    "isTemplate": false,
    "count": 0,
    "updated": 0
  },
  {
    "id": "4ebeaef4-85a6-4135-bf89-1bd92f7fd2ac",
    "data": [
      {
        "text": "how to swop for another ",
        "userDefined": false
      },
      {
        "text": "phone",
        "alias": "Handphone",
        "meta": "@Handphone",
        "userDefined": false
      }
    ],
    "isTemplate": false,
    "count": 0,
    "updated": 0
  }
]