[
  {
    "id": "d03ae07e-62a6-42c6-9e05-bef9148eddc2",
    "data": [
      {
        "text": "mobileshare free caller ",
        "userDefined": false
      },
      {
        "text": "id",
        "alias": "NRIC",
        "meta": "@NRIC",
        "userDefined": false
      }
    ],
    "isTemplate": false,
    "count": 0,
    "updated": 0
  },
  {
    "id": "ba9da70b-24e2-4cea-a3bd-fa8785dbeae6",
    "data": [
      {
        "text": "is there any free caller ",
        "userDefined": false
      },
      {
        "text": "id",
        "alias": "NRIC",
        "meta": "@NRIC",
        "userDefined": false
      },
      {
        "text": " on mobileshare line",
        "userDefined": false
      }
    ],
    "isTemplate": false,
    "count": 0,
    "updated": 0
  },
  {
    "id": "39ddc89d-51ce-48eb-915c-8c7f43e43714",
    "data": [
      {
        "text": "free caller ",
        "userDefined": false
      },
      {
        "text": "id",
        "alias": "NRIC",
        "meta": "@NRIC",
        "userDefined": false
      },
      {
        "text": " on mobileshare",
        "userDefined": false
      }
    ],
    "isTemplate": false,
    "count": 0,
    "updated": 0
  },
  {
    "id": "3e937e85-97a0-474b-ad55-d9b025a41b48",
    "data": [
      {
        "text": "free caller ",
        "userDefined": false
      },
      {
        "text": "id",
        "alias": "NRIC",
        "meta": "@NRIC",
        "userDefined": false
      },
      {
        "text": " for mobileshare",
        "userDefined": false
      }
    ],
    "isTemplate": false,
    "count": 0,
    "updated": 0
  },
  {
    "id": "33dc288a-ea5d-4e7e-9326-4aa1c91eb2bb",
    "data": [
      {
        "text": "i want to know is there any free caller ",
        "userDefined": false
      },
      {
        "text": "id",
        "alias": "NRIC",
        "meta": "@NRIC",
        "userDefined": false
      },
      {
        "text": " for mobileshare line",
        "userDefined": false
      }
    ],
    "isTemplate": false,
    "count": 0,
    "updated": 0
  },
  {
    "id": "9b42043f-5bf9-45aa-81b6-7a8b151a199e",
    "data": [
      {
        "text": "does mobileshare provide a free caller ",
        "userDefined": false
      },
      {
        "text": "id",
        "alias": "NRIC",
        "meta": "@NRIC",
        "userDefined": false
      }
    ],
    "isTemplate": false,
    "count": 0,
    "updated": 0
  },
  {
    "id": "b0133e2d-2e05-4bc8-be07-977dce30fa0d",
    "data": [
      {
        "text": "i\u0027m wondering if i can get free caller ",
        "userDefined": false
      },
      {
        "text": "id",
        "alias": "NRIC",
        "meta": "@NRIC",
        "userDefined": false
      },
      {
        "text": " for mobileshare",
        "userDefined": false
      }
    ],
    "isTemplate": false,
    "count": 0,
    "updated": 0
  },
  {
    "id": "c39d23f7-ae07-49b8-a381-2637ba79a2b0",
    "data": [
      {
        "text": "is free caller ",
        "userDefined": false
      },
      {
        "text": "id",
        "alias": "NRIC",
        "meta": "@NRIC",
        "userDefined": false
      },
      {
        "text": " available in mobileshare",
        "userDefined": false
      }
    ],
    "isTemplate": false,
    "count": 0,
    "updated": 0
  },
  {
    "id": "6461614b-6036-425a-be1a-578d2717fd39",
    "data": [
      {
        "text": "is there a free caller ",
        "userDefined": false
      },
      {
        "text": "id",
        "alias": "NRIC",
        "meta": "@NRIC",
        "userDefined": false
      },
      {
        "text": " for mobileshare plan",
        "userDefined": false
      }
    ],
    "isTemplate": false,
    "count": 0,
    "updated": 0
  }
]