[
  {
    "id": "02b954b3-11fc-4098-9b51-ac10337a165b",
    "data": [
      {
        "text": "i want to know how much is the ",
        "userDefined": false
      },
      {
        "text": "fee",
        "alias": "Fees",
        "meta": "@Fees",
        "userDefined": false
      },
      {
        "text": " is i want to ",
        "userDefined": false
      },
      {
        "text": "terminate",
        "alias": "Terminate",
        "meta": "@Terminate",
        "userDefined": false
      },
      {
        "text": " early",
        "userDefined": false
      }
    ],
    "isTemplate": false,
    "count": 0,
    "updated": 0
  },
  {
    "id": "d0c267f2-cd01-4739-b296-70042a465f0c",
    "data": [
      {
        "text": "can i ",
        "userDefined": false
      },
      {
        "text": "terminate",
        "alias": "Terminate",
        "meta": "@Terminate",
        "userDefined": true
      },
      {
        "text": " my ",
        "userDefined": false
      },
      {
        "text": "cis",
        "alias": "CIS",
        "meta": "@CIS",
        "userDefined": false
      },
      {
        "text": " before contract is up",
        "userDefined": false
      }
    ],
    "isTemplate": false,
    "count": 1,
    "updated": 0
  },
  {
    "id": "11d3c99a-3f29-405e-90c3-35c07ff2f84e",
    "data": [
      {
        "text": "i want to end my plan prematurely",
        "userDefined": false
      }
    ],
    "isTemplate": false,
    "count": 1,
    "updated": 0
  },
  {
    "id": "0a21f37c-b133-4268-9641-6990f0d95016",
    "data": [
      {
        "text": "is there any specific period if I want to ",
        "userDefined": false
      },
      {
        "text": "terminate",
        "alias": "Terminate",
        "meta": "@Terminate",
        "userDefined": false
      },
      {
        "text": " my ",
        "userDefined": false
      },
      {
        "text": "cis",
        "alias": "CIS",
        "meta": "@CIS",
        "userDefined": false
      },
      {
        "text": " line?",
        "userDefined": false
      }
    ],
    "isTemplate": false,
    "count": 0,
    "updated": 0
  },
  {
    "id": "5772fe54-32b6-49a9-b59b-c3846d64a58a",
    "data": [
      {
        "text": "i want to end my plan early",
        "userDefined": false
      }
    ],
    "isTemplate": false,
    "count": 0,
    "updated": 0
  },
  {
    "id": "4a72c01d-1e5b-419e-8522-1e6fb9f828a9",
    "data": [
      {
        "text": "i want to ",
        "userDefined": false
      },
      {
        "text": "terminate",
        "alias": "Terminate",
        "meta": "@Terminate",
        "userDefined": false
      },
      {
        "text": " my plan early",
        "userDefined": false
      }
    ],
    "isTemplate": false,
    "count": 0,
    "updated": 0
  },
  {
    "id": "b7b53302-e48e-4c43-86e7-8c161060dee2",
    "data": [
      {
        "text": "i want to check the ",
        "userDefined": false
      },
      {
        "text": "termination",
        "alias": "Terminate",
        "meta": "@Terminate",
        "userDefined": false
      },
      {
        "text": " ",
        "userDefined": false
      },
      {
        "text": "fee",
        "alias": "Fees",
        "meta": "@Fees",
        "userDefined": false
      }
    ],
    "isTemplate": false,
    "count": 0,
    "updated": 0
  },
  {
    "id": "0ea3445e-6bd9-4105-870c-81ad2d1af058",
    "data": [
      {
        "text": "how much is the ",
        "userDefined": false
      },
      {
        "text": "termination",
        "alias": "Terminate",
        "meta": "@Terminate",
        "userDefined": false
      },
      {
        "text": " ",
        "userDefined": false
      },
      {
        "text": "fee",
        "alias": "Fees",
        "meta": "@Fees",
        "userDefined": false
      }
    ],
    "isTemplate": false,
    "count": 0,
    "updated": 0
  },
  {
    "id": "5e49c615-3a52-417b-9ebd-5bcd3998d553",
    "data": [
      {
        "text": "will i be charged for early ",
        "userDefined": false
      },
      {
        "text": "termination",
        "alias": "Terminate",
        "meta": "@Terminate",
        "userDefined": false
      },
      {
        "text": "?",
        "userDefined": false
      }
    ],
    "isTemplate": false,
    "count": 0,
    "updated": 0
  },
  {
    "id": "3a92af22-78e3-4a20-bb57-585cd9164a55",
    "data": [
      {
        "text": "Hi, I would like to request for a ",
        "userDefined": false
      },
      {
        "text": "cancellation",
        "alias": "Terminate",
        "meta": "@Terminate",
        "userDefined": false
      },
      {
        "text": " of a ",
        "userDefined": false
      },
      {
        "text": "CIS",
        "alias": "CIS",
        "meta": "@CIS",
        "userDefined": false
      },
      {
        "text": " transaction for a ",
        "userDefined": false
      },
      {
        "text": "recontract",
        "alias": "Recontract",
        "meta": "@Recontract",
        "userDefined": false
      },
      {
        "text": " made by mistake ",
        "userDefined": false
      },
      {
        "text": "yesterday",
        "alias": "date",
        "meta": "@sys.date",
        "userDefined": false
      }
    ],
    "isTemplate": false,
    "count": 0,
    "updated": 0
  },
  {
    "id": "4b178575-6fa9-45d0-a2b3-7990aea0b902",
    "data": [
      {
        "text": "is there any early ",
        "userDefined": false
      },
      {
        "text": "termination",
        "alias": "Terminate",
        "meta": "@Terminate",
        "userDefined": false
      },
      {
        "text": " fee",
        "userDefined": false
      }
    ],
    "isTemplate": false,
    "count": 0,
    "updated": 0
  },
  {
    "id": "2e9c1853-c0dd-4bd4-80a1-7db7e466fae9",
    "data": [
      {
        "text": "will i be fine for early ",
        "userDefined": false
      },
      {
        "text": "termination",
        "alias": "Terminate",
        "meta": "@Terminate",
        "userDefined": false
      }
    ],
    "isTemplate": false,
    "count": 0,
    "updated": 0
  },
  {
    "id": "3cc6f8dd-e755-41e4-a196-b08f6e5fc1b0",
    "data": [
      {
        "text": "i want to ",
        "userDefined": false
      },
      {
        "text": "terminate",
        "alias": "Terminate",
        "meta": "@Terminate",
        "userDefined": true
      },
      {
        "text": " my ",
        "userDefined": false
      },
      {
        "text": "cis",
        "alias": "CIS",
        "meta": "@CIS",
        "userDefined": false
      },
      {
        "text": " line before expiry",
        "userDefined": false
      }
    ],
    "isTemplate": false,
    "count": 0,
    "updated": 0
  },
  {
    "id": "17505469-46e0-4ad8-8c8e-390e22fdc656",
    "data": [
      {
        "text": "i want to ",
        "userDefined": false
      },
      {
        "text": "terminate",
        "alias": "Terminate",
        "meta": "@Terminate",
        "userDefined": false
      },
      {
        "text": " my plan early is there any ",
        "userDefined": false
      },
      {
        "text": "fees",
        "alias": "Fees",
        "meta": "@Fees",
        "userDefined": false
      },
      {
        "text": " charged",
        "userDefined": false
      }
    ],
    "isTemplate": false,
    "count": 0,
    "updated": 0
  },
  {
    "id": "d8618136-cb11-46cd-b14a-288d9b6d598a",
    "data": [
      {
        "text": "i want to end my plan early, is there any ",
        "userDefined": false
      },
      {
        "text": "fees",
        "alias": "Fees",
        "meta": "@Fees",
        "userDefined": false
      },
      {
        "text": " i have to pay",
        "userDefined": false
      }
    ],
    "isTemplate": false,
    "count": 0,
    "updated": 0
  },
  {
    "id": "4e547b57-b0fc-4093-abfa-28dde5923310",
    "data": [
      {
        "text": "can i ",
        "userDefined": false
      },
      {
        "text": "terminate",
        "alias": "Terminate",
        "meta": "@Terminate",
        "userDefined": true
      },
      {
        "text": " my ",
        "userDefined": false
      },
      {
        "text": "cis",
        "alias": "CIS",
        "meta": "@CIS",
        "userDefined": false
      },
      {
        "text": " plan anytime",
        "userDefined": false
      }
    ],
    "isTemplate": false,
    "count": 0,
    "updated": 0
  },
  {
    "id": "44b74bf1-62cd-40f1-903f-8c359f478f1e",
    "data": [
      {
        "text": "is early ",
        "userDefined": false
      },
      {
        "text": "termination",
        "alias": "Terminate",
        "meta": "@Terminate",
        "userDefined": false
      },
      {
        "text": " allowed?",
        "userDefined": false
      }
    ],
    "isTemplate": false,
    "count": 2,
    "updated": 0
  },
  {
    "id": "5338a833-1a57-4617-854c-ea1471b85413",
    "data": [
      {
        "text": " hi i would like to check ",
        "userDefined": false
      },
      {
        "text": "termination",
        "alias": "Terminate",
        "meta": "@Terminate",
        "userDefined": false
      },
      {
        "text": " ",
        "userDefined": false
      },
      {
        "text": "fee",
        "alias": "Fees",
        "meta": "@Fees",
        "userDefined": false
      },
      {
        "text": " for my ",
        "userDefined": false
      },
      {
        "text": "mobile",
        "alias": "Handphone",
        "meta": "@Handphone",
        "userDefined": false
      },
      {
        "text": ".tks",
        "userDefined": false
      }
    ],
    "isTemplate": false,
    "count": 0,
    "updated": 0
  },
  {
    "id": "be96541c-3617-4da1-a42b-aa8765f17a85",
    "data": [
      {
        "text": "i want to know the ",
        "userDefined": false
      },
      {
        "text": "termination",
        "alias": "Terminate",
        "meta": "@Terminate",
        "userDefined": false
      },
      {
        "text": " ",
        "userDefined": false
      },
      {
        "text": "fee",
        "alias": "Fees",
        "meta": "@Fees",
        "userDefined": false
      },
      {
        "text": " thanks",
        "userDefined": false
      }
    ],
    "isTemplate": false,
    "count": 0,
    "updated": 0
  },
  {
    "id": "f36df79a-a1da-42d3-8216-0858eef4f853",
    "data": [
      {
        "text": "penalty for early ",
        "userDefined": false
      },
      {
        "text": "termination",
        "alias": "Terminate",
        "meta": "@Terminate",
        "userDefined": false
      },
      {
        "text": " of ",
        "userDefined": false
      },
      {
        "text": "cis",
        "alias": "CIS",
        "meta": "@CIS",
        "userDefined": false
      },
      {
        "text": " line",
        "userDefined": false
      }
    ],
    "isTemplate": false,
    "count": 1,
    "updated": 0
  },
  {
    "id": "be8d3b22-b397-4472-ad87-ebb5b079d479",
    "data": [
      {
        "text": "Hey. I want to ",
        "userDefined": false
      },
      {
        "text": "cancel",
        "alias": "Terminate",
        "meta": "@Terminate",
        "userDefined": false
      },
      {
        "text": " my ",
        "userDefined": false
      },
      {
        "text": "plan",
        "alias": "CIS",
        "meta": "@CIS",
        "userDefined": false
      },
      {
        "text": " but my plan is still running. Is it possible to cancel?",
        "userDefined": false
      }
    ],
    "isTemplate": false,
    "count": 0,
    "updated": 0
  },
  {
    "id": "5f4757d3-95c0-45b6-99d0-23ecd91e2860",
    "data": [
      {
        "text": "can i ",
        "userDefined": false
      },
      {
        "text": "terminate",
        "alias": "Terminate",
        "meta": "@Terminate",
        "userDefined": false
      },
      {
        "text": " my ",
        "userDefined": false
      },
      {
        "text": "cis",
        "alias": "CIS",
        "meta": "@CIS",
        "userDefined": false
      },
      {
        "text": " line anytime",
        "userDefined": false
      }
    ],
    "isTemplate": false,
    "count": 1,
    "updated": 0
  },
  {
    "id": "1058bab8-df38-4270-bc44-9876eab43543",
    "data": [
      {
        "text": "i want to end my plan early is there any ",
        "userDefined": false
      },
      {
        "text": "penalty",
        "alias": "Fees",
        "meta": "@Fees",
        "userDefined": false
      }
    ],
    "isTemplate": false,
    "count": 0,
    "updated": 0
  },
  {
    "id": "aba176b0-1bc2-4e73-99bf-b35325202544",
    "data": [
      {
        "text": "how to ",
        "userDefined": false
      },
      {
        "text": "cancel",
        "alias": "Terminate",
        "meta": "@Terminate",
        "userDefined": false
      },
      {
        "text": " my ",
        "userDefined": false
      },
      {
        "text": "cis",
        "alias": "CIS",
        "meta": "@CIS",
        "userDefined": false
      },
      {
        "text": " line",
        "userDefined": false
      }
    ],
    "isTemplate": false,
    "count": 1,
    "updated": 0
  },
  {
    "id": "191b59ef-11ef-4d51-966d-0852cf19e6ef",
    "data": [
      {
        "text": "can i ",
        "userDefined": false
      },
      {
        "text": "cancel",
        "alias": "Terminate",
        "meta": "@Terminate",
        "userDefined": false
      },
      {
        "text": " my ",
        "userDefined": false
      },
      {
        "text": "cis",
        "alias": "CIS",
        "meta": "@CIS",
        "userDefined": false
      },
      {
        "text": " line early",
        "userDefined": false
      }
    ],
    "isTemplate": false,
    "count": 0,
    "updated": 0
  },
  {
    "id": "51d1f208-0bcb-41cb-86b9-8780dbc64cff",
    "data": [
      {
        "text": "is there any early ",
        "userDefined": false
      },
      {
        "text": "termination",
        "alias": "Terminate",
        "meta": "@Terminate",
        "userDefined": false
      },
      {
        "text": " charges",
        "userDefined": false
      }
    ],
    "isTemplate": false,
    "count": 1,
    "updated": 0
  },
  {
    "id": "da4247e7-133a-4192-81e6-cedeb61f7674",
    "data": [
      {
        "text": "can i ",
        "userDefined": false
      },
      {
        "text": "terminate",
        "alias": "Terminate",
        "meta": "@Terminate",
        "userDefined": true
      },
      {
        "text": " my ",
        "userDefined": false
      },
      {
        "text": "cis",
        "alias": "CIS",
        "meta": "@CIS",
        "userDefined": false
      },
      {
        "text": " line before expiry",
        "userDefined": false
      }
    ],
    "isTemplate": false,
    "count": 0,
    "updated": 0
  },
  {
    "id": "9936289d-bcd1-4c91-9340-686ffcc01d0d",
    "data": [
      {
        "text": "can i end my plan before contract is up",
        "userDefined": false
      }
    ],
    "isTemplate": false,
    "count": 0,
    "updated": 0
  },
  {
    "id": "e1f79fb1-d7c2-4624-a4a0-de3ee93eb10a",
    "data": [
      {
        "text": "i want to ",
        "userDefined": false
      },
      {
        "text": "terminate",
        "alias": "Terminate",
        "meta": "@Terminate",
        "userDefined": true
      },
      {
        "text": " my line early",
        "userDefined": false
      }
    ],
    "isTemplate": false,
    "count": 1,
    "updated": 0
  },
  {
    "id": "8701c2a3-dfc4-4102-b1e1-cdff14ff524a",
    "data": [
      {
        "text": "please ",
        "userDefined": false
      },
      {
        "text": "cancel",
        "alias": "Terminate",
        "meta": "@Terminate",
        "userDefined": false
      },
      {
        "text": " my ",
        "userDefined": false
      },
      {
        "text": "cis",
        "alias": "CIS",
        "meta": "@CIS",
        "userDefined": false
      },
      {
        "text": " line",
        "userDefined": false
      }
    ],
    "isTemplate": false,
    "count": 0,
    "updated": 0
  },
  {
    "id": "e13bcdea-0371-4363-a12d-f6931a5496b4",
    "data": [
      {
        "text": "is there any ",
        "userDefined": false
      },
      {
        "text": "termination",
        "alias": "Terminate",
        "meta": "@Terminate",
        "userDefined": false
      },
      {
        "text": " penalty fee",
        "userDefined": false
      }
    ],
    "isTemplate": false,
    "count": 1,
    "updated": 0
  },
  {
    "id": "91f681b8-0421-4aa7-97ba-75d23fa4db63",
    "data": [
      {
        "text": "i want to ",
        "userDefined": false
      },
      {
        "text": "cancel",
        "alias": "Terminate",
        "meta": "@Terminate",
        "userDefined": false
      },
      {
        "text": " my ",
        "userDefined": false
      },
      {
        "text": "cis",
        "alias": "CIS",
        "meta": "@CIS",
        "userDefined": false
      },
      {
        "text": " contract before the plan is due",
        "userDefined": false
      }
    ],
    "isTemplate": false,
    "count": 1,
    "updated": 0
  },
  {
    "id": "a3b4b452-b495-4c7e-ac87-fa373c62958f",
    "data": [
      {
        "text": "i want to ",
        "userDefined": false
      },
      {
        "text": "terminate",
        "alias": "Terminate",
        "meta": "@Terminate",
        "userDefined": true
      },
      {
        "text": " my ",
        "userDefined": false
      },
      {
        "text": "cis",
        "alias": "CIS",
        "meta": "@CIS",
        "userDefined": false
      },
      {
        "text": " line early",
        "userDefined": false
      }
    ],
    "isTemplate": false,
    "count": 0,
    "updated": 0
  },
  {
    "id": "e694a6cc-c115-465b-9c1b-c2a41b1a71c0",
    "data": [
      {
        "text": "is there any charges for early ",
        "userDefined": false
      },
      {
        "text": "termination",
        "alias": "Terminate",
        "meta": "@Terminate",
        "userDefined": false
      }
    ],
    "isTemplate": false,
    "count": 1,
    "updated": 0
  },
  {
    "id": "d316fde4-aa3f-41dc-87e6-57f1347b02f7",
    "data": [
      {
        "text": "Can i ",
        "userDefined": false
      },
      {
        "text": "cancel",
        "alias": "Terminate",
        "meta": "@Terminate",
        "userDefined": false
      },
      {
        "text": " my ",
        "userDefined": false
      },
      {
        "text": "cis",
        "alias": "CIS",
        "meta": "@CIS",
        "userDefined": false
      },
      {
        "text": " contract before the plan is due",
        "userDefined": false
      }
    ],
    "isTemplate": false,
    "count": 0,
    "updated": 0
  },
  {
    "id": "aa37b693-d114-424c-b10a-2518ea39aa69",
    "data": [
      {
        "text": "cancel",
        "alias": "Terminate",
        "meta": "@Terminate",
        "userDefined": false
      },
      {
        "text": " my line",
        "userDefined": false
      }
    ],
    "isTemplate": false,
    "count": 0,
    "updated": 0
  },
  {
    "id": "1ff1e825-9f3e-43bb-a3de-fd006e43db36",
    "data": [
      {
        "text": "can i ",
        "userDefined": false
      },
      {
        "text": "terminate",
        "alias": "Terminate",
        "meta": "@Terminate",
        "userDefined": true
      },
      {
        "text": " early",
        "userDefined": false
      }
    ],
    "isTemplate": false,
    "count": 0,
    "updated": 0
  },
  {
    "id": "c2057232-b7e3-4dff-af22-d8013d2e2e9c",
    "data": [
      {
        "text": "i want to ",
        "userDefined": false
      },
      {
        "text": "cancel",
        "alias": "Terminate",
        "meta": "@Terminate",
        "userDefined": false
      },
      {
        "text": " my ",
        "userDefined": false
      },
      {
        "text": "cis",
        "alias": "CIS",
        "meta": "@CIS",
        "userDefined": false
      },
      {
        "text": " line early",
        "userDefined": false
      }
    ],
    "isTemplate": false,
    "count": 0,
    "updated": 0
  },
  {
    "id": "34b510f0-5b11-449f-bc31-88cb273f4aed",
    "data": [
      {
        "text": "can i ",
        "userDefined": false
      },
      {
        "text": "cancel",
        "alias": "Terminate",
        "meta": "@Terminate",
        "userDefined": false
      },
      {
        "text": " my ",
        "userDefined": false
      },
      {
        "text": "cis",
        "alias": "CIS",
        "meta": "@CIS",
        "userDefined": false
      },
      {
        "text": " line",
        "userDefined": false
      }
    ],
    "isTemplate": false,
    "count": 0,
    "updated": 0
  },
  {
    "id": "0adec829-54e4-42d4-ada9-e1727fb88b58",
    "data": [
      {
        "text": "i want to ",
        "userDefined": false
      },
      {
        "text": "cancel",
        "alias": "Terminate",
        "meta": "@Terminate",
        "userDefined": false
      },
      {
        "text": " my ",
        "userDefined": false
      },
      {
        "text": "cis",
        "alias": "CIS",
        "meta": "@CIS",
        "userDefined": false
      },
      {
        "text": " line",
        "userDefined": false
      }
    ],
    "isTemplate": false,
    "count": 0,
    "updated": 0
  }
]