[
  {
    "id": "96557759-1e41-4194-9ec3-f2aafacb198d",
    "data": [
      {
        "text": "1st month",
        "alias": "date-period",
        "meta": "@sys.date-period",
        "userDefined": false
      },
      {
        "text": " ",
        "userDefined": false
      },
      {
        "text": "recontract",
        "alias": "Recontract",
        "meta": "@Recontract",
        "userDefined": false
      },
      {
        "text": " admin",
        "userDefined": false
      }
    ],
    "isTemplate": false,
    "count": 0,
    "updated": 0
  },
  {
    "id": "eb9bc868-3818-4232-b885-e37808b17630",
    "data": [
      {
        "text": "i\u0027m on my ",
        "userDefined": false
      },
      {
        "text": "1st month",
        "alias": "date",
        "meta": "@sys.date",
        "userDefined": false
      }
    ],
    "isTemplate": false,
    "count": 0,
    "updated": 0
  },
  {
    "id": "61f3436c-39c6-4f9d-acbb-d29fcfb64ea3",
    "data": [
      {
        "text": "Between 1st to 5th Month",
        "alias": "date-period",
        "meta": "@sys.date-period",
        "userDefined": false
      }
    ],
    "isTemplate": false,
    "count": 0,
    "updated": 0
  }
]