[
  {
    "id": "e61d8fda-a8eb-4774-a4a0-bf5603175bc4",
    "data": [
      {
        "text": "will there be any disruption to my telco service when i port in?",
        "userDefined": false
      }
    ],
    "isTemplate": false,
    "count": 0,
    "updated": 0
  },
  {
    "id": "c4b4bc47-d01a-4571-b4f1-6b9942f88166",
    "data": [
      {
        "text": "Will I experience any service disruption when I port-in",
        "userDefined": false
      }
    ],
    "isTemplate": false,
    "count": 0,
    "updated": 0
  },
  {
    "id": "36375819-4d54-495e-a325-a474a8d2a07b",
    "data": [
      {
        "text": "where my number is being port-in to ",
        "userDefined": false
      },
      {
        "text": "cis",
        "alias": "CIS",
        "meta": "@CIS",
        "userDefined": false
      },
      {
        "text": ", when my ",
        "userDefined": false
      },
      {
        "text": "phone",
        "alias": "Handphone",
        "meta": "@Handphone",
        "userDefined": false
      },
      {
        "text": " service be disrupted?",
        "userDefined": false
      }
    ],
    "isTemplate": false,
    "count": 0,
    "updated": 0
  },
  {
    "id": "1fa293a9-f792-4201-ace9-cd73b8032a0b",
    "data": [
      {
        "text": "when port-in is being conducted, will there be any service disruption",
        "userDefined": false
      }
    ],
    "isTemplate": false,
    "count": 0,
    "updated": 0
  },
  {
    "id": "11c4ec19-2ed8-47a4-b9cd-4c77d2a40d43",
    "data": [
      {
        "text": "is there any service disruption when i do a port in",
        "userDefined": false
      }
    ],
    "isTemplate": false,
    "count": 0,
    "updated": 0
  },
  {
    "id": "943668dd-fa17-4f37-8069-5c5770410f5b",
    "data": [
      {
        "text": "any service stop when i port in",
        "userDefined": false
      }
    ],
    "isTemplate": false,
    "count": 0,
    "updated": 0
  },
  {
    "id": "1284670f-a876-475f-b91e-46e018015b57",
    "data": [
      {
        "text": "will there be a stop in my service when i port in",
        "userDefined": false
      }
    ],
    "isTemplate": false,
    "count": 0,
    "updated": 0
  },
  {
    "id": "d0c52d7b-3a6f-4227-ba6a-9954176d1c79",
    "data": [
      {
        "text": "will there be any service disruption when i port-in?",
        "userDefined": false
      }
    ],
    "isTemplate": false,
    "count": 1,
    "updated": 0
  }
]