[
  {
    "id": "955de261-d11b-4ee1-a19d-97606d99e791",
    "data": [
      {
        "text": "pricing for ",
        "userDefined": false
      },
      {
        "text": "fox",
        "alias": "given-name",
        "meta": "@sys.given-name",
        "userDefined": false
      }
    ],
    "isTemplate": false,
    "count": 1,
    "updated": 0
  },
  {
    "id": "6c5bf927-7568-495e-9d20-431b45a1d0e9",
    "data": [
      {
        "text": "price for fox+",
        "userDefined": false
      }
    ],
    "isTemplate": false,
    "count": 0,
    "updated": 0
  },
  {
    "id": "8d848d44-55da-42be-8425-b165ca9ee3ff",
    "data": [
      {
        "text": "singtel fox+",
        "userDefined": false
      }
    ],
    "isTemplate": false,
    "count": 0,
    "updated": 0
  },
  {
    "id": "3d5e00f3-2705-4ce7-9357-e84f33c9fb38",
    "data": [
      {
        "text": "i want to watch hollywood shows on my ",
        "userDefined": false
      },
      {
        "text": "phone",
        "alias": "Handphone",
        "meta": "@Handphone",
        "userDefined": false
      }
    ],
    "isTemplate": false,
    "count": 0,
    "updated": 0
  },
  {
    "id": "42ae51e2-c477-471b-bc72-4ceeffb45143",
    "data": [
      {
        "text": "how much is fox+",
        "userDefined": false
      }
    ],
    "isTemplate": false,
    "count": 0,
    "updated": 0
  },
  {
    "id": "288d401d-7861-4ef7-a68d-d45bb4a346c9",
    "data": [
      {
        "text": "how much is ",
        "userDefined": false
      },
      {
        "text": "fox",
        "alias": "given-name",
        "meta": "@sys.given-name",
        "userDefined": false
      }
    ],
    "isTemplate": false,
    "count": 0,
    "updated": 0
  },
  {
    "id": "33a68e27-467e-4f79-bf9b-c4a86e46cd4d",
    "data": [
      {
        "text": "what is fox",
        "userDefined": false
      }
    ],
    "isTemplate": false,
    "count": 0,
    "updated": 0
  },
  {
    "id": "d1b69218-91a4-4457-8ea1-9cceb17fa071",
    "data": [
      {
        "text": "can you tell me more about fox+",
        "userDefined": false
      }
    ],
    "isTemplate": false,
    "count": 0,
    "updated": 0
  },
  {
    "id": "50a39863-5260-4029-aee1-f8760934a902",
    "data": [
      {
        "text": "what is fox plus",
        "userDefined": false
      }
    ],
    "isTemplate": false,
    "count": 0,
    "updated": 0
  },
  {
    "id": "42360a0a-738c-4d48-a828-aebe12206580",
    "data": [
      {
        "text": "what is fox+",
        "userDefined": false
      }
    ],
    "isTemplate": false,
    "count": 0,
    "updated": 0
  },
  {
    "id": "0c266724-0ed6-4904-bf2f-d7fec91fd846",
    "data": [
      {
        "text": "tell me more about fox+ with singtel",
        "userDefined": false
      }
    ],
    "isTemplate": false,
    "count": 0,
    "updated": 0
  },
  {
    "id": "e696eb79-b486-4a9e-8a34-963d7a0a8f66",
    "data": [
      {
        "text": "how can i watch fox on my ",
        "userDefined": false
      },
      {
        "text": "phone",
        "alias": "Handphone",
        "meta": "@Handphone",
        "userDefined": false
      }
    ],
    "isTemplate": false,
    "count": 0,
    "updated": 0
  },
  {
    "id": "1d4b989a-d222-4a14-b010-9ea6d44627f9",
    "data": [
      {
        "text": "how can i watch fox+ on ",
        "userDefined": false
      },
      {
        "text": "mobile",
        "alias": "Handphone",
        "meta": "@Handphone",
        "userDefined": false
      }
    ],
    "isTemplate": false,
    "count": 0,
    "updated": 0
  },
  {
    "id": "e5ca5388-276f-4882-8e43-ce5804c38138",
    "data": [
      {
        "text": "i want to watch fox on ",
        "userDefined": false
      },
      {
        "text": "mobile",
        "alias": "Handphone",
        "meta": "@Handphone",
        "userDefined": false
      }
    ],
    "isTemplate": false,
    "count": 0,
    "updated": 0
  },
  {
    "id": "d8cba404-b03a-48e0-b43f-620c08bd714b",
    "data": [
      {
        "text": "fox plus",
        "userDefined": false
      }
    ],
    "isTemplate": false,
    "count": 0,
    "updated": 0
  },
  {
    "id": "90f48299-41dc-4c5f-b153-1892edbb8ab6",
    "data": [
      {
        "text": "fox+",
        "userDefined": false
      }
    ],
    "isTemplate": false,
    "count": 0,
    "updated": 0
  }
]