[
  {
    "id": "5cdd3b2b-7185-468e-be09-c7753f93190e",
    "data": [
      {
        "text": "i just requested for a transfer to ",
        "userDefined": false
      },
      {
        "text": "cis",
        "alias": "CIS",
        "meta": "@CIS",
        "userDefined": false
      },
      {
        "text": ", how long will it take",
        "userDefined": false
      }
    ],
    "isTemplate": false,
    "count": 0,
    "updated": 0
  },
  {
    "id": "abcb71cf-7c62-465c-a4d6-ba4adbaf5678",
    "data": [
      {
        "text": "how long will transfer ownership take effect",
        "userDefined": false
      }
    ],
    "isTemplate": false,
    "count": 0,
    "updated": 0
  },
  {
    "id": "b5fe9439-b6c9-4d5d-b479-4354a0a6bec6",
    "data": [
      {
        "text": "how long does change ownership take effect",
        "userDefined": false
      }
    ],
    "isTemplate": false,
    "count": 0,
    "updated": 0
  },
  {
    "id": "c494e840-679a-4147-92df-5310e1d5f40b",
    "data": [
      {
        "text": "how long to change ownership",
        "userDefined": false
      }
    ],
    "isTemplate": false,
    "count": 0,
    "updated": 0
  },
  {
    "id": "3ce402da-3b6a-41c2-a06a-8a35f28dcb46",
    "data": [
      {
        "text": "how long will it take to transfer my line to my ",
        "userDefined": false
      },
      {
        "text": "mother",
        "alias": "Family",
        "meta": "@Family",
        "userDefined": false
      }
    ],
    "isTemplate": false,
    "count": 0,
    "updated": 0
  },
  {
    "id": "f71826fe-ba6f-43aa-8298-91c84e32b6bd",
    "data": [
      {
        "text": "if i want to transfer my line to my ",
        "userDefined": false
      },
      {
        "text": "mother",
        "alias": "Family",
        "meta": "@Family",
        "userDefined": false
      },
      {
        "text": " how long",
        "userDefined": false
      }
    ],
    "isTemplate": false,
    "count": 0,
    "updated": 0
  },
  {
    "id": "b71a38a5-f5a4-4faa-b9f6-7b72e7e2ceec",
    "data": [
      {
        "text": "i want to transfer ownership to my ",
        "userDefined": false
      },
      {
        "text": "sister",
        "alias": "Family",
        "meta": "@Family",
        "userDefined": false
      },
      {
        "text": " how long will it take?",
        "userDefined": false
      }
    ],
    "isTemplate": false,
    "count": 0,
    "updated": 0
  },
  {
    "id": "c5555b70-49ab-4ccc-8fab-1c211244f7c7",
    "data": [
      {
        "text": "Is transfer of ownership immediate?",
        "userDefined": false
      }
    ],
    "isTemplate": false,
    "count": 0,
    "updated": 0
  },
  {
    "id": "07125625-813c-4fba-a454-6e0d5faa8ed8",
    "data": [
      {
        "text": "how long do i change ownership",
        "userDefined": false
      }
    ],
    "isTemplate": false,
    "count": 0,
    "updated": 0
  },
  {
    "id": "7a435611-693c-46d6-bcaf-75c48151c607",
    "data": [
      {
        "text": "how long can i change my ownership to ",
        "userDefined": false
      },
      {
        "text": "cis",
        "alias": "CIS",
        "meta": "@CIS",
        "userDefined": false
      }
    ],
    "isTemplate": false,
    "count": 0,
    "updated": 0
  },
  {
    "id": "fdaf6431-1eb5-42ea-aaa8-eaa7b10c8cb6",
    "data": [
      {
        "text": "how long does it take to change ownership",
        "userDefined": false
      }
    ],
    "isTemplate": false,
    "count": 0,
    "updated": 0
  },
  {
    "id": "6438e7e2-3821-446d-88b7-d63f3c533b25",
    "data": [
      {
        "text": "transfer from residential to ",
        "userDefined": false
      },
      {
        "text": "cis",
        "alias": "CIS",
        "meta": "@CIS",
        "userDefined": false
      },
      {
        "text": " how long",
        "userDefined": false
      }
    ],
    "isTemplate": false,
    "count": 0,
    "updated": 0
  },
  {
    "id": "1dce47cf-6ff0-4db6-9ff3-a4d8fb0928aa",
    "data": [
      {
        "text": "how long does it take to transfer from personal to cis",
        "userDefined": false
      }
    ],
    "isTemplate": false,
    "count": 0,
    "updated": 0
  },
  {
    "id": "3e029d1a-81d7-4155-8198-9c865486da63",
    "data": [
      {
        "text": "how long does it take to ",
        "userDefined": false
      },
      {
        "text": "transfer",
        "alias": "geo-city",
        "meta": "@sys.geo-city",
        "userDefined": false
      },
      {
        "text": " from residential to ",
        "userDefined": false
      },
      {
        "text": "cis",
        "alias": "CIS",
        "meta": "@CIS",
        "userDefined": false
      }
    ],
    "isTemplate": false,
    "count": 0,
    "updated": 0
  }
]