[
  {
    "id": "59507a5b-03aa-43a6-bbac-8bb5e6e27bd7",
    "data": [
      {
        "text": "what kind of plans of ",
        "userDefined": false
      },
      {
        "text": "cis",
        "alias": "CIS",
        "meta": "@CIS",
        "userDefined": false
      },
      {
        "text": " do i have to know",
        "userDefined": false
      }
    ],
    "isTemplate": false,
    "count": 0,
    "updated": 0
  },
  {
    "id": "cad9ac38-7187-4e1f-ba2b-fe1a111a8fab",
    "data": [
      {
        "text": "i want to check ",
        "userDefined": false
      },
      {
        "text": "cis",
        "alias": "CIS",
        "meta": "@CIS",
        "userDefined": false
      },
      {
        "text": " package",
        "userDefined": false
      }
    ],
    "isTemplate": false,
    "count": 0,
    "updated": 0
  },
  {
    "id": "570c6b28-097b-4f89-a8d8-5af558e6dbf1",
    "data": [
      {
        "text": "Cis",
        "alias": "CIS",
        "meta": "@CIS",
        "userDefined": false
      },
      {
        "text": " plan now available for ",
        "userDefined": false
      },
      {
        "text": "iPhones",
        "alias": "HandsetBrands",
        "meta": "@HandsetBrands",
        "userDefined": false
      },
      {
        "text": "?",
        "userDefined": false
      }
    ],
    "isTemplate": false,
    "count": 0,
    "updated": 0
  },
  {
    "id": "7a7083ce-a4a7-4b1f-9cd0-dca5cafe5f25",
    "data": [
      {
        "text": "I wish to recontract under CIS, ca u provide me the plan price",
        "userDefined": false
      }
    ],
    "isTemplate": false,
    "count": 0,
    "updated": 0
  },
  {
    "id": "ed8af47b-4a50-487e-bcf6-67c2d7cd6ee7",
    "data": [
      {
        "text": "i would like to check on ",
        "userDefined": false
      },
      {
        "text": "cis",
        "alias": "CIS",
        "meta": "@CIS",
        "userDefined": false
      },
      {
        "text": " plan",
        "userDefined": false
      }
    ],
    "isTemplate": false,
    "count": 0,
    "updated": 0
  },
  {
    "id": "25e6a42b-c0b8-4de2-88d3-0f76bf59c409",
    "data": [
      {
        "text": "Want to know the difference between common plan \u0026 ",
        "userDefined": false
      },
      {
        "text": "cis",
        "alias": "CIS",
        "meta": "@CIS",
        "userDefined": false
      }
    ],
    "isTemplate": false,
    "count": 0,
    "updated": 0
  },
  {
    "id": "ae5e42fb-1555-4856-b0bc-ec7e102cdac2",
    "data": [
      {
        "text": "cis",
        "alias": "CIS",
        "meta": "@CIS",
        "userDefined": false
      },
      {
        "text": " plan",
        "userDefined": false
      }
    ],
    "isTemplate": false,
    "count": 0,
    "updated": 0
  },
  {
    "id": "958c54c5-06d6-41a8-9aa8-6282807ce482",
    "data": [
      {
        "text": "i want to know which plan is better",
        "userDefined": false
      }
    ],
    "isTemplate": false,
    "count": 0,
    "updated": 0
  },
  {
    "id": "5b5a4f41-60fe-40a5-9ec3-b87176ecccba",
    "data": [
      {
        "text": "About ",
        "userDefined": false
      },
      {
        "text": "CIS",
        "alias": "CIS",
        "meta": "@CIS",
        "userDefined": false
      },
      {
        "text": " plan",
        "userDefined": false
      }
    ],
    "isTemplate": false,
    "count": 0,
    "updated": 0
  },
  {
    "id": "904a4e25-9125-40d4-98ff-9f6259aff7be",
    "data": [
      {
        "text": "what type of plans",
        "userDefined": false
      }
    ],
    "isTemplate": false,
    "count": 0,
    "updated": 0
  },
  {
    "id": "b0c99fad-0a73-4f99-9893-30551af9b935",
    "data": [
      {
        "text": "Your Combo plans for ",
        "userDefined": false
      },
      {
        "text": "CIS",
        "alias": "CIS",
        "meta": "@CIS",
        "userDefined": false
      },
      {
        "text": " are a bit confusing",
        "userDefined": false
      }
    ],
    "isTemplate": false,
    "count": 0,
    "updated": 0
  },
  {
    "id": "4ba43eeb-3610-4629-b109-3b9ba13a6794",
    "data": [
      {
        "text": "i am interested in signing up for ",
        "userDefined": false
      },
      {
        "text": "mobile",
        "alias": "Handphone",
        "meta": "@Handphone",
        "userDefined": false
      },
      {
        "text": " plans under ",
        "userDefined": false
      },
      {
        "text": "CIS",
        "alias": "CIS",
        "meta": "@CIS",
        "userDefined": false
      }
    ],
    "isTemplate": false,
    "count": 1,
    "updated": 0
  },
  {
    "id": "c5242e19-8471-48c2-8de6-a9ba79d98fcb",
    "data": [
      {
        "text": "I would like to enquire about ",
        "userDefined": false
      },
      {
        "text": "CIS",
        "alias": "CIS",
        "meta": "@CIS",
        "userDefined": false
      },
      {
        "text": " plans and ",
        "userDefined": false
      },
      {
        "text": "handset",
        "alias": "Handphone",
        "meta": "@Handphone",
        "userDefined": false
      }
    ],
    "isTemplate": false,
    "count": 0,
    "updated": 0
  },
  {
    "id": "30e78afd-b103-49b8-8766-8d36d47847c5",
    "data": [
      {
        "text": "i want to ",
        "userDefined": false
      },
      {
        "text": "recontract",
        "alias": "Recontract",
        "meta": "@Recontract",
        "userDefined": false
      },
      {
        "text": " but can\u0027t choose the plan",
        "userDefined": false
      }
    ],
    "isTemplate": false,
    "count": 0,
    "updated": 0
  },
  {
    "id": "83f414c2-859d-4447-9a2e-a6ff20d196b2",
    "data": [
      {
        "text": "i want to see the price list for a ",
        "userDefined": false
      },
      {
        "text": "mobile",
        "alias": "Handphone",
        "meta": "@Handphone",
        "userDefined": false
      },
      {
        "text": " plan",
        "userDefined": false
      }
    ],
    "isTemplate": false,
    "count": 0,
    "updated": 0
  },
  {
    "id": "87938a3c-5652-4e7f-8d2d-59b434c9cc73",
    "data": [
      {
        "text": "mobile",
        "alias": "Handphone",
        "meta": "@Handphone",
        "userDefined": false
      },
      {
        "text": " plans ",
        "userDefined": false
      },
      {
        "text": "sign up",
        "alias": "Sign-up",
        "meta": "@Sign-up",
        "userDefined": false
      }
    ],
    "isTemplate": false,
    "count": 0,
    "updated": 0
  },
  {
    "id": "d7d27aab-a408-47e0-9697-f071732c2122",
    "data": [
      {
        "text": "what are the prices?",
        "userDefined": false
      }
    ],
    "isTemplate": false,
    "count": 0,
    "updated": 0
  },
  {
    "id": "f8613983-b929-48c7-8739-f4b67acb48b8",
    "data": [
      {
        "text": "how much will i be charged for a ",
        "userDefined": false
      },
      {
        "text": "mobile",
        "alias": "Handphone",
        "meta": "@Handphone",
        "userDefined": false
      },
      {
        "text": " plan",
        "userDefined": false
      }
    ],
    "isTemplate": false,
    "count": 0,
    "updated": 0
  },
  {
    "id": "5f81dff1-7983-4094-8f91-d13307b6397a",
    "data": [
      {
        "text": "mobile",
        "alias": "Handphone",
        "meta": "@Handphone",
        "userDefined": false
      },
      {
        "text": " plan tariff",
        "userDefined": false
      }
    ],
    "isTemplate": false,
    "count": 0,
    "updated": 0
  },
  {
    "id": "5c72f895-b27a-47fb-964e-ab45d0f13f06",
    "data": [
      {
        "text": "hi is there ",
        "userDefined": false
      },
      {
        "text": "cis",
        "alias": "CIS",
        "meta": "@CIS",
        "userDefined": false
      },
      {
        "text": " plans for ipad",
        "userDefined": false
      }
    ],
    "isTemplate": false,
    "count": 0,
    "updated": 0
  },
  {
    "id": "5647719e-31f2-4f47-8b9e-f6cb7c5fb3a8",
    "data": [
      {
        "text": "price for ",
        "userDefined": false
      },
      {
        "text": "mobile",
        "alias": "Handphone",
        "meta": "@Handphone",
        "userDefined": false
      },
      {
        "text": " plan",
        "userDefined": false
      }
    ],
    "isTemplate": false,
    "count": 0,
    "updated": 0
  },
  {
    "id": "b97994bb-cc90-4992-a92d-14e76fc34c1c",
    "data": [
      {
        "text": "how can i ",
        "userDefined": false
      },
      {
        "text": "sign up",
        "alias": "Sign-up",
        "meta": "@Sign-up",
        "userDefined": false
      },
      {
        "text": " for the ",
        "userDefined": false
      },
      {
        "text": "mobile",
        "alias": "Handphone",
        "meta": "@Handphone",
        "userDefined": false
      },
      {
        "text": " plans",
        "userDefined": false
      }
    ],
    "isTemplate": false,
    "count": 0,
    "updated": 0
  },
  {
    "id": "683f10c9-91d4-4a3e-8375-ccab9a365866",
    "data": [
      {
        "text": "what plans can i buy",
        "userDefined": false
      }
    ],
    "isTemplate": false,
    "count": 0,
    "updated": 0
  },
  {
    "id": "36657dea-9600-4d46-b8bb-1f951de1ede3",
    "data": [
      {
        "text": "how much should i pay for a ",
        "userDefined": false
      },
      {
        "text": "mobile",
        "alias": "Handphone",
        "meta": "@Handphone",
        "userDefined": false
      },
      {
        "text": " plan",
        "userDefined": false
      }
    ],
    "isTemplate": false,
    "count": 1,
    "updated": 0
  },
  {
    "id": "6e7d41c4-e1b4-46ec-b211-8af9ea06329e",
    "data": [
      {
        "text": "mobile",
        "alias": "Handphone",
        "meta": "@Handphone",
        "userDefined": false
      },
      {
        "text": " plan payment",
        "userDefined": false
      }
    ],
    "isTemplate": false,
    "count": 0,
    "updated": 0
  },
  {
    "id": "d92357c9-2e2a-4a1c-860a-578162ec7208",
    "data": [
      {
        "text": "what is the cost for ",
        "userDefined": false
      },
      {
        "text": "mobile",
        "alias": "Handphone",
        "meta": "@Handphone",
        "userDefined": false
      },
      {
        "text": " plan payment",
        "userDefined": false
      }
    ],
    "isTemplate": false,
    "count": 0,
    "updated": 0
  },
  {
    "id": "d7b73399-4b1a-4f88-830a-72443ea5cfe1",
    "data": [
      {
        "text": "what are the ",
        "userDefined": false
      },
      {
        "text": "mobile",
        "alias": "Handphone",
        "meta": "@Handphone",
        "userDefined": false
      },
      {
        "text": " plans available",
        "userDefined": false
      }
    ],
    "isTemplate": false,
    "count": 0,
    "updated": 0
  },
  {
    "id": "8e43f63c-9c29-4888-959b-4b36d3248c79",
    "data": [
      {
        "text": "let me see the ",
        "userDefined": false
      },
      {
        "text": "mobile",
        "alias": "Handphone",
        "meta": "@Handphone",
        "userDefined": false
      },
      {
        "text": " plan price list",
        "userDefined": false
      }
    ],
    "isTemplate": false,
    "count": 0,
    "updated": 0
  },
  {
    "id": "4f5de202-c0f0-438e-8856-1aef26ebc100",
    "data": [
      {
        "text": "plan cost",
        "userDefined": false
      }
    ],
    "isTemplate": false,
    "count": 0,
    "updated": 0
  },
  {
    "id": "10b63a15-f4e6-40d4-bbec-705dc27341fe",
    "data": [
      {
        "text": "what are the available ",
        "userDefined": false
      },
      {
        "text": "mobile",
        "alias": "Handphone",
        "meta": "@Handphone",
        "userDefined": false
      },
      {
        "text": " plans that i can ",
        "userDefined": false
      },
      {
        "text": "sign up",
        "alias": "Sign-up",
        "meta": "@Sign-up",
        "userDefined": false
      },
      {
        "text": " for",
        "userDefined": false
      }
    ],
    "isTemplate": false,
    "count": 0,
    "updated": 0
  },
  {
    "id": "d9152edc-147a-4516-a9ce-db6eaa1ec92d",
    "data": [
      {
        "text": "may i confirm with you about the ",
        "userDefined": false
      },
      {
        "text": "cis",
        "alias": "CIS",
        "meta": "@CIS",
        "userDefined": false
      },
      {
        "text": " plan",
        "userDefined": false
      }
    ],
    "isTemplate": false,
    "count": 0,
    "updated": 0
  },
  {
    "id": "22a09aa3-326a-48d1-a32f-7269a2b1523d",
    "data": [
      {
        "text": "how can i check what\u0027s the plan that my ",
        "userDefined": false
      },
      {
        "text": "company",
        "alias": "Company",
        "meta": "@Company",
        "userDefined": false
      },
      {
        "text": " ",
        "userDefined": false
      },
      {
        "text": "offers",
        "alias": "Promotion",
        "meta": "@Promotion",
        "userDefined": false
      }
    ],
    "isTemplate": false,
    "count": 0,
    "updated": 0
  },
  {
    "id": "6d7fb385-dc58-4eb0-a080-27d32e65724d",
    "data": [
      {
        "text": "can you give me list of price for ",
        "userDefined": false
      },
      {
        "text": "mobile",
        "alias": "Handphone",
        "meta": "@Handphone",
        "userDefined": false
      },
      {
        "text": " plan",
        "userDefined": false
      }
    ],
    "isTemplate": false,
    "count": 0,
    "updated": 0
  },
  {
    "id": "0b967a89-51e2-4202-8a20-92154e8f514a",
    "data": [
      {
        "text": "cis",
        "alias": "CIS",
        "meta": "@CIS",
        "userDefined": false
      },
      {
        "text": " package details",
        "userDefined": false
      }
    ],
    "isTemplate": false,
    "count": 0,
    "updated": 0
  },
  {
    "id": "a234c39b-a5f9-460a-893e-cd07ca03728a",
    "data": [
      {
        "text": "can i see the price list for a ",
        "userDefined": false
      },
      {
        "text": "mobile",
        "alias": "Handphone",
        "meta": "@Handphone",
        "userDefined": false
      },
      {
        "text": " plan",
        "userDefined": false
      }
    ],
    "isTemplate": false,
    "count": 0,
    "updated": 0
  },
  {
    "id": "8958a996-e3a3-4fd1-b03a-3ee87f532976",
    "data": [
      {
        "text": "mobile",
        "alias": "Handphone",
        "meta": "@Handphone",
        "userDefined": false
      },
      {
        "text": " plan charges",
        "userDefined": false
      }
    ],
    "isTemplate": false,
    "count": 0,
    "updated": 0
  },
  {
    "id": "9deeaaa8-08f2-46e6-8811-2cbd877c995d",
    "data": [
      {
        "text": "plan price",
        "userDefined": false
      }
    ],
    "isTemplate": false,
    "count": 0,
    "updated": 0
  },
  {
    "id": "3db243fe-ffbe-442a-ab63-4ba85631d632",
    "data": [
      {
        "text": "mobile",
        "alias": "Handphone",
        "meta": "@Handphone",
        "userDefined": false
      },
      {
        "text": " plan price",
        "userDefined": false
      }
    ],
    "isTemplate": false,
    "count": 0,
    "updated": 0
  },
  {
    "id": "fe8fc504-d36f-4967-94df-286ca9224449",
    "data": [
      {
        "text": "i want to register to ",
        "userDefined": false
      },
      {
        "text": "mobile",
        "alias": "Handphone",
        "meta": "@Handphone",
        "userDefined": false
      },
      {
        "text": " plan. how much is it",
        "userDefined": false
      }
    ],
    "isTemplate": false,
    "count": 0,
    "updated": 0
  },
  {
    "id": "cc850425-6a49-4f44-86b3-941114931a6e",
    "data": [
      {
        "text": "what ",
        "userDefined": false
      },
      {
        "text": "mobile",
        "alias": "Handphone",
        "meta": "@Handphone",
        "userDefined": false
      },
      {
        "text": " plans are available for me",
        "userDefined": false
      }
    ],
    "isTemplate": false,
    "count": 0,
    "updated": 0
  },
  {
    "id": "a31cbce1-6e76-4411-bcd3-77f79a2c76b3",
    "data": [
      {
        "text": "how much does it cost for a ",
        "userDefined": false
      },
      {
        "text": "mobile",
        "alias": "Handphone",
        "meta": "@Handphone",
        "userDefined": false
      },
      {
        "text": " plan",
        "userDefined": false
      }
    ],
    "isTemplate": false,
    "count": 0,
    "updated": 0
  },
  {
    "id": "6c92fa83-e511-4838-babe-3ffbc8fe5dc2",
    "data": [
      {
        "text": "mobile",
        "alias": "Handphone",
        "meta": "@Handphone",
        "userDefined": false
      },
      {
        "text": " plan fare",
        "userDefined": false
      }
    ],
    "isTemplate": false,
    "count": 0,
    "updated": 0
  },
  {
    "id": "ac0186c0-a626-43b2-8171-9ed1f7fc44c6",
    "data": [
      {
        "text": "do you know the price list for a ",
        "userDefined": false
      },
      {
        "text": "mobile",
        "alias": "Handphone",
        "meta": "@Handphone",
        "userDefined": false
      },
      {
        "text": " plan",
        "userDefined": false
      }
    ],
    "isTemplate": false,
    "count": 0,
    "updated": 0
  },
  {
    "id": "07d3a291-b7ca-4d7e-9e1f-7f0bdfff0eeb",
    "data": [
      {
        "text": "the most expensive ",
        "userDefined": false
      },
      {
        "text": "mobile",
        "alias": "Handphone",
        "meta": "@Handphone",
        "userDefined": false
      },
      {
        "text": " plan",
        "userDefined": false
      }
    ],
    "isTemplate": false,
    "count": 0,
    "updated": 0
  },
  {
    "id": "37b937d1-ab38-4ec2-a640-dfd370728686",
    "data": [
      {
        "text": "mobile",
        "alias": "Handphone",
        "meta": "@Handphone",
        "userDefined": false
      },
      {
        "text": " plan cost",
        "userDefined": false
      }
    ],
    "isTemplate": false,
    "count": 0,
    "updated": 0
  },
  {
    "id": "5d3ffdc1-fe16-47a7-9776-2cc989bd4fb0",
    "data": [
      {
        "text": "where can i check price list for a ",
        "userDefined": false
      },
      {
        "text": "mobile",
        "alias": "Handphone",
        "meta": "@Handphone",
        "userDefined": false
      },
      {
        "text": " plan",
        "userDefined": false
      }
    ],
    "isTemplate": false,
    "count": 1,
    "updated": 0
  },
  {
    "id": "c74f40f0-0a11-478b-999f-878e37eba821",
    "data": [
      {
        "text": "Hi. Can I check what\u0027s the prices of the plans?",
        "userDefined": false
      }
    ],
    "isTemplate": false,
    "count": 0,
    "updated": 0
  },
  {
    "id": "863631a8-1279-4f27-ad72-af10b79b919b",
    "data": [
      {
        "text": "how much do i need to pay for a ",
        "userDefined": false
      },
      {
        "text": "mobile",
        "alias": "Handphone",
        "meta": "@Handphone",
        "userDefined": false
      },
      {
        "text": " plan",
        "userDefined": false
      }
    ],
    "isTemplate": false,
    "count": 1,
    "updated": 0
  }
]