[
  {
    "id": "754e5704-8228-4b49-a1a0-8d66c8a59482",
    "data": [
      {
        "text": "i\u0027m on my combo ",
        "userDefined": false
      },
      {
        "text": "2",
        "alias": "number",
        "meta": "@sys.number",
        "userDefined": false
      },
      {
        "text": " plan and would like to know the delivery fee",
        "userDefined": false
      }
    ],
    "isTemplate": false,
    "count": 1,
    "updated": 0
  },
  {
    "id": "d147b2d6-9764-47aa-ac17-46c0817b87e6",
    "data": [
      {
        "text": "waive delivery charges",
        "userDefined": false
      }
    ],
    "isTemplate": false,
    "count": 0,
    "updated": 0
  },
  {
    "id": "c8ef087f-2348-4f2f-b834-8f54f4335603",
    "data": [
      {
        "text": "i want to waive my delivery",
        "userDefined": false
      }
    ],
    "isTemplate": false,
    "count": 0,
    "updated": 0
  },
  {
    "id": "c7867836-4595-45fe-8d7b-657cfbc9c1fb",
    "data": [
      {
        "text": "can delivery be waived",
        "userDefined": false
      }
    ],
    "isTemplate": false,
    "count": 0,
    "updated": 0
  },
  {
    "id": "4c043620-32da-47c4-80ff-ea3c6165a09d",
    "data": [
      {
        "text": "Is delivery free?",
        "userDefined": false
      }
    ],
    "isTemplate": false,
    "count": 0,
    "updated": 0
  },
  {
    "id": "b70b4108-5031-4433-bcbb-018b3403b3ca",
    "data": [
      {
        "text": "deliver price how much",
        "userDefined": false
      }
    ],
    "isTemplate": false,
    "count": 0,
    "updated": 0
  },
  {
    "id": "d8df4c44-a26a-48fe-b9cc-4ab4f4511be9",
    "data": [
      {
        "text": "are there any delivery charges",
        "userDefined": false
      }
    ],
    "isTemplate": false,
    "count": 0,
    "updated": 0
  },
  {
    "id": "29b013ce-b9fb-44e7-921e-9fb1a9d153e6",
    "data": [
      {
        "text": "delivery price",
        "userDefined": false
      }
    ],
    "isTemplate": false,
    "count": 0,
    "updated": 0
  },
  {
    "id": "bd8bd5f0-15fa-4e45-948c-9c70ea91b25e",
    "data": [
      {
        "text": "how much will the delivery cost",
        "userDefined": false
      }
    ],
    "isTemplate": false,
    "count": 0,
    "updated": 0
  },
  {
    "id": "0d2ce8a3-9929-41dd-b2bc-f0208c8d6323",
    "data": [
      {
        "text": "delivery how much",
        "userDefined": false
      }
    ],
    "isTemplate": false,
    "count": 0,
    "updated": 0
  },
  {
    "id": "4959f291-9415-4cbc-8716-be6bd82db937",
    "data": [
      {
        "text": "is delivery free",
        "userDefined": false
      }
    ],
    "isTemplate": false,
    "count": 0,
    "updated": 0
  },
  {
    "id": "433fe6d9-9505-435c-9b2d-441f2ace2f5e",
    "data": [
      {
        "text": "what is the delivery charge for online purchase / ",
        "userDefined": false
      },
      {
        "text": "eshop",
        "alias": "OnlineSingtelSites",
        "meta": "@OnlineSingtelSites",
        "userDefined": false
      },
      {
        "text": " / ",
        "userDefined": false
      },
      {
        "text": "online cis shop",
        "alias": "OnlineSingtelSites1",
        "meta": "@OnlineSingtelSites",
        "userDefined": false
      }
    ],
    "isTemplate": false,
    "count": 0,
    "updated": 0
  },
  {
    "id": "4cfa3c34-ec57-45ca-9207-99304defd22c",
    "data": [
      {
        "text": "how much is delivery",
        "userDefined": false
      }
    ],
    "isTemplate": false,
    "count": 0,
    "updated": 0
  },
  {
    "id": "c1fdefe8-8136-46e6-9fb8-5a6845b32d60",
    "data": [
      {
        "text": "is there a home delivery charge?",
        "userDefined": false
      }
    ],
    "isTemplate": false,
    "count": 0,
    "updated": 0
  },
  {
    "id": "b2f71b16-7ff3-4e46-8cb1-fc94ec2fb702",
    "data": [
      {
        "text": "for collection at POPStation is there any charge?",
        "userDefined": false
      }
    ],
    "isTemplate": false,
    "count": 0,
    "updated": 0
  },
  {
    "id": "0d1bdd1c-cffe-424d-a9b9-9d7bbd12e149",
    "data": [
      {
        "text": "for self-collection is there any charge",
        "userDefined": false
      }
    ],
    "isTemplate": false,
    "count": 0,
    "updated": 0
  },
  {
    "id": "0a5e718a-252b-43fa-81d4-5c0929109fee",
    "data": [
      {
        "text": "how much is the delivery charge to my home",
        "userDefined": false
      }
    ],
    "isTemplate": false,
    "count": 0,
    "updated": 0
  },
  {
    "id": "98cc4e19-dec6-41d6-9845-e8371cf69b81",
    "data": [
      {
        "text": "how much is the delivery charges",
        "userDefined": false
      }
    ],
    "isTemplate": false,
    "count": 0,
    "updated": 0
  },
  {
    "id": "a4bd23cd-0b61-47d4-adb9-6e06fd80a110",
    "data": [
      {
        "text": "what are the delivery charges for online purchases",
        "userDefined": false
      }
    ],
    "isTemplate": false,
    "count": 0,
    "updated": 0
  }
]