[
  {
    "id": "cf6f2e30-8c46-4bc9-b2b2-502231befe26",
    "data": [
      {
        "text": "my ",
        "userDefined": false
      },
      {
        "text": "phone",
        "alias": "Handphone",
        "meta": "@Handphone",
        "userDefined": false
      },
      {
        "text": " is supposed to be delivered to be from ",
        "userDefined": false
      },
      {
        "text": "9am",
        "alias": "time",
        "meta": "@sys.time",
        "userDefined": false
      },
      {
        "text": " to ",
        "userDefined": false
      },
      {
        "text": "12",
        "alias": "number",
        "meta": "@sys.number",
        "userDefined": false
      },
      {
        "text": "nn ",
        "userDefined": false
      },
      {
        "text": "today",
        "alias": "date",
        "meta": "@sys.date",
        "userDefined": false
      },
      {
        "text": " but it has not arrived yet",
        "userDefined": false
      }
    ],
    "isTemplate": false,
    "count": 0,
    "updated": 0
  },
  {
    "id": "bfcc0164-d67d-441d-aad8-da370e327f59",
    "data": [
      {
        "text": "why is my delivery late",
        "userDefined": false
      }
    ],
    "isTemplate": false,
    "count": 0,
    "updated": 0
  },
  {
    "id": "88024dd7-3ef4-4f5f-9d35-23bd9dba834d",
    "data": [
      {
        "text": "i order my ",
        "userDefined": false
      },
      {
        "text": "phone",
        "alias": "Handphone",
        "meta": "@Handphone",
        "userDefined": false
      },
      {
        "text": " but havent received it why",
        "userDefined": false
      }
    ],
    "isTemplate": false,
    "count": 0,
    "updated": 0
  },
  {
    "id": "4ebdcba7-cc51-48b9-91d0-4ed8ba65acdb",
    "data": [
      {
        "text": "i still have not received my phone delivery",
        "userDefined": false
      }
    ],
    "isTemplate": false,
    "count": 0,
    "updated": 0
  },
  {
    "id": "c7675c82-fc2f-41cf-b75d-ee8b37f68b3f",
    "data": [
      {
        "text": "my delivery is late",
        "userDefined": false
      }
    ],
    "isTemplate": false,
    "count": 0,
    "updated": 0
  },
  {
    "id": "8bb51f7c-c0cb-43a4-9c93-97257df72c0d",
    "data": [
      {
        "text": "you said will delivery ",
        "userDefined": false
      },
      {
        "text": "at 8pm",
        "alias": "time",
        "meta": "@sys.time",
        "userDefined": false
      },
      {
        "text": " but still not here why",
        "userDefined": false
      }
    ],
    "isTemplate": false,
    "count": 0,
    "updated": 0
  },
  {
    "id": "fbf30637-5176-4514-ab4e-f7ce6bdea1d5",
    "data": [
      {
        "text": "why is the delivery late",
        "userDefined": false
      }
    ],
    "isTemplate": false,
    "count": 0,
    "updated": 0
  },
  {
    "id": "15d31301-d93d-41d8-ba93-f2b3fb542ac6",
    "data": [
      {
        "text": "why is my ",
        "userDefined": false
      },
      {
        "text": "recontract",
        "alias": "Recontract",
        "meta": "@Recontract",
        "userDefined": false
      },
      {
        "text": " plan\u0027s delivery late",
        "userDefined": false
      }
    ],
    "isTemplate": false,
    "count": 1,
    "updated": 0
  },
  {
    "id": "49b4224e-8674-4dab-aac5-4c38087d1a25",
    "data": [
      {
        "text": "i ",
        "userDefined": false
      },
      {
        "text": "re-contracted",
        "alias": "Recontract",
        "meta": "@Recontract",
        "userDefined": false
      },
      {
        "text": " my ",
        "userDefined": false
      },
      {
        "text": "CIS",
        "alias": "CIS",
        "meta": "@CIS",
        "userDefined": false
      },
      {
        "text": " plan ",
        "userDefined": false
      },
      {
        "text": "last week",
        "alias": "date-period",
        "meta": "@sys.date-period",
        "userDefined": false
      },
      {
        "text": " and the delivery was late. any explanation on this?",
        "userDefined": false
      }
    ],
    "isTemplate": false,
    "count": 0,
    "updated": 0
  },
  {
    "id": "1d301284-3fac-4315-ab07-945e16a3919a",
    "data": [
      {
        "text": "the delivery was late, pls explain",
        "userDefined": false
      }
    ],
    "isTemplate": false,
    "count": 0,
    "updated": 0
  },
  {
    "id": "7d403bb9-3f89-41cb-a3a0-951c7f1a17f5",
    "data": [
      {
        "text": "why was my delivery late",
        "userDefined": false
      }
    ],
    "isTemplate": false,
    "count": 0,
    "updated": 0
  },
  {
    "id": "7e43803e-ebb3-4982-91f2-3ead1aa0e4b3",
    "data": [
      {
        "text": "the delivery for my plan was late",
        "userDefined": false
      }
    ],
    "isTemplate": false,
    "count": 0,
    "updated": 0
  },
  {
    "id": "9253751c-530f-4021-8d8b-4308e1dbed60",
    "data": [
      {
        "text": "delivery for ",
        "userDefined": false
      },
      {
        "text": "recontract",
        "alias": "Recontract",
        "meta": "@Recontract",
        "userDefined": false
      },
      {
        "text": " plan was late",
        "userDefined": false
      }
    ],
    "isTemplate": false,
    "count": 0,
    "updated": 0
  },
  {
    "id": "3670018d-4102-4c1b-9e07-64db14e834ca",
    "data": [
      {
        "text": "why is my delivery for ",
        "userDefined": false
      },
      {
        "text": "recontract",
        "alias": "Recontract",
        "meta": "@Recontract",
        "userDefined": false
      },
      {
        "text": " plan late",
        "userDefined": false
      }
    ],
    "isTemplate": false,
    "count": 0,
    "updated": 0
  }
]