[
  {
    "id": "529c8635-9d58-4cb0-9969-a9a7fb83594b",
    "data": [
      {
        "text": "what is talkmore unlimited",
        "userDefined": false
      }
    ],
    "isTemplate": false,
    "count": 0,
    "updated": 0
  },
  {
    "id": "d56333ec-4b54-4a5d-88bb-ccb2b39da876",
    "data": [
      {
        "text": "i need more talk time",
        "userDefined": false
      }
    ],
    "isTemplate": false,
    "count": 0,
    "updated": 0
  },
  {
    "id": "d5e885bf-489a-4b15-9c21-3d93d5cc5855",
    "data": [
      {
        "text": "cis",
        "alias": "CIS",
        "meta": "@CIS",
        "userDefined": false
      },
      {
        "text": " plan for extra talk time",
        "userDefined": false
      }
    ],
    "isTemplate": false,
    "count": 0,
    "updated": 0
  },
  {
    "id": "5542f941-d1dd-41b9-9035-fccef79f1084",
    "data": [
      {
        "text": "what is talkmore extra",
        "userDefined": false
      }
    ],
    "isTemplate": false,
    "count": 0,
    "updated": 0
  },
  {
    "id": "c36da7dc-15ab-4457-a03f-0e0f44660cb1",
    "data": [
      {
        "text": "how to get more talk time",
        "userDefined": false
      }
    ],
    "isTemplate": false,
    "count": 0,
    "updated": 0
  }
]