[
  {
    "id": "6371508e-8dbf-4dea-9cf3-1e1a7a08f479",
    "data": [
      {
        "text": "how to i port in ",
        "userDefined": false
      },
      {
        "text": "online",
        "alias": "Online",
        "meta": "@Online",
        "userDefined": false
      }
    ],
    "isTemplate": false,
    "count": 0,
    "updated": 0
  },
  {
    "id": "39dea3de-cb80-4c86-bfa2-d002f3041069",
    "data": [
      {
        "text": "port in ",
        "userDefined": false
      },
      {
        "text": "online",
        "alias": "Online",
        "meta": "@Online",
        "userDefined": false
      }
    ],
    "isTemplate": false,
    "count": 0,
    "updated": 0
  },
  {
    "id": "889540af-4a70-421c-935e-b08d379c1773",
    "data": [
      {
        "text": "i want to switch over my plan to singtel can i do it ",
        "userDefined": false
      },
      {
        "text": "online",
        "alias": "Online",
        "meta": "@Online",
        "userDefined": false
      }
    ],
    "isTemplate": false,
    "count": 0,
    "updated": 0
  },
  {
    "id": "8d8d5ca4-59af-4665-8b99-f6e36172d765",
    "data": [
      {
        "text": "how can i do the port in ",
        "userDefined": false
      },
      {
        "text": "online",
        "alias": "Online",
        "meta": "@Online",
        "userDefined": false
      }
    ],
    "isTemplate": false,
    "count": 0,
    "updated": 0
  },
  {
    "id": "c149f894-6b6a-4ae6-a808-9b521311dd54",
    "data": [
      {
        "text": "how do i port in ",
        "userDefined": false
      },
      {
        "text": "online",
        "alias": "Online",
        "meta": "@Online",
        "userDefined": false
      }
    ],
    "isTemplate": false,
    "count": 0,
    "updated": 0
  },
  {
    "id": "4d27c519-c99d-4efb-b47a-da770068b6c7",
    "data": [
      {
        "text": "can i port in from ",
        "userDefined": false
      },
      {
        "text": "m1",
        "alias": "Competitors",
        "meta": "@Competitors",
        "userDefined": false
      },
      {
        "text": " ",
        "userDefined": false
      },
      {
        "text": "online",
        "alias": "Online",
        "meta": "@Online",
        "userDefined": false
      }
    ],
    "isTemplate": false,
    "count": 0,
    "updated": 0
  },
  {
    "id": "e9fd5b7f-a16f-4175-9b8c-dfb4fb81289d",
    "data": [
      {
        "text": "how can i switch from ",
        "userDefined": false
      },
      {
        "text": "m1",
        "alias": "Competitors",
        "meta": "@Competitors",
        "userDefined": false
      },
      {
        "text": " to ",
        "userDefined": false
      },
      {
        "text": "cis",
        "alias": "CIS",
        "meta": "@CIS",
        "userDefined": false
      },
      {
        "text": " ",
        "userDefined": false
      },
      {
        "text": "online",
        "alias": "Online",
        "meta": "@Online",
        "userDefined": false
      }
    ],
    "isTemplate": false,
    "count": 0,
    "updated": 0
  },
  {
    "id": "4078cd8c-b828-4ad9-8413-3f38586c5d97",
    "data": [
      {
        "text": "how can i switch telco ",
        "userDefined": false
      },
      {
        "text": "online",
        "alias": "Online",
        "meta": "@Online",
        "userDefined": false
      }
    ],
    "isTemplate": false,
    "count": 0,
    "updated": 0
  },
  {
    "id": "e1b10839-3927-4add-82ec-e76180351c05",
    "data": [
      {
        "text": "how can i switch from ",
        "userDefined": false
      },
      {
        "text": "m1",
        "alias": "Competitors",
        "meta": "@Competitors",
        "userDefined": false
      },
      {
        "text": " to singtel ",
        "userDefined": false
      },
      {
        "text": "online",
        "alias": "Online",
        "meta": "@Online",
        "userDefined": false
      }
    ],
    "isTemplate": false,
    "count": 1,
    "updated": 0
  }
]