[
  {
    "id": "c563591a-ccc8-45a3-b1cd-c76a2c40370f",
    "data": [
      {
        "text": "Does ",
        "userDefined": false
      },
      {
        "text": "People Association",
        "alias": "CISCompanies",
        "meta": "@CISCompanies",
        "userDefined": true
      },
      {
        "text": " have CIS plan",
        "userDefined": false
      }
    ],
    "isTemplate": false,
    "count": 0,
    "updated": 0
  },
  {
    "id": "eeb1d681-9a08-4321-ab68-9f4cfe0a7838",
    "data": [
      {
        "text": "People association",
        "alias": "CISCompanies",
        "meta": "@CISCompanies",
        "userDefined": true
      }
    ],
    "isTemplate": false,
    "count": 0,
    "updated": 0
  },
  {
    "id": "32ea4515-d465-4d98-8207-69dd2c87552d",
    "data": [
      {
        "text": "what is the ",
        "userDefined": false
      },
      {
        "text": "accenture",
        "alias": "CISCompanies",
        "meta": "@CISCompanies",
        "userDefined": true
      },
      {
        "text": " ",
        "userDefined": false
      },
      {
        "text": "corporate",
        "meta": "@sys.ignore",
        "userDefined": false
      },
      {
        "text": " rate",
        "userDefined": false
      }
    ],
    "isTemplate": false,
    "count": 0,
    "updated": 0
  },
  {
    "id": "3fa246ef-332e-4e48-bb8b-e51db96e71e4",
    "data": [
      {
        "text": "hello, could i have the ",
        "userDefined": false
      },
      {
        "text": "CIS",
        "meta": "@sys.ignore",
        "userDefined": false
      },
      {
        "text": " plans for ",
        "userDefined": false
      },
      {
        "text": "Continental Automotive",
        "alias": "CISCompanies",
        "meta": "@CISCompanies",
        "userDefined": true
      },
      {
        "text": "?",
        "userDefined": false
      }
    ],
    "isTemplate": false,
    "count": 0,
    "updated": 0
  },
  {
    "id": "f1f65812-30df-4e8e-88c2-bb98fab718db",
    "data": [
      {
        "text": "need to check on the discounts",
        "userDefined": false
      }
    ],
    "isTemplate": false,
    "count": 0,
    "updated": 0
  },
  {
    "id": "6140f8f2-85e6-4f43-9e10-8ce9cb9612e9",
    "data": [
      {
        "text": "what is the ",
        "userDefined": false
      },
      {
        "text": "CIS",
        "meta": "@sys.ignore",
        "userDefined": false
      },
      {
        "text": " ",
        "userDefined": false
      },
      {
        "text": "discount",
        "meta": "@sys.ignore",
        "userDefined": false
      },
      {
        "text": " for ",
        "userDefined": false
      },
      {
        "text": "Sport Singapore",
        "alias": "CISCompanies",
        "meta": "@CISCompanies",
        "userDefined": true
      }
    ],
    "isTemplate": false,
    "count": 0,
    "updated": 0
  },
  {
    "id": "46cb3430-779b-4620-886a-c6f8e308728c",
    "data": [
      {
        "text": "What is the ",
        "userDefined": false
      },
      {
        "text": "phone",
        "meta": "@sys.ignore",
        "userDefined": false
      },
      {
        "text": " monthly rate under the ",
        "userDefined": false
      },
      {
        "text": "CIS",
        "meta": "@sys.ignore",
        "userDefined": false
      },
      {
        "text": " for ",
        "userDefined": false
      },
      {
        "text": "UOB",
        "alias": "CISCompanies",
        "meta": "@CISCompanies",
        "userDefined": true
      }
    ],
    "isTemplate": false,
    "count": 0,
    "updated": 0
  },
  {
    "id": "d866c2f0-319b-4d98-ac0e-02757c930ab0",
    "data": [
      {
        "text": "combo ",
        "userDefined": false
      },
      {
        "text": "3",
        "alias": "number",
        "meta": "@sys.number",
        "userDefined": false
      },
      {
        "text": " + Data x ",
        "userDefined": false
      },
      {
        "text": "3",
        "alias": "number",
        "meta": "@sys.number",
        "userDefined": false
      },
      {
        "text": ", are there ",
        "userDefined": false
      },
      {
        "text": "discount",
        "alias": "Discount",
        "meta": "@Discount",
        "userDefined": false
      },
      {
        "text": " for ",
        "userDefined": false
      },
      {
        "text": "handsets",
        "alias": "Handphone",
        "meta": "@Handphone",
        "userDefined": false
      },
      {
        "text": "?",
        "userDefined": false
      }
    ],
    "isTemplate": false,
    "count": 0,
    "updated": 0
  },
  {
    "id": "49e28cdc-f95e-48bf-80ff-7afefffb67b6",
    "data": [
      {
        "text": "Hi, would like to ask ",
        "userDefined": false
      },
      {
        "text": "CIS",
        "alias": "CIS",
        "meta": "@CIS",
        "userDefined": false
      },
      {
        "text": " combo ",
        "userDefined": false
      },
      {
        "text": "2",
        "alias": "number",
        "meta": "@sys.number",
        "userDefined": false
      },
      {
        "text": " plan, is ",
        "userDefined": false
      },
      {
        "text": "2",
        "alias": "number",
        "meta": "@sys.number",
        "userDefined": false
      },
      {
        "text": " gb only or ",
        "userDefined": false
      },
      {
        "text": "2",
        "alias": "number",
        "meta": "@sys.number",
        "userDefined": false
      }
    ],
    "isTemplate": false,
    "count": 0,
    "updated": 0
  },
  {
    "id": "35a20570-0c12-4c3a-b38e-b9338c785bca",
    "data": [
      {
        "text": "i am from ",
        "userDefined": false
      },
      {
        "text": "SCB",
        "alias": "CISCompanies",
        "meta": "@CISCompanies",
        "userDefined": true
      }
    ],
    "isTemplate": false,
    "count": 0,
    "updated": 0
  },
  {
    "id": "209d98b0-7afb-4f10-b287-2de207acb0e4",
    "data": [
      {
        "text": "Can I check on the details of combo ",
        "userDefined": false
      },
      {
        "text": "2",
        "alias": "number",
        "meta": "@sys.number",
        "userDefined": false
      },
      {
        "text": " plan ",
        "userDefined": false
      },
      {
        "text": "offer",
        "alias": "Promotion",
        "meta": "@Promotion",
        "userDefined": false
      },
      {
        "text": " to ",
        "userDefined": false
      },
      {
        "text": "DSTA",
        "alias": "CISCompanies",
        "meta": "@CISCompanies",
        "userDefined": true
      },
      {
        "text": " (",
        "userDefined": false
      },
      {
        "text": "CIS",
        "alias": "CIS",
        "meta": "@CIS",
        "userDefined": false
      },
      {
        "text": ")? Thanks.",
        "userDefined": false
      }
    ],
    "isTemplate": false,
    "count": 0,
    "updated": 0
  },
  {
    "id": "763b5d0c-d1a2-4e21-83c4-0f76a805c137",
    "data": [
      {
        "text": "Corporate Individual Scheme",
        "meta": "@sys.ignore",
        "userDefined": false
      },
      {
        "text": " for ",
        "userDefined": false
      },
      {
        "text": "GLAXOSMITHKLINE PTE LTD",
        "alias": "CISCompanies",
        "meta": "@CISCompanies",
        "userDefined": true
      }
    ],
    "isTemplate": false,
    "count": 0,
    "updated": 0
  },
  {
    "id": "f2ab30d1-350f-45ce-9769-82c7cebe66db",
    "data": [
      {
        "text": "I am from ",
        "userDefined": false
      },
      {
        "text": "3M Singapore",
        "alias": "CISCompanies",
        "meta": "@CISCompanies",
        "userDefined": true
      }
    ],
    "isTemplate": false,
    "count": 0,
    "updated": 0
  },
  {
    "id": "b3583f1f-3420-4992-bc0b-ae500c3d07c5",
    "data": [
      {
        "text": "Can ",
        "userDefined": false
      },
      {
        "text": "cis",
        "alias": "CIS",
        "meta": "@CIS",
        "userDefined": false
      },
      {
        "text": " ",
        "userDefined": false
      },
      {
        "text": "handset",
        "alias": "Handphone",
        "meta": "@Handphone",
        "userDefined": false
      },
      {
        "text": " discounts",
        "userDefined": false
      }
    ],
    "isTemplate": false,
    "count": 0,
    "updated": 0
  },
  {
    "id": "544796f3-1bc7-46e9-9667-897a2c1a64ea",
    "data": [
      {
        "text": "Hi for existing subscriber of CircleLifes, if I want to ",
        "userDefined": false
      },
      {
        "text": "retain",
        "meta": "@sys.ignore",
        "userDefined": false
      },
      {
        "text": " my number, am i considered ",
        "userDefined": false
      },
      {
        "text": "Port-In",
        "meta": "@sys.ignore",
        "userDefined": false
      },
      {
        "text": " customer?",
        "userDefined": false
      }
    ],
    "isTemplate": false,
    "count": 0,
    "updated": 0
  },
  {
    "id": "4de8552a-30fa-4439-89b9-50b06126403c",
    "data": [
      {
        "text": "Can i ask whether ",
        "userDefined": false
      },
      {
        "text": "luxury ventures pte Ltd",
        "alias": "CISCompanies",
        "meta": "@CISCompanies",
        "userDefined": true
      },
      {
        "text": " got ",
        "userDefined": false
      },
      {
        "text": "Singtel",
        "meta": "@sys.ignore",
        "userDefined": false
      },
      {
        "text": " ",
        "userDefined": false
      },
      {
        "text": "corporate",
        "meta": "@sys.ignore",
        "userDefined": false
      },
      {
        "text": " plan for their staff?",
        "userDefined": false
      }
    ],
    "isTemplate": false,
    "count": 0,
    "updated": 0
  },
  {
    "id": "f370c996-d46d-4c65-a645-2ed2da069907",
    "data": [
      {
        "text": "can check what is the ",
        "userDefined": false
      },
      {
        "text": "charge",
        "alias": "Fees",
        "meta": "@Fees",
        "userDefined": false
      },
      {
        "text": " for my current line",
        "userDefined": false
      }
    ],
    "isTemplate": false,
    "count": 0,
    "updated": 0
  },
  {
    "id": "98455ab9-9b89-4ccf-93df-750079adeba1",
    "data": [
      {
        "text": "Hi ",
        "userDefined": false
      },
      {
        "text": "Francis",
        "alias": "given-name",
        "meta": "@sys.given-name",
        "userDefined": false
      },
      {
        "text": ", i login to the ",
        "userDefined": false
      },
      {
        "text": "CIS",
        "alias": "CIS",
        "meta": "@CIS",
        "userDefined": false
      },
      {
        "text": " via the email sent to my ",
        "userDefined": false
      },
      {
        "text": "company",
        "alias": "Company",
        "meta": "@Company",
        "userDefined": false
      },
      {
        "text": " email, but the price is still the same. Could you confirm for me?",
        "userDefined": false
      }
    ],
    "isTemplate": false,
    "count": 0,
    "updated": 0
  },
  {
    "id": "eca2d65c-7264-4f99-b289-e34b888629e2",
    "data": [
      {
        "text": "how can I check what is the ",
        "userDefined": false
      },
      {
        "text": "offer",
        "alias": "Promotion",
        "meta": "@Promotion",
        "userDefined": false
      },
      {
        "text": " for my ",
        "userDefined": false
      },
      {
        "text": "company",
        "alias": "Company",
        "meta": "@Company",
        "userDefined": false
      },
      {
        "text": " ",
        "userDefined": false
      },
      {
        "text": "CIS",
        "alias": "CIS",
        "meta": "@CIS",
        "userDefined": false
      },
      {
        "text": " plan?",
        "userDefined": false
      }
    ],
    "isTemplate": false,
    "count": 0,
    "updated": 0
  },
  {
    "id": "1eea3cc1-7941-4d4d-9c48-30f709445a74",
    "data": [
      {
        "text": "how can i check my ",
        "userDefined": false
      },
      {
        "text": "company",
        "alias": "Company",
        "meta": "@Company",
        "userDefined": false
      },
      {
        "text": " ",
        "userDefined": false
      },
      {
        "text": "mobile",
        "alias": "Handphone",
        "meta": "@Handphone",
        "userDefined": false
      },
      {
        "text": " plan",
        "userDefined": false
      }
    ],
    "isTemplate": false,
    "count": 0,
    "updated": 0
  },
  {
    "id": "02700868-6b09-4171-8284-2d5118c461cf",
    "data": [
      {
        "text": "i would like to know the ",
        "userDefined": false
      },
      {
        "text": "CIS",
        "alias": "CIS",
        "meta": "@CIS",
        "userDefined": false
      },
      {
        "text": " ",
        "userDefined": false
      },
      {
        "text": "discount",
        "alias": "Discount",
        "meta": "@Discount",
        "userDefined": false
      },
      {
        "text": " for my ",
        "userDefined": false
      },
      {
        "text": "company",
        "alias": "Company",
        "meta": "@Company",
        "userDefined": false
      }
    ],
    "isTemplate": false,
    "count": 0,
    "updated": 0
  },
  {
    "id": "1a843916-758d-4aa6-befa-2d2f337b1881",
    "data": [
      {
        "text": "For ",
        "userDefined": false
      },
      {
        "text": "Hewlett Packard",
        "alias": "CISCompanies",
        "meta": "@CISCompanies",
        "userDefined": true
      },
      {
        "text": " employee",
        "userDefined": false
      }
    ],
    "isTemplate": false,
    "count": 0,
    "updated": 0
  },
  {
    "id": "2d8bd132-9f2c-41af-8c34-0247f89f08df",
    "data": [
      {
        "text": "For the ",
        "userDefined": false
      },
      {
        "text": "CIS",
        "alias": "CIS",
        "meta": "@CIS",
        "userDefined": false
      },
      {
        "text": " plan under ",
        "userDefined": false
      },
      {
        "text": "Citibank",
        "alias": "CISCompanies",
        "meta": "@CISCompanies",
        "userDefined": true
      },
      {
        "text": " staff, what\u0027s the ",
        "userDefined": false
      },
      {
        "text": "benefits",
        "alias": "Discount",
        "meta": "@Discount",
        "userDefined": false
      }
    ],
    "isTemplate": false,
    "count": 0,
    "updated": 0
  },
  {
    "id": "8a6570ee-2e4a-45b8-83e8-3ca190269205",
    "data": [
      {
        "text": "mobile",
        "alias": "Handphone",
        "meta": "@Handphone",
        "userDefined": false
      },
      {
        "text": " plan for ",
        "userDefined": false
      },
      {
        "text": "ernst \u0026 young",
        "alias": "CISCompanies",
        "meta": "@CISCompanies",
        "userDefined": true
      }
    ],
    "isTemplate": false,
    "count": 0,
    "updated": 0
  },
  {
    "id": "e2d082f4-1626-4eb1-ad9c-2d62be27ed4c",
    "data": [
      {
        "text": "i want to know more about ",
        "userDefined": false
      },
      {
        "text": "cis",
        "alias": "CIS",
        "meta": "@CIS",
        "userDefined": false
      },
      {
        "text": " i am from ",
        "userDefined": false
      },
      {
        "text": "saf",
        "alias": "CISCompanies",
        "meta": "@CISCompanies",
        "userDefined": false
      }
    ],
    "isTemplate": false,
    "count": 0,
    "updated": 0
  },
  {
    "id": "cc1e3ce5-568c-4c11-ad35-dd177a1738da",
    "data": [
      {
        "text": "May I check the Combo ",
        "userDefined": false
      },
      {
        "text": "3",
        "alias": "number",
        "meta": "@sys.number",
        "userDefined": false
      },
      {
        "text": " ",
        "userDefined": false
      },
      {
        "text": "CIS",
        "alias": "CIS",
        "meta": "@CIS",
        "userDefined": false
      },
      {
        "text": " monthly rate for ",
        "userDefined": false
      },
      {
        "text": "Amgen Singapore",
        "alias": "CISCompanies",
        "meta": "@CISCompanies",
        "userDefined": true
      },
      {
        "text": " please",
        "userDefined": false
      }
    ],
    "isTemplate": false,
    "count": 0,
    "updated": 0
  },
  {
    "id": "091798a6-8867-4faa-ac01-8c5dc5ed7fe0",
    "data": [
      {
        "text": "Corporate",
        "alias": "CorporateLine",
        "meta": "@CorporateLine",
        "userDefined": false
      },
      {
        "text": " rate for ",
        "userDefined": false
      },
      {
        "text": "exxonmobil",
        "alias": "CISCompanies",
        "meta": "@CISCompanies",
        "userDefined": true
      }
    ],
    "isTemplate": false,
    "count": 0,
    "updated": 0
  },
  {
    "id": "175eebe9-14f2-4f00-b272-64d4992f4f88",
    "data": [
      {
        "text": "what is the ",
        "userDefined": false
      },
      {
        "text": "cis",
        "alias": "CIS",
        "meta": "@CIS",
        "userDefined": false
      },
      {
        "text": " price for combo ",
        "userDefined": false
      },
      {
        "text": "2",
        "alias": "number",
        "meta": "@sys.number",
        "userDefined": false
      }
    ],
    "isTemplate": false,
    "count": 0,
    "updated": 0
  },
  {
    "id": "c8814436-ff5c-42a7-b259-70141390bb2c",
    "data": [
      {
        "text": "i want to know my ",
        "userDefined": false
      },
      {
        "text": "company",
        "alias": "Company",
        "meta": "@Company",
        "userDefined": false
      },
      {
        "text": " ",
        "userDefined": false
      },
      {
        "text": "cis",
        "alias": "CIS",
        "meta": "@CIS",
        "userDefined": false
      },
      {
        "text": " price plan",
        "userDefined": false
      }
    ],
    "isTemplate": false,
    "count": 0,
    "updated": 0
  },
  {
    "id": "73888bcb-4719-4af2-b066-85910aa4cd56",
    "data": [
      {
        "text": "Cis",
        "alias": "CIS",
        "meta": "@CIS",
        "userDefined": false
      },
      {
        "text": " plan ",
        "userDefined": false
      },
      {
        "text": "standard chartered bank",
        "alias": "CISCompanies",
        "meta": "@CISCompanies",
        "userDefined": true
      }
    ],
    "isTemplate": false,
    "count": 0,
    "updated": 0
  },
  {
    "id": "b867470c-6420-48c6-a489-0538518c17b2",
    "data": [
      {
        "text": "how do i check my price plan",
        "userDefined": false
      }
    ],
    "isTemplate": false,
    "count": 0,
    "updated": 0
  },
  {
    "id": "517b784b-4cc1-461f-8638-73e4ee3991d9",
    "data": [
      {
        "text": "i want to know my ",
        "userDefined": false
      },
      {
        "text": "company",
        "alias": "Company",
        "meta": "@Company",
        "userDefined": false
      },
      {
        "text": "\u0027s\u0027s discount for ",
        "userDefined": false
      },
      {
        "text": "cis",
        "alias": "CIS",
        "meta": "@CIS",
        "userDefined": false
      }
    ],
    "isTemplate": false,
    "count": 0,
    "updated": 0
  },
  {
    "id": "11b20f48-df5f-49ff-8ffb-200be1976669",
    "data": [
      {
        "text": "how much is the ",
        "userDefined": false
      },
      {
        "text": "cis",
        "alias": "CIS",
        "meta": "@CIS",
        "userDefined": false
      },
      {
        "text": " discount plan",
        "userDefined": false
      }
    ],
    "isTemplate": false,
    "count": 0,
    "updated": 0
  },
  {
    "id": "df376762-4508-4c49-9d80-ad88cf02aa62",
    "data": [
      {
        "text": "what plans available for my ",
        "userDefined": false
      },
      {
        "text": "company",
        "alias": "Company",
        "meta": "@Company",
        "userDefined": false
      }
    ],
    "isTemplate": false,
    "count": 0,
    "updated": 0
  },
  {
    "id": "5f1740ff-accd-4a00-b9ca-802092b60177",
    "data": [
      {
        "text": "how much is combo ",
        "userDefined": false
      },
      {
        "text": "12",
        "alias": "number",
        "meta": "@sys.number",
        "userDefined": false
      },
      {
        "text": " for HSBC",
        "userDefined": false
      }
    ],
    "isTemplate": false,
    "count": 0,
    "updated": 0
  },
  {
    "id": "4acc57ce-801a-4a29-805e-a27a5e932507",
    "data": [
      {
        "text": "what is the ",
        "userDefined": false
      },
      {
        "text": "CIS",
        "alias": "CIS",
        "meta": "@CIS",
        "userDefined": false
      },
      {
        "text": " plan for my ",
        "userDefined": false
      },
      {
        "text": "company",
        "alias": "Company",
        "meta": "@Company",
        "userDefined": false
      }
    ],
    "isTemplate": false,
    "count": 0,
    "updated": 0
  },
  {
    "id": "fda8b117-a6aa-46b4-b9fa-ec177afd9d04",
    "data": [
      {
        "text": "I am existing ",
        "userDefined": false
      },
      {
        "text": "SingTel",
        "alias": "Competitors",
        "meta": "@Competitors",
        "userDefined": false
      },
      {
        "text": " ",
        "userDefined": false
      },
      {
        "text": "CIS",
        "alias": "CIS",
        "meta": "@CIS",
        "userDefined": false
      },
      {
        "text": " ",
        "userDefined": false
      },
      {
        "text": "mobile",
        "alias": "Handphone",
        "meta": "@Handphone",
        "userDefined": false
      },
      {
        "text": " customer",
        "userDefined": false
      }
    ],
    "isTemplate": false,
    "count": 0,
    "updated": 0
  },
  {
    "id": "23a1c3f0-70db-4b25-b53d-d58f8a85fa33",
    "data": [
      {
        "text": "I am ",
        "userDefined": false
      },
      {
        "text": "Mathesh Chenniveeran",
        "alias": "CISCompanies",
        "meta": "@CISCompanies",
        "userDefined": true
      }
    ],
    "isTemplate": false,
    "count": 0,
    "updated": 0
  },
  {
    "id": "7f69dfea-eb9c-4609-8cc2-e7428357c109",
    "data": [
      {
        "text": "how do i get ",
        "userDefined": false
      },
      {
        "text": "cis",
        "alias": "CIS",
        "meta": "@CIS",
        "userDefined": false
      },
      {
        "text": " rates",
        "userDefined": false
      }
    ],
    "isTemplate": false,
    "count": 0,
    "updated": 0
  },
  {
    "id": "decb1b56-f788-4a7a-b466-bfb34552e8e2",
    "data": [
      {
        "text": "Im working for ",
        "userDefined": false
      },
      {
        "text": "smrt trains",
        "alias": "CISCompanies",
        "meta": "@CISCompanies",
        "userDefined": true
      },
      {
        "text": ". Is my ",
        "userDefined": false
      },
      {
        "text": "company",
        "alias": "Company",
        "meta": "@Company",
        "userDefined": false
      },
      {
        "text": " entitled to ",
        "userDefined": false
      },
      {
        "text": "corporate",
        "alias": "CorporateLine",
        "meta": "@CorporateLine",
        "userDefined": false
      },
      {
        "text": " ",
        "userDefined": false
      },
      {
        "text": "discount",
        "alias": "Discount",
        "meta": "@Discount",
        "userDefined": false
      },
      {
        "text": "?",
        "userDefined": false
      }
    ],
    "isTemplate": false,
    "count": 0,
    "updated": 0
  },
  {
    "id": "2b3ad8bc-8088-44ec-8cc0-c0d4f38efad5",
    "data": [
      {
        "text": "i need ",
        "userDefined": false
      },
      {
        "text": "dbs",
        "alias": "CISCompanies",
        "meta": "@CISCompanies",
        "userDefined": true
      },
      {
        "text": " ",
        "userDefined": false
      },
      {
        "text": "cis",
        "alias": "CIS",
        "meta": "@CIS",
        "userDefined": false
      },
      {
        "text": " rate",
        "userDefined": false
      }
    ],
    "isTemplate": false,
    "count": 0,
    "updated": 0
  },
  {
    "id": "f8388372-5400-4741-b146-191726f7e593",
    "data": [
      {
        "text": "is there any special rates for me",
        "userDefined": false
      }
    ],
    "isTemplate": false,
    "count": 1,
    "updated": 0
  },
  {
    "id": "4b621ae8-d9e0-4e38-aa5a-c77e6af4a870",
    "data": [
      {
        "text": "i am a ",
        "userDefined": false
      },
      {
        "text": "sia",
        "alias": "CISCompanies",
        "meta": "@CISCompanies",
        "userDefined": false
      },
      {
        "text": " employee is there any discount",
        "userDefined": false
      }
    ],
    "isTemplate": false,
    "count": 0,
    "updated": 0
  },
  {
    "id": "7b4b7adc-fde1-440c-a58a-a35949767dab",
    "data": [
      {
        "text": "i\u0027m a hsbc employee, how much is combo ",
        "userDefined": false
      },
      {
        "text": "2",
        "alias": "number",
        "meta": "@sys.number",
        "userDefined": false
      }
    ],
    "isTemplate": false,
    "count": 0,
    "updated": 0
  },
  {
    "id": "a37d6bf8-335c-4c9c-bb49-49f6a52ed8cd",
    "data": [
      {
        "text": "can i have sph ",
        "userDefined": false
      },
      {
        "text": "company",
        "alias": "Company",
        "meta": "@Company",
        "userDefined": false
      },
      {
        "text": " ",
        "userDefined": false
      },
      {
        "text": "cis",
        "alias": "CIS",
        "meta": "@CIS",
        "userDefined": false
      },
      {
        "text": " rates",
        "userDefined": false
      }
    ],
    "isTemplate": false,
    "count": 0,
    "updated": 0
  },
  {
    "id": "1b81b9df-6d62-484d-b10f-54414d82470d",
    "data": [
      {
        "text": "how much do i need to pay monthly",
        "userDefined": false
      }
    ],
    "isTemplate": false,
    "count": 0,
    "updated": 0
  },
  {
    "id": "ee5a9573-12e1-437c-8062-44996ead4fea",
    "data": [
      {
        "text": "how much discount i get per month",
        "userDefined": false
      }
    ],
    "isTemplate": false,
    "count": 0,
    "updated": 0
  },
  {
    "id": "8da04c09-e3bd-459c-a103-856db7a75061",
    "data": [
      {
        "text": "How much is the ",
        "userDefined": false
      },
      {
        "text": "corporate",
        "alias": "CorporateLine",
        "meta": "@CorporateLine",
        "userDefined": false
      },
      {
        "text": " discounts for ",
        "userDefined": false
      },
      {
        "text": "MOE",
        "alias": "CISCompanies",
        "meta": "@CISCompanies",
        "userDefined": true
      },
      {
        "text": " staff?",
        "userDefined": false
      }
    ],
    "isTemplate": false,
    "count": 0,
    "updated": 0
  },
  {
    "id": "c467f074-2a7a-492a-853f-3f482530dfd1",
    "data": [
      {
        "text": "What is the ",
        "userDefined": false
      },
      {
        "text": "corporate",
        "alias": "CorporateLine",
        "meta": "@CorporateLine",
        "userDefined": false
      },
      {
        "text": " ",
        "userDefined": false
      },
      {
        "text": "discount",
        "alias": "Discount",
        "meta": "@Discount",
        "userDefined": false
      },
      {
        "text": " for ",
        "userDefined": false
      },
      {
        "text": "3m technologies",
        "alias": "CISCompanies",
        "meta": "@CISCompanies",
        "userDefined": true
      },
      {
        "text": "?",
        "userDefined": false
      }
    ],
    "isTemplate": false,
    "count": 1,
    "updated": 0
  },
  {
    "id": "aa39a4c7-8c5f-4a97-97c4-51be176e3137",
    "data": [
      {
        "text": "i\u0027m signing up for ",
        "userDefined": false
      },
      {
        "text": "cis",
        "alias": "CIS",
        "meta": "@CIS",
        "userDefined": false
      },
      {
        "text": " using my ",
        "userDefined": false
      },
      {
        "text": "HSBC",
        "alias": "CISCompanies",
        "meta": "@CISCompanies",
        "userDefined": true
      },
      {
        "text": " account, would there be any discount?",
        "userDefined": false
      }
    ],
    "isTemplate": false,
    "count": 1,
    "updated": 0
  },
  {
    "id": "797607e0-0bf4-44a0-a5d7-a32ece40f86b",
    "data": [
      {
        "text": "i\u0027m a hsbc employee, how much is combo ",
        "userDefined": false
      },
      {
        "text": "10",
        "alias": "age",
        "meta": "@sys.age",
        "userDefined": false
      }
    ],
    "isTemplate": false,
    "count": 0,
    "updated": 0
  },
  {
    "id": "d1d8880c-a039-4565-a67f-afbe1cfbaf62",
    "data": [
      {
        "text": "what is my ",
        "userDefined": false
      },
      {
        "text": "cis",
        "alias": "CIS",
        "meta": "@CIS",
        "userDefined": false
      },
      {
        "text": " discount rate for hsbc",
        "userDefined": false
      }
    ],
    "isTemplate": false,
    "count": 0,
    "updated": 0
  },
  {
    "id": "9ba47537-51f5-4125-be62-784b6438a8ef",
    "data": [
      {
        "text": "what is the ",
        "userDefined": false
      },
      {
        "text": "cis",
        "alias": "CIS",
        "meta": "@CIS",
        "userDefined": false
      },
      {
        "text": " plan",
        "userDefined": false
      }
    ],
    "isTemplate": false,
    "count": 0,
    "updated": 0
  },
  {
    "id": "1a1918c2-c0cf-4ca2-adda-5882bcfde398",
    "data": [
      {
        "text": "Discount",
        "userDefined": false
      }
    ],
    "isTemplate": false,
    "count": 0,
    "updated": 0
  },
  {
    "id": "90456deb-e0a7-46d0-a79b-ccb757a97e52",
    "data": [
      {
        "text": "do you have any ",
        "userDefined": false
      },
      {
        "text": "recontract",
        "alias": "Recontract",
        "meta": "@Recontract",
        "userDefined": false
      },
      {
        "text": " ",
        "userDefined": false
      },
      {
        "text": "promotion",
        "alias": "Promotion",
        "meta": "@Promotion",
        "userDefined": false
      },
      {
        "text": " for ",
        "userDefined": false
      },
      {
        "text": "DBS",
        "alias": "CISCompanies",
        "meta": "@CISCompanies",
        "userDefined": false
      },
      {
        "text": " employees",
        "userDefined": false
      }
    ],
    "isTemplate": false,
    "count": 0,
    "updated": 0
  },
  {
    "id": "e7341eda-ae41-48c2-b0d2-5bdf0da0deb0",
    "data": [
      {
        "text": "How many % ",
        "userDefined": false
      },
      {
        "text": "discount",
        "alias": "Discount",
        "meta": "@Discount",
        "userDefined": false
      },
      {
        "text": " on ",
        "userDefined": false
      },
      {
        "text": "CIS",
        "alias": "CIS",
        "meta": "@CIS",
        "userDefined": false
      },
      {
        "text": " combo ",
        "userDefined": false
      },
      {
        "text": "3",
        "alias": "number",
        "meta": "@sys.number",
        "userDefined": false
      },
      {
        "text": " plan",
        "userDefined": false
      }
    ],
    "isTemplate": false,
    "count": 0,
    "updated": 0
  },
  {
    "id": "80cc5c73-79b8-48c1-806e-81b3b749bd45",
    "data": [
      {
        "text": "How much does it cost to sign a plan under ",
        "userDefined": false
      },
      {
        "text": "CIS",
        "alias": "CIS",
        "meta": "@CIS",
        "userDefined": false
      }
    ],
    "isTemplate": false,
    "count": 0,
    "updated": 0
  },
  {
    "id": "9b7b5e18-c462-4287-b2a3-4df9c8f81d08",
    "data": [
      {
        "text": "how can i check the special rate for me",
        "userDefined": false
      }
    ],
    "isTemplate": false,
    "count": 1,
    "updated": 0
  },
  {
    "id": "bb59d77b-880c-41b7-8156-9d3f78ffbd53",
    "data": [
      {
        "text": "may i have ",
        "userDefined": false
      },
      {
        "text": "ocbc",
        "alias": "CISCompanies",
        "meta": "@CISCompanies",
        "userDefined": true
      },
      {
        "text": " ",
        "userDefined": false
      },
      {
        "text": "cis",
        "alias": "CIS",
        "meta": "@CIS",
        "userDefined": false
      },
      {
        "text": " rate",
        "userDefined": false
      }
    ],
    "isTemplate": false,
    "count": 0,
    "updated": 0
  },
  {
    "id": "e135f12c-8549-458d-b647-f7b815b5d844",
    "data": [
      {
        "text": "can send me a ",
        "userDefined": false
      },
      {
        "text": "cis",
        "alias": "CIS",
        "meta": "@CIS",
        "userDefined": false
      },
      {
        "text": " price plan for our ",
        "userDefined": false
      },
      {
        "text": "company",
        "alias": "Company",
        "meta": "@Company",
        "userDefined": false
      }
    ],
    "isTemplate": false,
    "count": 0,
    "updated": 0
  },
  {
    "id": "5de55bac-8edd-4081-8b72-02eb0b1214a2",
    "data": [
      {
        "text": "how much do i need to pay for a ",
        "userDefined": false
      },
      {
        "text": "cis",
        "alias": "CIS",
        "meta": "@CIS",
        "userDefined": false
      },
      {
        "text": " line monthly",
        "userDefined": false
      }
    ],
    "isTemplate": false,
    "count": 0,
    "updated": 0
  },
  {
    "id": "1a0a6bcb-96ec-46ae-90e7-05dff958ba4a",
    "data": [
      {
        "text": "how to check my ",
        "userDefined": false
      },
      {
        "text": "cis",
        "alias": "CIS",
        "meta": "@CIS",
        "userDefined": false
      },
      {
        "text": " price plan",
        "userDefined": false
      }
    ],
    "isTemplate": false,
    "count": 0,
    "updated": 0
  },
  {
    "id": "c5b12dc8-2ea0-45fa-884a-b8220545fbdb",
    "data": [
      {
        "text": "i want to check my price plan",
        "userDefined": false
      }
    ],
    "isTemplate": false,
    "count": 1,
    "updated": 0
  },
  {
    "id": "cc362c51-4fea-4577-9c61-d98bf40bb452",
    "data": [
      {
        "text": "what is the discount for ",
        "userDefined": false
      },
      {
        "text": "HSBC",
        "alias": "CISCompanies",
        "meta": "@CISCompanies",
        "userDefined": true
      }
    ],
    "isTemplate": false,
    "count": 0,
    "updated": 0
  },
  {
    "id": "d3e88fa3-cd42-4242-a282-a3c72ab86403",
    "data": [
      {
        "text": "are there any ",
        "userDefined": false
      },
      {
        "text": "handset",
        "alias": "Handphone",
        "meta": "@Handphone",
        "userDefined": false
      },
      {
        "text": " discounts",
        "userDefined": false
      }
    ],
    "isTemplate": false,
    "count": 0,
    "updated": 0
  },
  {
    "id": "387de144-4576-4902-9afd-7258f28cd479",
    "data": [
      {
        "text": "how much is the ",
        "userDefined": false
      },
      {
        "text": "cis",
        "alias": "CIS",
        "meta": "@CIS",
        "userDefined": false
      },
      {
        "text": " line monthly",
        "userDefined": false
      }
    ],
    "isTemplate": false,
    "count": 0,
    "updated": 0
  },
  {
    "id": "6827b5f5-82c4-4bf6-9eab-47f26272c762",
    "data": [
      {
        "text": "is there any cost reduction for subscription",
        "userDefined": false
      }
    ],
    "isTemplate": false,
    "count": 0,
    "updated": 0
  },
  {
    "id": "4e6b0cab-0f81-45e0-b758-767169059883",
    "data": [
      {
        "text": "Hi, im serving ",
        "userDefined": false
      },
      {
        "text": "ns",
        "alias": "NS",
        "meta": "@NS",
        "userDefined": false
      },
      {
        "text": " currently and would like to take up the ",
        "userDefined": false
      },
      {
        "text": "CIS",
        "alias": "CIS",
        "meta": "@CIS",
        "userDefined": false
      },
      {
        "text": " for NS50. would like to ask the percentage of ",
        "userDefined": false
      },
      {
        "text": "discount",
        "alias": "Discount",
        "meta": "@Discount",
        "userDefined": false
      },
      {
        "text": " for combo ",
        "userDefined": false
      },
      {
        "text": "3",
        "alias": "number",
        "meta": "@sys.number",
        "userDefined": false
      }
    ],
    "isTemplate": false,
    "count": 0,
    "updated": 0
  },
  {
    "id": "a5d33420-978f-4237-9c5c-d03cdd535eec",
    "data": [
      {
        "text": "i am from ",
        "userDefined": false
      },
      {
        "text": "saf",
        "alias": "CISCompanies",
        "meta": "@CISCompanies",
        "userDefined": false
      }
    ],
    "isTemplate": false,
    "count": 0,
    "updated": 0
  },
  {
    "id": "51a301fe-c9c5-44a5-bbb8-8ec1c1711a48",
    "data": [
      {
        "text": "does combo ",
        "userDefined": false
      },
      {
        "text": "3",
        "alias": "number",
        "meta": "@sys.number",
        "userDefined": false
      },
      {
        "text": " comes with free ",
        "userDefined": false
      },
      {
        "text": "2",
        "alias": "number",
        "meta": "@sys.number",
        "userDefined": false
      },
      {
        "text": "gb data?",
        "userDefined": false
      }
    ],
    "isTemplate": false,
    "count": 0,
    "updated": 0
  },
  {
    "id": "28f5d7fe-5bdc-421f-99b7-88fdbde810db",
    "data": [
      {
        "text": "how to check the special rate for my ",
        "userDefined": false
      },
      {
        "text": "company",
        "alias": "Company",
        "meta": "@Company",
        "userDefined": false
      }
    ],
    "isTemplate": false,
    "count": 0,
    "updated": 0
  },
  {
    "id": "7028afb3-6722-4b4e-99ba-10034fa61d83",
    "data": [
      {
        "text": "what is the ",
        "userDefined": false
      },
      {
        "text": "discount",
        "alias": "Discount",
        "meta": "@Discount",
        "userDefined": false
      },
      {
        "text": " for me? i work for ",
        "userDefined": false
      },
      {
        "text": "imda",
        "alias": "CISCompanies",
        "meta": "@CISCompanies",
        "userDefined": true
      }
    ],
    "isTemplate": false,
    "count": 1,
    "updated": 0
  },
  {
    "id": "a1324a49-15a3-4c2a-9067-86b13bdd6d72",
    "data": [
      {
        "text": "i need a ",
        "userDefined": false
      },
      {
        "text": "cis",
        "alias": "CIS",
        "meta": "@CIS",
        "userDefined": false
      },
      {
        "text": " rate for our ",
        "userDefined": false
      },
      {
        "text": "company",
        "alias": "Company",
        "meta": "@Company",
        "userDefined": false
      }
    ],
    "isTemplate": false,
    "count": 0,
    "updated": 0
  },
  {
    "id": "90914eb5-9ed7-4c04-8690-cc2547c07760",
    "data": [
      {
        "text": "what is my price plan",
        "userDefined": false
      }
    ],
    "isTemplate": false,
    "count": 0,
    "updated": 0
  },
  {
    "id": "824476fe-3dfe-4357-be05-dbdcffb41b1c",
    "data": [
      {
        "text": "i want to know ",
        "userDefined": false
      },
      {
        "text": "company",
        "alias": "Company",
        "meta": "@Company",
        "userDefined": false
      },
      {
        "text": " ",
        "userDefined": false
      },
      {
        "text": "cis",
        "alias": "CIS",
        "meta": "@CIS",
        "userDefined": false
      },
      {
        "text": " rates",
        "userDefined": false
      }
    ],
    "isTemplate": false,
    "count": 0,
    "updated": 0
  },
  {
    "id": "1d189050-7273-4006-b9db-c606d4dbe935",
    "data": [
      {
        "text": "i heard i can ",
        "userDefined": false
      },
      {
        "text": "sign up",
        "alias": "Sign-up",
        "meta": "@Sign-up",
        "userDefined": false
      },
      {
        "text": " for special price, what is the special price",
        "userDefined": false
      }
    ],
    "isTemplate": false,
    "count": 0,
    "updated": 0
  },
  {
    "id": "eadcca36-9f74-4dc5-9de3-9a8eb0055da4",
    "data": [
      {
        "text": "monthly discount plan for hsbc",
        "userDefined": false
      }
    ],
    "isTemplate": false,
    "count": 0,
    "updated": 0
  },
  {
    "id": "d0a908a8-ca98-4258-ac04-8e956daaec90",
    "data": [
      {
        "text": "how do i check my ",
        "userDefined": false
      },
      {
        "text": "cis",
        "alias": "CIS",
        "meta": "@CIS",
        "userDefined": false
      },
      {
        "text": " price plan",
        "userDefined": false
      }
    ],
    "isTemplate": false,
    "count": 0,
    "updated": 0
  },
  {
    "id": "6b477ab9-0462-4620-8658-d4cf8df7b064",
    "data": [
      {
        "text": "i am a hsbc staff do i get any discount",
        "userDefined": false
      }
    ],
    "isTemplate": false,
    "count": 1,
    "updated": 0
  },
  {
    "id": "ebb5620f-ffdf-45f7-95b8-cfa4ab1be715",
    "data": [
      {
        "text": "how to know the discount for my ",
        "userDefined": false
      },
      {
        "text": "company",
        "alias": "Company",
        "meta": "@Company",
        "userDefined": false
      }
    ],
    "isTemplate": false,
    "count": 1,
    "updated": 0
  },
  {
    "id": "111b68e2-b424-40ff-a588-162a0f51d2d4",
    "data": [
      {
        "text": "how much do i have to pay monthly",
        "userDefined": false
      }
    ],
    "isTemplate": false,
    "count": 0,
    "updated": 0
  },
  {
    "id": "a568edb2-5809-43d7-8c63-355d10a64998",
    "data": [
      {
        "text": "what are the discounts like for ",
        "userDefined": false
      },
      {
        "text": "CIS",
        "alias": "CIS",
        "meta": "@CIS",
        "userDefined": false
      }
    ],
    "isTemplate": false,
    "count": 0,
    "updated": 0
  },
  {
    "id": "03ea1d49-9878-45b6-b922-0b22478f1d01",
    "data": [
      {
        "text": "How do i check the ",
        "userDefined": false
      },
      {
        "text": "cis",
        "alias": "CIS",
        "meta": "@CIS",
        "userDefined": false
      },
      {
        "text": " rate for my ",
        "userDefined": false
      },
      {
        "text": "company",
        "alias": "Company",
        "meta": "@Company",
        "userDefined": false
      }
    ],
    "isTemplate": false,
    "count": 0,
    "updated": 0
  },
  {
    "id": "a03f4ad6-de93-4ea2-b7ef-71d20c7f82f7",
    "data": [
      {
        "text": "Hi, can I check whether my ",
        "userDefined": false
      },
      {
        "text": "company",
        "alias": "Company",
        "meta": "@Company",
        "userDefined": false
      },
      {
        "text": " (",
        "userDefined": false
      },
      {
        "text": "Oracle Corporation",
        "alias": "CISCompanies",
        "meta": "@CISCompanies",
        "userDefined": true
      },
      {
        "text": ") is ",
        "userDefined": false
      },
      {
        "text": "enrolled",
        "alias": "Sign-up",
        "meta": "@Sign-up",
        "userDefined": false
      },
      {
        "text": " to the ",
        "userDefined": false
      },
      {
        "text": "CIS",
        "alias": "CIS",
        "meta": "@CIS",
        "userDefined": false
      },
      {
        "text": " ",
        "userDefined": false
      },
      {
        "text": "scheme",
        "alias": "CIS",
        "meta": "@CIS",
        "userDefined": false
      },
      {
        "text": "?",
        "userDefined": false
      }
    ],
    "isTemplate": false,
    "count": 0,
    "updated": 0
  },
  {
    "id": "bcec92f4-41a5-4e41-a8b6-e01dc765c36e",
    "data": [
      {
        "text": "I am a retiree, worked with ",
        "userDefined": false
      },
      {
        "text": "SINGAPORE AIRLINES",
        "alias": "CISCompanies",
        "meta": "@CISCompanies",
        "userDefined": false
      },
      {
        "text": " for several years. Currently I am a member with the ",
        "userDefined": false
      },
      {
        "text": "Singapore Airlines",
        "alias": "CISCompanies1",
        "meta": "@CISCompanies",
        "userDefined": false
      },
      {
        "text": " Group Pioneers Club. Can I use this membership card to apply for a CIS mobile line and also for my Wife?",
        "userDefined": false
      }
    ],
    "isTemplate": false,
    "count": 0,
    "updated": 0
  },
  {
    "id": "fafd5c02-5e01-4f7f-b0bd-d6f66a3baf60",
    "data": [
      {
        "text": "what is the price of combo ",
        "userDefined": false
      },
      {
        "text": "3",
        "alias": "number",
        "meta": "@sys.number",
        "userDefined": false
      },
      {
        "text": " and combo ",
        "userDefined": false
      },
      {
        "text": "6",
        "alias": "number",
        "meta": "@sys.number",
        "userDefined": false
      },
      {
        "text": " ",
        "userDefined": false
      },
      {
        "text": "CIS",
        "alias": "CIS",
        "meta": "@CIS",
        "userDefined": false
      },
      {
        "text": "? How can i find out?",
        "userDefined": false
      }
    ],
    "isTemplate": false,
    "count": 0,
    "updated": 0
  },
  {
    "id": "e1b87f5e-826a-4ef0-8e5a-d310c9d4f6cc",
    "data": [
      {
        "text": "where to get ",
        "userDefined": false
      },
      {
        "text": "cis",
        "alias": "CIS",
        "meta": "@CIS",
        "userDefined": false
      },
      {
        "text": " price",
        "userDefined": false
      }
    ],
    "isTemplate": false,
    "count": 0,
    "updated": 0
  },
  {
    "id": "0f91e3a5-f33b-407a-93bf-ed2b6103eddd",
    "data": [
      {
        "text": "can i have ocbc ",
        "userDefined": false
      },
      {
        "text": "company",
        "alias": "Company",
        "meta": "@Company",
        "userDefined": false
      },
      {
        "text": " ",
        "userDefined": false
      },
      {
        "text": "cis",
        "alias": "CIS",
        "meta": "@CIS",
        "userDefined": false
      },
      {
        "text": " rates",
        "userDefined": false
      }
    ],
    "isTemplate": false,
    "count": 0,
    "updated": 0
  },
  {
    "id": "7ac635d3-a83c-46d3-801c-5db4082c667b",
    "data": [
      {
        "text": "i want to check my ",
        "userDefined": false
      },
      {
        "text": "cis",
        "alias": "CIS",
        "meta": "@CIS",
        "userDefined": false
      },
      {
        "text": " price plan",
        "userDefined": false
      }
    ],
    "isTemplate": false,
    "count": 0,
    "updated": 0
  },
  {
    "id": "da3f28ba-abb7-4fe0-9ce5-158d238891d2",
    "data": [
      {
        "text": "i want to know the discount for my ",
        "userDefined": false
      },
      {
        "text": "company",
        "alias": "Company",
        "meta": "@Company",
        "userDefined": false
      }
    ],
    "isTemplate": false,
    "count": 0,
    "updated": 0
  },
  {
    "id": "057b650e-87ab-4f06-bcb9-2cb12578afca",
    "data": [
      {
        "text": "i\u0027m a HSBC employee, how much is combo 6",
        "userDefined": false
      }
    ],
    "isTemplate": false,
    "count": 0,
    "updated": 0
  },
  {
    "id": "0051ca4d-64df-4852-bd59-00eda7d65381",
    "data": [
      {
        "text": "what kind of plan is my ",
        "userDefined": false
      },
      {
        "text": "cis",
        "alias": "CIS",
        "meta": "@CIS",
        "userDefined": false
      }
    ],
    "isTemplate": false,
    "count": 0,
    "updated": 0
  },
  {
    "id": "be9eab8b-fba7-468c-aac3-310a1dd536a3",
    "data": [
      {
        "text": "i\u0027m a hsbc employee, how much is combo ",
        "userDefined": false
      },
      {
        "text": "4",
        "alias": "number",
        "meta": "@sys.number",
        "userDefined": false
      }
    ],
    "isTemplate": false,
    "count": 0,
    "updated": 0
  },
  {
    "id": "7b519d0f-f835-49de-93f2-9d9941aad307",
    "data": [
      {
        "text": "how to see the discount for my ",
        "userDefined": false
      },
      {
        "text": "company",
        "alias": "Company",
        "meta": "@Company",
        "userDefined": false
      }
    ],
    "isTemplate": false,
    "count": 0,
    "updated": 0
  },
  {
    "id": "ae03eb24-90be-453b-b2d8-72a044f952e3",
    "data": [
      {
        "text": "hello, may i ask how many % off does my ",
        "userDefined": false
      },
      {
        "text": "company",
        "alias": "Company",
        "meta": "@Company",
        "userDefined": false
      },
      {
        "text": " have? will there be more ",
        "userDefined": false
      },
      {
        "text": "discount",
        "alias": "Discount",
        "meta": "@Discount",
        "userDefined": false
      },
      {
        "text": " if i were to go for ",
        "userDefined": false
      },
      {
        "text": "singtel",
        "alias": "Competitors",
        "meta": "@Competitors",
        "userDefined": false
      },
      {
        "text": " roadshow at ",
        "userDefined": false
      },
      {
        "text": "ang",
        "alias": "currency-name",
        "meta": "@sys.currency-name",
        "userDefined": false
      },
      {
        "text": " ",
        "userDefined": false
      },
      {
        "text": "mo",
        "alias": "date",
        "meta": "@sys.date",
        "userDefined": false
      },
      {
        "text": " kio hub tmr?",
        "userDefined": false
      }
    ],
    "isTemplate": false,
    "count": 0,
    "updated": 0
  },
  {
    "id": "e8cc6610-a858-420b-9bef-298b09562aad",
    "data": [
      {
        "text": "cant see plans ",
        "userDefined": false
      },
      {
        "text": "online",
        "alias": "Online",
        "meta": "@Online",
        "userDefined": false
      },
      {
        "text": " for ",
        "userDefined": false
      },
      {
        "text": "standard chartered bank",
        "alias": "CISCompanies",
        "meta": "@CISCompanies",
        "userDefined": false
      }
    ],
    "isTemplate": false,
    "count": 0,
    "updated": 0
  },
  {
    "id": "fe4a0500-877b-47ab-919a-dcd83bcb7f5a",
    "data": [
      {
        "text": "i work for ",
        "userDefined": false
      },
      {
        "text": "SP",
        "alias": "CISCompanies",
        "meta": "@CISCompanies",
        "userDefined": false
      },
      {
        "text": ", what is the discount",
        "userDefined": false
      }
    ],
    "isTemplate": false,
    "count": 0,
    "updated": 0
  },
  {
    "id": "9b7e8d04-cad3-4f62-a81f-925ca6e2faca",
    "data": [
      {
        "text": "Hi. What ",
        "userDefined": false
      },
      {
        "text": "promotions",
        "alias": "Promotion",
        "meta": "@Promotion",
        "userDefined": false
      },
      {
        "text": " will ",
        "userDefined": false
      },
      {
        "text": "AIA",
        "alias": "CISCompanies",
        "meta": "@CISCompanies",
        "userDefined": false
      },
      {
        "text": " employees be entitled to?",
        "userDefined": false
      }
    ],
    "isTemplate": false,
    "count": 0,
    "updated": 0
  },
  {
    "id": "31313cb0-7e29-4785-8fbf-5e1c487fd5f1",
    "data": [
      {
        "text": "i want to check my discount",
        "userDefined": false
      }
    ],
    "isTemplate": false,
    "count": 0,
    "updated": 0
  },
  {
    "id": "c7364532-085e-4a9c-a008-f5d0f2f3a16e",
    "data": [
      {
        "text": "how do i check ",
        "userDefined": false
      },
      {
        "text": "cis",
        "alias": "CIS",
        "meta": "@CIS",
        "userDefined": false
      },
      {
        "text": " rates for my ",
        "userDefined": false
      },
      {
        "text": "company",
        "alias": "Company",
        "meta": "@Company",
        "userDefined": false
      },
      {
        "text": "?",
        "userDefined": false
      }
    ],
    "isTemplate": false,
    "count": 0,
    "updated": 0
  },
  {
    "id": "eb778d9e-4fe9-48f1-bc5b-73a76e91fe55",
    "data": [
      {
        "text": "I am an ",
        "userDefined": false
      },
      {
        "text": "ocbc",
        "alias": "CISCompanies",
        "meta": "@CISCompanies",
        "userDefined": false
      },
      {
        "text": " staff and my plan now is on ",
        "userDefined": false
      },
      {
        "text": "CIS",
        "alias": "CIS",
        "meta": "@CIS",
        "userDefined": false
      },
      {
        "text": " plan already",
        "userDefined": false
      }
    ],
    "isTemplate": false,
    "count": 0,
    "updated": 0
  },
  {
    "id": "4c5fcae8-5f8a-4b09-a423-012da548550a",
    "data": [
      {
        "text": "smrt trains",
        "alias": "CISCompanies",
        "meta": "@CISCompanies",
        "userDefined": false
      }
    ],
    "isTemplate": false,
    "count": 0,
    "updated": 0
  },
  {
    "id": "2637ed2e-0709-441f-940d-77a9601477ad",
    "data": [
      {
        "text": "deutsche bank",
        "alias": "CISCompanies",
        "meta": "@CISCompanies",
        "userDefined": true
      },
      {
        "text": " ",
        "userDefined": false
      },
      {
        "text": "corporate",
        "alias": "CorporateLine",
        "meta": "@CorporateLine",
        "userDefined": false
      },
      {
        "text": " rate",
        "userDefined": false
      }
    ],
    "isTemplate": false,
    "count": 0,
    "updated": 0
  },
  {
    "id": "051cd6a7-ca27-4647-925d-d73e300b516c",
    "data": [
      {
        "text": "Hi what\u0027s the ",
        "userDefined": false
      },
      {
        "text": "corporate",
        "alias": "CorporateLine",
        "meta": "@CorporateLine",
        "userDefined": false
      },
      {
        "text": " ",
        "userDefined": false
      },
      {
        "text": "discount",
        "alias": "Discount",
        "meta": "@Discount",
        "userDefined": false
      },
      {
        "text": " for ",
        "userDefined": false
      },
      {
        "text": "Great Eastern",
        "alias": "CISCompanies",
        "meta": "@CISCompanies",
        "userDefined": true
      }
    ],
    "isTemplate": false,
    "count": 0,
    "updated": 0
  },
  {
    "id": "989fb950-e757-4a44-8a65-e649b6c16b7f",
    "data": [
      {
        "text": "is there any special plan for my ",
        "userDefined": false
      },
      {
        "text": "company",
        "alias": "Company",
        "meta": "@Company",
        "userDefined": false
      }
    ],
    "isTemplate": false,
    "count": 0,
    "updated": 0
  },
  {
    "id": "a2f76de3-6523-4a50-8d65-bb62df86cf95",
    "data": [
      {
        "text": "I like to ",
        "userDefined": false
      },
      {
        "text": "apply",
        "alias": "Sign-up",
        "meta": "@Sign-up",
        "userDefined": false
      },
      {
        "text": " for a ",
        "userDefined": false
      },
      {
        "text": "CIS",
        "alias": "CIS",
        "meta": "@CIS",
        "userDefined": false
      },
      {
        "text": " ",
        "userDefined": false
      },
      {
        "text": "mobile",
        "alias": "Handphone",
        "meta": "@Handphone",
        "userDefined": false
      },
      {
        "text": " line with my ",
        "userDefined": false
      },
      {
        "text": "Singapore Airlines",
        "alias": "CISCompanies1",
        "meta": "@CISCompanies",
        "userDefined": false
      },
      {
        "text": " Group Pioneers Club",
        "userDefined": false
      }
    ],
    "isTemplate": false,
    "count": 0,
    "updated": 0
  },
  {
    "id": "a780143b-cf0f-4617-b005-cd86591de454",
    "data": [
      {
        "text": "what is the discount for HSBC?",
        "userDefined": false
      }
    ],
    "isTemplate": false,
    "count": 0,
    "updated": 0
  },
  {
    "id": "0829933d-825e-41d7-9eef-7905838de5cc",
    "data": [
      {
        "text": "can you share with me my ",
        "userDefined": false
      },
      {
        "text": "company",
        "alias": "Company",
        "meta": "@Company",
        "userDefined": false
      },
      {
        "text": " ",
        "userDefined": false
      },
      {
        "text": "cis",
        "alias": "CIS",
        "meta": "@CIS",
        "userDefined": false
      },
      {
        "text": " price plan",
        "userDefined": false
      }
    ],
    "isTemplate": false,
    "count": 0,
    "updated": 0
  },
  {
    "id": "232cb41b-6ef3-405c-b9e0-118e228dfcf8",
    "data": [
      {
        "text": "how much commission does ",
        "userDefined": false
      },
      {
        "text": "cis",
        "alias": "CIS",
        "meta": "@CIS",
        "userDefined": false
      },
      {
        "text": " give ",
        "userDefined": false
      },
      {
        "text": "each month",
        "alias": "date-period",
        "meta": "@sys.date-period",
        "userDefined": false
      }
    ],
    "isTemplate": false,
    "count": 0,
    "updated": 0
  },
  {
    "id": "2731c011-0f44-4110-ad1e-2685eb0a70ed",
    "data": [
      {
        "text": "can u tell me the ",
        "userDefined": false
      },
      {
        "text": "cis",
        "alias": "CIS",
        "meta": "@CIS",
        "userDefined": false
      },
      {
        "text": " plan rates",
        "userDefined": false
      }
    ],
    "isTemplate": false,
    "count": 0,
    "updated": 0
  },
  {
    "id": "9931edf4-c67f-444c-a73e-4b42af547d73",
    "data": [
      {
        "text": "cis",
        "alias": "CIS",
        "meta": "@CIS",
        "userDefined": false
      },
      {
        "text": " monthly dispensation",
        "userDefined": false
      }
    ],
    "isTemplate": false,
    "count": 0,
    "updated": 0
  },
  {
    "id": "d897bbe4-c3af-4c47-8df2-7f4b747e8cad",
    "data": [
      {
        "text": "how much commission does ",
        "userDefined": false
      },
      {
        "text": "cis",
        "alias": "CIS",
        "meta": "@CIS",
        "userDefined": false
      },
      {
        "text": " give monthly",
        "userDefined": false
      }
    ],
    "isTemplate": false,
    "count": 0,
    "updated": 0
  },
  {
    "id": "454ee5a3-21bf-4c91-9f7c-a5b8c9fc2206",
    "data": [
      {
        "text": "i would like to change my combo ",
        "userDefined": false
      },
      {
        "text": "3",
        "alias": "number",
        "meta": "@sys.number",
        "userDefined": false
      },
      {
        "text": " into a ",
        "userDefined": false
      },
      {
        "text": "cis",
        "alias": "CIS",
        "meta": "@CIS",
        "userDefined": false
      },
      {
        "text": " combo ",
        "userDefined": false
      },
      {
        "text": "3",
        "alias": "number",
        "meta": "@sys.number",
        "userDefined": false
      },
      {
        "text": " plan",
        "userDefined": false
      }
    ],
    "isTemplate": false,
    "count": 0,
    "updated": 0
  },
  {
    "id": "d92aeca7-ac6f-4eda-a053-3dca11c5f3d4",
    "data": [
      {
        "text": "combo ",
        "userDefined": false
      },
      {
        "text": "3",
        "alias": "number",
        "meta": "@sys.number",
        "userDefined": false
      },
      {
        "text": " how much is the subscriptiion ",
        "userDefined": false
      },
      {
        "text": "fees",
        "alias": "Fees",
        "meta": "@Fees",
        "userDefined": false
      }
    ],
    "isTemplate": false,
    "count": 0,
    "updated": 0
  },
  {
    "id": "73b2bc36-5052-4fe2-917a-d56535087be0",
    "data": [
      {
        "text": "Corporate",
        "alias": "CorporateLine",
        "meta": "@CorporateLine",
        "userDefined": false
      },
      {
        "text": " ",
        "userDefined": false
      },
      {
        "text": "discount",
        "alias": "Discount",
        "meta": "@Discount",
        "userDefined": false
      },
      {
        "text": " for ",
        "userDefined": false
      },
      {
        "text": "moe",
        "alias": "CISCompanies",
        "meta": "@CISCompanies",
        "userDefined": false
      }
    ],
    "isTemplate": false,
    "count": 0,
    "updated": 0
  },
  {
    "id": "5e2fd8f3-83c2-49d5-b619-ffea9f69fe4c",
    "data": [
      {
        "text": "Hi, I am a ",
        "userDefined": false
      },
      {
        "text": "MINDEF",
        "alias": "CISCompanies",
        "meta": "@CISCompanies",
        "userDefined": true
      },
      {
        "text": " employee",
        "userDefined": false
      }
    ],
    "isTemplate": false,
    "count": 0,
    "updated": 0
  },
  {
    "id": "2d6ad861-c997-41a1-8987-7443cf6d84ac",
    "data": [
      {
        "text": "how can i find our the ",
        "userDefined": false
      },
      {
        "text": "cis",
        "alias": "CIS",
        "meta": "@CIS",
        "userDefined": false
      },
      {
        "text": " plan for ",
        "userDefined": false
      },
      {
        "text": "changi general hospital",
        "alias": "CISCompanies",
        "meta": "@CISCompanies",
        "userDefined": true
      }
    ],
    "isTemplate": false,
    "count": 0,
    "updated": 0
  },
  {
    "id": "fd65da24-7f6f-4ee2-bb85-9da5cb19c0e0",
    "data": [
      {
        "text": "i want to know my ",
        "userDefined": false
      },
      {
        "text": "company",
        "alias": "Company",
        "meta": "@Company",
        "userDefined": false
      },
      {
        "text": " ",
        "userDefined": false
      },
      {
        "text": "cis",
        "alias": "CIS",
        "meta": "@CIS",
        "userDefined": false
      },
      {
        "text": " plan",
        "userDefined": false
      }
    ],
    "isTemplate": false,
    "count": 0,
    "updated": 0
  },
  {
    "id": "35223772-d2df-4f44-b938-1d840227e719",
    "data": [
      {
        "text": "cis",
        "alias": "CIS",
        "meta": "@CIS",
        "userDefined": false
      },
      {
        "text": " cut rate",
        "userDefined": false
      }
    ],
    "isTemplate": false,
    "count": 0,
    "updated": 0
  },
  {
    "id": "cce2cd93-a174-412d-bc80-0ad353a670b2",
    "data": [
      {
        "text": "where to get the ",
        "userDefined": false
      },
      {
        "text": "cis",
        "alias": "CIS",
        "meta": "@CIS",
        "userDefined": false
      },
      {
        "text": " rates",
        "userDefined": false
      }
    ],
    "isTemplate": false,
    "count": 0,
    "updated": 0
  },
  {
    "id": "e87bbb34-f48f-4580-9801-be7012a887b3",
    "data": [
      {
        "text": "can i request a copy of your ",
        "userDefined": false
      },
      {
        "text": "cis",
        "alias": "CIS",
        "meta": "@CIS",
        "userDefined": false
      },
      {
        "text": " plan for our ",
        "userDefined": false
      },
      {
        "text": "company",
        "alias": "Company",
        "meta": "@Company",
        "userDefined": false
      }
    ],
    "isTemplate": false,
    "count": 0,
    "updated": 0
  },
  {
    "id": "d7d2b815-6ff6-467b-a350-e72b7b573a08",
    "data": [
      {
        "text": "can i have ",
        "userDefined": false
      },
      {
        "text": "ocbc",
        "alias": "CISCompanies",
        "meta": "@CISCompanies",
        "userDefined": true
      },
      {
        "text": " ",
        "userDefined": false
      },
      {
        "text": "company",
        "alias": "Company",
        "meta": "@Company",
        "userDefined": false
      },
      {
        "text": " ",
        "userDefined": false
      },
      {
        "text": "cis",
        "alias": "CIS",
        "meta": "@CIS",
        "userDefined": false
      },
      {
        "text": " rate",
        "userDefined": false
      }
    ],
    "isTemplate": false,
    "count": 0,
    "updated": 0
  },
  {
    "id": "ceedba51-e6b9-441e-a9ff-f9f33f815124",
    "data": [
      {
        "text": "how to see what discount there is for my ",
        "userDefined": false
      },
      {
        "text": "company",
        "alias": "Company",
        "meta": "@Company",
        "userDefined": false
      }
    ],
    "isTemplate": false,
    "count": 0,
    "updated": 0
  },
  {
    "id": "e49f963a-52d2-4ff7-9b48-6bee08225e9c",
    "data": [
      {
        "text": "amount of ",
        "userDefined": false
      },
      {
        "text": "cis",
        "alias": "CIS",
        "meta": "@CIS",
        "userDefined": false
      },
      {
        "text": " cost reduction",
        "userDefined": false
      }
    ],
    "isTemplate": false,
    "count": 0,
    "updated": 0
  },
  {
    "id": "180aa6c9-70d2-4670-860f-c3ad72060b43",
    "data": [
      {
        "text": "I am from the ",
        "userDefined": false
      },
      {
        "text": "singapore police force",
        "alias": "CISCompanies",
        "meta": "@CISCompanies",
        "userDefined": true
      }
    ],
    "isTemplate": false,
    "count": 0,
    "updated": 0
  },
  {
    "id": "a88d197b-c56c-43ce-b38d-6f0103e0a56a",
    "data": [
      {
        "text": "i want to know my ",
        "userDefined": false
      },
      {
        "text": "company",
        "alias": "Company",
        "meta": "@Company",
        "userDefined": false
      },
      {
        "text": " ",
        "userDefined": false
      },
      {
        "text": "cis",
        "alias": "CIS",
        "meta": "@CIS",
        "userDefined": false
      },
      {
        "text": " rates",
        "userDefined": false
      }
    ],
    "isTemplate": false,
    "count": 0,
    "updated": 0
  },
  {
    "id": "3bfb329e-4c7d-4633-b5df-fa66d91d2a10",
    "data": [
      {
        "text": "is there any discount i get from my subscription",
        "userDefined": false
      }
    ],
    "isTemplate": false,
    "count": 0,
    "updated": 0
  },
  {
    "id": "c4f4ce74-f9e4-4e09-ba0c-7c3b3a5b0aa7",
    "data": [
      {
        "text": "where can i get ",
        "userDefined": false
      },
      {
        "text": "cis",
        "alias": "CIS",
        "meta": "@CIS",
        "userDefined": false
      },
      {
        "text": " price",
        "userDefined": false
      }
    ],
    "isTemplate": false,
    "count": 0,
    "updated": 0
  },
  {
    "id": "3fcd6c0b-21b1-4e59-b828-ce6646599e34",
    "data": [
      {
        "text": "i heard there is a special rate for my ",
        "userDefined": false
      },
      {
        "text": "company",
        "alias": "Company",
        "meta": "@Company",
        "userDefined": false
      },
      {
        "text": " how to check",
        "userDefined": false
      }
    ],
    "isTemplate": false,
    "count": 0,
    "updated": 0
  },
  {
    "id": "c6bbb685-35c2-417b-9dee-74074e77e947",
    "data": [
      {
        "text": "how much do i have to pay for ",
        "userDefined": false
      },
      {
        "text": "cis",
        "alias": "CIS",
        "meta": "@CIS",
        "userDefined": false
      },
      {
        "text": " line",
        "userDefined": false
      }
    ],
    "isTemplate": false,
    "count": 0,
    "updated": 0
  },
  {
    "id": "87153469-d89a-477c-83e3-95613818ac6c",
    "data": [
      {
        "text": "how much is the ",
        "userDefined": false
      },
      {
        "text": "mobile",
        "alias": "Handphone",
        "meta": "@Handphone",
        "userDefined": false
      },
      {
        "text": " plans under ",
        "userDefined": false
      },
      {
        "text": "CIS",
        "alias": "CIS",
        "meta": "@CIS",
        "userDefined": false
      }
    ],
    "isTemplate": false,
    "count": 0,
    "updated": 0
  },
  {
    "id": "da0ece54-d24e-4afe-84c6-ae3a40aeef7d",
    "data": [
      {
        "text": "how much is the monthly plan for hsbc",
        "userDefined": false
      }
    ],
    "isTemplate": false,
    "count": 1,
    "updated": 0
  },
  {
    "id": "82ebcbca-e1e4-4586-9613-7b59bd534bc9",
    "data": [
      {
        "text": "what kind of discount do i get when i subscribe",
        "userDefined": false
      }
    ],
    "isTemplate": false,
    "count": 0,
    "updated": 0
  },
  {
    "id": "7386ccc6-571e-4fec-8477-578715a89260",
    "data": [
      {
        "text": "how much is the ",
        "userDefined": false
      },
      {
        "text": "cis",
        "alias": "CIS",
        "meta": "@CIS",
        "userDefined": false
      },
      {
        "text": " discount",
        "userDefined": false
      }
    ],
    "isTemplate": false,
    "count": 1,
    "updated": 0
  },
  {
    "id": "8e98bc95-10a5-401b-b7db-b9a308ece68f",
    "data": [
      {
        "text": "Hi ",
        "userDefined": false
      },
      {
        "text": "Francis",
        "alias": "given-name",
        "meta": "@sys.given-name",
        "userDefined": false
      },
      {
        "text": ", is Tempur Singapore in ",
        "userDefined": false
      },
      {
        "text": "CIS",
        "alias": "CIS",
        "meta": "@CIS",
        "userDefined": false
      },
      {
        "text": "? As I am one of the employee for Tempur Singapore",
        "userDefined": false
      }
    ],
    "isTemplate": false,
    "count": 0,
    "updated": 0
  },
  {
    "id": "6ccbbb96-aeb3-4c23-9226-cfddfc2037e9",
    "data": [
      {
        "text": "hsbc staff discount",
        "userDefined": false
      }
    ],
    "isTemplate": false,
    "count": 0,
    "updated": 0
  },
  {
    "id": "afb1d0fa-8232-4ca7-8c6b-1a237d502003",
    "data": [
      {
        "text": "i\u0027m a hsbc employee, how much is combo ",
        "userDefined": false
      },
      {
        "text": "3",
        "alias": "number",
        "meta": "@sys.number",
        "userDefined": false
      }
    ],
    "isTemplate": false,
    "count": 0,
    "updated": 0
  },
  {
    "id": "26a9773a-6e23-47b8-9874-2a5bbd963e63",
    "data": [
      {
        "text": "where to get ",
        "userDefined": false
      },
      {
        "text": "cis",
        "alias": "CIS",
        "meta": "@CIS",
        "userDefined": false
      },
      {
        "text": " price plan",
        "userDefined": false
      }
    ],
    "isTemplate": false,
    "count": 0,
    "updated": 0
  },
  {
    "id": "154f695d-45b4-4a57-8bed-819cd72b900f",
    "data": [
      {
        "text": "how much discount i get each month",
        "userDefined": false
      }
    ],
    "isTemplate": false,
    "count": 0,
    "updated": 0
  },
  {
    "id": "f11372ae-aa5d-4b41-9ae3-d8eb8cd2df72",
    "data": [
      {
        "text": "what do i get in return for subscribing",
        "userDefined": false
      }
    ],
    "isTemplate": false,
    "count": 0,
    "updated": 0
  },
  {
    "id": "74f369f6-23b6-4502-aead-4e8270b24506",
    "data": [
      {
        "text": "what kind of discount can i expect",
        "userDefined": false
      }
    ],
    "isTemplate": false,
    "count": 0,
    "updated": 0
  },
  {
    "id": "bd30b792-80a5-4458-a6ae-8ef7e4fd0875",
    "data": [
      {
        "text": "What is the combo6 price for ",
        "userDefined": false
      },
      {
        "text": "corporate",
        "alias": "CorporateLine",
        "meta": "@CorporateLine",
        "userDefined": false
      },
      {
        "text": " staff?",
        "userDefined": false
      }
    ],
    "isTemplate": false,
    "count": 0,
    "updated": 0
  },
  {
    "id": "631e1613-b3ab-4bd5-ae8b-fa912c563b19",
    "data": [
      {
        "text": "i am DP holder working in ",
        "userDefined": false
      },
      {
        "text": "LOC",
        "alias": "CISCompanies",
        "meta": "@CISCompanies",
        "userDefined": true
      },
      {
        "text": ", can get CIS offers?",
        "userDefined": false
      }
    ],
    "isTemplate": false,
    "count": 0,
    "updated": 0
  },
  {
    "id": "3775fd9b-abeb-4e78-8c25-fde3ee19cb7b",
    "data": [
      {
        "text": "hi. i am a staff from ",
        "userDefined": false
      },
      {
        "text": "axa",
        "alias": "CISCompanies",
        "meta": "@CISCompanies",
        "userDefined": true
      },
      {
        "text": " insurance. can you let me know the ",
        "userDefined": false
      },
      {
        "text": "CIS",
        "alias": "CIS",
        "meta": "@CIS",
        "userDefined": false
      },
      {
        "text": " rates for my ",
        "userDefined": false
      },
      {
        "text": "company",
        "alias": "Company",
        "meta": "@Company",
        "userDefined": false
      },
      {
        "text": ", as well as the T\u0026Cs?",
        "userDefined": false
      }
    ],
    "isTemplate": false,
    "count": 0,
    "updated": 0
  },
  {
    "id": "d0cdb23d-c38e-4da4-b7c1-e35d30905cbc",
    "data": [
      {
        "text": "Hi, ",
        "userDefined": false
      },
      {
        "text": "Francis",
        "alias": "given-name",
        "meta": "@sys.given-name",
        "userDefined": false
      },
      {
        "text": ". If I ",
        "userDefined": false
      },
      {
        "text": "recontract",
        "alias": "Recontract",
        "meta": "@Recontract",
        "userDefined": false
      },
      {
        "text": " on ",
        "userDefined": false
      },
      {
        "text": "CIS",
        "alias": "CIS",
        "meta": "@CIS",
        "userDefined": false
      },
      {
        "text": " ",
        "userDefined": false
      },
      {
        "text": "MINDEF",
        "alias": "CISCompanies",
        "meta": "@CISCompanies",
        "userDefined": false
      },
      {
        "text": " package on Combo ",
        "userDefined": false
      },
      {
        "text": "2",
        "alias": "number",
        "meta": "@sys.number",
        "userDefined": false
      },
      {
        "text": ", do I get the extra ",
        "userDefined": false
      },
      {
        "text": "1",
        "alias": "number",
        "meta": "@sys.number",
        "userDefined": false
      },
      {
        "text": "GB which is avble to ",
        "userDefined": false
      },
      {
        "text": "mindef",
        "alias": "CISCompanies1",
        "meta": "@CISCompanies",
        "userDefined": false
      },
      {
        "text": " staff",
        "userDefined": false
      }
    ],
    "isTemplate": false,
    "count": 0,
    "updated": 0
  },
  {
    "id": "2e315076-a0ec-47ef-b936-57041dcb14fc",
    "data": [
      {
        "text": "how much data does combo ",
        "userDefined": false
      },
      {
        "text": "3",
        "alias": "number",
        "meta": "@sys.number",
        "userDefined": false
      },
      {
        "text": " plan has?",
        "userDefined": false
      }
    ],
    "isTemplate": false,
    "count": 0,
    "updated": 0
  },
  {
    "id": "105f9f8f-fde3-4d3c-8a2b-7567bb68a3bb",
    "data": [
      {
        "text": "how much is a ",
        "userDefined": false
      },
      {
        "text": "cis",
        "alias": "CIS",
        "meta": "@CIS",
        "userDefined": false
      },
      {
        "text": " line",
        "userDefined": false
      }
    ],
    "isTemplate": false,
    "count": 0,
    "updated": 0
  },
  {
    "id": "c4016f06-9f06-4f0f-9c09-9463a855db99",
    "data": [
      {
        "text": "can u tell me my ",
        "userDefined": false
      },
      {
        "text": "cis",
        "alias": "CIS",
        "meta": "@CIS",
        "userDefined": false
      },
      {
        "text": " plan",
        "userDefined": false
      }
    ],
    "isTemplate": false,
    "count": 0,
    "updated": 0
  },
  {
    "id": "6a684a24-daee-4fc1-9280-a37944a71599",
    "data": [
      {
        "text": "Any discount for HSBC staff",
        "userDefined": false
      }
    ],
    "isTemplate": false,
    "count": 0,
    "updated": 0
  },
  {
    "id": "53ad76b7-d285-4236-867f-55c65133ae14",
    "data": [
      {
        "text": "i\u0027m a hsbc employee, how much is combo ",
        "userDefined": false
      },
      {
        "text": "1",
        "alias": "number",
        "meta": "@sys.number",
        "userDefined": false
      }
    ],
    "isTemplate": false,
    "count": 0,
    "updated": 0
  },
  {
    "id": "8abee0ad-aacf-433b-8d6d-d068f46d50bf",
    "data": [
      {
        "text": "can tell me ",
        "userDefined": false
      },
      {
        "text": "cis",
        "alias": "CIS",
        "meta": "@CIS",
        "userDefined": false
      },
      {
        "text": " price plan",
        "userDefined": false
      }
    ],
    "isTemplate": false,
    "count": 0,
    "updated": 0
  },
  {
    "id": "1bf96e40-deba-46f3-a410-9103a283025d",
    "data": [
      {
        "text": "can you tell me my ",
        "userDefined": false
      },
      {
        "text": "cis",
        "alias": "CIS",
        "meta": "@CIS",
        "userDefined": false
      },
      {
        "text": " rates",
        "userDefined": false
      }
    ],
    "isTemplate": false,
    "count": 0,
    "updated": 0
  },
  {
    "id": "7b600719-e081-49bb-82b8-c24b48c29113",
    "data": [
      {
        "text": "where can i get ",
        "userDefined": false
      },
      {
        "text": "cis",
        "alias": "CIS",
        "meta": "@CIS",
        "userDefined": false
      },
      {
        "text": " price plan",
        "userDefined": false
      }
    ],
    "isTemplate": false,
    "count": 0,
    "updated": 0
  },
  {
    "id": "341d6e2b-d4ce-4895-8e61-bded3979994d",
    "data": [
      {
        "text": "i\u0027m a hsbc employee, how much is combo ",
        "userDefined": false
      },
      {
        "text": "5",
        "alias": "number",
        "meta": "@sys.number",
        "userDefined": false
      }
    ],
    "isTemplate": false,
    "count": 0,
    "updated": 0
  },
  {
    "id": "12fdd541-fe72-4e47-a166-46fb5db0eef0",
    "data": [
      {
        "text": "discount for ",
        "userDefined": false
      },
      {
        "text": "mobile",
        "alias": "Handphone",
        "meta": "@Handphone",
        "userDefined": false
      },
      {
        "text": " plan",
        "userDefined": false
      }
    ],
    "isTemplate": false,
    "count": 0,
    "updated": 0
  },
  {
    "id": "8c446c74-5890-4f08-b38d-033c659b5099",
    "data": [
      {
        "text": "i am a ",
        "userDefined": false
      },
      {
        "text": "Philips Healthcare staff",
        "alias": "CISCompanies",
        "meta": "@CISCompanies",
        "userDefined": true
      }
    ],
    "isTemplate": false,
    "count": 0,
    "updated": 0
  },
  {
    "id": "f054b70b-ec3b-4a78-96cb-f6e321118872",
    "data": [
      {
        "text": "HI can I check for ",
        "userDefined": false
      },
      {
        "text": "Panasonic factory solution Asia pacific",
        "alias": "CISCompanies",
        "meta": "@CISCompanies",
        "userDefined": true
      },
      {
        "text": " ",
        "userDefined": false
      },
      {
        "text": "phone",
        "alias": "Handphone",
        "meta": "@Handphone",
        "userDefined": false
      },
      {
        "text": " plan",
        "userDefined": false
      }
    ],
    "isTemplate": false,
    "count": 0,
    "updated": 0
  },
  {
    "id": "1078e265-a4e1-47f1-bcb9-94722d8cfcf0",
    "data": [
      {
        "text": "For ",
        "userDefined": false
      },
      {
        "text": "great eastern",
        "alias": "CISCompanies",
        "meta": "@CISCompanies",
        "userDefined": false
      },
      {
        "text": " staff, what is their ",
        "userDefined": false
      },
      {
        "text": "corporate",
        "alias": "CorporateLine",
        "meta": "@CorporateLine",
        "userDefined": false
      },
      {
        "text": " ",
        "userDefined": false
      },
      {
        "text": "discount",
        "alias": "Discount",
        "meta": "@Discount",
        "userDefined": false
      }
    ],
    "isTemplate": false,
    "count": 0,
    "updated": 0
  },
  {
    "id": "417cfdc0-b81e-4db3-be19-438359a72246",
    "data": [
      {
        "text": "can u tell me my ",
        "userDefined": false
      },
      {
        "text": "company",
        "alias": "Company",
        "meta": "@Company",
        "userDefined": false
      },
      {
        "text": " ",
        "userDefined": false
      },
      {
        "text": "cis",
        "alias": "CIS",
        "meta": "@CIS",
        "userDefined": false
      },
      {
        "text": " plan",
        "userDefined": false
      }
    ],
    "isTemplate": false,
    "count": 0,
    "updated": 0
  },
  {
    "id": "cdfa3042-e79c-4e5f-bcd1-8d75146368fd",
    "data": [
      {
        "text": "i am with ",
        "userDefined": false
      },
      {
        "text": "singtel",
        "alias": "Competitors",
        "meta": "@Competitors",
        "userDefined": false
      },
      {
        "text": " do i get any discount",
        "userDefined": false
      }
    ],
    "isTemplate": false,
    "count": 0,
    "updated": 0
  },
  {
    "id": "3433047d-ddb0-4e6e-a905-2f5aa368a813",
    "data": [
      {
        "text": "what is the monthly subscription discount for my ",
        "userDefined": false
      },
      {
        "text": "company",
        "alias": "Company",
        "meta": "@Company",
        "userDefined": true
      },
      {
        "text": "?",
        "userDefined": false
      }
    ],
    "isTemplate": false,
    "count": 0,
    "updated": 0
  },
  {
    "id": "d9ec658d-5a61-4874-a7b5-39abb308cc70",
    "data": [
      {
        "text": "i\u0027m a new subscriber. will i get some sort of discount ",
        "userDefined": false
      },
      {
        "text": "each month",
        "alias": "date-period",
        "meta": "@sys.date-period",
        "userDefined": false
      }
    ],
    "isTemplate": false,
    "count": 0,
    "updated": 0
  },
  {
    "id": "917750a9-3419-4bf7-be21-3f204fac742c",
    "data": [
      {
        "text": "Hi what is the ",
        "userDefined": false
      },
      {
        "text": "corporate",
        "alias": "CorporateLine",
        "meta": "@CorporateLine",
        "userDefined": false
      },
      {
        "text": " plan price for combo6? Im from ",
        "userDefined": false
      },
      {
        "text": "globalfoundries",
        "alias": "CISCompanies",
        "meta": "@CISCompanies",
        "userDefined": true
      },
      {
        "text": " pte ltd",
        "userDefined": false
      }
    ],
    "isTemplate": false,
    "count": 0,
    "updated": 0
  },
  {
    "id": "7739713f-037f-4091-8c86-7255c523ad49",
    "data": [
      {
        "text": "I am a ",
        "userDefined": false
      },
      {
        "text": "MINDEF",
        "alias": "CISCompanies",
        "meta": "@CISCompanies",
        "userDefined": false
      },
      {
        "text": " staff. If I ",
        "userDefined": false
      },
      {
        "text": "recontract",
        "alias": "Recontract",
        "meta": "@Recontract",
        "userDefined": false
      },
      {
        "text": " on Combo ",
        "userDefined": false
      },
      {
        "text": "2",
        "alias": "number",
        "meta": "@sys.number",
        "userDefined": false
      },
      {
        "text": " package, am I eligble for the extra ",
        "userDefined": false
      },
      {
        "text": "1",
        "alias": "number",
        "meta": "@sys.number",
        "userDefined": false
      },
      {
        "text": "GB data",
        "userDefined": false
      }
    ],
    "isTemplate": false,
    "count": 0,
    "updated": 0
  },
  {
    "id": "a5d0934d-7dfe-4657-984d-e51baccddf41",
    "data": [
      {
        "text": "what is ",
        "userDefined": false
      },
      {
        "text": "dbs",
        "alias": "CISCompanies",
        "meta": "@CISCompanies",
        "userDefined": true
      },
      {
        "text": " ",
        "userDefined": false
      },
      {
        "text": "cis",
        "alias": "CIS",
        "meta": "@CIS",
        "userDefined": false
      },
      {
        "text": " rate",
        "userDefined": false
      }
    ],
    "isTemplate": false,
    "count": 0,
    "updated": 0
  },
  {
    "id": "a94e2f47-6ee9-4a4a-8842-dd590f405a2d",
    "data": [
      {
        "text": "can u provide me with my ",
        "userDefined": false
      },
      {
        "text": "company",
        "alias": "Company",
        "meta": "@Company",
        "userDefined": false
      },
      {
        "text": " ",
        "userDefined": false
      },
      {
        "text": "cis",
        "alias": "CIS",
        "meta": "@CIS",
        "userDefined": false
      },
      {
        "text": " plan",
        "userDefined": false
      }
    ],
    "isTemplate": false,
    "count": 0,
    "updated": 0
  },
  {
    "id": "ff0d60a2-95eb-4c0e-9702-d8e4f58dd30b",
    "data": [
      {
        "text": "how to check the rates for my ",
        "userDefined": false
      },
      {
        "text": "company",
        "alias": "Company",
        "meta": "@Company",
        "userDefined": false
      }
    ],
    "isTemplate": false,
    "count": 2,
    "updated": 0
  },
  {
    "id": "156ad098-fdeb-4df3-82e1-8403d1a0ea9c",
    "data": [
      {
        "text": "i am a citibank employee what kind of discounts am i entitled to",
        "userDefined": false
      }
    ],
    "isTemplate": false,
    "count": 0,
    "updated": 0
  },
  {
    "id": "5e0657d3-d088-42a3-aefc-6dc3ffe2e370",
    "data": [
      {
        "text": "where can i get ",
        "userDefined": false
      },
      {
        "text": "cis",
        "alias": "CIS",
        "meta": "@CIS",
        "userDefined": false
      },
      {
        "text": " rates",
        "userDefined": false
      }
    ],
    "isTemplate": false,
    "count": 0,
    "updated": 0
  },
  {
    "id": "e49337fa-eae7-4ce8-8780-40c6d439cc18",
    "data": [
      {
        "text": "how much is a ",
        "userDefined": false
      },
      {
        "text": "cis",
        "alias": "CIS",
        "meta": "@CIS",
        "userDefined": false
      },
      {
        "text": " plan",
        "userDefined": false
      }
    ],
    "isTemplate": false,
    "count": 0,
    "updated": 0
  },
  {
    "id": "6bc8e7bd-473f-43c0-83ad-16d85c8c3e3d",
    "data": [
      {
        "text": "how many percent for ",
        "userDefined": false
      },
      {
        "text": "company",
        "alias": "Company",
        "meta": "@Company",
        "userDefined": false
      },
      {
        "text": " ",
        "userDefined": false
      },
      {
        "text": "RESORT WORLD SENTOSA",
        "alias": "CISCompanies",
        "meta": "@CISCompanies",
        "userDefined": true
      }
    ],
    "isTemplate": false,
    "count": 0,
    "updated": 0
  },
  {
    "id": "67325ded-8abc-490d-a0fa-f9dfdf5b0434",
    "data": [
      {
        "text": "what\u0027s the montly subscription? and the extras",
        "userDefined": false
      }
    ],
    "isTemplate": false,
    "count": 0,
    "updated": 0
  },
  {
    "id": "ac80bf71-390a-4e23-9611-9c9ac7fe54fb",
    "data": [
      {
        "text": "Hi, I would like to know the ",
        "userDefined": false
      },
      {
        "text": "corporate",
        "alias": "CorporateLine",
        "meta": "@CorporateLine",
        "userDefined": false
      },
      {
        "text": " rates as an employee with ",
        "userDefined": false
      },
      {
        "text": "ExxonMobil",
        "alias": "CISCompanies",
        "meta": "@CISCompanies",
        "userDefined": true
      }
    ],
    "isTemplate": false,
    "count": 0,
    "updated": 0
  },
  {
    "id": "c000ff7c-0a93-4b38-8971-646e25964f29",
    "data": [
      {
        "text": "My ",
        "userDefined": false
      },
      {
        "text": "company",
        "alias": "Company",
        "meta": "@Company",
        "userDefined": false
      },
      {
        "text": " ",
        "userDefined": false
      },
      {
        "text": "Givaudan",
        "alias": "CISCompanies",
        "meta": "@CISCompanies",
        "userDefined": true
      },
      {
        "text": " has ",
        "userDefined": false
      },
      {
        "text": "CIS",
        "alias": "CIS",
        "meta": "@CIS",
        "userDefined": false
      },
      {
        "text": " with ",
        "userDefined": false
      },
      {
        "text": "Singtel",
        "alias": "Competitors",
        "meta": "@Competitors",
        "userDefined": false
      }
    ],
    "isTemplate": false,
    "count": 0,
    "updated": 0
  },
  {
    "id": "fe9ef692-b4e1-4193-b119-f58ca4efd9d2",
    "data": [
      {
        "text": "i want a ",
        "userDefined": false
      },
      {
        "text": "cis",
        "alias": "CIS",
        "meta": "@CIS",
        "userDefined": false
      },
      {
        "text": " price plan for our ",
        "userDefined": false
      },
      {
        "text": "company",
        "alias": "Company",
        "meta": "@Company",
        "userDefined": false
      }
    ],
    "isTemplate": false,
    "count": 0,
    "updated": 0
  },
  {
    "id": "4e1f7f60-af51-4195-96c4-de32a7e2cf73",
    "data": [
      {
        "text": "what is the price plan extended to me",
        "userDefined": false
      }
    ],
    "isTemplate": false,
    "count": 0,
    "updated": 0
  },
  {
    "id": "aa9b94a5-cae9-4cc4-85b5-9740445a55fc",
    "data": [
      {
        "text": "what is the subscription discount for my ",
        "userDefined": false
      },
      {
        "text": "co",
        "alias": "Company",
        "meta": "@Company",
        "userDefined": true
      }
    ],
    "isTemplate": false,
    "count": 0,
    "updated": 0
  },
  {
    "id": "a19dd58c-7f5b-4cc2-a341-f28b2e09a685",
    "data": [
      {
        "text": "information about discount",
        "userDefined": false
      }
    ],
    "isTemplate": false,
    "count": 0,
    "updated": 0
  },
  {
    "id": "c87930be-ca5b-450b-9e50-a2ac603a4f58",
    "data": [
      {
        "text": "what is the ",
        "userDefined": false
      },
      {
        "text": "cis",
        "alias": "CIS",
        "meta": "@CIS",
        "userDefined": false
      },
      {
        "text": " rate for my ",
        "userDefined": false
      },
      {
        "text": "company",
        "alias": "Company",
        "meta": "@Company",
        "userDefined": false
      },
      {
        "text": "?",
        "userDefined": false
      }
    ],
    "isTemplate": false,
    "count": 0,
    "updated": 0
  },
  {
    "id": "bdbcbf4e-67a7-4a44-a51b-75ac56532aee",
    "data": [
      {
        "text": "i want to know my monthly subscription discount for my ",
        "userDefined": false
      },
      {
        "text": "company",
        "alias": "Company",
        "meta": "@Company",
        "userDefined": false
      }
    ],
    "isTemplate": false,
    "count": 0,
    "updated": 0
  },
  {
    "id": "c23b87cc-ba5f-4a10-8790-8ef471b5b29d",
    "data": [
      {
        "text": "what kind of discount is there for my ",
        "userDefined": false
      },
      {
        "text": "company\u0027s",
        "alias": "Company",
        "meta": "@Company",
        "userDefined": true
      },
      {
        "text": " subscription",
        "userDefined": false
      }
    ],
    "isTemplate": false,
    "count": 0,
    "updated": 0
  },
  {
    "id": "d52e2256-302c-498f-8ec8-8ab2700a83d4",
    "data": [
      {
        "text": "I am ",
        "userDefined": false
      },
      {
        "text": "Darren",
        "alias": "given-name",
        "meta": "@sys.given-name",
        "userDefined": false
      },
      {
        "text": " from ",
        "userDefined": false
      },
      {
        "text": "Panasonic Factory Solutions Asia Pacific",
        "alias": "CISCompanies",
        "meta": "@CISCompanies",
        "userDefined": true
      }
    ],
    "isTemplate": false,
    "count": 0,
    "updated": 0
  },
  {
    "id": "6b9c38ac-16ca-4b41-800f-b5671f72a322",
    "data": [
      {
        "text": "i am from the Singapore armed foces",
        "userDefined": false
      }
    ],
    "isTemplate": false,
    "count": 0,
    "updated": 0
  },
  {
    "id": "d11f0ed3-f5cc-45e9-96d8-d495f6f092d8",
    "data": [
      {
        "text": "i want to know the rate for my ",
        "userDefined": false
      },
      {
        "text": "company",
        "alias": "Company",
        "meta": "@Company",
        "userDefined": false
      }
    ],
    "isTemplate": false,
    "count": 0,
    "updated": 0
  },
  {
    "id": "2bc62286-9b58-4492-b1c3-b5afdd309541",
    "data": [
      {
        "text": "is there any special price for my ",
        "userDefined": false
      },
      {
        "text": "company",
        "alias": "Company",
        "meta": "@Company",
        "userDefined": false
      }
    ],
    "isTemplate": false,
    "count": 0,
    "updated": 0
  },
  {
    "id": "9751cc92-f190-420e-af96-2ace48285000",
    "data": [
      {
        "text": "what kind of price plan can i expect",
        "userDefined": false
      }
    ],
    "isTemplate": false,
    "count": 0,
    "updated": 0
  },
  {
    "id": "f0d4b72b-490e-4773-9d26-61c2b8cb184f",
    "data": [
      {
        "text": "how do i know my ",
        "userDefined": false
      },
      {
        "text": "cis",
        "alias": "CIS",
        "meta": "@CIS",
        "userDefined": false
      },
      {
        "text": " discount",
        "userDefined": false
      }
    ],
    "isTemplate": false,
    "count": 0,
    "updated": 0
  },
  {
    "id": "66f71f3a-c30f-41a4-be70-3a415a72d69c",
    "data": [
      {
        "text": "tell me my company cis plan",
        "userDefined": false
      }
    ],
    "isTemplate": false,
    "count": 0,
    "updated": 0
  },
  {
    "id": "1063368c-eba0-4c6c-9f68-dfa713b0a91f",
    "data": [
      {
        "text": "what plans can i check for discount",
        "userDefined": false
      }
    ],
    "isTemplate": false,
    "count": 0,
    "updated": 0
  },
  {
    "id": "4379bca4-b4ee-4a45-a6d6-502e92ff531d",
    "data": [
      {
        "text": "monthly subscription discount",
        "userDefined": false
      }
    ],
    "isTemplate": false,
    "count": 0,
    "updated": 0
  },
  {
    "id": "9d8b5a27-22e2-4685-a486-c3633a68209e",
    "data": [
      {
        "text": "how much cost does ",
        "userDefined": false
      },
      {
        "text": "CIS",
        "alias": "CIS",
        "meta": "@CIS",
        "userDefined": false
      },
      {
        "text": " reduce ",
        "userDefined": false
      },
      {
        "text": "each month",
        "alias": "date-period",
        "meta": "@sys.date-period",
        "userDefined": false
      }
    ],
    "isTemplate": false,
    "count": 1,
    "updated": 0
  },
  {
    "id": "b8a15444-19f0-4b77-b11c-8773c91e3a87",
    "data": [
      {
        "text": "how much is combo 2 for HSBC",
        "userDefined": false
      }
    ],
    "isTemplate": false,
    "count": 0,
    "updated": 0
  }
]