[
  {
    "id": "fc541ee3-fd36-4883-bf3c-ba51ec7e2aa4",
    "data": [
      {
        "text": "i want info on ",
        "userDefined": false
      },
      {
        "text": "readyroam",
        "alias": "Readyroam",
        "meta": "@Readyroam",
        "userDefined": false
      }
    ],
    "isTemplate": false,
    "count": 0,
    "updated": 0
  },
  {
    "id": "5650cf34-2f9f-42c4-9eae-92ec27d59c6f",
    "data": [
      {
        "text": "i want more on ",
        "userDefined": false
      },
      {
        "text": "readyroam",
        "alias": "Readyroam",
        "meta": "@Readyroam",
        "userDefined": false
      }
    ],
    "isTemplate": false,
    "count": 0,
    "updated": 0
  },
  {
    "id": "11acc3d7-afcc-4d00-9ba8-2df8917d8325",
    "data": [
      {
        "text": "i want to find out more about ",
        "userDefined": false
      },
      {
        "text": "readyroam",
        "alias": "Readyroam",
        "meta": "@Readyroam",
        "userDefined": true
      }
    ],
    "isTemplate": false,
    "count": 0,
    "updated": 0
  },
  {
    "id": "7f748b82-3eb3-4ab5-b9db-4da8bf3c092d",
    "data": [
      {
        "text": "the ",
        "userDefined": false
      },
      {
        "text": "M1",
        "alias": "Competitors",
        "meta": "@Competitors",
        "userDefined": false
      },
      {
        "text": " data passport is way cheaper than your current data plan for ",
        "userDefined": false
      },
      {
        "text": "overseas",
        "alias": "Roaming",
        "meta": "@Roaming",
        "userDefined": false
      },
      {
        "text": " usage",
        "userDefined": false
      }
    ],
    "isTemplate": false,
    "count": 0,
    "updated": 0
  },
  {
    "id": "4c72acb5-1a8c-4ad0-ad1f-8d8a9597564f",
    "data": [
      {
        "text": "when are you going to introduce the data passport like ",
        "userDefined": false
      },
      {
        "text": "M1",
        "alias": "Competitors",
        "meta": "@Competitors",
        "userDefined": false
      }
    ],
    "isTemplate": false,
    "count": 0,
    "updated": 0
  },
  {
    "id": "98a81f4d-ca97-4c1c-b219-962227d54c25",
    "data": [
      {
        "text": "What\u0027s ",
        "userDefined": false
      },
      {
        "text": "readyroam",
        "alias": "Readyroam",
        "meta": "@Readyroam",
        "userDefined": true
      }
    ],
    "isTemplate": false,
    "count": 0,
    "updated": 0
  },
  {
    "id": "8e84f130-e3ea-4d9f-b530-37b2b147d817",
    "data": [
      {
        "text": "What are the charges for e",
        "userDefined": false
      }
    ],
    "isTemplate": false,
    "count": 0,
    "updated": 0
  },
  {
    "id": "b73e617d-97b7-4c36-8cc2-35219c5b456f",
    "data": [
      {
        "text": "how much is the monthly data usage for e",
        "userDefined": false
      }
    ],
    "isTemplate": false,
    "count": 0,
    "updated": 0
  },
  {
    "id": "21f7604f-c48f-412d-927a-cab9d876f7bb",
    "data": [
      {
        "text": "ready to go ",
        "userDefined": false
      },
      {
        "text": "roaming",
        "alias": "Roaming",
        "meta": "@Roaming",
        "userDefined": false
      }
    ],
    "isTemplate": false,
    "count": 0,
    "updated": 0
  },
  {
    "id": "977b8b37-622a-4142-8e42-0d41008cc515",
    "data": [
      {
        "text": "i want to ",
        "userDefined": false
      },
      {
        "text": "sign up",
        "alias": "Sign-up",
        "meta": "@Sign-up",
        "userDefined": false
      },
      {
        "text": " for ",
        "userDefined": false
      },
      {
        "text": "ready roam",
        "alias": "Readyroam",
        "meta": "@Readyroam",
        "userDefined": true
      }
    ],
    "isTemplate": false,
    "count": 0,
    "updated": 0
  },
  {
    "id": "fe8cd282-023b-4921-a353-9c649382829e",
    "data": [
      {
        "text": "1",
        "alias": "number",
        "meta": "@sys.number",
        "userDefined": false
      },
      {
        "text": "gb for ",
        "userDefined": false
      },
      {
        "text": "30 days",
        "alias": "duration",
        "meta": "@sys.duration",
        "userDefined": false
      }
    ],
    "isTemplate": false,
    "count": 0,
    "updated": 0
  },
  {
    "id": "164993bf-6d10-4823-958a-9bfffd59565d",
    "data": [
      {
        "text": "overseas",
        "alias": "Roaming",
        "meta": "@Roaming",
        "userDefined": false
      },
      {
        "text": " ",
        "userDefined": false
      },
      {
        "text": "roaming",
        "alias": "Roaming1",
        "meta": "@Roaming",
        "userDefined": false
      },
      {
        "text": " for ",
        "userDefined": false
      },
      {
        "text": "30 days",
        "alias": "duration",
        "meta": "@sys.duration",
        "userDefined": false
      }
    ],
    "isTemplate": false,
    "count": 0,
    "updated": 0
  },
  {
    "id": "7c19e285-ff21-4472-aa33-4a44c2534258",
    "data": [
      {
        "text": "what exactly is ",
        "userDefined": false
      },
      {
        "text": "ready roam",
        "alias": "Readyroam",
        "meta": "@Readyroam",
        "userDefined": true
      },
      {
        "text": " and how do i go about signing up for it",
        "userDefined": false
      }
    ],
    "isTemplate": false,
    "count": 0,
    "updated": 0
  },
  {
    "id": "fba1d5fb-7f00-4f3e-bde7-9a6f9b1b07f4",
    "data": [
      {
        "text": "what exactly is ",
        "userDefined": false
      },
      {
        "text": "ready roam",
        "alias": "Readyroam",
        "meta": "@Readyroam",
        "userDefined": true
      }
    ],
    "isTemplate": false,
    "count": 0,
    "updated": 0
  },
  {
    "id": "5db77337-10b7-42c7-9f76-20a667c4387e",
    "data": [
      {
        "text": "so what the hell is ",
        "userDefined": false
      },
      {
        "text": "readyroam",
        "alias": "Readyroam",
        "meta": "@Readyroam",
        "userDefined": true
      }
    ],
    "isTemplate": false,
    "count": 0,
    "updated": 0
  },
  {
    "id": "a943f522-4b5d-4138-afc2-870f3e78cc32",
    "data": [
      {
        "text": "ReadyRoam",
        "alias": "Readyroam",
        "meta": "@Readyroam",
        "userDefined": true
      }
    ],
    "isTemplate": false,
    "count": 0,
    "updated": 0
  },
  {
    "id": "8565d84a-2548-4784-8465-a43647db7672",
    "data": [
      {
        "text": "what is ",
        "userDefined": false
      },
      {
        "text": "ready roam",
        "alias": "Readyroam",
        "meta": "@Readyroam",
        "userDefined": true
      }
    ],
    "isTemplate": false,
    "count": 1,
    "updated": 0
  },
  {
    "id": "6d1b24e3-0dbc-4fb1-b142-85c18abc6152",
    "data": [
      {
        "text": "how do i find out more about ",
        "userDefined": false
      },
      {
        "text": "readyroam",
        "alias": "Readyroam",
        "meta": "@Readyroam",
        "userDefined": true
      }
    ],
    "isTemplate": false,
    "count": 0,
    "updated": 0
  },
  {
    "id": "b206f5df-4a56-4b9f-be7a-7c05d25b08bf",
    "data": [
      {
        "text": "i want to buy ",
        "userDefined": false
      },
      {
        "text": "readyroam",
        "alias": "Readyroam",
        "meta": "@Readyroam",
        "userDefined": true
      }
    ],
    "isTemplate": false,
    "count": 0,
    "updated": 0
  },
  {
    "id": "04f9db87-0d2c-447f-ab12-a5e238ddd856",
    "data": [
      {
        "text": "i want to buy ",
        "userDefined": false
      },
      {
        "text": "ready roam",
        "alias": "Readyroam",
        "meta": "@Readyroam",
        "userDefined": true
      }
    ],
    "isTemplate": false,
    "count": 0,
    "updated": 0
  },
  {
    "id": "9eb3c75e-f763-423a-9b26-d4482b686222",
    "data": [
      {
        "text": "how can i ",
        "userDefined": false
      },
      {
        "text": "sign up",
        "alias": "Sign-up",
        "meta": "@Sign-up",
        "userDefined": false
      },
      {
        "text": " for ",
        "userDefined": false
      },
      {
        "text": "ready roam",
        "alias": "Readyroam",
        "meta": "@Readyroam",
        "userDefined": true
      }
    ],
    "isTemplate": false,
    "count": 0,
    "updated": 0
  },
  {
    "id": "65de21f0-e83b-4857-a2a5-7404ef6cc69b",
    "data": [
      {
        "text": "give me info on ",
        "userDefined": false
      },
      {
        "text": "readyroam",
        "alias": "Readyroam",
        "meta": "@Readyroam",
        "userDefined": false
      }
    ],
    "isTemplate": false,
    "count": 0,
    "updated": 0
  },
  {
    "id": "57e4bd1b-bcfb-46c5-824c-8014ecab8fa9",
    "data": [
      {
        "text": "i want details on ",
        "userDefined": false
      },
      {
        "text": "readyroam",
        "alias": "Readyroam",
        "meta": "@Readyroam",
        "userDefined": false
      }
    ],
    "isTemplate": false,
    "count": 0,
    "updated": 0
  },
  {
    "id": "680346c9-ab45-40b7-a049-e20e9aebb039",
    "data": [
      {
        "text": "give me more info on ",
        "userDefined": false
      },
      {
        "text": "readyroam",
        "alias": "Readyroam",
        "meta": "@Readyroam",
        "userDefined": false
      }
    ],
    "isTemplate": false,
    "count": 0,
    "updated": 0
  },
  {
    "id": "ee8cbc2a-dc46-4220-b6ea-627e282dd5d9",
    "data": [
      {
        "text": "how to get ",
        "userDefined": false
      },
      {
        "text": "readyroam",
        "alias": "Readyroam",
        "meta": "@Readyroam",
        "userDefined": false
      }
    ],
    "isTemplate": false,
    "count": 0,
    "updated": 0
  },
  {
    "id": "28025425-58de-4cd7-afe9-af267e3fab43",
    "data": [
      {
        "text": "where to get ",
        "userDefined": false
      },
      {
        "text": "readyroam",
        "alias": "Readyroam",
        "meta": "@Readyroam",
        "userDefined": false
      }
    ],
    "isTemplate": false,
    "count": 0,
    "updated": 0
  },
  {
    "id": "f69a3726-2063-4414-9699-0d865c876f15",
    "data": [
      {
        "text": "how to ",
        "userDefined": false
      },
      {
        "text": "sign up",
        "alias": "Sign-up",
        "meta": "@Sign-up",
        "userDefined": false
      },
      {
        "text": " for ",
        "userDefined": false
      },
      {
        "text": "readyroam",
        "alias": "Readyroam",
        "meta": "@Readyroam",
        "userDefined": false
      }
    ],
    "isTemplate": false,
    "count": 0,
    "updated": 0
  },
  {
    "id": "39ebd7b0-04e2-4c32-a5b1-00ec75423dce",
    "data": [
      {
        "text": "where to find more info on ",
        "userDefined": false
      },
      {
        "text": "readyroam",
        "alias": "Readyroam",
        "meta": "@Readyroam",
        "userDefined": false
      }
    ],
    "isTemplate": false,
    "count": 0,
    "updated": 0
  },
  {
    "id": "ef625f1b-5555-401c-af2c-3b59cffe942f",
    "data": [
      {
        "text": "i want to know more about ",
        "userDefined": false
      },
      {
        "text": "readyroam",
        "alias": "Readyroam",
        "meta": "@Readyroam",
        "userDefined": false
      }
    ],
    "isTemplate": false,
    "count": 1,
    "updated": 0
  },
  {
    "id": "5e8a6fda-130f-4d0b-8757-d105c7472e5f",
    "data": [
      {
        "text": "where to get info on ",
        "userDefined": false
      },
      {
        "text": "readyroam",
        "alias": "Readyroam",
        "meta": "@Readyroam",
        "userDefined": false
      }
    ],
    "isTemplate": false,
    "count": 0,
    "updated": 0
  },
  {
    "id": "eebd02a6-0a88-4bd5-a75b-f9b70e3be95f",
    "data": [
      {
        "text": "what is ",
        "userDefined": false
      },
      {
        "text": "readyroam",
        "alias": "Readyroam",
        "meta": "@Readyroam",
        "userDefined": true
      }
    ],
    "isTemplate": false,
    "count": 0,
    "updated": 0
  },
  {
    "id": "d1930f29-2de7-4c4f-8c3d-feeab64a9c90",
    "data": [
      {
        "text": "i want more info on ",
        "userDefined": false
      },
      {
        "text": "readyroam",
        "alias": "Readyroam",
        "meta": "@Readyroam",
        "userDefined": false
      }
    ],
    "isTemplate": false,
    "count": 0,
    "updated": 0
  },
  {
    "id": "7ac72a6f-2524-450d-ba9b-55a01eaea823",
    "data": [
      {
        "text": "Ready",
        "alias": "Readyroam",
        "meta": "@Readyroam",
        "userDefined": true
      },
      {
        "text": " ",
        "userDefined": false
      },
      {
        "text": "Roam",
        "alias": "Roaming",
        "meta": "@Roaming",
        "userDefined": false
      }
    ],
    "isTemplate": false,
    "count": 0,
    "updated": 0
  }
]