[
  {
    "id": "dcb55a19-6432-4678-83c5-d24bb687bbe0",
    "data": [
      {
        "text": "how to check my singtell app",
        "userDefined": false
      }
    ],
    "isTemplate": false,
    "count": 0,
    "updated": 0
  },
  {
    "id": "a0b84a1c-e020-4c26-8e03-625064c36177",
    "data": [
      {
        "text": "singtelapp status",
        "userDefined": false
      }
    ],
    "isTemplate": false,
    "count": 0,
    "updated": 0
  },
  {
    "id": "c0214d02-fca4-4a6e-8e16-3a91654e99c0",
    "data": [
      {
        "text": "checking singtelapp contract status",
        "userDefined": false
      }
    ],
    "isTemplate": false,
    "count": 0,
    "updated": 0
  },
  {
    "id": "fed0c472-7120-4d33-902b-ba1925e766d5",
    "data": [
      {
        "text": "can i check my contract status using the ",
        "userDefined": false
      },
      {
        "text": "mysingtel",
        "alias": "MySingtelApp",
        "meta": "@MySingtelApp",
        "userDefined": false
      },
      {
        "text": " app",
        "userDefined": false
      }
    ],
    "isTemplate": false,
    "count": 0,
    "updated": 0
  },
  {
    "id": "c6eded3e-9159-467c-938c-c88038b2f55b",
    "data": [
      {
        "text": "how to use the app to check the status",
        "userDefined": false
      }
    ],
    "isTemplate": false,
    "count": 0,
    "updated": 0
  },
  {
    "id": "b08cd666-deea-4ada-9c88-fe63a2d73d0d",
    "data": [
      {
        "text": "i want to use the app to check my contract status",
        "userDefined": false
      }
    ],
    "isTemplate": false,
    "count": 0,
    "updated": 0
  },
  {
    "id": "35194392-06ba-44a5-9c87-50982be1c788",
    "data": [
      {
        "text": "can i use the ",
        "userDefined": false
      },
      {
        "text": "mysingtel",
        "alias": "MySingtelApp",
        "meta": "@MySingtelApp",
        "userDefined": false
      },
      {
        "text": " app to check my contract status",
        "userDefined": false
      }
    ],
    "isTemplate": false,
    "count": 0,
    "updated": 0
  },
  {
    "id": "4230344e-5294-4112-8718-dc145ef33394",
    "data": [
      {
        "text": "how do i check my plan using the app",
        "userDefined": false
      }
    ],
    "isTemplate": false,
    "count": 0,
    "updated": 0
  },
  {
    "id": "8902ddcb-f7a6-4613-8513-f170b95799f4",
    "data": [
      {
        "text": "can i use the app to check my plan",
        "userDefined": false
      }
    ],
    "isTemplate": false,
    "count": 0,
    "updated": 0
  },
  {
    "id": "ae901bd6-6527-4612-8620-892b85a2ac29",
    "data": [
      {
        "text": "how can i use the singtel app to check status",
        "userDefined": false
      }
    ],
    "isTemplate": false,
    "count": 0,
    "updated": 0
  },
  {
    "id": "3926b6ef-fcda-4884-9c2e-bf60689acb0a",
    "data": [
      {
        "text": "how to use the app to check status",
        "userDefined": false
      }
    ],
    "isTemplate": false,
    "count": 0,
    "updated": 0
  },
  {
    "id": "bb4a1765-571b-4325-996d-64510cf36f97",
    "data": [
      {
        "text": "how to use ",
        "userDefined": false
      },
      {
        "text": "my singtel",
        "alias": "MySingtelApp",
        "meta": "@MySingtelApp",
        "userDefined": true
      },
      {
        "text": " app to check status",
        "userDefined": false
      }
    ],
    "isTemplate": false,
    "count": 0,
    "updated": 0
  },
  {
    "id": "ee79c47c-9ef6-41f4-b28a-bff746986dab",
    "data": [
      {
        "text": "mysingtel",
        "alias": "MySingtelApp",
        "meta": "@MySingtelApp",
        "userDefined": true
      },
      {
        "text": " app check status",
        "userDefined": false
      }
    ],
    "isTemplate": false,
    "count": 0,
    "updated": 0
  }
]