[
  {
    "id": "7e851dd9-c967-44ec-98c9-68705e0fde48",
    "data": [
      {
        "text": "What is the fibre broadband",
        "userDefined": false
      }
    ],
    "isTemplate": false,
    "count": 0,
    "updated": 0
  },
  {
    "id": "e92fe997-b793-49b5-b00c-5ebed65e15b6",
    "data": [
      {
        "text": "how much is the maximum data usage for fibre home bundle",
        "userDefined": false
      }
    ],
    "isTemplate": false,
    "count": 0,
    "updated": 0
  },
  {
    "id": "5edae57e-0db7-4b15-86b8-3da77139ec36",
    "data": [
      {
        "text": "how to ",
        "userDefined": false
      },
      {
        "text": "recontract",
        "alias": "Recontract",
        "meta": "@Recontract",
        "userDefined": false
      },
      {
        "text": " online on fibre home bundle",
        "userDefined": false
      }
    ],
    "isTemplate": false,
    "count": 0,
    "updated": 0
  },
  {
    "id": "5d8477a5-6ba5-4b9c-b2a5-c8f051aec713",
    "data": [
      {
        "text": "how much is the ",
        "userDefined": false
      },
      {
        "text": "family",
        "alias": "Family",
        "meta": "@Family",
        "userDefined": false
      },
      {
        "text": " package for fibre home bundle",
        "userDefined": false
      }
    ],
    "isTemplate": false,
    "count": 0,
    "updated": 0
  },
  {
    "id": "545e2949-e149-404e-82e6-4f416ab05105",
    "data": [
      {
        "text": "will i get annual ",
        "userDefined": false
      },
      {
        "text": "handset",
        "alias": "Handphone",
        "meta": "@Handphone",
        "userDefined": false
      },
      {
        "text": " upgrade for fibre home bundle",
        "userDefined": false
      }
    ],
    "isTemplate": false,
    "count": 0,
    "updated": 0
  },
  {
    "id": "6434cb2d-047b-4d58-8d1d-0b69db2a7c6d",
    "data": [
      {
        "text": "how many ",
        "userDefined": false
      },
      {
        "text": "mobile",
        "alias": "Handphone",
        "meta": "@Handphone",
        "userDefined": false
      },
      {
        "text": " lines are available for Fibre Home Bundle monthly subscription",
        "userDefined": false
      }
    ],
    "isTemplate": false,
    "count": 0,
    "updated": 0
  },
  {
    "id": "644001e4-67e6-436f-8d96-42466983ef9d",
    "data": [
      {
        "text": "how many contract months available in fibre home bundle",
        "userDefined": false
      }
    ],
    "isTemplate": false,
    "count": 0,
    "updated": 0
  },
  {
    "id": "e5654592-26d1-4cef-8277-8a9c12f53e87",
    "data": [
      {
        "text": "do i get free home line when i\u0027m on the fibre home bundle",
        "userDefined": false
      }
    ],
    "isTemplate": false,
    "count": 0,
    "updated": 0
  },
  {
    "id": "63f3e6ce-20c4-47c5-8bf0-1a566faa0f81",
    "data": [
      {
        "text": "do i get free data usage for fibre home bundle",
        "userDefined": false
      }
    ],
    "isTemplate": false,
    "count": 0,
    "updated": 0
  },
  {
    "id": "773efd07-0e7b-4633-a844-db43e1df22d5",
    "data": [
      {
        "text": "is there any time limit of the home bundle ",
        "userDefined": false
      },
      {
        "text": "sign up",
        "alias": "Sign-up",
        "meta": "@Sign-up",
        "userDefined": false
      }
    ],
    "isTemplate": false,
    "count": 0,
    "updated": 0
  },
  {
    "id": "97390856-a1fe-4ea6-a060-4bf9d565a313",
    "data": [
      {
        "text": "what are the perks of signing up to fibre home bundle",
        "userDefined": false
      }
    ],
    "isTemplate": false,
    "count": 0,
    "updated": 0
  },
  {
    "id": "316ec878-b2a8-4186-b30f-91dfeb3ec76f",
    "data": [
      {
        "text": "how to ",
        "userDefined": false
      },
      {
        "text": "sign up",
        "alias": "Sign-up",
        "meta": "@Sign-up",
        "userDefined": false
      },
      {
        "text": " for fibre broadband plans",
        "userDefined": false
      }
    ],
    "isTemplate": false,
    "count": 0,
    "updated": 0
  },
  {
    "id": "5b9d17c7-7154-4d3c-b605-c97e043fe194",
    "data": [
      {
        "text": "fibre entertainment bundle+",
        "userDefined": false
      }
    ],
    "isTemplate": false,
    "count": 0,
    "updated": 0
  },
  {
    "id": "ff4df0db-ffe8-4941-9b44-09ae54fe8ba8",
    "data": [
      {
        "text": "fibre broadband plus",
        "userDefined": false
      }
    ],
    "isTemplate": false,
    "count": 0,
    "updated": 0
  }
]