[
  {
    "id": "4ba83144-e5c9-4f2f-89f5-14bc9e144dbb",
    "data": [
      {
        "text": "can my ",
        "userDefined": false
      },
      {
        "text": "device",
        "alias": "Handphone",
        "meta": "@Handphone",
        "userDefined": false
      },
      {
        "text": " support wifi calling",
        "userDefined": false
      }
    ],
    "isTemplate": false,
    "count": 1,
    "updated": 0
  },
  {
    "id": "66be4e90-da96-47f6-a4aa-4934c5c83973",
    "data": [
      {
        "text": "does my ",
        "userDefined": false
      },
      {
        "text": "phone",
        "alias": "Handphone",
        "meta": "@Handphone",
        "userDefined": false
      },
      {
        "text": " support wifi calling",
        "userDefined": false
      }
    ],
    "isTemplate": false,
    "count": 0,
    "updated": 0
  },
  {
    "id": "1af9c217-074b-4780-b870-dc24434e2f5c",
    "data": [
      {
        "text": "how can i use wifi to make free calls",
        "userDefined": false
      }
    ],
    "isTemplate": false,
    "count": 0,
    "updated": 0
  },
  {
    "id": "1a3ac791-dac4-4214-8364-7ed655f28474",
    "data": [
      {
        "text": "how can i use wifi to call",
        "userDefined": false
      }
    ],
    "isTemplate": false,
    "count": 0,
    "updated": 0
  },
  {
    "id": "b79b01d2-42b5-4a0d-9483-30b143e80cb5",
    "data": [
      {
        "text": "what is wifi calling",
        "userDefined": false
      }
    ],
    "isTemplate": false,
    "count": 0,
    "updated": 0
  }
]