[
  {
    "id": "9d8a91cc-7aca-4871-9c13-c9900177b904",
    "data": [
      {
        "text": "Over ",
        "userDefined": false
      },
      {
        "text": "21",
        "alias": "number",
        "meta": "@sys.number",
        "userDefined": false
      }
    ],
    "isTemplate": false,
    "count": 0,
    "updated": 0
  },
  {
    "id": "335c3f0e-898f-43bd-998e-22b6f4cf94f6",
    "data": [
      {
        "text": "Over ",
        "userDefined": false
      },
      {
        "text": "21st",
        "alias": "ordinal",
        "meta": "@sys.ordinal",
        "userDefined": false
      }
    ],
    "isTemplate": false,
    "count": 0,
    "updated": 0
  },
  {
    "id": "970b965b-8312-4d51-aedf-cbafa4379223",
    "data": [
      {
        "text": "21st",
        "alias": "ordinal",
        "meta": "@sys.ordinal",
        "userDefined": true
      },
      {
        "text": " ",
        "userDefined": false
      },
      {
        "text": "Month",
        "meta": "@sys.ignore",
        "userDefined": true
      },
      {
        "text": " onwards",
        "userDefined": false
      }
    ],
    "isTemplate": false,
    "count": 0,
    "updated": 0
  },
  {
    "id": "5849ce0c-d9eb-4935-ad69-88ddcd175efc",
    "data": [
      {
        "text": "21st",
        "alias": "ordinal",
        "meta": "@sys.ordinal",
        "userDefined": true
      }
    ],
    "isTemplate": false,
    "count": 0,
    "updated": 0
  }
]