[
  {
    "id": "5147c704-4bd3-4ac1-8094-4a443291bf6a",
    "data": [
      {
        "text": "where can i find more information on singtel prepaid plans",
        "userDefined": false
      }
    ],
    "isTemplate": false,
    "count": 0,
    "updated": 0
  },
  {
    "id": "29829212-9e7b-48da-9266-9e01c9ee8d5d",
    "data": [
      {
        "text": "can i use singtel prepaid plans for ",
        "userDefined": false
      },
      {
        "text": "overseas",
        "alias": "Roaming",
        "meta": "@Roaming",
        "userDefined": false
      },
      {
        "text": " ",
        "userDefined": false
      },
      {
        "text": "travel",
        "alias": "Roaming1",
        "meta": "@Roaming",
        "userDefined": false
      }
    ],
    "isTemplate": false,
    "count": 0,
    "updated": 0
  },
  {
    "id": "a4c8e7a5-4aa6-4186-9b97-423c5c2177ce",
    "data": [
      {
        "text": "how do i ",
        "userDefined": false
      },
      {
        "text": "sign up",
        "alias": "Sign-up",
        "meta": "@Sign-up",
        "userDefined": false
      },
      {
        "text": " for singtel prepaid plans",
        "userDefined": false
      }
    ],
    "isTemplate": false,
    "count": 0,
    "updated": 0
  },
  {
    "id": "c2626dfb-5712-4c3a-ae6e-11b9ecc27fcf",
    "data": [
      {
        "text": "prepaid top up cards",
        "userDefined": false
      }
    ],
    "isTemplate": false,
    "count": 0,
    "updated": 0
  },
  {
    "id": "0e648650-92d1-401d-a949-39e022d8f7c1",
    "data": [
      {
        "text": "i want to buy tourist sim prepaid",
        "userDefined": false
      }
    ],
    "isTemplate": false,
    "count": 0,
    "updated": 0
  },
  {
    "id": "ad5726e4-759e-4c12-a5a5-7974f86098d9",
    "data": [
      {
        "text": "where can i buy prepaid cards",
        "userDefined": false
      }
    ],
    "isTemplate": false,
    "count": 0,
    "updated": 0
  },
  {
    "id": "3c60903e-19f3-40af-bd48-8ab933ebda67",
    "data": [
      {
        "text": "what is the singtel prepaid plans available",
        "userDefined": false
      }
    ],
    "isTemplate": false,
    "count": 0,
    "updated": 0
  },
  {
    "id": "fe0d0c8e-7b1f-4a5e-b969-129fc3347a1d",
    "data": [
      {
        "text": "how can i manage my prepaid account",
        "userDefined": false
      }
    ],
    "isTemplate": false,
    "count": 0,
    "updated": 0
  },
  {
    "id": "4ffbe365-eda2-45f4-925f-df0d77500055",
    "data": [
      {
        "text": "how much is singtel prepaid",
        "userDefined": false
      }
    ],
    "isTemplate": false,
    "count": 0,
    "updated": 0
  },
  {
    "id": "4917aa86-8f98-4ccd-975d-abe656946d49",
    "data": [
      {
        "text": "how can i register prepaid ",
        "userDefined": false
      },
      {
        "text": "mobile",
        "alias": "Handphone",
        "meta": "@Handphone",
        "userDefined": false
      },
      {
        "text": " plan",
        "userDefined": false
      }
    ],
    "isTemplate": false,
    "count": 0,
    "updated": 0
  }
]