[
  {
    "id": "d5df47f4-a9b3-4b45-a984-7d77ca7c6070",
    "data": [
      {
        "text": "2nd",
        "alias": "ordinal",
        "meta": "@sys.ordinal",
        "userDefined": false
      },
      {
        "text": " month convert",
        "userDefined": false
      }
    ],
    "isTemplate": false,
    "count": 0,
    "updated": 0
  },
  {
    "id": "9c45adb5-ca79-4bbb-94c5-1fd266fc28a5",
    "data": [
      {
        "text": "Between ",
        "userDefined": false
      },
      {
        "text": "2nd and 5th Month",
        "alias": "date-period",
        "meta": "@sys.date-period",
        "userDefined": true
      }
    ],
    "isTemplate": false,
    "count": 0,
    "updated": 0
  }
]