[
  {
    "id": "680cd9f5-a172-4ea1-857e-35b8d63864ac",
    "data": [
      {
        "text": "protect ",
        "userDefined": false
      },
      {
        "text": "device",
        "alias": "Handphone",
        "meta": "@Handphone",
        "userDefined": false
      }
    ],
    "isTemplate": false,
    "count": 0,
    "updated": 0
  },
  {
    "id": "61044b5b-5ea0-4451-aceb-c336a2d24e70",
    "data": [
      {
        "text": "spyware",
        "userDefined": false
      }
    ],
    "isTemplate": false,
    "count": 0,
    "updated": 0
  },
  {
    "id": "a1c47875-d596-4505-8a2e-9b9f3cd8dee3",
    "data": [
      {
        "text": "virus",
        "userDefined": false
      }
    ],
    "isTemplate": false,
    "count": 0,
    "updated": 0
  },
  {
    "id": "eeedab1b-e7a5-402a-bbd6-bb92eae1e253",
    "data": [
      {
        "text": "malwares",
        "userDefined": false
      }
    ],
    "isTemplate": false,
    "count": 0,
    "updated": 0
  },
  {
    "id": "c62fd805-9a63-4865-872c-eefb482e0048",
    "data": [
      {
        "text": "security for my ",
        "userDefined": false
      },
      {
        "text": "phone",
        "alias": "Handphone",
        "meta": "@Handphone",
        "userDefined": false
      }
    ],
    "isTemplate": false,
    "count": 0,
    "updated": 0
  },
  {
    "id": "fd887a6c-c635-4b04-9fdb-9e9e2e7f94fe",
    "data": [
      {
        "text": "how can i protect the data on my ",
        "userDefined": false
      },
      {
        "text": "phone",
        "alias": "Handphone",
        "meta": "@Handphone",
        "userDefined": false
      }
    ],
    "isTemplate": false,
    "count": 0,
    "updated": 0
  },
  {
    "id": "2abb55b5-8a59-4a4e-9d96-b01e3e72df2d",
    "data": [
      {
        "text": "how can i protect my ",
        "userDefined": false
      },
      {
        "text": "phone",
        "alias": "Handphone",
        "meta": "@Handphone",
        "userDefined": false
      }
    ],
    "isTemplate": false,
    "count": 0,
    "updated": 0
  },
  {
    "id": "26b94f8d-3361-44ec-b677-368fe84b3a86",
    "data": [
      {
        "text": "what is zone alarm",
        "userDefined": false
      }
    ],
    "isTemplate": false,
    "count": 0,
    "updated": 0
  }
]