[
  {
    "id": "cd09208f-7961-4aea-8798-62f2d9ee745e",
    "data": [
      {
        "text": "how long do u need to improve yourself",
        "userDefined": false
      }
    ],
    "isTemplate": false,
    "count": 0,
    "updated": 0
  },
  {
    "id": "3febfb97-1d9c-483f-b6be-b936632a978e",
    "data": [
      {
        "text": "how long will you improve yourself",
        "userDefined": false
      }
    ],
    "isTemplate": false,
    "count": 0,
    "updated": 0
  },
  {
    "id": "276f0d81-c75e-423e-8ce9-cdc10507bd37",
    "data": [
      {
        "text": "how long does it take to improve yourself",
        "userDefined": false
      }
    ],
    "isTemplate": false,
    "count": 0,
    "updated": 0
  },
  {
    "id": "64e80a5d-3d30-4a62-930e-7d363f063f87",
    "data": [
      {
        "text": "how long does it take for you to improve yourself",
        "userDefined": false
      }
    ],
    "isTemplate": false,
    "count": 0,
    "updated": 0
  }
]