[
  {
    "id": "edecd980-564d-4094-a095-708786190592",
    "data": [
      {
        "text": "are you a boy",
        "userDefined": false
      }
    ],
    "isTemplate": false,
    "count": 0,
    "updated": 0
  },
  {
    "id": "19402708-60b7-4770-90d0-82a1d142bbe0",
    "data": [
      {
        "text": "are u a girl",
        "userDefined": false
      }
    ],
    "isTemplate": false,
    "count": 0,
    "updated": 0
  },
  {
    "id": "166bf156-4a47-4048-97a8-ebe8f6a887df",
    "data": [
      {
        "text": "girl or boy",
        "userDefined": false
      }
    ],
    "isTemplate": false,
    "count": 0,
    "updated": 0
  },
  {
    "id": "d8327e5a-7227-4a37-ace6-d14898a5886b",
    "data": [
      {
        "text": "are you a girl or a boy",
        "userDefined": false
      }
    ],
    "isTemplate": false,
    "count": 0,
    "updated": 0
  },
  {
    "id": "b63fc3ac-cb67-44ea-a194-a84c1e93dcce",
    "data": [
      {
        "text": "what is your gender",
        "userDefined": false
      }
    ],
    "isTemplate": false,
    "count": 0,
    "updated": 0
  },
  {
    "id": "e8eabe46-84d3-4aff-9c05-e27ab26886b9",
    "data": [
      {
        "text": "are you female",
        "userDefined": false
      }
    ],
    "isTemplate": false,
    "count": 0,
    "updated": 0
  },
  {
    "id": "40217401-2992-42d9-a197-5a5cab7fc986",
    "data": [
      {
        "text": "are you male",
        "userDefined": false
      }
    ],
    "isTemplate": false,
    "count": 0,
    "updated": 0
  },
  {
    "id": "233835b1-4713-4352-94a5-539e591fba13",
    "data": [
      {
        "text": "are you male or female",
        "userDefined": false
      }
    ],
    "isTemplate": false,
    "count": 0,
    "updated": 0
  },
  {
    "id": "e88f37f5-5b8c-4e89-970d-1d5457b21c33",
    "data": [
      {
        "text": "are u m or f",
        "userDefined": false
      }
    ],
    "isTemplate": false,
    "count": 0,
    "updated": 0
  }
]