[
  {
    "id": "5b12d19b-e2e2-47ce-874d-c89403602486",
    "data": [
      {
        "text": "wanna hug",
        "userDefined": false
      }
    ],
    "isTemplate": false,
    "count": 1,
    "updated": 0
  },
  {
    "id": "0f55f94f-df49-4c4e-bf0f-7a4f158b82bc",
    "data": [
      {
        "text": "hug you",
        "userDefined": false
      }
    ],
    "isTemplate": false,
    "count": 0,
    "updated": 0
  },
  {
    "id": "7bc28f7c-c196-4741-a394-667097299be6",
    "data": [
      {
        "text": "do you want a hug",
        "userDefined": false
      }
    ],
    "isTemplate": false,
    "count": 0,
    "updated": 0
  },
  {
    "id": "5a78d284-a3e5-44c2-b314-d26b64c1a1e3",
    "data": [
      {
        "text": "may I hug you",
        "userDefined": false
      }
    ],
    "isTemplate": false,
    "count": 1,
    "updated": 0
  },
  {
    "id": "e6c6ac89-4df2-4d3c-9322-44becb06a69b",
    "data": [
      {
        "text": "could you give ",
        "userDefined": false
      },
      {
        "text": "me",
        "meta": "@sys.ignore",
        "userDefined": false
      },
      {
        "text": " a hug",
        "userDefined": false
      }
    ],
    "isTemplate": false,
    "count": 0,
    "updated": 0
  },
  {
    "id": "948b54b1-b33f-497c-a014-8196e7bd60a2",
    "data": [
      {
        "text": "I want a hug",
        "userDefined": false
      }
    ],
    "isTemplate": false,
    "count": 0,
    "updated": 0
  },
  {
    "id": "83f998bb-a62d-4149-b0ae-75cc557bfd75",
    "data": [
      {
        "text": "hug",
        "userDefined": false
      }
    ],
    "isTemplate": false,
    "count": 0,
    "updated": 0
  },
  {
    "id": "651edbc7-c854-4f6b-bbf1-f91392ed3c3f",
    "data": [
      {
        "text": "hug me",
        "userDefined": false
      }
    ],
    "isTemplate": false,
    "count": 1,
    "updated": 0
  },
  {
    "id": "992d1f16-7f3e-44ce-8b2a-13777d82af6e",
    "data": [
      {
        "text": "hugged",
        "userDefined": false
      }
    ],
    "isTemplate": false,
    "count": 1,
    "updated": 0
  },
  {
    "id": "4f2e2e7e-f626-4092-a6cf-3b7db21c42ff",
    "data": [
      {
        "text": "you hugged",
        "userDefined": false
      }
    ],
    "isTemplate": false,
    "count": 0,
    "updated": 0
  },
  {
    "id": "e5b6d09e-3fab-4a29-8040-2cb01296cf73",
    "data": [
      {
        "text": "hugging",
        "userDefined": false
      }
    ],
    "isTemplate": false,
    "count": 0,
    "updated": 0
  },
  {
    "id": "58838383-6f07-4d21-bf1b-101de98bd822",
    "data": [
      {
        "text": "hugging me",
        "userDefined": false
      }
    ],
    "isTemplate": false,
    "count": 0,
    "updated": 0
  },
  {
    "id": "e17fa6e0-d0db-4738-b1f1-94d019ceb612",
    "data": [
      {
        "text": "hugged me",
        "userDefined": false
      }
    ],
    "isTemplate": false,
    "count": 1,
    "updated": 0
  },
  {
    "id": "8a63cf38-14b5-42f9-9fae-b37290ffb8b7",
    "data": [
      {
        "text": "want a hug",
        "userDefined": false
      }
    ],
    "isTemplate": false,
    "count": 1,
    "updated": 0
  },
  {
    "id": "52256234-47c7-42b3-b2b6-5929e9c6bda3",
    "data": [
      {
        "text": "a hug",
        "userDefined": false
      }
    ],
    "isTemplate": false,
    "count": 0,
    "updated": 0
  }
]