[
  {
    "id": "9021e524-4e57-4591-ad2d-e9a471733517",
    "data": [
      {
        "text": "do u want to date me",
        "userDefined": false
      }
    ],
    "isTemplate": false,
    "count": 0,
    "updated": 0
  },
  {
    "id": "3cb4b9be-ba2d-433f-8b3a-1ce8ac2106f8",
    "data": [
      {
        "text": "are you dating anyone",
        "userDefined": false
      }
    ],
    "isTemplate": false,
    "count": 0,
    "updated": 0
  },
  {
    "id": "a7b62bfa-b0bb-466a-8ca8-67b69c6fe08c",
    "data": [
      {
        "text": "are you seeing anybody",
        "userDefined": false
      }
    ],
    "isTemplate": false,
    "count": 0,
    "updated": 0
  },
  {
    "id": "3572522b-3127-406e-86ef-ddd9a3d1da05",
    "data": [
      {
        "text": "who do u date",
        "userDefined": false
      }
    ],
    "isTemplate": false,
    "count": 0,
    "updated": 0
  },
  {
    "id": "4880c35e-2682-4d6c-a744-277227ba0e30",
    "data": [
      {
        "text": "u got ",
        "userDefined": false
      },
      {
        "text": "gf",
        "alias": "Spouse",
        "meta": "@Spouse",
        "userDefined": false
      },
      {
        "text": " a not",
        "userDefined": false
      }
    ],
    "isTemplate": false,
    "count": 0,
    "updated": 0
  },
  {
    "id": "07ee9fb7-4e3d-4d34-83d1-72bb0d69da73",
    "data": [
      {
        "text": "do you have a ",
        "userDefined": false
      },
      {
        "text": "gf",
        "alias": "Spouse",
        "meta": "@Spouse",
        "userDefined": false
      }
    ],
    "isTemplate": false,
    "count": 0,
    "updated": 0
  },
  {
    "id": "65bf35ba-cf5d-4d93-b4d0-c175f073be1f",
    "data": [
      {
        "text": "are u married",
        "userDefined": false
      }
    ],
    "isTemplate": false,
    "count": 0,
    "updated": 0
  },
  {
    "id": "1a62c26a-d353-4600-a26a-056a78a79ca8",
    "data": [
      {
        "text": "are u single",
        "userDefined": false
      }
    ],
    "isTemplate": false,
    "count": 0,
    "updated": 0
  },
  {
    "id": "fe9b6f73-bab6-492d-9959-3b5b55ab43ec",
    "data": [
      {
        "text": "are u ",
        "userDefined": false
      },
      {
        "text": "attached",
        "alias": "Spouse",
        "meta": "@Spouse",
        "userDefined": true
      }
    ],
    "isTemplate": false,
    "count": 0,
    "updated": 0
  },
  {
    "id": "da7eb107-f79e-4c82-a999-0e92abd00e69",
    "data": [
      {
        "text": "do u have a ",
        "userDefined": false
      },
      {
        "text": "girlfriend",
        "alias": "Spouse",
        "meta": "@Spouse",
        "userDefined": true
      }
    ],
    "isTemplate": false,
    "count": 0,
    "updated": 0
  }
]