[
  {
    "id": "c3ac569f-8cee-4bcc-bdc3-3ddb7cee29e5",
    "data": [
      {
        "text": "i really like singtel service. it\u0027s pretty convenient",
        "userDefined": false
      }
    ],
    "isTemplate": false,
    "count": 0,
    "updated": 0
  },
  {
    "id": "bce518f7-502a-4af9-be55-c722953a4fb2",
    "data": [
      {
        "text": "i love singtel",
        "userDefined": false
      }
    ],
    "isTemplate": false,
    "count": 0,
    "updated": 0
  },
  {
    "id": "ef96fd36-85d6-4d94-b39d-3687a5cebf8d",
    "data": [
      {
        "text": "i like singtel",
        "userDefined": false
      }
    ],
    "isTemplate": false,
    "count": 0,
    "updated": 0
  },
  {
    "id": "c0eb68fd-81c5-47d7-b1f7-eb242e64a4e8",
    "data": [
      {
        "text": "i have ",
        "userDefined": false
      },
      {
        "text": "nothing",
        "alias": "number",
        "meta": "@sys.number",
        "userDefined": false
      },
      {
        "text": " but praise for singtel",
        "userDefined": false
      }
    ],
    "isTemplate": false,
    "count": 0,
    "updated": 0
  },
  {
    "id": "49b0e40d-46cc-4e24-b608-77082d31da37",
    "data": [
      {
        "text": "singtel service has served me well",
        "userDefined": false
      }
    ],
    "isTemplate": false,
    "count": 0,
    "updated": 0
  },
  {
    "id": "1caf1c5c-34dc-47be-b51d-663c6d967c33",
    "data": [
      {
        "text": "singtel is excellent",
        "userDefined": false
      }
    ],
    "isTemplate": false,
    "count": 0,
    "updated": 0
  },
  {
    "id": "2c23a333-33f1-4fc6-bf43-ad4b86f53789",
    "data": [
      {
        "text": "i think singtel service is very good",
        "userDefined": false
      }
    ],
    "isTemplate": false,
    "count": 1,
    "updated": 0
  },
  {
    "id": "bd6d7988-2486-4624-befc-d4250b8ad3d5",
    "data": [
      {
        "text": "singtel is awesome",
        "userDefined": false
      }
    ],
    "isTemplate": false,
    "count": 0,
    "updated": 0
  },
  {
    "id": "1e2f0602-7add-4876-84c7-8fdb92dae4a1",
    "data": [
      {
        "text": "singtel",
        "meta": "@sys.ignore",
        "userDefined": false
      },
      {
        "text": " is good",
        "userDefined": false
      }
    ],
    "isTemplate": false,
    "count": 0,
    "updated": 0
  },
  {
    "id": "fd62dd37-1f74-4f9b-af5c-265f58509660",
    "data": [
      {
        "text": "singtel",
        "meta": "@sys.ignore",
        "userDefined": false
      },
      {
        "text": " is the best",
        "userDefined": false
      }
    ],
    "isTemplate": false,
    "count": 0,
    "updated": 0
  }
]