[
  {
    "id": "763fc227-772c-4417-bfbf-21c2a9d291e7",
    "data": [
      {
        "text": "what is your favourite sex position?",
        "userDefined": false
      }
    ],
    "isTemplate": false,
    "count": 0,
    "updated": 0
  },
  {
    "id": "5cac1882-b477-49d3-a890-da0686dd89b7",
    "data": [
      {
        "text": "what is your favourite position",
        "userDefined": false
      }
    ],
    "isTemplate": false,
    "count": 0,
    "updated": 0
  },
  {
    "id": "420b5cc2-58a0-40c7-9c31-514a0382b744",
    "data": [
      {
        "text": "how big are your boobs",
        "userDefined": false
      }
    ],
    "isTemplate": false,
    "count": 0,
    "updated": 0
  },
  {
    "id": "f0829f32-be33-4292-8897-a2a13cf961dc",
    "data": [
      {
        "text": "what is your bra sex?",
        "userDefined": false
      }
    ],
    "isTemplate": false,
    "count": 0,
    "updated": 0
  },
  {
    "id": "a67d0acb-a687-45ca-9da7-9b8ba6770453",
    "data": [
      {
        "text": "how long is your cock",
        "userDefined": false
      }
    ],
    "isTemplate": false,
    "count": 0,
    "updated": 0
  },
  {
    "id": "34be46f7-4539-4f37-aa88-711195f1ffbf",
    "data": [
      {
        "text": "are u gay?",
        "userDefined": false
      }
    ],
    "isTemplate": false,
    "count": 0,
    "updated": 0
  },
  {
    "id": "a9c9d8bd-c905-44aa-94c6-1cbff79c3a3b",
    "data": [
      {
        "text": "do u like having sex?",
        "userDefined": false
      }
    ],
    "isTemplate": false,
    "count": 0,
    "updated": 0
  },
  {
    "id": "6dd83b7d-86ec-4f01-b95d-25e4e46c14f9",
    "data": [
      {
        "text": "do u want to have sex with me?",
        "userDefined": false
      }
    ],
    "isTemplate": false,
    "count": 0,
    "updated": 0
  },
  {
    "id": "8afeb7c4-aa25-4927-854e-335bcc7c52ba",
    "data": [
      {
        "text": "can we have a threesome with another bot",
        "userDefined": false
      }
    ],
    "isTemplate": false,
    "count": 0,
    "updated": 0
  },
  {
    "id": "96c19378-2174-4986-8cf2-8a94405c117d",
    "data": [
      {
        "text": "want to fuck me?",
        "userDefined": false
      }
    ],
    "isTemplate": false,
    "count": 0,
    "updated": 0
  },
  {
    "id": "e1ceb128-4673-4f09-a006-a9b16f7c903d",
    "data": [
      {
        "text": "want to have orgy",
        "userDefined": false
      }
    ],
    "isTemplate": false,
    "count": 0,
    "updated": 0
  },
  {
    "id": "51a7eef5-15ce-4464-aef4-baff24606970",
    "data": [
      {
        "text": "orgy",
        "userDefined": false
      }
    ],
    "isTemplate": false,
    "count": 0,
    "updated": 0
  },
  {
    "id": "e8de2865-612d-4a0e-b3fa-147d1c3aa03d",
    "data": [
      {
        "text": "anal sex",
        "userDefined": false
      }
    ],
    "isTemplate": false,
    "count": 0,
    "updated": 0
  },
  {
    "id": "049b839a-4538-4cc6-80f5-70ae11e5db9c",
    "data": [
      {
        "text": "how does a blowjob feels",
        "userDefined": false
      }
    ],
    "isTemplate": false,
    "count": 0,
    "updated": 0
  },
  {
    "id": "1d4c9161-d394-4c0d-b4e1-9880dd582336",
    "data": [
      {
        "text": "blowjob",
        "userDefined": false
      }
    ],
    "isTemplate": false,
    "count": 0,
    "updated": 0
  },
  {
    "id": "36240520-075d-421b-8daa-0f50ff0f2745",
    "data": [
      {
        "text": "give me oral sex",
        "userDefined": false
      }
    ],
    "isTemplate": false,
    "count": 0,
    "updated": 0
  },
  {
    "id": "848d93aa-9e6f-4403-9505-7cab98b62e20",
    "data": [
      {
        "text": "suck my cock",
        "userDefined": false
      }
    ],
    "isTemplate": false,
    "count": 0,
    "updated": 0
  },
  {
    "id": "9a0b2f8a-26bc-44a3-9338-fdf9f7caa5c8",
    "data": [
      {
        "text": "let\u0027s have sex",
        "userDefined": false
      }
    ],
    "isTemplate": false,
    "count": 0,
    "updated": 0
  },
  {
    "id": "3b80a1dc-c5a1-443b-ac58-e78bc083fa76",
    "data": [
      {
        "text": "u want to have sex with me?",
        "userDefined": false
      }
    ],
    "isTemplate": false,
    "count": 0,
    "updated": 0
  },
  {
    "id": "d99aabbd-3188-4e18-a5ba-e88d5fd0b1af",
    "data": [
      {
        "text": "i want to make love",
        "userDefined": false
      }
    ],
    "isTemplate": false,
    "count": 0,
    "updated": 0
  },
  {
    "id": "a66dfd4d-cdfe-4b86-a0cf-89c371d63072",
    "data": [
      {
        "text": "make love",
        "userDefined": false
      }
    ],
    "isTemplate": false,
    "count": 0,
    "updated": 0
  }
]