[
  {
    "id": "d3605491-e437-4818-9930-8e3374e8836b",
    "data": [
      {
        "text": "are you available now? ",
        "userDefined": false
      }
    ],
    "isTemplate": false,
    "count": 0,
    "updated": 0
  },
  {
    "id": "29c4685a-7d2a-4190-bcd9-f9bff5ac1961",
    "data": [
      {
        "text": "what\u0027s your uptime? ",
        "userDefined": false
      }
    ],
    "isTemplate": false,
    "count": 0,
    "updated": 0
  },
  {
    "id": "79152ec4-1f71-4d6b-980b-1a4fda7918e3",
    "data": [
      {
        "text": "are you a bot",
        "userDefined": false
      }
    ],
    "isTemplate": false,
    "count": 0,
    "updated": 0
  },
  {
    "id": "e3452b8d-ae66-4f2d-ba30-a192679401be",
    "data": [
      {
        "text": "do you hear me",
        "userDefined": false
      }
    ],
    "isTemplate": false,
    "count": 0,
    "updated": 0
  },
  {
    "id": "6c3b8bf3-b2e9-4cbf-9142-f27f22087b60",
    "data": [
      {
        "text": "are you listening",
        "userDefined": false
      }
    ],
    "isTemplate": false,
    "count": 0,
    "updated": 0
  },
  {
    "id": "c13c75a5-b481-4fe5-aa2e-5a521d604400",
    "data": [
      {
        "text": "still there",
        "userDefined": false
      }
    ],
    "isTemplate": false,
    "count": 0,
    "updated": 0
  },
  {
    "id": "a3606e77-070d-42d1-9dd1-9aa2447edfdb",
    "data": [
      {
        "text": "are you there",
        "userDefined": false
      }
    ],
    "isTemplate": false,
    "count": 0,
    "updated": 0
  }
]