[
  {
    "id": "1a7febf4-1ec4-4bac-9459-57e5883b3143",
    "data": [
      {
        "text": "is shirley your ",
        "userDefined": false
      },
      {
        "text": "cousin",
        "alias": "Family",
        "meta": "@Family",
        "userDefined": false
      },
      {
        "text": "?",
        "userDefined": false
      }
    ],
    "isTemplate": false,
    "count": 0,
    "updated": 0
  },
  {
    "id": "5bdea951-71ee-4d3b-8070-4146e808d90d",
    "data": [
      {
        "text": "do u have a ",
        "userDefined": false
      },
      {
        "text": "cousin",
        "alias": "Family",
        "meta": "@Family",
        "userDefined": false
      }
    ],
    "isTemplate": false,
    "count": 0,
    "updated": 0
  },
  {
    "id": "7fc4587d-518b-4e92-a682-5c356dad94ff",
    "data": [
      {
        "text": "do u have a ",
        "userDefined": false
      },
      {
        "text": "uncle",
        "alias": "Family",
        "meta": "@Family",
        "userDefined": false
      }
    ],
    "isTemplate": false,
    "count": 0,
    "updated": 0
  },
  {
    "id": "393c012e-9299-46be-b921-e9c5cd8f3bac",
    "data": [
      {
        "text": "any ",
        "userDefined": false
      },
      {
        "text": "siblings",
        "alias": "Family",
        "meta": "@Family",
        "userDefined": true
      },
      {
        "text": "?",
        "userDefined": false
      }
    ],
    "isTemplate": false,
    "count": 0,
    "updated": 0
  },
  {
    "id": "37853df7-5fb7-477f-944e-d0b407504b2f",
    "data": [
      {
        "text": "u got ",
        "userDefined": false
      },
      {
        "text": "brothers",
        "alias": "Family",
        "meta": "@Family",
        "userDefined": false
      }
    ],
    "isTemplate": false,
    "count": 0,
    "updated": 0
  },
  {
    "id": "2025c7d6-e22f-4e20-9d04-0ac09853b037",
    "data": [
      {
        "text": "who is your ",
        "userDefined": false
      },
      {
        "text": "mother",
        "alias": "Family",
        "meta": "@Family",
        "userDefined": false
      }
    ],
    "isTemplate": false,
    "count": 0,
    "updated": 0
  },
  {
    "id": "262b5545-9c6d-4637-87e0-dac7df8c87aa",
    "data": [
      {
        "text": "do u have a ",
        "userDefined": false
      },
      {
        "text": "family",
        "alias": "Family",
        "meta": "@Family",
        "userDefined": false
      }
    ],
    "isTemplate": false,
    "count": 0,
    "updated": 0
  }
]