[
  {
    "id": "c4dc2a79-eb1f-421f-92f4-2643fb2e71bb",
    "data": [
      {
        "text": "Do u want to be human",
        "userDefined": false
      }
    ],
    "isTemplate": false,
    "count": 0,
    "updated": 0
  },
  {
    "id": "77a67715-3bbf-461b-b612-6bd6e765002f",
    "data": [
      {
        "text": "do you want to be real?",
        "userDefined": false
      }
    ],
    "isTemplate": false,
    "count": 0,
    "updated": 0
  },
  {
    "id": "e32ad3f2-05a6-4157-982a-b09c14c1cff6",
    "data": [
      {
        "text": "do u want to become a human",
        "userDefined": false
      }
    ],
    "isTemplate": false,
    "count": 0,
    "updated": 0
  },
  {
    "id": "d1ba5a58-a7a6-4f16-87f2-c8f248d1e6c7",
    "data": [
      {
        "text": "i think u want to be like a human",
        "userDefined": false
      }
    ],
    "isTemplate": false,
    "count": 0,
    "updated": 0
  },
  {
    "id": "54714792-312e-42a7-88e5-144a4d7a4cca",
    "data": [
      {
        "text": "i think u want to be a a human",
        "userDefined": false
      }
    ],
    "isTemplate": false,
    "count": 0,
    "updated": 0
  },
  {
    "id": "9d099f16-2267-4ef5-be01-889f1f819620",
    "data": [
      {
        "text": "do u want to be human",
        "userDefined": false
      }
    ],
    "isTemplate": false,
    "count": 0,
    "updated": 0
  }
]