[
  {
    "id": "b2d62359-10a4-4ad0-8560-0a0a5bdd5bfe",
    "data": [
      {
        "text": "why is your name francis",
        "userDefined": false
      }
    ],
    "isTemplate": false,
    "count": 0,
    "updated": 0
  },
  {
    "id": "a04d4b30-3392-4080-804c-7bba5c29e87a",
    "data": [
      {
        "text": "identity",
        "userDefined": false
      }
    ],
    "isTemplate": false,
    "count": 0,
    "updated": 0
  },
  {
    "id": "973520aa-b817-483a-8130-d2ccad471193",
    "data": [
      {
        "text": "Why are you called FranCIS?",
        "userDefined": false
      }
    ],
    "isTemplate": false,
    "count": 0,
    "updated": 0
  }
]