[
  {
    "id": "aed59797-96cd-4900-8f62-ddaface4648d",
    "data": [
      {
        "text": "how much u earn",
        "userDefined": false
      }
    ],
    "isTemplate": false,
    "count": 0,
    "updated": 0
  },
  {
    "id": "6f60c9b9-c778-4253-bfaf-92aafce49588",
    "data": [
      {
        "text": "what is your allowance",
        "userDefined": false
      }
    ],
    "isTemplate": false,
    "count": 0,
    "updated": 0
  },
  {
    "id": "80810e5b-8edd-409b-9a98-54d7699ecc57",
    "data": [
      {
        "text": "are u given a salary",
        "userDefined": false
      }
    ],
    "isTemplate": false,
    "count": 0,
    "updated": 0
  },
  {
    "id": "a050232f-0331-4f80-b834-3c1e4fc7b42c",
    "data": [
      {
        "text": "are u paid?",
        "userDefined": false
      }
    ],
    "isTemplate": false,
    "count": 0,
    "updated": 0
  },
  {
    "id": "4b07c268-e43b-434a-8fa9-f11d5ab7c720",
    "data": [
      {
        "text": "do singtel pay u",
        "userDefined": false
      }
    ],
    "isTemplate": false,
    "count": 0,
    "updated": 0
  },
  {
    "id": "7e56613f-ee50-4b42-a00d-575846e319fc",
    "data": [
      {
        "text": "how much do u get paid",
        "userDefined": false
      }
    ],
    "isTemplate": false,
    "count": 0,
    "updated": 0
  },
  {
    "id": "54d8ee8e-289e-4900-ba9a-57657a13fff9",
    "data": [
      {
        "text": "how much singtel pay u",
        "userDefined": false
      }
    ],
    "isTemplate": false,
    "count": 0,
    "updated": 0
  },
  {
    "id": "32a91443-9822-4526-b073-783f2c5116bc",
    "data": [
      {
        "text": "how much do you earn",
        "userDefined": false
      }
    ],
    "isTemplate": false,
    "count": 0,
    "updated": 0
  },
  {
    "id": "03d6f82e-1742-48cd-a001-52f3770f2514",
    "data": [
      {
        "text": "what is your salary",
        "userDefined": false
      }
    ],
    "isTemplate": false,
    "count": 0,
    "updated": 0
  }
]