[
  {
    "id": "fe5cba03-25b3-489e-b8a7-e407dca1b45f",
    "data": [
      {
        "text": "you ",
        "userDefined": false
      },
      {
        "text": "suck",
        "alias": "vulgarities",
        "meta": "@vulgarities",
        "userDefined": true
      }
    ],
    "isTemplate": false,
    "count": 0,
    "updated": 0
  },
  {
    "id": "4dd2c1f2-94d2-4852-9820-63e948d30fdf",
    "data": [
      {
        "text": "you are ",
        "userDefined": false
      },
      {
        "text": "not intelligent",
        "alias": "vulgarities",
        "meta": "@vulgarities",
        "userDefined": true
      }
    ],
    "isTemplate": false,
    "count": 1,
    "updated": 0
  },
  {
    "id": "db970523-3af4-4787-9cfe-114e8e8ab0e7",
    "data": [
      {
        "text": "you are ",
        "userDefined": false
      },
      {
        "text": "not smart",
        "alias": "vulgarities",
        "meta": "@vulgarities",
        "userDefined": true
      }
    ],
    "isTemplate": false,
    "count": 0,
    "updated": 0
  },
  {
    "id": "46d9a1d0-ad64-481c-b97d-07acbcc5052c",
    "data": [
      {
        "text": "thats a ",
        "userDefined": false
      },
      {
        "text": "cunt",
        "alias": "vulgarities",
        "meta": "@vulgarities",
        "userDefined": true
      }
    ],
    "isTemplate": false,
    "count": 0,
    "updated": 0
  },
  {
    "id": "5317172e-a371-48c4-a27f-ed677418ac9a",
    "data": [
      {
        "text": "you are ",
        "userDefined": false
      },
      {
        "text": "stupid",
        "alias": "vulgarities",
        "meta": "@vulgarities",
        "userDefined": false
      }
    ],
    "isTemplate": false,
    "count": 0,
    "updated": 0
  },
  {
    "id": "14bee67c-b6ad-449b-8c53-47dc6176e284",
    "data": [
      {
        "text": "you\u0027re a ",
        "userDefined": false
      },
      {
        "text": "cb",
        "alias": "vulgarities",
        "meta": "@vulgarities",
        "userDefined": false
      }
    ],
    "isTemplate": false,
    "count": 0,
    "updated": 0
  },
  {
    "id": "8a173a97-eeae-49de-b0a9-6655c210e680",
    "data": [
      {
        "text": "your ",
        "userDefined": false
      },
      {
        "text": "mother",
        "alias": "Family",
        "meta": "@Family",
        "userDefined": false
      },
      {
        "text": " is a ",
        "userDefined": false
      },
      {
        "text": "bitch",
        "alias": "vulgarities",
        "meta": "@vulgarities",
        "userDefined": false
      }
    ],
    "isTemplate": false,
    "count": 0,
    "updated": 0
  },
  {
    "id": "19211d1e-ddec-430f-88ce-4fff756284d3",
    "data": [
      {
        "text": "you look like a ",
        "userDefined": false
      },
      {
        "text": "dickhead",
        "alias": "vulgarities",
        "meta": "@vulgarities",
        "userDefined": false
      }
    ],
    "isTemplate": false,
    "count": 0,
    "updated": 0
  },
  {
    "id": "240e312d-5b7d-4362-b67c-7bf8a26de249",
    "data": [
      {
        "text": "you are a ",
        "userDefined": false
      },
      {
        "text": "dickhead",
        "alias": "vulgarities",
        "meta": "@vulgarities",
        "userDefined": false
      }
    ],
    "isTemplate": false,
    "count": 0,
    "updated": 0
  },
  {
    "id": "f63ca9cf-ebed-4f9c-b41e-1de1ce5921f1",
    "data": [
      {
        "text": "lan jiao",
        "alias": "vulgarities",
        "meta": "@vulgarities",
        "userDefined": true
      }
    ],
    "isTemplate": false,
    "count": 0,
    "updated": 0
  },
  {
    "id": "14b088b1-e5bd-4969-bf82-388fcc01a96b",
    "data": [
      {
        "text": "lj",
        "alias": "vulgarities",
        "meta": "@vulgarities",
        "userDefined": true
      }
    ],
    "isTemplate": false,
    "count": 0,
    "updated": 0
  },
  {
    "id": "375ad129-6d01-4940-ab1b-4d23d64cd8c7",
    "data": [
      {
        "text": "fuckface",
        "alias": "vulgarities",
        "meta": "@vulgarities",
        "userDefined": true
      }
    ],
    "isTemplate": false,
    "count": 0,
    "updated": 0
  },
  {
    "id": "66431fe7-56b9-45e1-ac1f-9e29fef7f182",
    "data": [
      {
        "text": "fuck face",
        "userDefined": false
      }
    ],
    "isTemplate": false,
    "count": 0,
    "updated": 0
  },
  {
    "id": "741b10cb-feb9-4343-872a-a7515cda7bcb",
    "data": [
      {
        "text": "faggot",
        "alias": "vulgarities",
        "meta": "@vulgarities",
        "userDefined": true
      }
    ],
    "isTemplate": false,
    "count": 0,
    "updated": 0
  },
  {
    "id": "3826e5ca-e6ab-42c5-8d79-34e6f5e2fbe4",
    "data": [
      {
        "text": "cunt",
        "userDefined": false
      }
    ],
    "isTemplate": false,
    "count": 0,
    "updated": 0
  },
  {
    "id": "ab2cbabe-c44c-4e20-8b39-d6fff47cbecd",
    "data": [
      {
        "text": "gross",
        "alias": "vulgarities",
        "meta": "@vulgarities",
        "userDefined": true
      }
    ],
    "isTemplate": false,
    "count": 0,
    "updated": 0
  },
  {
    "id": "fdb5c483-a04f-49af-b9be-1dfb829aa0fa",
    "data": [
      {
        "text": "disgusting",
        "alias": "vulgarities",
        "meta": "@vulgarities",
        "userDefined": true
      }
    ],
    "isTemplate": false,
    "count": 0,
    "updated": 0
  },
  {
    "id": "118095fb-cf32-437e-bd4c-2b414bd15928",
    "data": [
      {
        "text": "yucks",
        "userDefined": false
      }
    ],
    "isTemplate": false,
    "count": 0,
    "updated": 0
  },
  {
    "id": "60c4e98f-0563-4dab-9fd1-5dd40a8a48c2",
    "data": [
      {
        "text": "piece of ",
        "userDefined": false
      },
      {
        "text": "shit",
        "alias": "vulgarities",
        "meta": "@vulgarities",
        "userDefined": true
      }
    ],
    "isTemplate": false,
    "count": 0,
    "updated": 0
  },
  {
    "id": "98400e26-832b-427f-9591-e89f433e444a",
    "data": [
      {
        "text": "shit",
        "userDefined": false
      }
    ],
    "isTemplate": false,
    "count": 0,
    "updated": 0
  },
  {
    "id": "f18bab3c-c933-4968-ad67-91925d6c9989",
    "data": [
      {
        "text": "dickhead",
        "alias": "vulgarities",
        "meta": "@vulgarities",
        "userDefined": true
      }
    ],
    "isTemplate": false,
    "count": 0,
    "updated": 0
  },
  {
    "id": "0bec2cef-d97e-4908-97a3-3016c15944f0",
    "data": [
      {
        "text": "dick",
        "alias": "vulgarities",
        "meta": "@vulgarities",
        "userDefined": true
      }
    ],
    "isTemplate": false,
    "count": 0,
    "updated": 0
  },
  {
    "id": "04a7e06b-4545-4367-9219-71690a6931b2",
    "data": [
      {
        "text": "pussy",
        "alias": "vulgarities",
        "meta": "@vulgarities",
        "userDefined": true
      }
    ],
    "isTemplate": false,
    "count": 0,
    "updated": 0
  },
  {
    "id": "289025fe-f858-4aab-a841-f5329014ddea",
    "data": [
      {
        "text": "bitch",
        "alias": "vulgarities",
        "meta": "@vulgarities",
        "userDefined": true
      }
    ],
    "isTemplate": false,
    "count": 0,
    "updated": 0
  },
  {
    "id": "d63c8328-eee8-46bd-9614-dc4bbb0dee77",
    "data": [
      {
        "text": "stupid",
        "alias": "vulgarities",
        "meta": "@vulgarities",
        "userDefined": true
      }
    ],
    "isTemplate": false,
    "count": 0,
    "updated": 0
  },
  {
    "id": "ba500017-e3ed-4caf-af3d-2b37114ae510",
    "data": [
      {
        "text": "mlif",
        "alias": "vulgarities",
        "meta": "@vulgarities",
        "userDefined": true
      }
    ],
    "isTemplate": false,
    "count": 0,
    "updated": 0
  },
  {
    "id": "bb1e88e9-7f67-4b84-a8bf-df6b52738c72",
    "data": [
      {
        "text": "fuck",
        "alias": "vulgarities",
        "meta": "@vulgarities",
        "userDefined": true
      },
      {
        "text": " your ",
        "userDefined": false
      },
      {
        "text": "brother",
        "alias": "Family",
        "meta": "@Family",
        "userDefined": false
      }
    ],
    "isTemplate": false,
    "count": 0,
    "updated": 0
  },
  {
    "id": "e9d84022-2b24-45e1-a50d-ce1cd1337e12",
    "data": [
      {
        "text": "fuck",
        "alias": "vulgarities",
        "meta": "@vulgarities",
        "userDefined": true
      },
      {
        "text": " your ",
        "userDefined": false
      },
      {
        "text": "mother",
        "alias": "Family",
        "meta": "@Family",
        "userDefined": false
      }
    ],
    "isTemplate": false,
    "count": 0,
    "updated": 0
  },
  {
    "id": "21cccc16-0da0-4d7a-8513-ed902b047022",
    "data": [
      {
        "text": "motherfucker",
        "alias": "vulgarities",
        "meta": "@vulgarities",
        "userDefined": true
      }
    ],
    "isTemplate": false,
    "count": 0,
    "updated": 0
  },
  {
    "id": "50e5ace8-4ac3-4941-bcf9-d6618f521c2e",
    "data": [
      {
        "text": "asshole",
        "alias": "vulgarities",
        "meta": "@vulgarities",
        "userDefined": true
      }
    ],
    "isTemplate": false,
    "count": 0,
    "updated": 0
  },
  {
    "id": "1904581a-774f-4835-a430-18e76101ef60",
    "data": [
      {
        "text": "pua chee bye",
        "userDefined": false
      }
    ],
    "isTemplate": false,
    "count": 0,
    "updated": 0
  },
  {
    "id": "56760981-1a05-40ab-81e4-3725093de1b3",
    "data": [
      {
        "text": "pcb",
        "userDefined": false
      }
    ],
    "isTemplate": false,
    "count": 0,
    "updated": 0
  },
  {
    "id": "0a229ff4-ba04-4f7c-9756-a7f511111ac5",
    "data": [
      {
        "text": "kan ni na",
        "userDefined": false
      }
    ],
    "isTemplate": false,
    "count": 0,
    "updated": 0
  },
  {
    "id": "5f20fafd-a658-443c-a3f0-2e92657df5e8",
    "data": [
      {
        "text": "knn",
        "userDefined": false
      }
    ],
    "isTemplate": false,
    "count": 0,
    "updated": 0
  },
  {
    "id": "a6be63f2-6911-46db-a915-0269786abfd9",
    "data": [
      {
        "text": "nbbcb",
        "userDefined": false
      }
    ],
    "isTemplate": false,
    "count": 0,
    "updated": 0
  },
  {
    "id": "efe8549c-76c3-4cfe-8536-8bfa7bc3b36f",
    "data": [
      {
        "text": "cb",
        "userDefined": false
      }
    ],
    "isTemplate": false,
    "count": 1,
    "updated": 0
  },
  {
    "id": "92e00fbe-5a3b-45e7-b6eb-a14ec544ec2c",
    "data": [
      {
        "text": "ni na beh chee bye",
        "userDefined": false
      }
    ],
    "isTemplate": false,
    "count": 0,
    "updated": 0
  },
  {
    "id": "5815f6a4-f14e-4361-af64-690b6fde9a15",
    "data": [
      {
        "text": "nnbcb",
        "userDefined": false
      }
    ],
    "isTemplate": false,
    "count": 0,
    "updated": 0
  },
  {
    "id": "0ff86091-d9ac-4e28-844a-e972feddff84",
    "data": [
      {
        "text": "fuck up",
        "userDefined": false
      }
    ],
    "isTemplate": false,
    "count": 0,
    "updated": 0
  },
  {
    "id": "acc4c77a-936b-4cd8-9e31-266257c015f9",
    "data": [
      {
        "text": "fuck you",
        "userDefined": false
      }
    ],
    "isTemplate": false,
    "count": 0,
    "updated": 0
  }
]