[
  {
    "id": "222bd14b-a002-4d3a-a904-fbdfa49cc470",
    "data": [
      {
        "text": "who are u",
        "userDefined": false
      }
    ],
    "isTemplate": false,
    "count": 1,
    "updated": 0
  },
  {
    "id": "6b14689e-f77d-4c80-81dd-195bac751f4b",
    "data": [
      {
        "text": "who are you",
        "userDefined": false
      }
    ],
    "isTemplate": false,
    "count": 0,
    "updated": 0
  },
  {
    "id": "bac684cc-ea8b-4418-9aaa-2a09f8071058",
    "data": [
      {
        "text": "are you a human",
        "userDefined": false
      }
    ],
    "isTemplate": false,
    "count": 0,
    "updated": 0
  },
  {
    "id": "5cd41184-8e59-41ad-b09d-bfc3d14809c0",
    "data": [
      {
        "text": "what is your occupation",
        "userDefined": false
      }
    ],
    "isTemplate": false,
    "count": 0,
    "updated": 0
  },
  {
    "id": "f23a30f6-38ce-4083-8a59-39566c3b01b4",
    "data": [
      {
        "text": "what is your job exactly?",
        "userDefined": false
      }
    ],
    "isTemplate": false,
    "count": 0,
    "updated": 0
  },
  {
    "id": "c7585971-484a-4fe2-a798-4ce614c2a86e",
    "data": [
      {
        "text": "what do you do for singtel",
        "userDefined": false
      }
    ],
    "isTemplate": false,
    "count": 0,
    "updated": 0
  },
  {
    "id": "58ffdb4f-858f-4285-a2ca-a67a5f5109d9",
    "data": [
      {
        "text": "what is your job",
        "userDefined": false
      }
    ],
    "isTemplate": false,
    "count": 0,
    "updated": 0
  },
  {
    "id": "3b5431f1-1c40-4437-a03c-82aac8a580fd",
    "data": [
      {
        "text": "are you real",
        "userDefined": false
      }
    ],
    "isTemplate": false,
    "count": 0,
    "updated": 0
  },
  {
    "id": "353529b2-61e3-43d1-8502-c6e766448dbc",
    "data": [
      {
        "text": "are u a human",
        "userDefined": false
      }
    ],
    "isTemplate": false,
    "count": 0,
    "updated": 0
  },
  {
    "id": "1f20db52-e64c-4729-b57e-611b40751285",
    "data": [
      {
        "text": "what\u0027s your name",
        "userDefined": false
      }
    ],
    "isTemplate": false,
    "count": 0,
    "updated": 0
  },
  {
    "id": "99e1d679-8972-4c10-a109-20cefb566981",
    "data": [
      {
        "text": "who r u",
        "userDefined": false
      }
    ],
    "isTemplate": false,
    "count": 1,
    "updated": 0
  }
]