[
  {
    "id": "e3efc98b-f19a-4405-9c4b-c186ab2f91f6",
    "data": [
      {
        "text": "I have already requested for card activation ",
        "userDefined": false
      },
      {
        "text": "since last week",
        "alias": "date-period",
        "meta": "@sys.date-period",
        "userDefined": false
      },
      {
        "text": ". It has been pending til now and not done. What is happening? And your ",
        "userDefined": false
      },
      {
        "text": "phone",
        "alias": "Handphone",
        "meta": "@Handphone",
        "userDefined": false
      },
      {
        "text": " ",
        "userDefined": false
      },
      {
        "text": "1688",
        "alias": "number",
        "meta": "@sys.number",
        "userDefined": false
      },
      {
        "text": " cannot be reached. What do you expect me to do when i cant even reach out to you",
        "userDefined": false
      }
    ],
    "isTemplate": false,
    "count": 0,
    "updated": 0
  },
  {
    "id": "86f89d77-08dc-4401-be12-f7a021273ef1",
    "data": [
      {
        "text": "I call ",
        "userDefined": false
      },
      {
        "text": "1609",
        "alias": "phone-number",
        "meta": "@sys.phone-number",
        "userDefined": false
      },
      {
        "text": " but the line is always busy",
        "userDefined": false
      }
    ],
    "isTemplate": false,
    "count": 0,
    "updated": 0
  },
  {
    "id": "e1e84c50-d037-4566-a142-eaa3f61bd640",
    "data": [
      {
        "text": "this happened for ",
        "userDefined": false
      },
      {
        "text": "2",
        "alias": "number",
        "meta": "@sys.number",
        "userDefined": false
      },
      {
        "text": " nights already",
        "userDefined": false
      }
    ],
    "isTemplate": false,
    "count": 1,
    "updated": 0
  },
  {
    "id": "ec8371d7-1f4e-44d9-b34e-73c6b134f092",
    "data": [
      {
        "text": "the information is not clear",
        "userDefined": false
      }
    ],
    "isTemplate": false,
    "count": 0,
    "updated": 0
  },
  {
    "id": "c433706d-2bae-4091-9529-7e4511f0a535",
    "data": [
      {
        "text": "so only feedback and no solutions!",
        "userDefined": false
      }
    ],
    "isTemplate": false,
    "count": 0,
    "updated": 0
  },
  {
    "id": "cfd347b1-261c-41ef-b81b-f04bbcb34c98",
    "data": [
      {
        "text": "i hate singtel just so",
        "userDefined": false
      }
    ],
    "isTemplate": false,
    "count": 0,
    "updated": 0
  },
  {
    "id": "f79b0c9e-dcc6-43b1-8475-433beba6e4bc",
    "data": [
      {
        "text": "singtel sucks",
        "userDefined": false
      }
    ],
    "isTemplate": false,
    "count": 1,
    "updated": 0
  },
  {
    "id": "c6bc7e81-ab40-4acb-8dfa-acfb6b4b42d7",
    "data": [
      {
        "text": "singtel is lousy",
        "userDefined": false
      }
    ],
    "isTemplate": false,
    "count": 0,
    "updated": 0
  },
  {
    "id": "e544e873-96ed-4557-9641-f8259de63de2",
    "data": [
      {
        "text": "singtel",
        "alias": "Competitors",
        "meta": "@Competitors",
        "userDefined": false
      },
      {
        "text": " not good",
        "userDefined": false
      }
    ],
    "isTemplate": false,
    "count": 0,
    "updated": 0
  },
  {
    "id": "ed8ddd9f-5516-4735-b89a-c34aef71d0ec",
    "data": [
      {
        "text": "singtel",
        "alias": "Competitors",
        "meta": "@Competitors",
        "userDefined": false
      },
      {
        "text": " is damn useless",
        "userDefined": false
      }
    ],
    "isTemplate": false,
    "count": 0,
    "updated": 0
  },
  {
    "id": "d9a9d1d2-503f-4fc1-8b9a-e29846538e67",
    "data": [
      {
        "text": "singtel",
        "alias": "Competitors",
        "meta": "@Competitors",
        "userDefined": false
      },
      {
        "text": " needs to keep up",
        "userDefined": false
      }
    ],
    "isTemplate": false,
    "count": 0,
    "updated": 0
  },
  {
    "id": "f16803c7-278a-456f-afc5-a71eea749f2e",
    "data": [
      {
        "text": "singtel",
        "alias": "Competitors",
        "meta": "@Competitors",
        "userDefined": false
      },
      {
        "text": " is useless",
        "userDefined": false
      }
    ],
    "isTemplate": false,
    "count": 0,
    "updated": 0
  },
  {
    "id": "854b362e-63cc-4b21-9e6a-9caf3cdd3722",
    "data": [
      {
        "text": "singtel",
        "alias": "Competitors",
        "meta": "@Competitors",
        "userDefined": false
      },
      {
        "text": " sux",
        "userDefined": false
      }
    ],
    "isTemplate": false,
    "count": 0,
    "updated": 0
  },
  {
    "id": "80cae764-9a83-4119-a96a-a799e5a57db3",
    "data": [
      {
        "text": "i hate using ",
        "userDefined": false
      },
      {
        "text": "singtel",
        "alias": "Competitors",
        "meta": "@Competitors",
        "userDefined": false
      }
    ],
    "isTemplate": false,
    "count": 0,
    "updated": 0
  },
  {
    "id": "a8862ec9-ec46-45fc-88b1-bfc51a2ada4a",
    "data": [
      {
        "text": "i hate ",
        "userDefined": false
      },
      {
        "text": "singtel",
        "alias": "Competitors",
        "meta": "@Competitors",
        "userDefined": false
      }
    ],
    "isTemplate": false,
    "count": 0,
    "updated": 0
  },
  {
    "id": "da82e84c-2d6e-4e50-8b6c-c784d9bac86a",
    "data": [
      {
        "text": "singtel",
        "alias": "Competitors",
        "meta": "@Competitors",
        "userDefined": false
      },
      {
        "text": " is damn lousy",
        "userDefined": false
      }
    ],
    "isTemplate": false,
    "count": 0,
    "updated": 0
  },
  {
    "id": "ac234017-0387-4962-ba7b-3c7b815be3d6",
    "data": [
      {
        "text": "Singtel sucks",
        "userDefined": false
      }
    ],
    "isTemplate": false,
    "count": 0,
    "updated": 0
  }
]